
 /----------------------------------------------------------------------------\
 |  yosys -- Yosys Open SYnthesis Suite                                       |
 |  Copyright (C) 2012 - 2026  Claire Xenia Wolf <claire@yosyshq.com>         |
 |  Distributed under an ISC-like license, type "license" to see terms        |
 \----------------------------------------------------------------------------/
 Yosys 0.69+24 (git sha1 d0e71cfb7-dirty, Release, GNU /usr/bin/x86_64-w64-mingw32-g++ 15.2.1)

-- Executing script file `implementation/output_release/board_1816.ys' --

1. Executing Verilog-2005 frontend: rtl/line_double.sv
Parsing SystemVerilog input from `rtl/line_double.sv' to AST representation.
Storing AST representation for module `$abstract\line_double'.
Successfully finished Verilog frontend.

2. Executing Verilog-2005 frontend: rtl/field_sync.sv
Parsing SystemVerilog input from `rtl/field_sync.sv' to AST representation.
Storing AST representation for module `$abstract\field_sync'.
Successfully finished Verilog frontend.

3. Executing Verilog-2005 frontend: rtl/video_core.sv
Parsing SystemVerilog input from `rtl/video_core.sv' to AST representation.
Storing AST representation for module `$abstract\video_core'.
Successfully finished Verilog frontend.

4. Executing Verilog-2005 frontend: rtl/i2c_register_write.sv
Parsing SystemVerilog input from `rtl/i2c_register_write.sv' to AST representation.
Storing AST representation for module `$abstract\i2c_register_write'.
Successfully finished Verilog frontend.

5. Executing Verilog-2005 frontend: rtl/adc_power_sequence.sv
Parsing SystemVerilog input from `rtl/adc_power_sequence.sv' to AST representation.
Storing AST representation for module `$abstract\adc_power_sequence'.
Successfully finished Verilog frontend.

6. Executing Verilog-2005 frontend: rtl/tvp7002_boot.sv
Parsing SystemVerilog input from `rtl/tvp7002_boot.sv' to AST representation.
Storing AST representation for module `$abstract\tvp7002_boot'.
Successfully finished Verilog frontend.

7. Executing Verilog-2005 frontend: rtl/video_clock_guard.sv
Parsing SystemVerilog input from `rtl/video_clock_guard.sv' to AST representation.
Storing AST representation for module `$abstract\video_clock_guard'.
Successfully finished Verilog frontend.

8. Executing Verilog-2005 frontend: rtl/pll_restart_control.sv
Parsing SystemVerilog input from `rtl/pll_restart_control.sv' to AST representation.
Storing AST representation for module `$abstract\pll_restart_control'.
Successfully finished Verilog frontend.

9. Executing Verilog-2005 frontend: rtl/clock_recovery_system.sv
Parsing SystemVerilog input from `rtl/clock_recovery_system.sv' to AST representation.
Storing AST representation for module `$abstract\clock_recovery_system'.
Successfully finished Verilog frontend.

10. Executing Verilog-2005 frontend: rtl/adc_rgb_capture.sv
Parsing SystemVerilog input from `rtl/adc_rgb_capture.sv' to AST representation.
Storing AST representation for module `$abstract\adc_rgb_capture'.
Successfully finished Verilog frontend.

11. Executing Verilog-2005 frontend: rtl/stream_sync_frontend.sv
Parsing SystemVerilog input from `rtl/stream_sync_frontend.sv' to AST representation.
Storing AST representation for module `$abstract\stream_sync_frontend'.
Successfully finished Verilog frontend.

12. Executing Verilog-2005 frontend: rtl/stream_input_video.sv
Parsing SystemVerilog input from `rtl/stream_input_video.sv' to AST representation.
Storing AST representation for module `$abstract\stream_input_video'.
Successfully finished Verilog frontend.

13. Executing Verilog-2005 frontend: rtl/dac_output_stage.sv
Parsing SystemVerilog input from `rtl/dac_output_stage.sv' to AST representation.
Storing AST representation for module `$abstract\dac_output_stage'.
Successfully finished Verilog frontend.

14. Executing Verilog-2005 frontend: rtl/amiga_logic_core.sv
Parsing SystemVerilog input from `rtl/amiga_logic_core.sv' to AST representation.
Storing AST representation for module `$abstract\amiga_logic_core'.
Successfully finished Verilog frontend.

15. Executing Verilog-2005 frontend: rtl/configuration_reset.sv
Parsing SystemVerilog input from `rtl/configuration_reset.sv' to AST representation.
Storing AST representation for module `$abstract\configuration_reset'.
Successfully finished Verilog frontend.

16. Executing Verilog-2005 frontend: rtl/gowin_video_pll.sv
Parsing SystemVerilog input from `rtl/gowin_video_pll.sv' to AST representation.
Storing AST representation for module `$abstract\gowin_video_pll'.
Successfully finished Verilog frontend.

17. Executing Verilog-2005 frontend: rtl/amiga_board_top.sv
Parsing SystemVerilog input from `rtl/amiga_board_top.sv' to AST representation.
rtl/amiga_board_top.sv:21: Warning: Yosys has only limited support for tri-state logic at the moment.
rtl/amiga_board_top.sv:22: Warning: Yosys has only limited support for tri-state logic at the moment.
Storing AST representation for module `$abstract\amiga_board_top'.
Successfully finished Verilog frontend.
Parameter \H_SAMPLES = 1816
Parameter \VS_ALIGN_CYCLES = 31
Parameter \HS_WIDTH = 4
Parameter \X_START = 6
Parameter \X_END = 1812
Parameter \Y_START = 8
Parameter \Y_END = 617

18. Executing AST frontend in derive mode using pre-parsed AST for module `\amiga_board_top'.
Parameter \H_SAMPLES = 1816
Parameter \VS_ALIGN_CYCLES = 31
Parameter \HS_WIDTH = 4
Parameter \X_START = 6
Parameter \X_END = 1812
Parameter \Y_START = 8
Parameter \Y_END = 617
Generating RTLIL representation for module `$paramod$2922f3bb373b574eaf7a12e6647b6d2c40223301\amiga_board_top'.

19. Executing SYNTH_GOWIN pass.

19.1. Executing Verilog-2005 frontend: C:\Users\zanac2\Documents\Codex\2026-09-08\m\work\tools\pnr_v015\oss-cad-suite\bin\../share/yosys/gowin/cells_sim.v
Parsing Verilog input from `C:\Users\zanac2\Documents\Codex\2026-09-08\m\work\tools\pnr_v015\oss-cad-suite\bin\../share/yosys/gowin/cells_sim.v' to AST representation.
Generating RTLIL representation for module `\LUT1'.
Generating RTLIL representation for module `\LUT2'.
Generating RTLIL representation for module `\LUT3'.
Generating RTLIL representation for module `\LUT4'.
Generating RTLIL representation for module `\__APICULA_LUT5'.
Generating RTLIL representation for module `\__APICULA_LUT6'.
Generating RTLIL representation for module `\__APICULA_LUT7'.
Generating RTLIL representation for module `\__APICULA_LUT8'.
Generating RTLIL representation for module `\MUX2'.
Generating RTLIL representation for module `\MUX2_LUT5'.
Generating RTLIL representation for module `\MUX2_LUT6'.
Generating RTLIL representation for module `\MUX2_LUT7'.
Generating RTLIL representation for module `\MUX2_LUT8'.
Generating RTLIL representation for module `\DFF'.
Generating RTLIL representation for module `\DFFE'.
Generating RTLIL representation for module `\DFFS'.
Generating RTLIL representation for module `\DFFSE'.
Generating RTLIL representation for module `\DFFR'.
Generating RTLIL representation for module `\DFFRE'.
Generating RTLIL representation for module `\DFFP'.
Generating RTLIL representation for module `\DFFPE'.
Generating RTLIL representation for module `\DFFC'.
Generating RTLIL representation for module `\DFFCE'.
Generating RTLIL representation for module `\DFFN'.
Generating RTLIL representation for module `\DFFNE'.
Generating RTLIL representation for module `\DFFNS'.
Generating RTLIL representation for module `\DFFNSE'.
Generating RTLIL representation for module `\DFFNR'.
Generating RTLIL representation for module `\DFFNRE'.
Generating RTLIL representation for module `\DFFNP'.
Generating RTLIL representation for module `\DFFNPE'.
Generating RTLIL representation for module `\DFFNC'.
Generating RTLIL representation for module `\DFFNCE'.
Generating RTLIL representation for module `\DL'.
Generating RTLIL representation for module `\DLN'.
Generating RTLIL representation for module `\DLE'.
Generating RTLIL representation for module `\DLNE'.
Generating RTLIL representation for module `\DLC'.
Generating RTLIL representation for module `\DLCE'.
Generating RTLIL representation for module `\DLNC'.
Generating RTLIL representation for module `\DLNCE'.
Generating RTLIL representation for module `\DLP'.
Generating RTLIL representation for module `\DLPE'.
Generating RTLIL representation for module `\DLNP'.
Generating RTLIL representation for module `\DLNPE'.
Generating RTLIL representation for module `\VCC'.
Generating RTLIL representation for module `\GND'.
Generating RTLIL representation for module `\IBUF'.
Generating RTLIL representation for module `\OBUF'.
Generating RTLIL representation for module `\TBUF'.
Generating RTLIL representation for module `\IOBUF'.
Generating RTLIL representation for module `\ELVDS_OBUF'.
Generating RTLIL representation for module `\TLVDS_OBUF'.
Generating RTLIL representation for module `\OSER4'.
Generating RTLIL representation for module `\OSER4_MEM'.
Generating RTLIL representation for module `\OSER8'.
Generating RTLIL representation for module `\OSER10'.
Generating RTLIL representation for module `\OVIDEO'.
Generating RTLIL representation for module `\OSER16'.
Generating RTLIL representation for module `\IDES4'.
Generating RTLIL representation for module `\IDES4_MEM'.
Generating RTLIL representation for module `\IDES8'.
Generating RTLIL representation for module `\IDES10'.
Generating RTLIL representation for module `\IVIDEO'.
Generating RTLIL representation for module `\IDES16'.
Generating RTLIL representation for module `\IDDR'.
Generating RTLIL representation for module `\IDDRC'.
Generating RTLIL representation for module `\DQS'.
Generating RTLIL representation for module `\ODDR'.
Generating RTLIL representation for module `\ODDRC'.
Generating RTLIL representation for module `\GSR'.
Generating RTLIL representation for module `\BANDGAP'.
Generating RTLIL representation for module `\ALU'.
Generating RTLIL representation for module `\RAM16S1'.
Generating RTLIL representation for module `\RAM16S2'.
Generating RTLIL representation for module `\RAM16S4'.
Generating RTLIL representation for module `\RAM16SDP1'.
Generating RTLIL representation for module `\RAM16SDP2'.
Generating RTLIL representation for module `\RAM16SDP4'.
Generating RTLIL representation for module `\SP'.
Generating RTLIL representation for module `\SPX9'.
Generating RTLIL representation for module `\SDP'.
Generating RTLIL representation for module `\SDPX9'.
Generating RTLIL representation for module `\DP'.
Generating RTLIL representation for module `\DPX9'.
Generating RTLIL representation for module `\rPLL'.
Generating RTLIL representation for module `\PLLVR'.
Generating RTLIL representation for module `\OSC'.
Generating RTLIL representation for module `\OSCZ'.
Generating RTLIL representation for module `\OSCF'.
Generating RTLIL representation for module `\OSCH'.
Generating RTLIL representation for module `\OSCW'.
Generating RTLIL representation for module `\OSCO'.
Generating RTLIL representation for module `\EMCU'.
Successfully finished Verilog frontend.

19.2. Executing Verilog-2005 frontend: C:\Users\zanac2\Documents\Codex\2026-09-08\m\work\tools\pnr_v015\oss-cad-suite\bin\../share/yosys/gowin/cells_xtra_gw1n.v
Parsing Verilog input from `C:\Users\zanac2\Documents\Codex\2026-09-08\m\work\tools\pnr_v015\oss-cad-suite\bin\../share/yosys/gowin/cells_xtra_gw1n.v' to AST representation.
Generating RTLIL representation for module `\LUT5'.
Generating RTLIL representation for module `\LUT6'.
Generating RTLIL representation for module `\LUT7'.
Generating RTLIL representation for module `\LUT8'.
Generating RTLIL representation for module `\INV'.
Generating RTLIL representation for module `\IODELAY'.
Generating RTLIL representation for module `\IEM'.
Generating RTLIL representation for module `\ROM16'.
Generating RTLIL representation for module `\ROM'.
Generating RTLIL representation for module `\ROMX9'.
Generating RTLIL representation for module `\pROM'.
Generating RTLIL representation for module `\pROMX9'.
Generating RTLIL representation for module `\SDPB'.
Generating RTLIL representation for module `\SDPX9B'.
Generating RTLIL representation for module `\DPB'.
Generating RTLIL representation for module `\DPX9B'.
Generating RTLIL representation for module `\PADD18'.
Generating RTLIL representation for module `\PADD9'.
Generating RTLIL representation for module `\MULT9X9'.
Generating RTLIL representation for module `\MULT18X18'.
Generating RTLIL representation for module `\MULT36X36'.
Generating RTLIL representation for module `\MULTALU36X18'.
Generating RTLIL representation for module `\MULTADDALU18X18'.
Generating RTLIL representation for module `\MULTALU18X18'.
Generating RTLIL representation for module `\ALU54D'.
Generating RTLIL representation for module `\BUFG'.
Generating RTLIL representation for module `\BUFS'.
Generating RTLIL representation for module `\PLL'.
Generating RTLIL representation for module `\TLVDS_IBUF'.
Generating RTLIL representation for module `\TLVDS_TBUF'.
Generating RTLIL representation for module `\TLVDS_IOBUF'.
Generating RTLIL representation for module `\ELVDS_IBUF'.
Generating RTLIL representation for module `\ELVDS_TBUF'.
Generating RTLIL representation for module `\ELVDS_IOBUF'.
Generating RTLIL representation for module `\MIPI_IBUF'.
Generating RTLIL representation for module `\MIPI_IBUF_HS'.
Generating RTLIL representation for module `\MIPI_IBUF_LP'.
Generating RTLIL representation for module `\MIPI_OBUF'.
Generating RTLIL representation for module `\MIPI_OBUF_A'.
Generating RTLIL representation for module `\ELVDS_IBUF_MIPI'.
Generating RTLIL representation for module `\I3C_IOBUF'.
Generating RTLIL representation for module `\CLKDIV'.
Generating RTLIL representation for module `\DHCEN'.
Generating RTLIL representation for module `\DLLDLY'.
Generating RTLIL representation for module `\FLASH96K'.
Generating RTLIL representation for module `\FLASH256K'.
Generating RTLIL representation for module `\FLASH608K'.
Generating RTLIL representation for module `\DCS'.
Generating RTLIL representation for module `\DQCE'.
Generating RTLIL representation for module `\CLKDIV2'.
Generating RTLIL representation for module `\DHCENC'.
Generating RTLIL representation for module `\FLASH64K'.
Generating RTLIL representation for module `\FLASH64KZ'.
Successfully finished Verilog frontend.

19.3. Executing HIERARCHY pass (managing design hierarchy).

19.4. Executing AST frontend in derive mode using pre-parsed AST for module `\amiga_board_top'.
Generating RTLIL representation for module `\amiga_board_top'.

19.4.1. Analyzing design hierarchy..
Top module:  \amiga_board_top
Parameter \H_SAMPLES = 1816
Parameter \VS_ALIGN_CYCLES = 31
Parameter \HS_WIDTH = 4
Parameter \X_START = 6
Parameter \X_END = 1812
Parameter \Y_START = 8
Parameter \Y_END = 617

19.4.2. Executing AST frontend in derive mode using pre-parsed AST for module `\amiga_logic_core'.
Parameter \H_SAMPLES = 1816
Parameter \VS_ALIGN_CYCLES = 31
Parameter \HS_WIDTH = 4
Parameter \X_START = 6
Parameter \X_END = 1812
Parameter \Y_START = 8
Parameter \Y_END = 617
Generating RTLIL representation for module `$paramod$2922f3bb373b574eaf7a12e6647b6d2c40223301\amiga_logic_core'.
Parameter \INPUT_MHZ = 48'001100100011100000101110001100110011011100110101
Parameter \VCO_DIV = 8

19.4.3. Executing AST frontend in derive mode using pre-parsed AST for module `\gowin_video_pll'.
Parameter \INPUT_MHZ = 48'001100100011100000101110001100110011011100110101
Parameter \VCO_DIV = 8
Generating RTLIL representation for module `$paramod$262101cb2ab80648ec6462bebbfb63ce206bdc07\gowin_video_pll'.

19.4.4. Executing AST frontend in derive mode using pre-parsed AST for module `\configuration_reset'.
Generating RTLIL representation for module `\configuration_reset'.

19.4.5. Analyzing design hierarchy..
Top module:  \amiga_board_top
Used module:     $paramod$2922f3bb373b574eaf7a12e6647b6d2c40223301\amiga_logic_core
Used module:     $paramod$262101cb2ab80648ec6462bebbfb63ce206bdc07\gowin_video_pll
Used module:     \configuration_reset

19.4.6. Executing AST frontend in derive mode using pre-parsed AST for module `\dac_output_stage'.
Generating RTLIL representation for module `\dac_output_stage'.
Parameter \H_SAMPLES = 1816
Parameter \VS_ALIGN_CYCLES = 31
Parameter \HS_WIDTH = 4
Parameter \X_START = 6
Parameter \X_END = 1812
Parameter \Y_START = 8
Parameter \Y_END = 617

19.4.7. Executing AST frontend in derive mode using pre-parsed AST for module `\stream_input_video'.
Parameter \H_SAMPLES = 1816
Parameter \VS_ALIGN_CYCLES = 31
Parameter \HS_WIDTH = 4
Parameter \X_START = 6
Parameter \X_END = 1812
Parameter \Y_START = 8
Parameter \Y_END = 617
Generating RTLIL representation for module `$paramod$2922f3bb373b574eaf7a12e6647b6d2c40223301\stream_input_video'.

19.4.8. Executing AST frontend in derive mode using pre-parsed AST for module `\adc_rgb_capture'.
Generating RTLIL representation for module `\adc_rgb_capture'.
Parameter \GOOD_INTERVALS = 8
Parameter \RESET_HOLD_CYCLES = 270
Parameter \LOCK_TIMEOUT_CYCLES = 270000

19.4.9. Executing AST frontend in derive mode using pre-parsed AST for module `\clock_recovery_system'.
Parameter \GOOD_INTERVALS = 8
Parameter \RESET_HOLD_CYCLES = 270
Parameter \LOCK_TIMEOUT_CYCLES = 270000
Generating RTLIL representation for module `$paramod$683e8f5232cafaff99ac6963759532f7c096f897\clock_recovery_system'.
Parameter \H_SAMPLES = 1816
Parameter \HALF_CYCLES = 135
Parameter \TIMEOUT_CYCLES = 270000
Parameter \POWER_WAIT_CYCLES = 135000
Parameter \RESET_CYCLES = 270
Parameter \SETTLE_CYCLES = 27000
Parameter \ALC_WAIT_CYCLES = 810000

19.4.10. Executing AST frontend in derive mode using pre-parsed AST for module `\tvp7002_boot'.
Parameter \H_SAMPLES = 1816
Parameter \HALF_CYCLES = 135
Parameter \TIMEOUT_CYCLES = 270000
Parameter \POWER_WAIT_CYCLES = 135000
Parameter \RESET_CYCLES = 270
Parameter \SETTLE_CYCLES = 27000
Parameter \ALC_WAIT_CYCLES = 810000
Generating RTLIL representation for module `$paramod$a20ae5745ae84b48c322aca758b64eafb30b6529\tvp7002_boot'.

19.4.11. Analyzing design hierarchy..
Top module:  \amiga_board_top
Used module:     $paramod$2922f3bb373b574eaf7a12e6647b6d2c40223301\amiga_logic_core
Used module:         \dac_output_stage
Used module:         $paramod$2922f3bb373b574eaf7a12e6647b6d2c40223301\stream_input_video
Used module:         \adc_rgb_capture
Used module:         $paramod$683e8f5232cafaff99ac6963759532f7c096f897\clock_recovery_system
Used module:         $paramod$a20ae5745ae84b48c322aca758b64eafb30b6529\tvp7002_boot
Used module:     $paramod$262101cb2ab80648ec6462bebbfb63ce206bdc07\gowin_video_pll
Used module:     \configuration_reset
Parameter \H_SAMPLES = 1816
Parameter \HS_WIDTH = 4
Parameter \X_START = 6
Parameter \X_END = 1812
Parameter \Y_START = 8
Parameter \Y_END = 617

19.4.12. Executing AST frontend in derive mode using pre-parsed AST for module `\video_core'.
Parameter \H_SAMPLES = 1816
Parameter \HS_WIDTH = 4
Parameter \X_START = 6
Parameter \X_END = 1812
Parameter \Y_START = 8
Parameter \Y_END = 617
Generating RTLIL representation for module `$paramod$b17e92aa74298494ca60ee5ffe44e63e7ce92bb6\video_core'.
Parameter \H_SAMPLES = 1816
Parameter \VS_ALIGN_CYCLES = 31
Parameter \MIN_FIELD_HALF_LINES = 500
Parameter \MAX_FIELD_HALF_LINES = 660

19.4.13. Executing AST frontend in derive mode using pre-parsed AST for module `\stream_sync_frontend'.
Parameter \H_SAMPLES = 1816
Parameter \VS_ALIGN_CYCLES = 31
Parameter \MIN_FIELD_HALF_LINES = 500
Parameter \MAX_FIELD_HALF_LINES = 660
Generating RTLIL representation for module `$paramod$748af6f67175525805c5981cb14c29e092fe9ea4\stream_sync_frontend'.

19.4.14. Executing AST frontend in derive mode using pre-parsed AST for module `\video_clock_guard'.
Generating RTLIL representation for module `\video_clock_guard'.
Parameter \GOOD_INTERVALS = 8
Parameter \RESET_HOLD_CYCLES = 270
Parameter \LOCK_TIMEOUT_CYCLES = 270000

19.4.15. Executing AST frontend in derive mode using pre-parsed AST for module `\pll_restart_control'.
Parameter \GOOD_INTERVALS = 8
Parameter \RESET_HOLD_CYCLES = 270
Parameter \LOCK_TIMEOUT_CYCLES = 270000
Generating RTLIL representation for module `$paramod$683e8f5232cafaff99ac6963759532f7c096f897\pll_restart_control'.
Parameter \HALF_CYCLES = 135
Parameter \TIMEOUT_CYCLES = 270000

19.4.16. Executing AST frontend in derive mode using pre-parsed AST for module `\i2c_register_write'.
Parameter \HALF_CYCLES = 135
Parameter \TIMEOUT_CYCLES = 270000
Generating RTLIL representation for module `$paramod$ca4b7a37322eebe282ffca1ddbda4aa8d3e4aedf\i2c_register_write'.
Warning: Replacing memory \bytes with list of registers. See rtl/i2c_register_write.sv:50
Parameter \POWER_WAIT_CYCLES = 135000
Parameter \RESET_CYCLES = 270
Parameter \SETTLE_CYCLES = 27000

19.4.17. Executing AST frontend in derive mode using pre-parsed AST for module `\adc_power_sequence'.
Parameter \POWER_WAIT_CYCLES = 135000
Parameter \RESET_CYCLES = 270
Parameter \SETTLE_CYCLES = 27000
Generating RTLIL representation for module `$paramod$59e5d031c668cf41650225ca3253dc21d29dbc00\adc_power_sequence'.

19.4.18. Analyzing design hierarchy..
Top module:  \amiga_board_top
Used module:     $paramod$2922f3bb373b574eaf7a12e6647b6d2c40223301\amiga_logic_core
Used module:         \dac_output_stage
Used module:         $paramod$2922f3bb373b574eaf7a12e6647b6d2c40223301\stream_input_video
Used module:             $paramod$b17e92aa74298494ca60ee5ffe44e63e7ce92bb6\video_core
Used module:             $paramod$748af6f67175525805c5981cb14c29e092fe9ea4\stream_sync_frontend
Used module:         \adc_rgb_capture
Used module:         $paramod$683e8f5232cafaff99ac6963759532f7c096f897\clock_recovery_system
Used module:             \video_clock_guard
Used module:             $paramod$683e8f5232cafaff99ac6963759532f7c096f897\pll_restart_control
Used module:         $paramod$a20ae5745ae84b48c322aca758b64eafb30b6529\tvp7002_boot
Used module:             $paramod$ca4b7a37322eebe282ffca1ddbda4aa8d3e4aedf\i2c_register_write
Used module:             $paramod$59e5d031c668cf41650225ca3253dc21d29dbc00\adc_power_sequence
Used module:     $paramod$262101cb2ab80648ec6462bebbfb63ce206bdc07\gowin_video_pll
Used module:     \configuration_reset
Parameter \H_SAMPLES = 1816
Parameter \VS_LINES = 5

19.4.19. Executing AST frontend in derive mode using pre-parsed AST for module `\field_sync'.
Parameter \H_SAMPLES = 1816
Parameter \VS_LINES = 5
Generating RTLIL representation for module `$paramod$d6dee0bcd04703285f7c7a34827e153f96219042\field_sync'.
Parameter \H_SAMPLES = 1816

19.4.20. Executing AST frontend in derive mode using pre-parsed AST for module `\line_double'.
Parameter \H_SAMPLES = 1816
Generating RTLIL representation for module `$paramod\line_double\H_SAMPLES=s32'00000000000000000000011100011000'.

19.4.21. Analyzing design hierarchy..
Top module:  \amiga_board_top
Used module:     $paramod$2922f3bb373b574eaf7a12e6647b6d2c40223301\amiga_logic_core
Used module:         \dac_output_stage
Used module:         $paramod$2922f3bb373b574eaf7a12e6647b6d2c40223301\stream_input_video
Used module:             $paramod$b17e92aa74298494ca60ee5ffe44e63e7ce92bb6\video_core
Used module:                 $paramod$d6dee0bcd04703285f7c7a34827e153f96219042\field_sync
Used module:                 $paramod\line_double\H_SAMPLES=s32'00000000000000000000011100011000
Used module:             $paramod$748af6f67175525805c5981cb14c29e092fe9ea4\stream_sync_frontend
Used module:         \adc_rgb_capture
Used module:         $paramod$683e8f5232cafaff99ac6963759532f7c096f897\clock_recovery_system
Used module:             \video_clock_guard
Used module:             $paramod$683e8f5232cafaff99ac6963759532f7c096f897\pll_restart_control
Used module:         $paramod$a20ae5745ae84b48c322aca758b64eafb30b6529\tvp7002_boot
Used module:             $paramod$ca4b7a37322eebe282ffca1ddbda4aa8d3e4aedf\i2c_register_write
Used module:             $paramod$59e5d031c668cf41650225ca3253dc21d29dbc00\adc_power_sequence
Used module:     $paramod$262101cb2ab80648ec6462bebbfb63ce206bdc07\gowin_video_pll
Used module:     \configuration_reset

19.4.22. Analyzing design hierarchy..
Top module:  \amiga_board_top
Used module:     $paramod$2922f3bb373b574eaf7a12e6647b6d2c40223301\amiga_logic_core
Used module:         \dac_output_stage
Used module:         $paramod$2922f3bb373b574eaf7a12e6647b6d2c40223301\stream_input_video
Used module:             $paramod$b17e92aa74298494ca60ee5ffe44e63e7ce92bb6\video_core
Used module:                 $paramod$d6dee0bcd04703285f7c7a34827e153f96219042\field_sync
Used module:                 $paramod\line_double\H_SAMPLES=s32'00000000000000000000011100011000
Used module:             $paramod$748af6f67175525805c5981cb14c29e092fe9ea4\stream_sync_frontend
Used module:         \adc_rgb_capture
Used module:         $paramod$683e8f5232cafaff99ac6963759532f7c096f897\clock_recovery_system
Used module:             \video_clock_guard
Used module:             $paramod$683e8f5232cafaff99ac6963759532f7c096f897\pll_restart_control
Used module:         $paramod$a20ae5745ae84b48c322aca758b64eafb30b6529\tvp7002_boot
Used module:             $paramod$ca4b7a37322eebe282ffca1ddbda4aa8d3e4aedf\i2c_register_write
Used module:             $paramod$59e5d031c668cf41650225ca3253dc21d29dbc00\adc_power_sequence
Used module:     $paramod$262101cb2ab80648ec6462bebbfb63ce206bdc07\gowin_video_pll
Used module:     \configuration_reset
Removing unused module `$abstract\amiga_board_top'.
Removing unused module `$abstract\gowin_video_pll'.
Removing unused module `$abstract\configuration_reset'.
Removing unused module `$abstract\amiga_logic_core'.
Removing unused module `$abstract\dac_output_stage'.
Removing unused module `$abstract\stream_input_video'.
Removing unused module `$abstract\stream_sync_frontend'.
Removing unused module `$abstract\adc_rgb_capture'.
Removing unused module `$abstract\clock_recovery_system'.
Removing unused module `$abstract\pll_restart_control'.
Removing unused module `$abstract\video_clock_guard'.
Removing unused module `$abstract\tvp7002_boot'.
Removing unused module `$abstract\adc_power_sequence'.
Removing unused module `$abstract\i2c_register_write'.
Removing unused module `$abstract\video_core'.
Removing unused module `$abstract\field_sync'.
Removing unused module `$abstract\line_double'.
Removed 17 unused modules.

19.5. Executing PROC pass (convert processes to netlists).

19.5.1. Executing PROC_CLEAN pass (remove empty switches from decision trees).
Found and cleaned up 1 empty switch in `$paramod\line_double\H_SAMPLES=s32'00000000000000000000011100011000.$proc$rtl/line_double.sv:45$723'.
Removing empty process `$paramod\line_double\H_SAMPLES=s32'00000000000000000000011100011000.$proc$rtl/line_double.sv:45$723'.
Found and cleaned up 1 empty switch in `$paramod$59e5d031c668cf41650225ca3253dc21d29dbc00\adc_power_sequence.$proc$rtl/adc_power_sequence.sv:27$650'.
Removing empty process `$paramod$59e5d031c668cf41650225ca3253dc21d29dbc00\adc_power_sequence.$proc$rtl/adc_power_sequence.sv:27$650'.
Found and cleaned up 1 empty switch in `$paramod$ca4b7a37322eebe282ffca1ddbda4aa8d3e4aedf\i2c_register_write.$proc$rtl/i2c_register_write.sv:34$635'.
Removing empty process `$paramod$ca4b7a37322eebe282ffca1ddbda4aa8d3e4aedf\i2c_register_write.$proc$rtl/i2c_register_write.sv:34$635'.
Found and cleaned up 1 empty switch in `$paramod$683e8f5232cafaff99ac6963759532f7c096f897\pll_restart_control.$proc$rtl/pll_restart_control.sv:30$562'.
Removing empty process `$paramod$683e8f5232cafaff99ac6963759532f7c096f897\pll_restart_control.$proc$rtl/pll_restart_control.sv:30$562'.
Found and cleaned up 1 empty switch in `\video_clock_guard.$proc$rtl/video_clock_guard.sv:19$503'.
Removing empty process `video_clock_guard.$proc$rtl/video_clock_guard.sv:19$503'.
Found and cleaned up 1 empty switch in `$paramod$748af6f67175525805c5981cb14c29e092fe9ea4\stream_sync_frontend.$proc$rtl/stream_sync_frontend.sv:42$470'.
Removing empty process `$paramod$748af6f67175525805c5981cb14c29e092fe9ea4\stream_sync_frontend.$proc$rtl/stream_sync_frontend.sv:42$470'.
Found and cleaned up 1 empty switch in `$paramod$748af6f67175525805c5981cb14c29e092fe9ea4\stream_sync_frontend.$proc$rtl/stream_sync_frontend.sv:53$446'.
Found and cleaned up 1 empty switch in `$paramod$b17e92aa74298494ca60ee5ffe44e63e7ce92bb6\video_core.$proc$rtl/video_core.sv:31$423'.
Removing empty process `$paramod$b17e92aa74298494ca60ee5ffe44e63e7ce92bb6\video_core.$proc$rtl/video_core.sv:31$423'.
Found and cleaned up 1 empty switch in `$paramod$a20ae5745ae84b48c322aca758b64eafb30b6529\tvp7002_boot.$proc$rtl/tvp7002_boot.sv:31$400'.
Removing empty process `$paramod$a20ae5745ae84b48c322aca758b64eafb30b6529\tvp7002_boot.$proc$rtl/tvp7002_boot.sv:31$400'.
Found and cleaned up 1 empty switch in `\configuration_reset.$proc$rtl/configuration_reset.sv:8$351'.
Removing empty process `configuration_reset.$proc$rtl/configuration_reset.sv:8$351'.
Found and cleaned up 1 empty switch in `$paramod$262101cb2ab80648ec6462bebbfb63ce206bdc07\gowin_video_pll.$proc$rtl/gowin_video_pll.sv:14$347'.
Removing empty process `$paramod$262101cb2ab80648ec6462bebbfb63ce206bdc07\gowin_video_pll.$proc$rtl/gowin_video_pll.sv:14$347'.
Cleaned up 11 empty switches.

19.5.2. Executing PROC_RMDEAD pass (remove dead branches from decision trees).
Marked 5 switch rules as full_case in process $proc$rtl/line_double.sv:50$692 in module $paramod\line_double\H_SAMPLES=s32'00000000000000000000011100011000.
Marked 2 switch rules as full_case in process $proc$rtl/line_double.sv:37$672 in module $paramod\line_double\H_SAMPLES=s32'00000000000000000000011100011000.
Marked 5 switch rules as full_case in process $proc$rtl/field_sync.sv:19$653 in module $paramod$d6dee0bcd04703285f7c7a34827e153f96219042\field_sync.
Marked 7 switch rules as full_case in process $proc$rtl/adc_power_sequence.sv:35$642 in module $paramod$59e5d031c668cf41650225ca3253dc21d29dbc00\adc_power_sequence.
Marked 1 switch rules as full_case in process $proc$rtl/adc_power_sequence.sv:31$641 in module $paramod$59e5d031c668cf41650225ca3253dc21d29dbc00\adc_power_sequence.
Marked 19 switch rules as full_case in process $proc$rtl/i2c_register_write.sv:46$573 in module $paramod$ca4b7a37322eebe282ffca1ddbda4aa8d3e4aedf\i2c_register_write.
Marked 1 switch rules as full_case in process $proc$rtl/i2c_register_write.sv:38$572 in module $paramod$ca4b7a37322eebe282ffca1ddbda4aa8d3e4aedf\i2c_register_write.
Removed 1 dead cases from process $proc$rtl/pll_restart_control.sv:57$547 in module $paramod$683e8f5232cafaff99ac6963759532f7c096f897\pll_restart_control.
Marked 7 switch rules as full_case in process $proc$rtl/pll_restart_control.sv:57$547 in module $paramod$683e8f5232cafaff99ac6963759532f7c096f897\pll_restart_control.
Marked 4 switch rules as full_case in process $proc$rtl/pll_restart_control.sv:42$534 in module $paramod$683e8f5232cafaff99ac6963759532f7c096f897\pll_restart_control.
Marked 1 switch rules as full_case in process $proc$rtl/pll_restart_control.sv:38$533 in module $paramod$683e8f5232cafaff99ac6963759532f7c096f897\pll_restart_control.
Marked 1 switch rules as full_case in process $proc$rtl/pll_restart_control.sv:36$531 in module $paramod$683e8f5232cafaff99ac6963759532f7c096f897\pll_restart_control.
Marked 1 switch rules as full_case in process $proc$rtl/video_clock_guard.sv:76$501 in module video_clock_guard.
Marked 1 switch rules as full_case in process $proc$rtl/video_clock_guard.sv:70$496 in module video_clock_guard.
Marked 5 switch rules as full_case in process $proc$rtl/video_clock_guard.sv:45$479 in module video_clock_guard.
Marked 1 switch rules as full_case in process $proc$rtl/video_clock_guard.sv:41$478 in module video_clock_guard.
Marked 1 switch rules as full_case in process $proc$rtl/video_clock_guard.sv:37$476 in module video_clock_guard.
Marked 1 switch rules as full_case in process $proc$rtl/video_clock_guard.sv:27$471 in module video_clock_guard.
Marked 10 switch rules as full_case in process $proc$rtl/stream_sync_frontend.sv:53$446 in module $paramod$748af6f67175525805c5981cb14c29e092fe9ea4\stream_sync_frontend.
Marked 1 switch rules as full_case in process $proc$rtl/stream_sync_frontend.sv:49$445 in module $paramod$748af6f67175525805c5981cb14c29e092fe9ea4\stream_sync_frontend.
Marked 3 switch rules as full_case in process $proc$rtl/video_core.sv:51$402 in module $paramod$b17e92aa74298494ca60ee5ffe44e63e7ce92bb6\video_core.
Marked 1 switch rules as full_case in process $proc$rtl/video_core.sv:43$401 in module $paramod$b17e92aa74298494ca60ee5ffe44e63e7ce92bb6\video_core.
Marked 6 switch rules as full_case in process $proc$rtl/tvp7002_boot.sv:91$393 in module $paramod$a20ae5745ae84b48c322aca758b64eafb30b6529\tvp7002_boot.
Marked 1 switch rules as full_case in process $proc$rtl/tvp7002_boot.sv:38$382 in module $paramod$a20ae5745ae84b48c322aca758b64eafb30b6529\tvp7002_boot.
Marked 1 switch rules as full_case in process $proc$rtl/adc_rgb_capture.sv:28$372 in module adc_rgb_capture.
Marked 1 switch rules as full_case in process $proc$rtl/adc_rgb_capture.sv:19$368 in module adc_rgb_capture.
Marked 1 switch rules as full_case in process $proc$rtl/adc_rgb_capture.sv:14$367 in module adc_rgb_capture.
Marked 1 switch rules as full_case in process $proc$rtl/dac_output_stage.sv:20$355 in module dac_output_stage.
Marked 1 switch rules as full_case in process $proc$rtl/dac_output_stage.sv:16$354 in module dac_output_stage.
Marked 1 switch rules as full_case in process $proc$rtl/amiga_logic_core.sv:29$345 in module $paramod$2922f3bb373b574eaf7a12e6647b6d2c40223301\amiga_logic_core.
Removed a total of 1 dead cases.

19.5.3. Executing PROC_PRUNE pass (remove redundant assignments in processes).
Removed 57 redundant assignments.
Promoted 20 assignments to connections.

19.5.4. Executing PROC_INIT pass (extract init attributes).
Found init rule in `\dac_output_stage.$proc$rtl/dac_output_stage.sv:15$360'.
  Set init value: \release_pipe = 2'11
Found init rule in `\dac_output_stage.$proc$rtl/dac_output_stage.sv:13$359'.
  Set init value: \rgb = 24'000000000000000000000000
  Set init value: \blank_n = 1'0
  Set init value: \hs_n = 1'1
  Set init value: \vs_n = 1'1
Found init rule in `\configuration_reset.$proc$rtl/configuration_reset.sv:7$350'.
  Set init value: \released = 0

19.5.5. Executing PROC_ARST pass (detect async resets in processes).
Found async reset \reset in `$paramod$683e8f5232cafaff99ac6963759532f7c096f897\pll_restart_control.$proc$rtl/pll_restart_control.sv:36$531'.
Found async reset \prerequisites in `\video_clock_guard.$proc$rtl/video_clock_guard.sv:76$501'.
Found async reset \permit in `\video_clock_guard.$proc$rtl/video_clock_guard.sv:70$496'.
Found async reset \prerequisites in `\video_clock_guard.$proc$rtl/video_clock_guard.sv:45$479'.
Found async reset \reset in `\video_clock_guard.$proc$rtl/video_clock_guard.sv:41$478'.
Found async reset \prerequisites in `\video_clock_guard.$proc$rtl/video_clock_guard.sv:37$476'.
Found async reset \reset in `\video_clock_guard.$proc$rtl/video_clock_guard.sv:27$471'.
Found async reset \reset in `\adc_rgb_capture.$proc$rtl/adc_rgb_capture.sv:28$372'.
Found async reset \reset in `\adc_rgb_capture.$proc$rtl/adc_rgb_capture.sv:19$368'.
Found async reset \reset in `\adc_rgb_capture.$proc$rtl/adc_rgb_capture.sv:14$367'.
Found async reset \clear in `\dac_output_stage.$proc$rtl/dac_output_stage.sv:20$355'.
Found async reset \clear_request in `\dac_output_stage.$proc$rtl/dac_output_stage.sv:16$354'.
Found async reset \reset_video in `$paramod$2922f3bb373b574eaf7a12e6647b6d2c40223301\amiga_logic_core.$proc$rtl/amiga_logic_core.sv:29$345'.

19.5.6. Executing PROC_ROM pass (convert switches to ROMs).
Converted 1 switch.
<suppressed ~117 debug messages>

19.5.7. Executing PROC_MUX pass (convert decision trees to multiplexers).
Creating decoders for process `$paramod\line_double\H_SAMPLES=s32'00000000000000000000011100011000.$proc$rtl/line_double.sv:50$692'.
     1/12: $0\out_sol[0:0]
     2/12: $0\pixel_valid[0:0]
     3/12: $0\previous_ce[0:0]
     4/12: $0\elapsed[12:0]
     5/12: $0\read_x[10:0]
     6/12: $0\written[11:0]
     7/12: $0\reading[0:0]
     8/12: $0\read_bank[0:0]
     9/12: $0\write_bank[0:0]
    10/12: $0\started[0:0]
    11/12: $0\out_x[10:0]
    12/12: $0\protocol_error[0:0]
Creating decoders for process `$paramod\line_double\H_SAMPLES=s32'00000000000000000000011100011000.$proc$rtl/line_double.sv:37$672'.
     1/6: $1$memwr$\bank1$rtl/line_double.sv:41$660_EN[23:0]$689
     2/6: $1$memwr$\bank1$rtl/line_double.sv:41$660_DATA[23:0]$688
     3/6: $1$memwr$\bank1$rtl/line_double.sv:41$660_ADDR[10:0]$687
     4/6: $1$memwr$\bank0$rtl/line_double.sv:40$659_EN[23:0]$685
     5/6: $1$memwr$\bank0$rtl/line_double.sv:40$659_DATA[23:0]$684
     6/6: $1$memwr$\bank0$rtl/line_double.sv:40$659_ADDR[10:0]$683
Creating decoders for process `$paramod$d6dee0bcd04703285f7c7a34827e153f96219042\field_sync.$proc$rtl/field_sync.sv:19$653'.
     1/6: $0\frame_start[0:0]
     2/6: $0\remaining[31:0]
     3/6: $0\pending[0:0]
     4/6: $0\delay_active[0:0]
     5/6: $0\delay_count[11:0]
     6/6: $0\vs_n[0:0]
Creating decoders for process `$paramod$59e5d031c668cf41650225ca3253dc21d29dbc00\adc_power_sequence.$proc$rtl/adc_power_sequence.sv:35$642'.
     1/6: $0\count[17:0]
     2/6: $0\config_allowed[0:0]
     3/6: $0\state[2:0]
     4/6: $0\fault[0:0]
     5/6: $0\adc_pwdn[0:0]
     6/6: $0\adc_reset_n[0:0]
Creating decoders for process `$paramod$59e5d031c668cf41650225ca3253dc21d29dbc00\adc_power_sequence.$proc$rtl/adc_power_sequence.sv:31$641'.
     1/2: $0\pg_sync[0:0]
     2/2: $0\pg_meta[0:0]
Creating decoders for process `$paramod$ca4b7a37322eebe282ffca1ddbda4aa8d3e4aedf\i2c_register_write.$proc$rtl/i2c_register_write.sv:46$573'.
     1/37: $7$mem2reg_rd$\bytes$rtl/i2c_register_write.sv:97$564_DATA[7:0]$626
     2/37: $6$mem2reg_rd$\bytes$rtl/i2c_register_write.sv:97$564_DATA[7:0]$623
     3/37: $6$mem2reg_rd$\bytes$rtl/i2c_register_write.sv:97$564_ADDR[1:0]$622
     4/37: $5$mem2reg_rd$\bytes$rtl/i2c_register_write.sv:97$564_DATA[7:0]$619
     5/37: $5$mem2reg_rd$\bytes$rtl/i2c_register_write.sv:97$564_ADDR[1:0]$618
     6/37: $4$mem2reg_rd$\bytes$rtl/i2c_register_write.sv:97$564_DATA[7:0]$617
     7/37: $4$mem2reg_rd$\bytes$rtl/i2c_register_write.sv:97$564_ADDR[1:0]$616
     8/37: $6$mem2reg_rd$\bytes$rtl/i2c_register_write.sv:83$563_DATA[7:0]$608
     9/37: $5$mem2reg_rd$\bytes$rtl/i2c_register_write.sv:83$563_DATA[7:0]$606
    10/37: $5$mem2reg_rd$\bytes$rtl/i2c_register_write.sv:83$563_ADDR[1:0]$605
    11/37: $4$mem2reg_rd$\bytes$rtl/i2c_register_write.sv:83$563_DATA[7:0]$603
    12/37: $4$mem2reg_rd$\bytes$rtl/i2c_register_write.sv:83$563_ADDR[1:0]$602
    13/37: $3$mem2reg_rd$\bytes$rtl/i2c_register_write.sv:97$564_DATA[7:0]$592
    14/37: $3$mem2reg_rd$\bytes$rtl/i2c_register_write.sv:97$564_ADDR[1:0]$591
    15/37: $3$mem2reg_rd$\bytes$rtl/i2c_register_write.sv:83$563_DATA[7:0]$590
    16/37: $3$mem2reg_rd$\bytes$rtl/i2c_register_write.sv:83$563_ADDR[1:0]$589
    17/37: $2$mem2reg_rd$\bytes$rtl/i2c_register_write.sv:97$564_DATA[7:0]$588
    18/37: $2$mem2reg_rd$\bytes$rtl/i2c_register_write.sv:97$564_ADDR[1:0]$587
    19/37: $2$mem2reg_rd$\bytes$rtl/i2c_register_write.sv:83$563_DATA[7:0]$586
    20/37: $2$mem2reg_rd$\bytes$rtl/i2c_register_write.sv:83$563_ADDR[1:0]$585
    21/37: $0\watchdog[18:0]
    22/37: $0\done[0:0]
    23/37: $1$mem2reg_rd$\bytes$rtl/i2c_register_write.sv:97$564_DATA[7:0]$581
    24/37: $1$mem2reg_rd$\bytes$rtl/i2c_register_write.sv:97$564_ADDR[1:0]$580
    25/37: $1$mem2reg_rd$\bytes$rtl/i2c_register_write.sv:83$563_DATA[7:0]$579
    26/37: $1$mem2reg_rd$\bytes$rtl/i2c_register_write.sv:83$563_ADDR[1:0]$578
    27/37: $0\bytes[2][7:0]
    28/37: $0\bytes[1][7:0]
    29/37: $0\bytes[0][7:0]
    30/37: $0\bit_index[2:0]
    31/37: $0\byte_index[1:0]
    32/37: $0\count[7:0]
    33/37: $0\error[2:0]
    34/37: $0\busy[0:0]
    35/37: $0\state[3:0]
    36/37: $0\sda_low[0:0]
    37/37: $0\scl_low[0:0]
Creating decoders for process `$paramod$ca4b7a37322eebe282ffca1ddbda4aa8d3e4aedf\i2c_register_write.$proc$rtl/i2c_register_write.sv:38$572'.
     1/4: $0\sda_sync[0:0]
     2/4: $0\sda_meta[0:0]
     3/4: $0\scl_sync[0:0]
     4/4: $0\scl_meta[0:0]
Creating decoders for process `$paramod$683e8f5232cafaff99ac6963759532f7c096f897\pll_restart_control.$proc$rtl/pll_restart_control.sv:57$547'.
     1/6: $0\fault_history[2:0] [2]
     2/6: $0\fault_history[2:0] [1]
     3/6: $0\fault_history[2:0] [0]
     4/6: $0\lock_was_low[0:0]
     5/6: $0\state[1:0]
     6/6: $0\count[18:0]
Creating decoders for process `$paramod$683e8f5232cafaff99ac6963759532f7c096f897\pll_restart_control.$proc$rtl/pll_restart_control.sv:42$534'.
     1/6: $0\age[7:0]
     2/6: $0\last_hb[0:0]
     3/6: $0\period_last[7:0]
     4/6: $0\stable[0:0]
     5/6: $0\good[3:0]
     6/6: $0\seen_edge[0:0]
Creating decoders for process `$paramod$683e8f5232cafaff99ac6963759532f7c096f897\pll_restart_control.$proc$rtl/pll_restart_control.sv:38$533'.
     1/2: $0\lock_sync[1:0]
     2/2: $0\hb_sync[1:0]
Creating decoders for process `$paramod$683e8f5232cafaff99ac6963759532f7c096f897\pll_restart_control.$proc$rtl/pll_restart_control.sv:36$531'.
     1/1: $0\heartbeat[7:0]
Creating decoders for process `\video_clock_guard.$proc$rtl/video_clock_guard.sv:76$501'.
     1/1: $0\ready_sync[1:0]
Creating decoders for process `\video_clock_guard.$proc$rtl/video_clock_guard.sv:70$496'.
     1/1: $0\release_pipe[2:0]
Creating decoders for process `\video_clock_guard.$proc$rtl/video_clock_guard.sv:45$479'.
     1/5: $0\age[6:0]
     2/5: $0\heartbeat_last[0:0]
     3/5: $0\good[2:0]
     4/5: $0\healthy[0:0]
     5/5: $0\seen_edge[0:0]
Creating decoders for process `\video_clock_guard.$proc$rtl/video_clock_guard.sv:41$478'.
     1/1: $0\heartbeat_sync[1:0]
Creating decoders for process `\video_clock_guard.$proc$rtl/video_clock_guard.sv:37$476'.
     1/1: $0\prerequisites_sync[1:0]
Creating decoders for process `\video_clock_guard.$proc$rtl/video_clock_guard.sv:27$471'.
     1/1: $0\heartbeat_count[7:0]
Creating decoders for process `$paramod$748af6f67175525805c5981cb14c29e092fe9ea4\stream_sync_frontend.$proc$rtl/stream_sync_frontend.sv:53$446'.
     1/21: $0\fault_history[2:0] [2]
     2/21: $0\fault_history[2:0] [1]
     3/21: $0\fault_history[2:0] [0]
     4/21: $0\vs_count[2:0]
     5/21: $0\rgb_out[23:0]
     6/21: $0\line_start[0:0]
     7/21: $0\sample_ce_out[0:0]
     8/21: $0\ce_seen[0:0]
     9/21: $0\previous_ce[0:0]
    10/21: $0\vs_delay[4:0]
    11/21: $0\v_age[20:0]
    12/21: $0\vs_pending[0:0]
    13/21: $0\v_locked[0:0]
    14/21: $0\have_vs[0:0]
    15/21: $0\vs_level[0:0]
    16/21: $0\h_good[1:0]
    17/21: $0\h_age[11:0]
    18/21: $0\h_locked[0:0]
    19/21: $0\have_hs[0:0]
    20/21: $0\previous_hs[0:0]
    21/21: $0\field_start[0:0]
Creating decoders for process `$paramod$748af6f67175525805c5981cb14c29e092fe9ea4\stream_sync_frontend.$proc$rtl/stream_sync_frontend.sv:49$445'.
     1/1: $0\vs_sync[1:0]
Creating decoders for process `$paramod$b17e92aa74298494ca60ee5ffe44e63e7ce92bb6\video_core.$proc$rtl/video_core.sv:51$402'.
     1/13: $0\vs_n[0:0]
     2/13: $0\hs_n[0:0]
     3/13: $0\frame_start[0:0]
     4/13: $0\out_sol[0:0]
     5/13: $0\out_x[10:0]
     6/13: $0\x1[10:0]
     7/13: $0\sol1[0:0]
     8/13: $0\valid2[0:0]
     9/13: $0\valid1[0:0]
    10/13: $0\rgb2[23:0]
    11/13: $0\rgb1[23:0]
    12/13: $0\have_frame[0:0]
    13/13: $0\out_y[11:0]
Creating decoders for process `$paramod$b17e92aa74298494ca60ee5ffe44e63e7ce92bb6\video_core.$proc$rtl/video_core.sv:43$401'.
     1/1: $0\field_delayed[0:0]
Creating decoders for process `$paramod$a20ae5745ae84b48c322aca758b64eafb30b6529\tvp7002_boot.$proc$rtl/tvp7002_boot.sv:91$393'.
     1/8: $0\start[0:0]
     2/8: $0\config_error[0:0]
     3/8: $0\config_done[0:0]
     4/8: $0\wait_count[19:0]
     5/8: $0\index[5:0]
     6/8: $0\state[2:0]
     7/8: $0\failed_register[7:0]
     8/8: $0\write_error[2:0]
Creating decoders for process `$paramod$a20ae5745ae84b48c322aca758b64eafb30b6529\tvp7002_boot.$proc$rtl/tvp7002_boot.sv:38$382'.
     1/1: $1\entry[15:0]
Creating decoders for process `\adc_rgb_capture.$proc$rtl/adc_rgb_capture.sv:28$372'.
     1/6: $0\last_tag[0:0]
     2/6: $0\tag2[0:0]
     3/6: $0\tag1[0:0]
     4/6: $0\stage2[24:0]
     5/6: $0\stage1[24:0]
     6/6: $0\started[0:0]
Creating decoders for process `\adc_rgb_capture.$proc$rtl/adc_rgb_capture.sv:19$368'.
     1/2: $0\token[0:0]
     2/2: $0\captured[24:0]
Creating decoders for process `\adc_rgb_capture.$proc$rtl/adc_rgb_capture.sv:14$367'.
     1/1: $0\adc_release[2:0]
Creating decoders for process `\dac_output_stage.$proc$rtl/dac_output_stage.sv:15$360'.
Creating decoders for process `\dac_output_stage.$proc$rtl/dac_output_stage.sv:13$359'.
Creating decoders for process `\dac_output_stage.$proc$rtl/dac_output_stage.sv:20$355'.
     1/4: $0\vs_n[0:0]
     2/4: $0\hs_n[0:0]
     3/4: $0\rgb[23:0]
     4/4: $0\blank_n[0:0]
Creating decoders for process `\dac_output_stage.$proc$rtl/dac_output_stage.sv:16$354'.
     1/1: $0\release_pipe[1:0]
Creating decoders for process `\configuration_reset.$proc$rtl/configuration_reset.sv:7$350'.
Creating decoders for process `\configuration_reset.$proc$rtl/configuration_reset.sv:9$348'.
Creating decoders for process `$paramod$2922f3bb373b574eaf7a12e6647b6d2c40223301\amiga_logic_core.$proc$rtl/amiga_logic_core.sv:29$345'.
     1/1: $0\video_sync[1:0]

19.5.8. Executing PROC_DLATCH pass (convert process syncs to latches).
No latch inferred for signal `$paramod$a20ae5745ae84b48c322aca758b64eafb30b6529\tvp7002_boot.\entry' from process `$paramod$a20ae5745ae84b48c322aca758b64eafb30b6529\tvp7002_boot.$proc$rtl/tvp7002_boot.sv:38$382'.

19.5.9. Executing PROC_DFF pass (convert process syncs to FFs).
Creating register for signal `$paramod\line_double\H_SAMPLES=s32'00000000000000000000011100011000.\protocol_error' using process `$paramod\line_double\H_SAMPLES=s32'00000000000000000000011100011000.$proc$rtl/line_double.sv:50$692'.
  created $dff cell `$procdff$2569' with positive edge clock.
Creating register for signal `$paramod\line_double\H_SAMPLES=s32'00000000000000000000011100011000.\out_sol' using process `$paramod\line_double\H_SAMPLES=s32'00000000000000000000011100011000.$proc$rtl/line_double.sv:50$692'.
  created $dff cell `$procdff$2570' with positive edge clock.
Creating register for signal `$paramod\line_double\H_SAMPLES=s32'00000000000000000000011100011000.\out_x' using process `$paramod\line_double\H_SAMPLES=s32'00000000000000000000011100011000.$proc$rtl/line_double.sv:50$692'.
  created $dff cell `$procdff$2571' with positive edge clock.
Creating register for signal `$paramod\line_double\H_SAMPLES=s32'00000000000000000000011100011000.\started' using process `$paramod\line_double\H_SAMPLES=s32'00000000000000000000011100011000.$proc$rtl/line_double.sv:50$692'.
  created $dff cell `$procdff$2572' with positive edge clock.
Creating register for signal `$paramod\line_double\H_SAMPLES=s32'00000000000000000000011100011000.\pixel_valid' using process `$paramod\line_double\H_SAMPLES=s32'00000000000000000000011100011000.$proc$rtl/line_double.sv:50$692'.
  created $dff cell `$procdff$2573' with positive edge clock.
Creating register for signal `$paramod\line_double\H_SAMPLES=s32'00000000000000000000011100011000.\previous_ce' using process `$paramod\line_double\H_SAMPLES=s32'00000000000000000000011100011000.$proc$rtl/line_double.sv:50$692'.
  created $dff cell `$procdff$2574' with positive edge clock.
Creating register for signal `$paramod\line_double\H_SAMPLES=s32'00000000000000000000011100011000.\write_bank' using process `$paramod\line_double\H_SAMPLES=s32'00000000000000000000011100011000.$proc$rtl/line_double.sv:50$692'.
  created $dff cell `$procdff$2575' with positive edge clock.
Creating register for signal `$paramod\line_double\H_SAMPLES=s32'00000000000000000000011100011000.\read_bank' using process `$paramod\line_double\H_SAMPLES=s32'00000000000000000000011100011000.$proc$rtl/line_double.sv:50$692'.
  created $dff cell `$procdff$2576' with positive edge clock.
Creating register for signal `$paramod\line_double\H_SAMPLES=s32'00000000000000000000011100011000.\reading' using process `$paramod\line_double\H_SAMPLES=s32'00000000000000000000011100011000.$proc$rtl/line_double.sv:50$692'.
  created $dff cell `$procdff$2577' with positive edge clock.
Creating register for signal `$paramod\line_double\H_SAMPLES=s32'00000000000000000000011100011000.\written' using process `$paramod\line_double\H_SAMPLES=s32'00000000000000000000011100011000.$proc$rtl/line_double.sv:50$692'.
  created $dff cell `$procdff$2578' with positive edge clock.
Creating register for signal `$paramod\line_double\H_SAMPLES=s32'00000000000000000000011100011000.\read_x' using process `$paramod\line_double\H_SAMPLES=s32'00000000000000000000011100011000.$proc$rtl/line_double.sv:50$692'.
  created $dff cell `$procdff$2579' with positive edge clock.
Creating register for signal `$paramod\line_double\H_SAMPLES=s32'00000000000000000000011100011000.\elapsed' using process `$paramod\line_double\H_SAMPLES=s32'00000000000000000000011100011000.$proc$rtl/line_double.sv:50$692'.
  created $dff cell `$procdff$2580' with positive edge clock.
Creating register for signal `$paramod\line_double\H_SAMPLES=s32'00000000000000000000011100011000.\bank0_q' using process `$paramod\line_double\H_SAMPLES=s32'00000000000000000000011100011000.$proc$rtl/line_double.sv:37$672'.
  created $dff cell `$procdff$2581' with positive edge clock.
Creating register for signal `$paramod\line_double\H_SAMPLES=s32'00000000000000000000011100011000.\bank1_q' using process `$paramod\line_double\H_SAMPLES=s32'00000000000000000000011100011000.$proc$rtl/line_double.sv:37$672'.
  created $dff cell `$procdff$2582' with positive edge clock.
Creating register for signal `$paramod\line_double\H_SAMPLES=s32'00000000000000000000011100011000.$memwr$\bank0$rtl/line_double.sv:40$659_ADDR' using process `$paramod\line_double\H_SAMPLES=s32'00000000000000000000011100011000.$proc$rtl/line_double.sv:37$672'.
  created $dff cell `$procdff$2583' with positive edge clock.
Creating register for signal `$paramod\line_double\H_SAMPLES=s32'00000000000000000000011100011000.$memwr$\bank0$rtl/line_double.sv:40$659_DATA' using process `$paramod\line_double\H_SAMPLES=s32'00000000000000000000011100011000.$proc$rtl/line_double.sv:37$672'.
  created $dff cell `$procdff$2584' with positive edge clock.
Creating register for signal `$paramod\line_double\H_SAMPLES=s32'00000000000000000000011100011000.$memwr$\bank0$rtl/line_double.sv:40$659_EN' using process `$paramod\line_double\H_SAMPLES=s32'00000000000000000000011100011000.$proc$rtl/line_double.sv:37$672'.
  created $dff cell `$procdff$2585' with positive edge clock.
Creating register for signal `$paramod\line_double\H_SAMPLES=s32'00000000000000000000011100011000.$memwr$\bank1$rtl/line_double.sv:41$660_ADDR' using process `$paramod\line_double\H_SAMPLES=s32'00000000000000000000011100011000.$proc$rtl/line_double.sv:37$672'.
  created $dff cell `$procdff$2586' with positive edge clock.
Creating register for signal `$paramod\line_double\H_SAMPLES=s32'00000000000000000000011100011000.$memwr$\bank1$rtl/line_double.sv:41$660_DATA' using process `$paramod\line_double\H_SAMPLES=s32'00000000000000000000011100011000.$proc$rtl/line_double.sv:37$672'.
  created $dff cell `$procdff$2587' with positive edge clock.
Creating register for signal `$paramod\line_double\H_SAMPLES=s32'00000000000000000000011100011000.$memwr$\bank1$rtl/line_double.sv:41$660_EN' using process `$paramod\line_double\H_SAMPLES=s32'00000000000000000000011100011000.$proc$rtl/line_double.sv:37$672'.
  created $dff cell `$procdff$2588' with positive edge clock.
Creating register for signal `$paramod$d6dee0bcd04703285f7c7a34827e153f96219042\field_sync.\vs_n' using process `$paramod$d6dee0bcd04703285f7c7a34827e153f96219042\field_sync.$proc$rtl/field_sync.sv:19$653'.
  created $dff cell `$procdff$2589' with positive edge clock.
Creating register for signal `$paramod$d6dee0bcd04703285f7c7a34827e153f96219042\field_sync.\frame_start' using process `$paramod$d6dee0bcd04703285f7c7a34827e153f96219042\field_sync.$proc$rtl/field_sync.sv:19$653'.
  created $dff cell `$procdff$2590' with positive edge clock.
Creating register for signal `$paramod$d6dee0bcd04703285f7c7a34827e153f96219042\field_sync.\delay_count' using process `$paramod$d6dee0bcd04703285f7c7a34827e153f96219042\field_sync.$proc$rtl/field_sync.sv:19$653'.
  created $dff cell `$procdff$2591' with positive edge clock.
Creating register for signal `$paramod$d6dee0bcd04703285f7c7a34827e153f96219042\field_sync.\delay_active' using process `$paramod$d6dee0bcd04703285f7c7a34827e153f96219042\field_sync.$proc$rtl/field_sync.sv:19$653'.
  created $dff cell `$procdff$2592' with positive edge clock.
Creating register for signal `$paramod$d6dee0bcd04703285f7c7a34827e153f96219042\field_sync.\pending' using process `$paramod$d6dee0bcd04703285f7c7a34827e153f96219042\field_sync.$proc$rtl/field_sync.sv:19$653'.
  created $dff cell `$procdff$2593' with positive edge clock.
Creating register for signal `$paramod$d6dee0bcd04703285f7c7a34827e153f96219042\field_sync.\remaining' using process `$paramod$d6dee0bcd04703285f7c7a34827e153f96219042\field_sync.$proc$rtl/field_sync.sv:19$653'.
  created $dff cell `$procdff$2594' with positive edge clock.
Creating register for signal `$paramod$59e5d031c668cf41650225ca3253dc21d29dbc00\adc_power_sequence.\adc_reset_n' using process `$paramod$59e5d031c668cf41650225ca3253dc21d29dbc00\adc_power_sequence.$proc$rtl/adc_power_sequence.sv:35$642'.
  created $dff cell `$procdff$2595' with positive edge clock.
Creating register for signal `$paramod$59e5d031c668cf41650225ca3253dc21d29dbc00\adc_power_sequence.\adc_pwdn' using process `$paramod$59e5d031c668cf41650225ca3253dc21d29dbc00\adc_power_sequence.$proc$rtl/adc_power_sequence.sv:35$642'.
  created $dff cell `$procdff$2596' with positive edge clock.
Creating register for signal `$paramod$59e5d031c668cf41650225ca3253dc21d29dbc00\adc_power_sequence.\fault' using process `$paramod$59e5d031c668cf41650225ca3253dc21d29dbc00\adc_power_sequence.$proc$rtl/adc_power_sequence.sv:35$642'.
  created $dff cell `$procdff$2597' with positive edge clock.
Creating register for signal `$paramod$59e5d031c668cf41650225ca3253dc21d29dbc00\adc_power_sequence.\state' using process `$paramod$59e5d031c668cf41650225ca3253dc21d29dbc00\adc_power_sequence.$proc$rtl/adc_power_sequence.sv:35$642'.
  created $dff cell `$procdff$2598' with positive edge clock.
Creating register for signal `$paramod$59e5d031c668cf41650225ca3253dc21d29dbc00\adc_power_sequence.\config_allowed' using process `$paramod$59e5d031c668cf41650225ca3253dc21d29dbc00\adc_power_sequence.$proc$rtl/adc_power_sequence.sv:35$642'.
  created $dff cell `$procdff$2599' with positive edge clock.
Creating register for signal `$paramod$59e5d031c668cf41650225ca3253dc21d29dbc00\adc_power_sequence.\count' using process `$paramod$59e5d031c668cf41650225ca3253dc21d29dbc00\adc_power_sequence.$proc$rtl/adc_power_sequence.sv:35$642'.
  created $dff cell `$procdff$2600' with positive edge clock.
Creating register for signal `$paramod$59e5d031c668cf41650225ca3253dc21d29dbc00\adc_power_sequence.\pg_meta' using process `$paramod$59e5d031c668cf41650225ca3253dc21d29dbc00\adc_power_sequence.$proc$rtl/adc_power_sequence.sv:31$641'.
  created $dff cell `$procdff$2601' with positive edge clock.
Creating register for signal `$paramod$59e5d031c668cf41650225ca3253dc21d29dbc00\adc_power_sequence.\pg_sync' using process `$paramod$59e5d031c668cf41650225ca3253dc21d29dbc00\adc_power_sequence.$proc$rtl/adc_power_sequence.sv:31$641'.
  created $dff cell `$procdff$2602' with positive edge clock.
Creating register for signal `$paramod$ca4b7a37322eebe282ffca1ddbda4aa8d3e4aedf\i2c_register_write.\scl_low' using process `$paramod$ca4b7a37322eebe282ffca1ddbda4aa8d3e4aedf\i2c_register_write.$proc$rtl/i2c_register_write.sv:46$573'.
  created $dff cell `$procdff$2603' with positive edge clock.
Creating register for signal `$paramod$ca4b7a37322eebe282ffca1ddbda4aa8d3e4aedf\i2c_register_write.\sda_low' using process `$paramod$ca4b7a37322eebe282ffca1ddbda4aa8d3e4aedf\i2c_register_write.$proc$rtl/i2c_register_write.sv:46$573'.
  created $dff cell `$procdff$2604' with positive edge clock.
Creating register for signal `$paramod$ca4b7a37322eebe282ffca1ddbda4aa8d3e4aedf\i2c_register_write.\state' using process `$paramod$ca4b7a37322eebe282ffca1ddbda4aa8d3e4aedf\i2c_register_write.$proc$rtl/i2c_register_write.sv:46$573'.
  created $dff cell `$procdff$2605' with positive edge clock.
Creating register for signal `$paramod$ca4b7a37322eebe282ffca1ddbda4aa8d3e4aedf\i2c_register_write.\busy' using process `$paramod$ca4b7a37322eebe282ffca1ddbda4aa8d3e4aedf\i2c_register_write.$proc$rtl/i2c_register_write.sv:46$573'.
  created $dff cell `$procdff$2606' with positive edge clock.
Creating register for signal `$paramod$ca4b7a37322eebe282ffca1ddbda4aa8d3e4aedf\i2c_register_write.\done' using process `$paramod$ca4b7a37322eebe282ffca1ddbda4aa8d3e4aedf\i2c_register_write.$proc$rtl/i2c_register_write.sv:46$573'.
  created $dff cell `$procdff$2607' with positive edge clock.
Creating register for signal `$paramod$ca4b7a37322eebe282ffca1ddbda4aa8d3e4aedf\i2c_register_write.\error' using process `$paramod$ca4b7a37322eebe282ffca1ddbda4aa8d3e4aedf\i2c_register_write.$proc$rtl/i2c_register_write.sv:46$573'.
  created $dff cell `$procdff$2608' with positive edge clock.
Creating register for signal `$paramod$ca4b7a37322eebe282ffca1ddbda4aa8d3e4aedf\i2c_register_write.\count' using process `$paramod$ca4b7a37322eebe282ffca1ddbda4aa8d3e4aedf\i2c_register_write.$proc$rtl/i2c_register_write.sv:46$573'.
  created $dff cell `$procdff$2609' with positive edge clock.
Creating register for signal `$paramod$ca4b7a37322eebe282ffca1ddbda4aa8d3e4aedf\i2c_register_write.\byte_index' using process `$paramod$ca4b7a37322eebe282ffca1ddbda4aa8d3e4aedf\i2c_register_write.$proc$rtl/i2c_register_write.sv:46$573'.
  created $dff cell `$procdff$2610' with positive edge clock.
Creating register for signal `$paramod$ca4b7a37322eebe282ffca1ddbda4aa8d3e4aedf\i2c_register_write.\bit_index' using process `$paramod$ca4b7a37322eebe282ffca1ddbda4aa8d3e4aedf\i2c_register_write.$proc$rtl/i2c_register_write.sv:46$573'.
  created $dff cell `$procdff$2611' with positive edge clock.
Creating register for signal `$paramod$ca4b7a37322eebe282ffca1ddbda4aa8d3e4aedf\i2c_register_write.\watchdog' using process `$paramod$ca4b7a37322eebe282ffca1ddbda4aa8d3e4aedf\i2c_register_write.$proc$rtl/i2c_register_write.sv:46$573'.
  created $dff cell `$procdff$2612' with positive edge clock.
Creating register for signal `$paramod$ca4b7a37322eebe282ffca1ddbda4aa8d3e4aedf\i2c_register_write.\bytes[0]' using process `$paramod$ca4b7a37322eebe282ffca1ddbda4aa8d3e4aedf\i2c_register_write.$proc$rtl/i2c_register_write.sv:46$573'.
  created $dff cell `$procdff$2613' with positive edge clock.
Creating register for signal `$paramod$ca4b7a37322eebe282ffca1ddbda4aa8d3e4aedf\i2c_register_write.\bytes[1]' using process `$paramod$ca4b7a37322eebe282ffca1ddbda4aa8d3e4aedf\i2c_register_write.$proc$rtl/i2c_register_write.sv:46$573'.
  created $dff cell `$procdff$2614' with positive edge clock.
Creating register for signal `$paramod$ca4b7a37322eebe282ffca1ddbda4aa8d3e4aedf\i2c_register_write.\bytes[2]' using process `$paramod$ca4b7a37322eebe282ffca1ddbda4aa8d3e4aedf\i2c_register_write.$proc$rtl/i2c_register_write.sv:46$573'.
  created $dff cell `$procdff$2615' with positive edge clock.
Creating register for signal `$paramod$ca4b7a37322eebe282ffca1ddbda4aa8d3e4aedf\i2c_register_write.$mem2reg_rd$\bytes$rtl/i2c_register_write.sv:83$563_ADDR' using process `$paramod$ca4b7a37322eebe282ffca1ddbda4aa8d3e4aedf\i2c_register_write.$proc$rtl/i2c_register_write.sv:46$573'.
  created $dff cell `$procdff$2616' with positive edge clock.
Creating register for signal `$paramod$ca4b7a37322eebe282ffca1ddbda4aa8d3e4aedf\i2c_register_write.$mem2reg_rd$\bytes$rtl/i2c_register_write.sv:83$563_DATA' using process `$paramod$ca4b7a37322eebe282ffca1ddbda4aa8d3e4aedf\i2c_register_write.$proc$rtl/i2c_register_write.sv:46$573'.
  created $dff cell `$procdff$2617' with positive edge clock.
Creating register for signal `$paramod$ca4b7a37322eebe282ffca1ddbda4aa8d3e4aedf\i2c_register_write.$mem2reg_rd$\bytes$rtl/i2c_register_write.sv:97$564_ADDR' using process `$paramod$ca4b7a37322eebe282ffca1ddbda4aa8d3e4aedf\i2c_register_write.$proc$rtl/i2c_register_write.sv:46$573'.
  created $dff cell `$procdff$2618' with positive edge clock.
Creating register for signal `$paramod$ca4b7a37322eebe282ffca1ddbda4aa8d3e4aedf\i2c_register_write.$mem2reg_rd$\bytes$rtl/i2c_register_write.sv:97$564_DATA' using process `$paramod$ca4b7a37322eebe282ffca1ddbda4aa8d3e4aedf\i2c_register_write.$proc$rtl/i2c_register_write.sv:46$573'.
  created $dff cell `$procdff$2619' with positive edge clock.
Creating register for signal `$paramod$ca4b7a37322eebe282ffca1ddbda4aa8d3e4aedf\i2c_register_write.\scl_meta' using process `$paramod$ca4b7a37322eebe282ffca1ddbda4aa8d3e4aedf\i2c_register_write.$proc$rtl/i2c_register_write.sv:38$572'.
  created $dff cell `$procdff$2620' with positive edge clock.
Creating register for signal `$paramod$ca4b7a37322eebe282ffca1ddbda4aa8d3e4aedf\i2c_register_write.\scl_sync' using process `$paramod$ca4b7a37322eebe282ffca1ddbda4aa8d3e4aedf\i2c_register_write.$proc$rtl/i2c_register_write.sv:38$572'.
  created $dff cell `$procdff$2621' with positive edge clock.
Creating register for signal `$paramod$ca4b7a37322eebe282ffca1ddbda4aa8d3e4aedf\i2c_register_write.\sda_meta' using process `$paramod$ca4b7a37322eebe282ffca1ddbda4aa8d3e4aedf\i2c_register_write.$proc$rtl/i2c_register_write.sv:38$572'.
  created $dff cell `$procdff$2622' with positive edge clock.
Creating register for signal `$paramod$ca4b7a37322eebe282ffca1ddbda4aa8d3e4aedf\i2c_register_write.\sda_sync' using process `$paramod$ca4b7a37322eebe282ffca1ddbda4aa8d3e4aedf\i2c_register_write.$proc$rtl/i2c_register_write.sv:38$572'.
  created $dff cell `$procdff$2623' with positive edge clock.
Creating register for signal `$paramod$683e8f5232cafaff99ac6963759532f7c096f897\pll_restart_control.\fault_history' using process `$paramod$683e8f5232cafaff99ac6963759532f7c096f897\pll_restart_control.$proc$rtl/pll_restart_control.sv:57$547'.
  created $dff cell `$procdff$2624' with positive edge clock.
Creating register for signal `$paramod$683e8f5232cafaff99ac6963759532f7c096f897\pll_restart_control.\state' using process `$paramod$683e8f5232cafaff99ac6963759532f7c096f897\pll_restart_control.$proc$rtl/pll_restart_control.sv:57$547'.
  created $dff cell `$procdff$2625' with positive edge clock.
Creating register for signal `$paramod$683e8f5232cafaff99ac6963759532f7c096f897\pll_restart_control.\lock_was_low' using process `$paramod$683e8f5232cafaff99ac6963759532f7c096f897\pll_restart_control.$proc$rtl/pll_restart_control.sv:57$547'.
  created $dff cell `$procdff$2626' with positive edge clock.
Creating register for signal `$paramod$683e8f5232cafaff99ac6963759532f7c096f897\pll_restart_control.\count' using process `$paramod$683e8f5232cafaff99ac6963759532f7c096f897\pll_restart_control.$proc$rtl/pll_restart_control.sv:57$547'.
  created $dff cell `$procdff$2627' with positive edge clock.
Creating register for signal `$paramod$683e8f5232cafaff99ac6963759532f7c096f897\pll_restart_control.\seen_edge' using process `$paramod$683e8f5232cafaff99ac6963759532f7c096f897\pll_restart_control.$proc$rtl/pll_restart_control.sv:42$534'.
  created $dff cell `$procdff$2628' with positive edge clock.
Creating register for signal `$paramod$683e8f5232cafaff99ac6963759532f7c096f897\pll_restart_control.\age' using process `$paramod$683e8f5232cafaff99ac6963759532f7c096f897\pll_restart_control.$proc$rtl/pll_restart_control.sv:42$534'.
  created $dff cell `$procdff$2629' with positive edge clock.
Creating register for signal `$paramod$683e8f5232cafaff99ac6963759532f7c096f897\pll_restart_control.\good' using process `$paramod$683e8f5232cafaff99ac6963759532f7c096f897\pll_restart_control.$proc$rtl/pll_restart_control.sv:42$534'.
  created $dff cell `$procdff$2630' with positive edge clock.
Creating register for signal `$paramod$683e8f5232cafaff99ac6963759532f7c096f897\pll_restart_control.\last_hb' using process `$paramod$683e8f5232cafaff99ac6963759532f7c096f897\pll_restart_control.$proc$rtl/pll_restart_control.sv:42$534'.
  created $dff cell `$procdff$2631' with positive edge clock.
Creating register for signal `$paramod$683e8f5232cafaff99ac6963759532f7c096f897\pll_restart_control.\stable' using process `$paramod$683e8f5232cafaff99ac6963759532f7c096f897\pll_restart_control.$proc$rtl/pll_restart_control.sv:42$534'.
  created $dff cell `$procdff$2632' with positive edge clock.
Creating register for signal `$paramod$683e8f5232cafaff99ac6963759532f7c096f897\pll_restart_control.\period_last' using process `$paramod$683e8f5232cafaff99ac6963759532f7c096f897\pll_restart_control.$proc$rtl/pll_restart_control.sv:42$534'.
  created $dff cell `$procdff$2633' with positive edge clock.
Creating register for signal `$paramod$683e8f5232cafaff99ac6963759532f7c096f897\pll_restart_control.\hb_sync' using process `$paramod$683e8f5232cafaff99ac6963759532f7c096f897\pll_restart_control.$proc$rtl/pll_restart_control.sv:38$533'.
  created $dff cell `$procdff$2634' with positive edge clock.
Creating register for signal `$paramod$683e8f5232cafaff99ac6963759532f7c096f897\pll_restart_control.\lock_sync' using process `$paramod$683e8f5232cafaff99ac6963759532f7c096f897\pll_restart_control.$proc$rtl/pll_restart_control.sv:38$533'.
  created $dff cell `$procdff$2635' with positive edge clock.
Creating register for signal `$paramod$683e8f5232cafaff99ac6963759532f7c096f897\pll_restart_control.\heartbeat' using process `$paramod$683e8f5232cafaff99ac6963759532f7c096f897\pll_restart_control.$proc$rtl/pll_restart_control.sv:36$531'.
  created $adff cell `$procdff$2638' with positive edge clock and positive level reset.
Creating register for signal `\video_clock_guard.\ready_sync' using process `\video_clock_guard.$proc$rtl/video_clock_guard.sv:76$501'.
  created $adff cell `$procdff$2643' with positive edge clock and positive level reset.
Creating register for signal `\video_clock_guard.\release_pipe' using process `\video_clock_guard.$proc$rtl/video_clock_guard.sv:70$496'.
  created $adff cell `$procdff$2648' with positive edge clock and positive level reset.
Creating register for signal `\video_clock_guard.\heartbeat_last' using process `\video_clock_guard.$proc$rtl/video_clock_guard.sv:45$479'.
  created $adff cell `$procdff$2653' with positive edge clock and positive level reset.
Creating register for signal `\video_clock_guard.\seen_edge' using process `\video_clock_guard.$proc$rtl/video_clock_guard.sv:45$479'.
  created $adff cell `$procdff$2658' with positive edge clock and positive level reset.
Creating register for signal `\video_clock_guard.\healthy' using process `\video_clock_guard.$proc$rtl/video_clock_guard.sv:45$479'.
  created $adff cell `$procdff$2663' with positive edge clock and positive level reset.
Creating register for signal `\video_clock_guard.\age' using process `\video_clock_guard.$proc$rtl/video_clock_guard.sv:45$479'.
  created $adff cell `$procdff$2668' with positive edge clock and positive level reset.
Creating register for signal `\video_clock_guard.\good' using process `\video_clock_guard.$proc$rtl/video_clock_guard.sv:45$479'.
  created $adff cell `$procdff$2673' with positive edge clock and positive level reset.
Creating register for signal `\video_clock_guard.\heartbeat_sync' using process `\video_clock_guard.$proc$rtl/video_clock_guard.sv:41$478'.
  created $adff cell `$procdff$2676' with positive edge clock and positive level reset.
Creating register for signal `\video_clock_guard.\prerequisites_sync' using process `\video_clock_guard.$proc$rtl/video_clock_guard.sv:37$476'.
  created $adff cell `$procdff$2681' with positive edge clock and positive level reset.
Creating register for signal `\video_clock_guard.\heartbeat_count' using process `\video_clock_guard.$proc$rtl/video_clock_guard.sv:27$471'.
  created $adff cell `$procdff$2684' with positive edge clock and positive level reset.
Creating register for signal `$paramod$748af6f67175525805c5981cb14c29e092fe9ea4\stream_sync_frontend.\fault_history' using process `$paramod$748af6f67175525805c5981cb14c29e092fe9ea4\stream_sync_frontend.$proc$rtl/stream_sync_frontend.sv:53$446'.
  created $dff cell `$procdff$2685' with positive edge clock.
Creating register for signal `$paramod$748af6f67175525805c5981cb14c29e092fe9ea4\stream_sync_frontend.\sample_ce_out' using process `$paramod$748af6f67175525805c5981cb14c29e092fe9ea4\stream_sync_frontend.$proc$rtl/stream_sync_frontend.sv:53$446'.
  created $dff cell `$procdff$2686' with positive edge clock.
Creating register for signal `$paramod$748af6f67175525805c5981cb14c29e092fe9ea4\stream_sync_frontend.\line_start' using process `$paramod$748af6f67175525805c5981cb14c29e092fe9ea4\stream_sync_frontend.$proc$rtl/stream_sync_frontend.sv:53$446'.
  created $dff cell `$procdff$2687' with positive edge clock.
Creating register for signal `$paramod$748af6f67175525805c5981cb14c29e092fe9ea4\stream_sync_frontend.\field_start' using process `$paramod$748af6f67175525805c5981cb14c29e092fe9ea4\stream_sync_frontend.$proc$rtl/stream_sync_frontend.sv:53$446'.
  created $dff cell `$procdff$2688' with positive edge clock.
Creating register for signal `$paramod$748af6f67175525805c5981cb14c29e092fe9ea4\stream_sync_frontend.\rgb_out' using process `$paramod$748af6f67175525805c5981cb14c29e092fe9ea4\stream_sync_frontend.$proc$rtl/stream_sync_frontend.sv:53$446'.
  created $dff cell `$procdff$2689' with positive edge clock.
Creating register for signal `$paramod$748af6f67175525805c5981cb14c29e092fe9ea4\stream_sync_frontend.\previous_ce' using process `$paramod$748af6f67175525805c5981cb14c29e092fe9ea4\stream_sync_frontend.$proc$rtl/stream_sync_frontend.sv:53$446'.
  created $dff cell `$procdff$2690' with positive edge clock.
Creating register for signal `$paramod$748af6f67175525805c5981cb14c29e092fe9ea4\stream_sync_frontend.\ce_seen' using process `$paramod$748af6f67175525805c5981cb14c29e092fe9ea4\stream_sync_frontend.$proc$rtl/stream_sync_frontend.sv:53$446'.
  created $dff cell `$procdff$2691' with positive edge clock.
Creating register for signal `$paramod$748af6f67175525805c5981cb14c29e092fe9ea4\stream_sync_frontend.\previous_hs' using process `$paramod$748af6f67175525805c5981cb14c29e092fe9ea4\stream_sync_frontend.$proc$rtl/stream_sync_frontend.sv:53$446'.
  created $dff cell `$procdff$2692' with positive edge clock.
Creating register for signal `$paramod$748af6f67175525805c5981cb14c29e092fe9ea4\stream_sync_frontend.\have_hs' using process `$paramod$748af6f67175525805c5981cb14c29e092fe9ea4\stream_sync_frontend.$proc$rtl/stream_sync_frontend.sv:53$446'.
  created $dff cell `$procdff$2693' with positive edge clock.
Creating register for signal `$paramod$748af6f67175525805c5981cb14c29e092fe9ea4\stream_sync_frontend.\h_locked' using process `$paramod$748af6f67175525805c5981cb14c29e092fe9ea4\stream_sync_frontend.$proc$rtl/stream_sync_frontend.sv:53$446'.
  created $dff cell `$procdff$2694' with positive edge clock.
Creating register for signal `$paramod$748af6f67175525805c5981cb14c29e092fe9ea4\stream_sync_frontend.\h_age' using process `$paramod$748af6f67175525805c5981cb14c29e092fe9ea4\stream_sync_frontend.$proc$rtl/stream_sync_frontend.sv:53$446'.
  created $dff cell `$procdff$2695' with positive edge clock.
Creating register for signal `$paramod$748af6f67175525805c5981cb14c29e092fe9ea4\stream_sync_frontend.\h_good' using process `$paramod$748af6f67175525805c5981cb14c29e092fe9ea4\stream_sync_frontend.$proc$rtl/stream_sync_frontend.sv:53$446'.
  created $dff cell `$procdff$2696' with positive edge clock.
Creating register for signal `$paramod$748af6f67175525805c5981cb14c29e092fe9ea4\stream_sync_frontend.\vs_level' using process `$paramod$748af6f67175525805c5981cb14c29e092fe9ea4\stream_sync_frontend.$proc$rtl/stream_sync_frontend.sv:53$446'.
  created $dff cell `$procdff$2697' with positive edge clock.
Creating register for signal `$paramod$748af6f67175525805c5981cb14c29e092fe9ea4\stream_sync_frontend.\have_vs' using process `$paramod$748af6f67175525805c5981cb14c29e092fe9ea4\stream_sync_frontend.$proc$rtl/stream_sync_frontend.sv:53$446'.
  created $dff cell `$procdff$2698' with positive edge clock.
Creating register for signal `$paramod$748af6f67175525805c5981cb14c29e092fe9ea4\stream_sync_frontend.\v_locked' using process `$paramod$748af6f67175525805c5981cb14c29e092fe9ea4\stream_sync_frontend.$proc$rtl/stream_sync_frontend.sv:53$446'.
  created $dff cell `$procdff$2699' with positive edge clock.
Creating register for signal `$paramod$748af6f67175525805c5981cb14c29e092fe9ea4\stream_sync_frontend.\vs_pending' using process `$paramod$748af6f67175525805c5981cb14c29e092fe9ea4\stream_sync_frontend.$proc$rtl/stream_sync_frontend.sv:53$446'.
  created $dff cell `$procdff$2700' with positive edge clock.
Creating register for signal `$paramod$748af6f67175525805c5981cb14c29e092fe9ea4\stream_sync_frontend.\vs_count' using process `$paramod$748af6f67175525805c5981cb14c29e092fe9ea4\stream_sync_frontend.$proc$rtl/stream_sync_frontend.sv:53$446'.
  created $dff cell `$procdff$2701' with positive edge clock.
Creating register for signal `$paramod$748af6f67175525805c5981cb14c29e092fe9ea4\stream_sync_frontend.\v_age' using process `$paramod$748af6f67175525805c5981cb14c29e092fe9ea4\stream_sync_frontend.$proc$rtl/stream_sync_frontend.sv:53$446'.
  created $dff cell `$procdff$2702' with positive edge clock.
Creating register for signal `$paramod$748af6f67175525805c5981cb14c29e092fe9ea4\stream_sync_frontend.\vs_delay' using process `$paramod$748af6f67175525805c5981cb14c29e092fe9ea4\stream_sync_frontend.$proc$rtl/stream_sync_frontend.sv:53$446'.
  created $dff cell `$procdff$2703' with positive edge clock.
Creating register for signal `$paramod$748af6f67175525805c5981cb14c29e092fe9ea4\stream_sync_frontend.\vs_sync' using process `$paramod$748af6f67175525805c5981cb14c29e092fe9ea4\stream_sync_frontend.$proc$rtl/stream_sync_frontend.sv:49$445'.
  created $dff cell `$procdff$2704' with positive edge clock.
Creating register for signal `$paramod$b17e92aa74298494ca60ee5ffe44e63e7ce92bb6\video_core.\hs_n' using process `$paramod$b17e92aa74298494ca60ee5ffe44e63e7ce92bb6\video_core.$proc$rtl/video_core.sv:51$402'.
  created $dff cell `$procdff$2705' with positive edge clock.
Creating register for signal `$paramod$b17e92aa74298494ca60ee5ffe44e63e7ce92bb6\video_core.\vs_n' using process `$paramod$b17e92aa74298494ca60ee5ffe44e63e7ce92bb6\video_core.$proc$rtl/video_core.sv:51$402'.
  created $dff cell `$procdff$2706' with positive edge clock.
Creating register for signal `$paramod$b17e92aa74298494ca60ee5ffe44e63e7ce92bb6\video_core.\out_sol' using process `$paramod$b17e92aa74298494ca60ee5ffe44e63e7ce92bb6\video_core.$proc$rtl/video_core.sv:51$402'.
  created $dff cell `$procdff$2707' with positive edge clock.
Creating register for signal `$paramod$b17e92aa74298494ca60ee5ffe44e63e7ce92bb6\video_core.\frame_start' using process `$paramod$b17e92aa74298494ca60ee5ffe44e63e7ce92bb6\video_core.$proc$rtl/video_core.sv:51$402'.
  created $dff cell `$procdff$2708' with positive edge clock.
Creating register for signal `$paramod$b17e92aa74298494ca60ee5ffe44e63e7ce92bb6\video_core.\out_x' using process `$paramod$b17e92aa74298494ca60ee5ffe44e63e7ce92bb6\video_core.$proc$rtl/video_core.sv:51$402'.
  created $dff cell `$procdff$2709' with positive edge clock.
Creating register for signal `$paramod$b17e92aa74298494ca60ee5ffe44e63e7ce92bb6\video_core.\out_y' using process `$paramod$b17e92aa74298494ca60ee5ffe44e63e7ce92bb6\video_core.$proc$rtl/video_core.sv:51$402'.
  created $dff cell `$procdff$2710' with positive edge clock.
Creating register for signal `$paramod$b17e92aa74298494ca60ee5ffe44e63e7ce92bb6\video_core.\rgb1' using process `$paramod$b17e92aa74298494ca60ee5ffe44e63e7ce92bb6\video_core.$proc$rtl/video_core.sv:51$402'.
  created $dff cell `$procdff$2711' with positive edge clock.
Creating register for signal `$paramod$b17e92aa74298494ca60ee5ffe44e63e7ce92bb6\video_core.\rgb2' using process `$paramod$b17e92aa74298494ca60ee5ffe44e63e7ce92bb6\video_core.$proc$rtl/video_core.sv:51$402'.
  created $dff cell `$procdff$2712' with positive edge clock.
Creating register for signal `$paramod$b17e92aa74298494ca60ee5ffe44e63e7ce92bb6\video_core.\valid1' using process `$paramod$b17e92aa74298494ca60ee5ffe44e63e7ce92bb6\video_core.$proc$rtl/video_core.sv:51$402'.
  created $dff cell `$procdff$2713' with positive edge clock.
Creating register for signal `$paramod$b17e92aa74298494ca60ee5ffe44e63e7ce92bb6\video_core.\valid2' using process `$paramod$b17e92aa74298494ca60ee5ffe44e63e7ce92bb6\video_core.$proc$rtl/video_core.sv:51$402'.
  created $dff cell `$procdff$2714' with positive edge clock.
Creating register for signal `$paramod$b17e92aa74298494ca60ee5ffe44e63e7ce92bb6\video_core.\sol1' using process `$paramod$b17e92aa74298494ca60ee5ffe44e63e7ce92bb6\video_core.$proc$rtl/video_core.sv:51$402'.
  created $dff cell `$procdff$2715' with positive edge clock.
Creating register for signal `$paramod$b17e92aa74298494ca60ee5ffe44e63e7ce92bb6\video_core.\have_frame' using process `$paramod$b17e92aa74298494ca60ee5ffe44e63e7ce92bb6\video_core.$proc$rtl/video_core.sv:51$402'.
  created $dff cell `$procdff$2716' with positive edge clock.
Creating register for signal `$paramod$b17e92aa74298494ca60ee5ffe44e63e7ce92bb6\video_core.\x1' using process `$paramod$b17e92aa74298494ca60ee5ffe44e63e7ce92bb6\video_core.$proc$rtl/video_core.sv:51$402'.
  created $dff cell `$procdff$2717' with positive edge clock.
Creating register for signal `$paramod$b17e92aa74298494ca60ee5ffe44e63e7ce92bb6\video_core.\field_delayed' using process `$paramod$b17e92aa74298494ca60ee5ffe44e63e7ce92bb6\video_core.$proc$rtl/video_core.sv:43$401'.
  created $dff cell `$procdff$2718' with positive edge clock.
Creating register for signal `$paramod$a20ae5745ae84b48c322aca758b64eafb30b6529\tvp7002_boot.\write_error' using process `$paramod$a20ae5745ae84b48c322aca758b64eafb30b6529\tvp7002_boot.$proc$rtl/tvp7002_boot.sv:91$393'.
  created $dff cell `$procdff$2719' with positive edge clock.
Creating register for signal `$paramod$a20ae5745ae84b48c322aca758b64eafb30b6529\tvp7002_boot.\failed_register' using process `$paramod$a20ae5745ae84b48c322aca758b64eafb30b6529\tvp7002_boot.$proc$rtl/tvp7002_boot.sv:91$393'.
  created $dff cell `$procdff$2720' with positive edge clock.
Creating register for signal `$paramod$a20ae5745ae84b48c322aca758b64eafb30b6529\tvp7002_boot.\state' using process `$paramod$a20ae5745ae84b48c322aca758b64eafb30b6529\tvp7002_boot.$proc$rtl/tvp7002_boot.sv:91$393'.
  created $dff cell `$procdff$2721' with positive edge clock.
Creating register for signal `$paramod$a20ae5745ae84b48c322aca758b64eafb30b6529\tvp7002_boot.\index' using process `$paramod$a20ae5745ae84b48c322aca758b64eafb30b6529\tvp7002_boot.$proc$rtl/tvp7002_boot.sv:91$393'.
  created $dff cell `$procdff$2722' with positive edge clock.
Creating register for signal `$paramod$a20ae5745ae84b48c322aca758b64eafb30b6529\tvp7002_boot.\wait_count' using process `$paramod$a20ae5745ae84b48c322aca758b64eafb30b6529\tvp7002_boot.$proc$rtl/tvp7002_boot.sv:91$393'.
  created $dff cell `$procdff$2723' with positive edge clock.
Creating register for signal `$paramod$a20ae5745ae84b48c322aca758b64eafb30b6529\tvp7002_boot.\start' using process `$paramod$a20ae5745ae84b48c322aca758b64eafb30b6529\tvp7002_boot.$proc$rtl/tvp7002_boot.sv:91$393'.
  created $dff cell `$procdff$2724' with positive edge clock.
Creating register for signal `$paramod$a20ae5745ae84b48c322aca758b64eafb30b6529\tvp7002_boot.\config_done' using process `$paramod$a20ae5745ae84b48c322aca758b64eafb30b6529\tvp7002_boot.$proc$rtl/tvp7002_boot.sv:91$393'.
  created $dff cell `$procdff$2725' with positive edge clock.
Creating register for signal `$paramod$a20ae5745ae84b48c322aca758b64eafb30b6529\tvp7002_boot.\config_error' using process `$paramod$a20ae5745ae84b48c322aca758b64eafb30b6529\tvp7002_boot.$proc$rtl/tvp7002_boot.sv:91$393'.
  created $dff cell `$procdff$2726' with positive edge clock.
Creating register for signal `\adc_rgb_capture.\stage1' using process `\adc_rgb_capture.$proc$rtl/adc_rgb_capture.sv:28$372'.
  created $adff cell `$procdff$2729' with positive edge clock and positive level reset.
Creating register for signal `\adc_rgb_capture.\stage2' using process `\adc_rgb_capture.$proc$rtl/adc_rgb_capture.sv:28$372'.
  created $adff cell `$procdff$2732' with positive edge clock and positive level reset.
Creating register for signal `\adc_rgb_capture.\tag1' using process `\adc_rgb_capture.$proc$rtl/adc_rgb_capture.sv:28$372'.
  created $adff cell `$procdff$2735' with positive edge clock and positive level reset.
Creating register for signal `\adc_rgb_capture.\tag2' using process `\adc_rgb_capture.$proc$rtl/adc_rgb_capture.sv:28$372'.
  created $adff cell `$procdff$2738' with positive edge clock and positive level reset.
Creating register for signal `\adc_rgb_capture.\last_tag' using process `\adc_rgb_capture.$proc$rtl/adc_rgb_capture.sv:28$372'.
  created $adff cell `$procdff$2741' with positive edge clock and positive level reset.
Creating register for signal `\adc_rgb_capture.\started' using process `\adc_rgb_capture.$proc$rtl/adc_rgb_capture.sv:28$372'.
  created $adff cell `$procdff$2744' with positive edge clock and positive level reset.
Creating register for signal `\adc_rgb_capture.\captured' using process `\adc_rgb_capture.$proc$rtl/adc_rgb_capture.sv:19$368'.
  created $adff cell `$procdff$2747' with negative edge clock and positive level reset.
Creating register for signal `\adc_rgb_capture.\token' using process `\adc_rgb_capture.$proc$rtl/adc_rgb_capture.sv:19$368'.
  created $adff cell `$procdff$2750' with negative edge clock and positive level reset.
Creating register for signal `\adc_rgb_capture.\adc_release' using process `\adc_rgb_capture.$proc$rtl/adc_rgb_capture.sv:14$367'.
  created $adff cell `$procdff$2753' with negative edge clock and positive level reset.
Creating register for signal `\dac_output_stage.\rgb' using process `\dac_output_stage.$proc$rtl/dac_output_stage.sv:20$355'.
  created $adff cell `$procdff$2756' with positive edge clock and positive level reset.
Creating register for signal `\dac_output_stage.\blank_n' using process `\dac_output_stage.$proc$rtl/dac_output_stage.sv:20$355'.
  created $adff cell `$procdff$2759' with positive edge clock and positive level reset.
Creating register for signal `\dac_output_stage.\hs_n' using process `\dac_output_stage.$proc$rtl/dac_output_stage.sv:20$355'.
  created $adff cell `$procdff$2762' with positive edge clock and positive level reset.
Creating register for signal `\dac_output_stage.\vs_n' using process `\dac_output_stage.$proc$rtl/dac_output_stage.sv:20$355'.
  created $adff cell `$procdff$2765' with positive edge clock and positive level reset.
Creating register for signal `\dac_output_stage.\release_pipe' using process `\dac_output_stage.$proc$rtl/dac_output_stage.sv:16$354'.
  created $adff cell `$procdff$2768' with positive edge clock and positive level reset.
Creating register for signal `\configuration_reset.\released' using process `\configuration_reset.$proc$rtl/configuration_reset.sv:9$348'.
  created $dff cell `$procdff$2769' with positive edge clock.
Creating register for signal `$paramod$2922f3bb373b574eaf7a12e6647b6d2c40223301\amiga_logic_core.\video_sync' using process `$paramod$2922f3bb373b574eaf7a12e6647b6d2c40223301\amiga_logic_core.$proc$rtl/amiga_logic_core.sv:29$345'.
  created $adff cell `$procdff$2772' with positive edge clock and positive level reset.

19.5.10. Executing PROC_MEMWR pass (convert process memory writes to cells).

19.5.11. Executing PROC_CLEAN pass (remove empty switches from decision trees).
Found and cleaned up 12 empty switches in `$paramod\line_double\H_SAMPLES=s32'00000000000000000000011100011000.$proc$rtl/line_double.sv:50$692'.
Removing empty process `$paramod\line_double\H_SAMPLES=s32'00000000000000000000011100011000.$proc$rtl/line_double.sv:50$692'.
Found and cleaned up 2 empty switches in `$paramod\line_double\H_SAMPLES=s32'00000000000000000000011100011000.$proc$rtl/line_double.sv:37$672'.
Removing empty process `$paramod\line_double\H_SAMPLES=s32'00000000000000000000011100011000.$proc$rtl/line_double.sv:37$672'.
Found and cleaned up 7 empty switches in `$paramod$d6dee0bcd04703285f7c7a34827e153f96219042\field_sync.$proc$rtl/field_sync.sv:19$653'.
Removing empty process `$paramod$d6dee0bcd04703285f7c7a34827e153f96219042\field_sync.$proc$rtl/field_sync.sv:19$653'.
Found and cleaned up 9 empty switches in `$paramod$59e5d031c668cf41650225ca3253dc21d29dbc00\adc_power_sequence.$proc$rtl/adc_power_sequence.sv:35$642'.
Removing empty process `$paramod$59e5d031c668cf41650225ca3253dc21d29dbc00\adc_power_sequence.$proc$rtl/adc_power_sequence.sv:35$642'.
Found and cleaned up 1 empty switch in `$paramod$59e5d031c668cf41650225ca3253dc21d29dbc00\adc_power_sequence.$proc$rtl/adc_power_sequence.sv:31$641'.
Removing empty process `$paramod$59e5d031c668cf41650225ca3253dc21d29dbc00\adc_power_sequence.$proc$rtl/adc_power_sequence.sv:31$641'.
Found and cleaned up 23 empty switches in `$paramod$ca4b7a37322eebe282ffca1ddbda4aa8d3e4aedf\i2c_register_write.$proc$rtl/i2c_register_write.sv:46$573'.
Removing empty process `$paramod$ca4b7a37322eebe282ffca1ddbda4aa8d3e4aedf\i2c_register_write.$proc$rtl/i2c_register_write.sv:46$573'.
Found and cleaned up 1 empty switch in `$paramod$ca4b7a37322eebe282ffca1ddbda4aa8d3e4aedf\i2c_register_write.$proc$rtl/i2c_register_write.sv:38$572'.
Removing empty process `$paramod$ca4b7a37322eebe282ffca1ddbda4aa8d3e4aedf\i2c_register_write.$proc$rtl/i2c_register_write.sv:38$572'.
Found and cleaned up 11 empty switches in `$paramod$683e8f5232cafaff99ac6963759532f7c096f897\pll_restart_control.$proc$rtl/pll_restart_control.sv:57$547'.
Removing empty process `$paramod$683e8f5232cafaff99ac6963759532f7c096f897\pll_restart_control.$proc$rtl/pll_restart_control.sv:57$547'.
Found and cleaned up 6 empty switches in `$paramod$683e8f5232cafaff99ac6963759532f7c096f897\pll_restart_control.$proc$rtl/pll_restart_control.sv:42$534'.
Removing empty process `$paramod$683e8f5232cafaff99ac6963759532f7c096f897\pll_restart_control.$proc$rtl/pll_restart_control.sv:42$534'.
Found and cleaned up 1 empty switch in `$paramod$683e8f5232cafaff99ac6963759532f7c096f897\pll_restart_control.$proc$rtl/pll_restart_control.sv:38$533'.
Removing empty process `$paramod$683e8f5232cafaff99ac6963759532f7c096f897\pll_restart_control.$proc$rtl/pll_restart_control.sv:38$533'.
Removing empty process `$paramod$683e8f5232cafaff99ac6963759532f7c096f897\pll_restart_control.$proc$rtl/pll_restart_control.sv:36$531'.
Removing empty process `video_clock_guard.$proc$rtl/video_clock_guard.sv:76$501'.
Removing empty process `video_clock_guard.$proc$rtl/video_clock_guard.sv:70$496'.
Found and cleaned up 6 empty switches in `\video_clock_guard.$proc$rtl/video_clock_guard.sv:45$479'.
Removing empty process `video_clock_guard.$proc$rtl/video_clock_guard.sv:45$479'.
Removing empty process `video_clock_guard.$proc$rtl/video_clock_guard.sv:41$478'.
Removing empty process `video_clock_guard.$proc$rtl/video_clock_guard.sv:37$476'.
Removing empty process `video_clock_guard.$proc$rtl/video_clock_guard.sv:27$471'.
Found and cleaned up 20 empty switches in `$paramod$748af6f67175525805c5981cb14c29e092fe9ea4\stream_sync_frontend.$proc$rtl/stream_sync_frontend.sv:53$446'.
Removing empty process `$paramod$748af6f67175525805c5981cb14c29e092fe9ea4\stream_sync_frontend.$proc$rtl/stream_sync_frontend.sv:53$446'.
Found and cleaned up 1 empty switch in `$paramod$748af6f67175525805c5981cb14c29e092fe9ea4\stream_sync_frontend.$proc$rtl/stream_sync_frontend.sv:49$445'.
Removing empty process `$paramod$748af6f67175525805c5981cb14c29e092fe9ea4\stream_sync_frontend.$proc$rtl/stream_sync_frontend.sv:49$445'.
Found and cleaned up 5 empty switches in `$paramod$b17e92aa74298494ca60ee5ffe44e63e7ce92bb6\video_core.$proc$rtl/video_core.sv:51$402'.
Removing empty process `$paramod$b17e92aa74298494ca60ee5ffe44e63e7ce92bb6\video_core.$proc$rtl/video_core.sv:51$402'.
Found and cleaned up 1 empty switch in `$paramod$b17e92aa74298494ca60ee5ffe44e63e7ce92bb6\video_core.$proc$rtl/video_core.sv:43$401'.
Removing empty process `$paramod$b17e92aa74298494ca60ee5ffe44e63e7ce92bb6\video_core.$proc$rtl/video_core.sv:43$401'.
Found and cleaned up 9 empty switches in `$paramod$a20ae5745ae84b48c322aca758b64eafb30b6529\tvp7002_boot.$proc$rtl/tvp7002_boot.sv:91$393'.
Removing empty process `$paramod$a20ae5745ae84b48c322aca758b64eafb30b6529\tvp7002_boot.$proc$rtl/tvp7002_boot.sv:91$393'.
Found and cleaned up 1 empty switch in `$paramod$a20ae5745ae84b48c322aca758b64eafb30b6529\tvp7002_boot.$proc$rtl/tvp7002_boot.sv:38$382'.
Removing empty process `$paramod$a20ae5745ae84b48c322aca758b64eafb30b6529\tvp7002_boot.$proc$rtl/tvp7002_boot.sv:38$382'.
Found and cleaned up 1 empty switch in `\adc_rgb_capture.$proc$rtl/adc_rgb_capture.sv:28$372'.
Removing empty process `adc_rgb_capture.$proc$rtl/adc_rgb_capture.sv:28$372'.
Found and cleaned up 1 empty switch in `\adc_rgb_capture.$proc$rtl/adc_rgb_capture.sv:19$368'.
Removing empty process `adc_rgb_capture.$proc$rtl/adc_rgb_capture.sv:19$368'.
Removing empty process `adc_rgb_capture.$proc$rtl/adc_rgb_capture.sv:14$367'.
Removing empty process `dac_output_stage.$proc$rtl/dac_output_stage.sv:15$360'.
Removing empty process `dac_output_stage.$proc$rtl/dac_output_stage.sv:13$359'.
Removing empty process `dac_output_stage.$proc$rtl/dac_output_stage.sv:20$355'.
Removing empty process `dac_output_stage.$proc$rtl/dac_output_stage.sv:16$354'.
Removing empty process `configuration_reset.$proc$rtl/configuration_reset.sv:7$350'.
Removing empty process `configuration_reset.$proc$rtl/configuration_reset.sv:9$348'.
Removing empty process `$paramod$2922f3bb373b574eaf7a12e6647b6d2c40223301\amiga_logic_core.$proc$rtl/amiga_logic_core.sv:29$345'.
Cleaned up 118 empty switches.

19.5.12. Executing OPT_EXPR pass (perform const folding).
Optimizing module $paramod\line_double\H_SAMPLES=s32'00000000000000000000011100011000.
<suppressed ~1 debug messages>
Optimizing module $paramod$d6dee0bcd04703285f7c7a34827e153f96219042\field_sync.
<suppressed ~2 debug messages>
Optimizing module $paramod$59e5d031c668cf41650225ca3253dc21d29dbc00\adc_power_sequence.
<suppressed ~11 debug messages>
Optimizing module $paramod$ca4b7a37322eebe282ffca1ddbda4aa8d3e4aedf\i2c_register_write.
<suppressed ~16 debug messages>
Optimizing module $paramod$683e8f5232cafaff99ac6963759532f7c096f897\pll_restart_control.
<suppressed ~20 debug messages>
Optimizing module video_clock_guard.
<suppressed ~22 debug messages>
Optimizing module $paramod$748af6f67175525805c5981cb14c29e092fe9ea4\stream_sync_frontend.
<suppressed ~1 debug messages>
Optimizing module $paramod$b17e92aa74298494ca60ee5ffe44e63e7ce92bb6\video_core.
Optimizing module $paramod$a20ae5745ae84b48c322aca758b64eafb30b6529\tvp7002_boot.
<suppressed ~8 debug messages>
Optimizing module $paramod$683e8f5232cafaff99ac6963759532f7c096f897\clock_recovery_system.
Optimizing module adc_rgb_capture.
<suppressed ~11 debug messages>
Optimizing module $paramod$2922f3bb373b574eaf7a12e6647b6d2c40223301\stream_input_video.
Optimizing module dac_output_stage.
<suppressed ~5 debug messages>
Optimizing module configuration_reset.
Optimizing module $paramod$262101cb2ab80648ec6462bebbfb63ce206bdc07\gowin_video_pll.
Optimizing module $paramod$2922f3bb373b574eaf7a12e6647b6d2c40223301\amiga_logic_core.
<suppressed ~1 debug messages>
Optimizing module amiga_board_top.

19.6. Executing CHECK pass (checking for obvious problems).
Checking module $paramod\line_double\H_SAMPLES=s32'00000000000000000000011100011000...
Checking module $paramod$d6dee0bcd04703285f7c7a34827e153f96219042\field_sync...
Checking module $paramod$59e5d031c668cf41650225ca3253dc21d29dbc00\adc_power_sequence...
Checking module $paramod$ca4b7a37322eebe282ffca1ddbda4aa8d3e4aedf\i2c_register_write...
Checking module $paramod$683e8f5232cafaff99ac6963759532f7c096f897\pll_restart_control...
Checking module video_clock_guard...
Checking module $paramod$748af6f67175525805c5981cb14c29e092fe9ea4\stream_sync_frontend...
Checking module $paramod$b17e92aa74298494ca60ee5ffe44e63e7ce92bb6\video_core...
Checking module $paramod$a20ae5745ae84b48c322aca758b64eafb30b6529\tvp7002_boot...
Checking module $paramod$683e8f5232cafaff99ac6963759532f7c096f897\clock_recovery_system...
Checking module adc_rgb_capture...
Checking module $paramod$2922f3bb373b574eaf7a12e6647b6d2c40223301\stream_input_video...
Checking module dac_output_stage...
Checking module configuration_reset...
Checking module $paramod$262101cb2ab80648ec6462bebbfb63ce206bdc07\gowin_video_pll...
Checking module $paramod$2922f3bb373b574eaf7a12e6647b6d2c40223301\amiga_logic_core...
Checking module amiga_board_top...
Found and reported 0 problems.

19.7. Executing FLATTEN pass (flatten design).
Deleting now unused module $paramod\line_double\H_SAMPLES=s32'00000000000000000000011100011000.
Deleting now unused module $paramod$d6dee0bcd04703285f7c7a34827e153f96219042\field_sync.
Deleting now unused module $paramod$59e5d031c668cf41650225ca3253dc21d29dbc00\adc_power_sequence.
Deleting now unused module $paramod$ca4b7a37322eebe282ffca1ddbda4aa8d3e4aedf\i2c_register_write.
Deleting now unused module $paramod$683e8f5232cafaff99ac6963759532f7c096f897\pll_restart_control.
Deleting now unused module video_clock_guard.
Deleting now unused module $paramod$748af6f67175525805c5981cb14c29e092fe9ea4\stream_sync_frontend.
Deleting now unused module $paramod$b17e92aa74298494ca60ee5ffe44e63e7ce92bb6\video_core.
Deleting now unused module $paramod$a20ae5745ae84b48c322aca758b64eafb30b6529\tvp7002_boot.
Deleting now unused module $paramod$683e8f5232cafaff99ac6963759532f7c096f897\clock_recovery_system.
Deleting now unused module adc_rgb_capture.
Deleting now unused module $paramod$2922f3bb373b574eaf7a12e6647b6d2c40223301\stream_input_video.
Deleting now unused module dac_output_stage.
Deleting now unused module configuration_reset.
Deleting now unused module $paramod$262101cb2ab80648ec6462bebbfb63ce206bdc07\gowin_video_pll.
Deleting now unused module $paramod$2922f3bb373b574eaf7a12e6647b6d2c40223301\amiga_logic_core.
<suppressed ~16 debug messages>

19.8. Executing TRIBUF pass.

19.9. Executing DEMINOUT pass (demote inout ports to input or output).

19.10. Executing OPT_EXPR pass (perform const folding).
Optimizing module amiga_board_top.
<suppressed ~30 debug messages>

19.11. Executing CHECK pass (checking for obvious problems).
Checking module amiga_board_top...
Found and reported 0 problems.

19.12. Executing OPT_CLEAN pass (remove unused cells and wires).
Finding unused cells or wires in module \amiga_board_top..
Removed 183 unused cells and 938 unused wires.
<suppressed ~208 debug messages>

19.13. Executing OPT pass (performing simple optimizations).

19.13.1. Executing OPT_EXPR pass (perform const folding).
Optimizing module amiga_board_top.

19.13.2. Executing OPT_MERGE pass (detect identical cells).
Finding identical cells in module `\amiga_board_top'.
Computing hashes of 1010 cells of `\amiga_board_top'.
Finding duplicate cells in `\amiga_board_top'.
Computing hashes of 833 cells of `\amiga_board_top'.
Finding duplicate cells in `\amiga_board_top'.
Computing hashes of 832 cells of `\amiga_board_top'.
Finding duplicate cells in `\amiga_board_top'.
<suppressed ~534 debug messages>
Removed a total of 178 cells.

19.13.3. Executing OPT_MUXTREE pass (detect dead branches in mux trees).
Running muxtree optimizer on module \amiga_board_top..
  Creating internal representation of mux trees.
  Evaluating internal representation of mux trees.
      Replacing known input bits on port A of cell $flatten\logic_core.\video.\core.\fields.$procmux$918: \logic_core.video.core.fields.delay_active -> 1'0
      Replacing known input bits on port B of cell $flatten\logic_core.\video.\core.\fields.$procmux$916: \logic_core.video.core.fields.delay_active -> 1'1
      Replacing known input bits on port A of cell $flatten\logic_core.\video.\front.$procmux$2253: \logic_core.video.front.have_vs -> 1'0
      Replacing known input bits on port A of cell $flatten\logic_core.\video.\front.$procmux$2251: \logic_core.video.front.have_vs -> 1'1
  Analyzing evaluation results.
Removed 0 multiplexer ports.
<suppressed ~586 debug messages>

19.13.4. Executing OPT_REDUCE pass (consolidate $*mux and $reduce_* inputs).
  Optimizing cells in module \amiga_board_top.
    New ctrl vector for $pmux cell $flatten\logic_core.\boot.\writer.$procmux$1664: { $auto$opt_reduce.cc:137:opt_pmux$2792 $flatten\logic_core.\boot.\writer.$procmux$1562_CMP $flatten\logic_core.\boot.\writer.$procmux$1494_CMP }
    New ctrl vector for $pmux cell $flatten\logic_core.\boot.\power_sequence.$procmux$973: { $auto$opt_reduce.cc:137:opt_pmux$2794 $flatten\logic_core.\boot.\power_sequence.$procmux$980_CMP $flatten\logic_core.\boot.\power_sequence.$procmux$956_CMP }
    New ctrl vector for $pmux cell $flatten\logic_core.\boot.\power_sequence.$procmux$1024: { $auto$opt_reduce.cc:137:opt_pmux$2796 $flatten\logic_core.\boot.\power_sequence.$procmux$974_CMP $flatten\logic_core.\boot.\power_sequence.$procmux$980_CMP }
    New ctrl vector for $pmux cell $flatten\logic_core.\boot.\writer.$procmux$1696: { $flatten\logic_core.\boot.\writer.$procmux$1609_CMP $auto$opt_reduce.cc:137:opt_pmux$2798 $flatten\logic_core.\boot.\writer.$procmux$1494_CMP }
    New ctrl vector for $pmux cell $flatten\logic_core.\boot.\writer.$procmux$1446: { $flatten\logic_core.\boot.\writer.$procmux$1609_CMP $auto$opt_reduce.cc:137:opt_pmux$2800 }
    New ctrl vector for $pmux cell $flatten\logic_core.\boot.$procmux$2494: { $auto$opt_reduce.cc:137:opt_pmux$2802 $flatten\logic_core.\boot.$procmux$2500_CMP $flatten\logic_core.\boot.$procmux$2509_CMP $flatten\logic_core.\boot.$procmux$2512_CMP $flatten\logic_core.\boot.$procmux$2515_CMP }
    New ctrl vector for $pmux cell $flatten\logic_core.\boot.$procmux$2415: { $auto$opt_reduce.cc:137:opt_pmux$2804 $flatten\logic_core.\boot.$procmux$2509_CMP }
    New ctrl vector for $pmux cell $flatten\logic_core.\boot.\writer.$procmux$1787: { $auto$opt_reduce.cc:137:opt_pmux$2806 $flatten\logic_core.\boot.\writer.$procmux$1613_CMP $flatten\logic_core.\boot.\writer.$procmux$1562_CMP $flatten\logic_core.\boot.\writer.$procmux$1569_CMP $flatten\logic_core.\boot.\writer.$procmux$1646_CMP $flatten\logic_core.\boot.\writer.$procmux$1653_CMP }
    Consolidated identical input bits for $mux cell $flatten\logic_core.\video.\core.\lines.$procmux$872:
      Old ports: A=24'000000000000000000000000, B=24'111111111111111111111111, Y=$flatten\logic_core.\video.\core.\lines.$0$memwr$\bank0$rtl/line_double.sv:40$659_EN[23:0]$675
      New ports: A=1'0, B=1'1, Y=$flatten\logic_core.\video.\core.\lines.$0$memwr$\bank0$rtl/line_double.sv:40$659_EN[23:0]$675 [0]
      New connections: $flatten\logic_core.\video.\core.\lines.$0$memwr$\bank0$rtl/line_double.sv:40$659_EN[23:0]$675 [23:1] = { $flatten\logic_core.\video.\core.\lines.$0$memwr$\bank0$rtl/line_double.sv:40$659_EN[23:0]$675 [0] $flatten\logic_core.\video.\core.\lines.$0$memwr$\bank0$rtl/line_double.sv:40$659_EN[23:0]$675 [0] $flatten\logic_core.\video.\core.\lines.$0$memwr$\bank0$rtl/line_double.sv:40$659_EN[23:0]$675 [0] $flatten\logic_core.\video.\core.\lines.$0$memwr$\bank0$rtl/line_double.sv:40$659_EN[23:0]$675 [0] $flatten\logic_core.\video.\core.\lines.$0$memwr$\bank0$rtl/line_double.sv:40$659_EN[23:0]$675 [0] $flatten\logic_core.\video.\core.\lines.$0$memwr$\bank0$rtl/line_double.sv:40$659_EN[23:0]$675 [0] $flatten\logic_core.\video.\core.\lines.$0$memwr$\bank0$rtl/line_double.sv:40$659_EN[23:0]$675 [0] $flatten\logic_core.\video.\core.\lines.$0$memwr$\bank0$rtl/line_double.sv:40$659_EN[23:0]$675 [0] $flatten\logic_core.\video.\core.\lines.$0$memwr$\bank0$rtl/line_double.sv:40$659_EN[23:0]$675 [0] $flatten\logic_core.\video.\core.\lines.$0$memwr$\bank0$rtl/line_double.sv:40$659_EN[23:0]$675 [0] $flatten\logic_core.\video.\core.\lines.$0$memwr$\bank0$rtl/line_double.sv:40$659_EN[23:0]$675 [0] $flatten\logic_core.\video.\core.\lines.$0$memwr$\bank0$rtl/line_double.sv:40$659_EN[23:0]$675 [0] $flatten\logic_core.\video.\core.\lines.$0$memwr$\bank0$rtl/line_double.sv:40$659_EN[23:0]$675 [0] $flatten\logic_core.\video.\core.\lines.$0$memwr$\bank0$rtl/line_double.sv:40$659_EN[23:0]$675 [0] $flatten\logic_core.\video.\core.\lines.$0$memwr$\bank0$rtl/line_double.sv:40$659_EN[23:0]$675 [0] $flatten\logic_core.\video.\core.\lines.$0$memwr$\bank0$rtl/line_double.sv:40$659_EN[23:0]$675 [0] $flatten\logic_core.\video.\core.\lines.$0$memwr$\bank0$rtl/line_double.sv:40$659_EN[23:0]$675 [0] $flatten\logic_core.\video.\core.\lines.$0$memwr$\bank0$rtl/line_double.sv:40$659_EN[23:0]$675 [0] $flatten\logic_core.\video.\core.\lines.$0$memwr$\bank0$rtl/line_double.sv:40$659_EN[23:0]$675 [0] $flatten\logic_core.\video.\core.\lines.$0$memwr$\bank0$rtl/line_double.sv:40$659_EN[23:0]$675 [0] $flatten\logic_core.\video.\core.\lines.$0$memwr$\bank0$rtl/line_double.sv:40$659_EN[23:0]$675 [0] $flatten\logic_core.\video.\core.\lines.$0$memwr$\bank0$rtl/line_double.sv:40$659_EN[23:0]$675 [0] $flatten\logic_core.\video.\core.\lines.$0$memwr$\bank0$rtl/line_double.sv:40$659_EN[23:0]$675 [0] }
    Consolidated identical input bits for $mux cell $flatten\logic_core.\video.\core.\lines.$procmux$863:
      Old ports: A=24'000000000000000000000000, B=24'111111111111111111111111, Y=$flatten\logic_core.\video.\core.\lines.$0$memwr$\bank1$rtl/line_double.sv:41$660_EN[23:0]$678
      New ports: A=1'0, B=1'1, Y=$flatten\logic_core.\video.\core.\lines.$0$memwr$\bank1$rtl/line_double.sv:41$660_EN[23:0]$678 [0]
      New connections: $flatten\logic_core.\video.\core.\lines.$0$memwr$\bank1$rtl/line_double.sv:41$660_EN[23:0]$678 [23:1] = { $flatten\logic_core.\video.\core.\lines.$0$memwr$\bank1$rtl/line_double.sv:41$660_EN[23:0]$678 [0] $flatten\logic_core.\video.\core.\lines.$0$memwr$\bank1$rtl/line_double.sv:41$660_EN[23:0]$678 [0] $flatten\logic_core.\video.\core.\lines.$0$memwr$\bank1$rtl/line_double.sv:41$660_EN[23:0]$678 [0] $flatten\logic_core.\video.\core.\lines.$0$memwr$\bank1$rtl/line_double.sv:41$660_EN[23:0]$678 [0] $flatten\logic_core.\video.\core.\lines.$0$memwr$\bank1$rtl/line_double.sv:41$660_EN[23:0]$678 [0] $flatten\logic_core.\video.\core.\lines.$0$memwr$\bank1$rtl/line_double.sv:41$660_EN[23:0]$678 [0] $flatten\logic_core.\video.\core.\lines.$0$memwr$\bank1$rtl/line_double.sv:41$660_EN[23:0]$678 [0] $flatten\logic_core.\video.\core.\lines.$0$memwr$\bank1$rtl/line_double.sv:41$660_EN[23:0]$678 [0] $flatten\logic_core.\video.\core.\lines.$0$memwr$\bank1$rtl/line_double.sv:41$660_EN[23:0]$678 [0] $flatten\logic_core.\video.\core.\lines.$0$memwr$\bank1$rtl/line_double.sv:41$660_EN[23:0]$678 [0] $flatten\logic_core.\video.\core.\lines.$0$memwr$\bank1$rtl/line_double.sv:41$660_EN[23:0]$678 [0] $flatten\logic_core.\video.\core.\lines.$0$memwr$\bank1$rtl/line_double.sv:41$660_EN[23:0]$678 [0] $flatten\logic_core.\video.\core.\lines.$0$memwr$\bank1$rtl/line_double.sv:41$660_EN[23:0]$678 [0] $flatten\logic_core.\video.\core.\lines.$0$memwr$\bank1$rtl/line_double.sv:41$660_EN[23:0]$678 [0] $flatten\logic_core.\video.\core.\lines.$0$memwr$\bank1$rtl/line_double.sv:41$660_EN[23:0]$678 [0] $flatten\logic_core.\video.\core.\lines.$0$memwr$\bank1$rtl/line_double.sv:41$660_EN[23:0]$678 [0] $flatten\logic_core.\video.\core.\lines.$0$memwr$\bank1$rtl/line_double.sv:41$660_EN[23:0]$678 [0] $flatten\logic_core.\video.\core.\lines.$0$memwr$\bank1$rtl/line_double.sv:41$660_EN[23:0]$678 [0] $flatten\logic_core.\video.\core.\lines.$0$memwr$\bank1$rtl/line_double.sv:41$660_EN[23:0]$678 [0] $flatten\logic_core.\video.\core.\lines.$0$memwr$\bank1$rtl/line_double.sv:41$660_EN[23:0]$678 [0] $flatten\logic_core.\video.\core.\lines.$0$memwr$\bank1$rtl/line_double.sv:41$660_EN[23:0]$678 [0] $flatten\logic_core.\video.\core.\lines.$0$memwr$\bank1$rtl/line_double.sv:41$660_EN[23:0]$678 [0] $flatten\logic_core.\video.\core.\lines.$0$memwr$\bank1$rtl/line_double.sv:41$660_EN[23:0]$678 [0] }
    New ctrl vector for $pmux cell $flatten\logic_core.\boot.\writer.$procmux$1835: { $auto$opt_reduce.cc:137:opt_pmux$2808 $flatten\logic_core.\boot.\writer.$procmux$1620_CMP $flatten\logic_core.\boot.\writer.$procmux$1562_CMP $flatten\logic_core.\boot.\writer.$procmux$1631_CMP $flatten\logic_core.\boot.\writer.$procmux$1569_CMP $flatten\logic_core.\boot.\writer.$procmux$1642_CMP $flatten\logic_core.\boot.\writer.$procmux$1646_CMP }
  Optimizing cells in module \amiga_board_top.
Performed a total of 11 changes.

19.13.5. Executing OPT_MERGE pass (detect identical cells).
Finding identical cells in module `\amiga_board_top'.
Computing hashes of 841 cells of `\amiga_board_top'.
Finding duplicate cells in `\amiga_board_top'.
Computing hashes of 817 cells of `\amiga_board_top'.
Finding duplicate cells in `\amiga_board_top'.
Computing hashes of 815 cells of `\amiga_board_top'.
Finding duplicate cells in `\amiga_board_top'.
<suppressed ~78 debug messages>
Removed a total of 26 cells.

19.13.6. Executing OPT_DFF pass (perform DFF optimizations).

19.13.7. Executing OPT_CLEAN pass (remove unused cells and wires).
Finding unused cells or wires in module \amiga_board_top..
Removed 0 unused cells and 203 unused wires.
<suppressed ~1 debug messages>

19.13.8. Executing OPT_EXPR pass (perform const folding).
Optimizing module amiga_board_top.

19.13.9. Rerunning OPT passes. (Maybe there is more to do..)

19.13.10. Executing OPT_MUXTREE pass (detect dead branches in mux trees).
Running muxtree optimizer on module \amiga_board_top..
  Creating internal representation of mux trees.
  Evaluating internal representation of mux trees.
  Analyzing evaluation results.
Removed 0 multiplexer ports.
<suppressed ~599 debug messages>

19.13.11. Executing OPT_REDUCE pass (consolidate $*mux and $reduce_* inputs).
  Optimizing cells in module \amiga_board_top.
    New ctrl vector for $pmux cell $flatten\logic_core.\boot.\power_sequence.$procmux$1024: { $auto$opt_reduce.cc:137:opt_pmux$2810 $auto$opt_reduce.cc:137:opt_pmux$2796 }
    New ctrl vector for $pmux cell $flatten\logic_core.\boot.\writer.$procmux$1416: { $auto$opt_reduce.cc:137:opt_pmux$2812 $flatten\logic_core.\boot.\writer.$eq$rtl/i2c_register_write.sv:33$565_Y $flatten\logic_core.\boot.\writer.$procmux$1435_CMP }
    New ctrl vector for $pmux cell $flatten\logic_core.\boot.\writer.$procmux$1608: { $auto$opt_reduce.cc:137:opt_pmux$2816 $auto$opt_reduce.cc:137:opt_pmux$2814 $flatten\logic_core.\boot.\writer.$eq$rtl/i2c_register_write.sv:33$565_Y $flatten\logic_core.\boot.\writer.$procmux$1435_CMP }
    New ctrl vector for $pmux cell $flatten\logic_core.\boot.\writer.$procmux$1835: { $auto$opt_reduce.cc:137:opt_pmux$2820 $auto$opt_reduce.cc:137:opt_pmux$2818 $auto$opt_reduce.cc:137:opt_pmux$2808 }
  Optimizing cells in module \amiga_board_top.
Performed a total of 4 changes.

19.13.12. Executing OPT_MERGE pass (detect identical cells).
Finding identical cells in module `\amiga_board_top'.
Computing hashes of 821 cells of `\amiga_board_top'.
Finding duplicate cells in `\amiga_board_top'.
Computing hashes of 820 cells of `\amiga_board_top'.
Finding duplicate cells in `\amiga_board_top'.
<suppressed ~3 debug messages>
Removed a total of 1 cells.

19.13.13. Executing OPT_DFF pass (perform DFF optimizations).

19.13.14. Executing OPT_CLEAN pass (remove unused cells and wires).
Finding unused cells or wires in module \amiga_board_top..
Removed 0 unused cells and 1 unused wires.
<suppressed ~1 debug messages>

19.13.15. Executing OPT_EXPR pass (perform const folding).
Optimizing module amiga_board_top.

19.13.16. Rerunning OPT passes. (Maybe there is more to do..)

19.13.17. Executing OPT_MUXTREE pass (detect dead branches in mux trees).
Running muxtree optimizer on module \amiga_board_top..
  Creating internal representation of mux trees.
  Evaluating internal representation of mux trees.
  Analyzing evaluation results.
Removed 0 multiplexer ports.
<suppressed ~573 debug messages>

19.13.18. Executing OPT_REDUCE pass (consolidate $*mux and $reduce_* inputs).
  Optimizing cells in module \amiga_board_top.
Performed a total of 0 changes.

19.13.19. Executing OPT_MERGE pass (detect identical cells).
Finding identical cells in module `\amiga_board_top'.
Computing hashes of 820 cells of `\amiga_board_top'.
Finding duplicate cells in `\amiga_board_top'.
Removed a total of 0 cells.

19.13.20. Executing OPT_DFF pass (perform DFF optimizations).

19.13.21. Executing OPT_CLEAN pass (remove unused cells and wires).
Finding unused cells or wires in module \amiga_board_top..

19.13.22. Executing OPT_EXPR pass (perform const folding).
Optimizing module amiga_board_top.

19.13.23. Finished fast OPT passes. (There is nothing left to do.)

19.14. Executing FSM pass (extract and optimize FSM).

19.14.1. Executing FSM_DETECT pass (finding FSMs in design).
Found FSM state register amiga_board_top.logic_core.clocks.restart.state.
Found FSM state register amiga_board_top.logic_core.boot.state.
Found FSM state register amiga_board_top.logic_core.boot.power_sequence.state.
Not marking amiga_board_top.logic_core.boot.writer.bytes[0] as FSM state register:
    Users of register don't seem to benefit from recoding.
Found FSM state register amiga_board_top.logic_core.boot.writer.state.

19.14.2. Executing FSM_EXTRACT pass (extracting FSM from design).
Extracting FSM `\logic_core.clocks.restart.state' from module `\amiga_board_top'.
  found $dff cell for state register: $flatten\logic_core.\clocks.\restart.$procdff$2625
  root of input selection tree: $flatten\logic_core.\clocks.\restart.$0\state[1:0]
  found reset state: 2'00 (guessed from mux tree)
  found ctrl input: \startup.released [31]
  found state code: 2'00
  found ctrl input: \logic_core.clocks.qualified_ref
  found ctrl input: \logic_core.clocks.restart.stable
  found ctrl input: $flatten\logic_core.\clocks.\restart.$procmux$1930_CMP
  found ctrl input: $flatten\logic_core.\clocks.\restart.$procmux$1939_CMP
  found ctrl input: $flatten\logic_core.\clocks.\restart.$eq$rtl/pll_restart_control.sv:28$526_Y
  found ctrl input: $flatten\logic_core.\clocks.\restart.$eq$rtl/pll_restart_control.sv:28$524_Y
  found ctrl input: $flatten\logic_core.\clocks.\restart.$logic_or$rtl/pll_restart_control.sv:77$561_Y
  found state code: 2'01
  found ctrl input: $flatten\logic_core.\clocks.\restart.$logic_and$rtl/pll_restart_control.sv:72$556_Y
  found ctrl input: $flatten\logic_core.\clocks.\restart.$eq$rtl/pll_restart_control.sv:73$557_Y
  found state code: 2'11
  found ctrl input: $flatten\logic_core.\clocks.\restart.$eq$rtl/pll_restart_control.sv:67$552_Y
  found state code: 2'10
  found ctrl output: $flatten\logic_core.\clocks.\restart.$procmux$1939_CMP
  found ctrl output: $flatten\logic_core.\clocks.\restart.$procmux$1930_CMP
  found ctrl output: $flatten\logic_core.\clocks.\restart.$eq$rtl/pll_restart_control.sv:28$526_Y
  found ctrl output: $flatten\logic_core.\clocks.\restart.$eq$rtl/pll_restart_control.sv:28$524_Y
  ctrl inputs: { \logic_core.clocks.restart.stable $flatten\logic_core.\clocks.\restart.$eq$rtl/pll_restart_control.sv:67$552_Y $flatten\logic_core.\clocks.\restart.$logic_and$rtl/pll_restart_control.sv:72$556_Y $flatten\logic_core.\clocks.\restart.$eq$rtl/pll_restart_control.sv:73$557_Y $flatten\logic_core.\clocks.\restart.$logic_or$rtl/pll_restart_control.sv:77$561_Y \logic_core.clocks.qualified_ref \startup.released [31] }
  ctrl outputs: { $flatten\logic_core.\clocks.\restart.$eq$rtl/pll_restart_control.sv:28$524_Y $flatten\logic_core.\clocks.\restart.$eq$rtl/pll_restart_control.sv:28$526_Y $flatten\logic_core.\clocks.\restart.$0\state[1:0] $flatten\logic_core.\clocks.\restart.$procmux$1930_CMP $flatten\logic_core.\clocks.\restart.$procmux$1939_CMP }
  transition:       2'00 7'------0 ->       2'00 6'100000
  transition:       2'00 7'-----01 ->       2'00 6'100000
  transition:       2'00 7'0----11 ->       2'00 6'100000
  transition:       2'00 7'1----11 ->       2'01 6'100100
  transition:       2'10 7'------0 ->       2'00 6'000001
  transition:       2'10 7'-----01 ->       2'00 6'000001
  transition:       2'10 7'0----11 ->       2'00 6'000001
  transition:       2'10 7'1-00-11 ->       2'10 6'001001
  transition:       2'10 7'1-01-11 ->       2'01 6'000101
  transition:       2'10 7'1-1--11 ->       2'11 6'001101
  transition:       2'01 7'------0 ->       2'00 6'010000
  transition:       2'01 7'-----01 ->       2'00 6'010000
  transition:       2'01 7'0----11 ->       2'00 6'010000
  transition:       2'01 7'10---11 ->       2'01 6'010100
  transition:       2'01 7'11---11 ->       2'10 6'011000
  transition:       2'11 7'------0 ->       2'00 6'000010
  transition:       2'11 7'-----01 ->       2'00 6'000010
  transition:       2'11 7'0----11 ->       2'00 6'000010
  transition:       2'11 7'1---011 ->       2'11 6'001110
  transition:       2'11 7'1---111 ->       2'01 6'000110
Extracting FSM `\logic_core.boot.state' from module `\amiga_board_top'.
  found $dff cell for state register: $flatten\logic_core.\boot.$procdff$2721
  root of input selection tree: $flatten\logic_core.\boot.$0\state[2:0]
  found reset state: 3'000 (guessed from mux tree)
  found ctrl input: \startup.released [31]
  found state code: 3'000
  found ctrl input: \logic_core.boot.transaction_reset
  found ctrl input: $flatten\logic_core.\boot.$procmux$2426_CMP
  found ctrl input: $flatten\logic_core.\boot.$procmux$2407_CMP
  found ctrl input: $flatten\logic_core.\boot.$procmux$2424_CMP
  found ctrl input: $flatten\logic_core.\boot.$procmux$2418_CMP
  found ctrl input: $auto$opt_reduce.cc:137:opt_pmux$2802
  found state code: 3'101
  found ctrl input: \logic_core.boot.power_sequence.config_allowed
  found state code: 3'001
  found ctrl input: \logic_core.boot.writer.busy
  found state code: 3'010
  found ctrl input: \logic_core.boot.writer.done
  found ctrl input: $flatten\logic_core.\boot.$ne$rtl/tvp7002_boot.sv:106$395_Y
  found ctrl input: $flatten\logic_core.\boot.$eq$rtl/tvp7002_boot.sv:109$396_Y
  found state code: 3'011
  found ctrl input: $flatten\logic_core.\boot.$eq$rtl/tvp7002_boot.sv:112$398_Y
  found state code: 3'100
  found ctrl output: $flatten\logic_core.\boot.$procmux$2416_CMP
  found ctrl output: $flatten\logic_core.\boot.$procmux$2417_CMP
  found ctrl output: $flatten\logic_core.\boot.$procmux$2418_CMP
  found ctrl output: $flatten\logic_core.\boot.$procmux$2424_CMP
  found ctrl output: $flatten\logic_core.\boot.$procmux$2407_CMP
  found ctrl output: $flatten\logic_core.\boot.$procmux$2426_CMP
  ctrl inputs: { \logic_core.boot.writer.busy \logic_core.boot.writer.done \logic_core.boot.power_sequence.config_allowed $flatten\logic_core.\boot.$eq$rtl/tvp7002_boot.sv:112$398_Y $flatten\logic_core.\boot.$eq$rtl/tvp7002_boot.sv:109$396_Y $flatten\logic_core.\boot.$ne$rtl/tvp7002_boot.sv:106$395_Y \logic_core.boot.transaction_reset \startup.released [31] $auto$opt_reduce.cc:137:opt_pmux$2802 }
  ctrl outputs: { $flatten\logic_core.\boot.$procmux$2426_CMP $flatten\logic_core.\boot.$procmux$2424_CMP $flatten\logic_core.\boot.$procmux$2418_CMP $flatten\logic_core.\boot.$procmux$2417_CMP $flatten\logic_core.\boot.$procmux$2416_CMP $flatten\logic_core.\boot.$procmux$2407_CMP $flatten\logic_core.\boot.$0\state[2:0] }
  transition:      3'000 9'-------0- ->      3'000 9'100000000
  transition:      3'000 9'--0---01- ->      3'000 9'100000000
  transition:      3'000 9'--1---01- ->      3'001 9'100000001
  transition:      3'000 9'------11- ->      3'000 9'100000000
  transition:      3'100 9'-------0- ->      3'000 9'000100000
  transition:      3'100 9'------01- ->      3'100 9'000100100
  transition:      3'100 9'------11- ->      3'000 9'000100000
  transition:      3'010 9'-------0- ->      3'000 9'010000000
  transition:      3'010 9'-0----01- ->      3'010 9'010000010
  transition:      3'010 9'-1--0001- ->      3'001 9'010000001
  transition:      3'010 9'-1--1001- ->      3'011 9'010000011
  transition:      3'010 9'-1---101- ->      3'101 9'010000101
  transition:      3'010 9'------11- ->      3'000 9'010000000
  transition:      3'001 9'-------0- ->      3'000 9'000001000
  transition:      3'001 9'0-----01- ->      3'010 9'000001010
  transition:      3'001 9'1-----01- ->      3'001 9'000001001
  transition:      3'001 9'------11- ->      3'000 9'000001000
  transition:      3'101 9'-------0- ->      3'000 9'000010000
  transition:      3'101 9'------01- ->      3'101 9'000010101
  transition:      3'101 9'------11- ->      3'000 9'000010000
  transition:      3'011 9'-------0- ->      3'000 9'001000000
  transition:      3'011 9'---0--01- ->      3'011 9'001000011
  transition:      3'011 9'---1--01- ->      3'100 9'001000100
  transition:      3'011 9'------11- ->      3'000 9'001000000
Extracting FSM `\logic_core.boot.power_sequence.state' from module `\amiga_board_top'.
  found $dff cell for state register: $flatten\logic_core.\boot.\power_sequence.$procdff$2598
  root of input selection tree: $flatten\logic_core.\boot.\power_sequence.$0\state[2:0]
  found reset state: 3'000 (guessed from mux tree)
  found ctrl input: \startup.released [31]
  found state code: 3'000
  found ctrl input: \logic_core.boot.power_sequence.pg_sync
  found ctrl input: $flatten\logic_core.\boot.\power_sequence.$procmux$1025_CMP
  found ctrl input: $flatten\logic_core.\boot.\power_sequence.$procmux$1028_CMP
  found ctrl input: $flatten\logic_core.\boot.\power_sequence.$procmux$1004_CMP
  found ctrl input: $flatten\logic_core.\boot.\power_sequence.$procmux$1008_CMP
  found ctrl input: $flatten\logic_core.\boot.\power_sequence.$procmux$1012_CMP
  found ctrl input: $flatten\logic_core.\boot.\power_sequence.$procmux$1016_CMP
  found state code: 3'101
  found ctrl input: \logic_core.boot.config_error
  found ctrl input: \logic_core.boot.config_done
  found state code: 3'100
  found ctrl input: $flatten\logic_core.\boot.\power_sequence.$eq$rtl/adc_power_sequence.sv:50$648_Y
  found state code: 3'011
  found ctrl input: $flatten\logic_core.\boot.\power_sequence.$eq$rtl/adc_power_sequence.sv:47$646_Y
  found state code: 3'010
  found ctrl input: $flatten\logic_core.\boot.\power_sequence.$eq$rtl/adc_power_sequence.sv:44$644_Y
  found state code: 3'001
  found ctrl output: $flatten\logic_core.\boot.\power_sequence.$procmux$1025_CMP
  found ctrl output: $flatten\logic_core.\boot.\power_sequence.$procmux$1004_CMP
  found ctrl output: $flatten\logic_core.\boot.\power_sequence.$procmux$1028_CMP
  found ctrl output: $flatten\logic_core.\boot.\power_sequence.$procmux$1016_CMP
  found ctrl output: $flatten\logic_core.\boot.\power_sequence.$procmux$1012_CMP
  found ctrl output: $flatten\logic_core.\boot.\power_sequence.$procmux$1008_CMP
  ctrl inputs: { \logic_core.boot.power_sequence.pg_sync $flatten\logic_core.\boot.\power_sequence.$eq$rtl/adc_power_sequence.sv:44$644_Y $flatten\logic_core.\boot.\power_sequence.$eq$rtl/adc_power_sequence.sv:47$646_Y $flatten\logic_core.\boot.\power_sequence.$eq$rtl/adc_power_sequence.sv:50$648_Y \logic_core.boot.config_error \logic_core.boot.config_done \startup.released [31] }
  ctrl outputs: { $flatten\logic_core.\boot.\power_sequence.$0\state[2:0] $flatten\logic_core.\boot.\power_sequence.$procmux$1004_CMP $flatten\logic_core.\boot.\power_sequence.$procmux$1008_CMP $flatten\logic_core.\boot.\power_sequence.$procmux$1012_CMP $flatten\logic_core.\boot.\power_sequence.$procmux$1016_CMP $flatten\logic_core.\boot.\power_sequence.$procmux$1025_CMP $flatten\logic_core.\boot.\power_sequence.$procmux$1028_CMP }
  transition:      3'000 7'------0 ->      3'000 9'000000100
  transition:      3'000 7'0-----1 ->      3'000 9'000000100
  transition:      3'000 7'10----1 ->      3'000 9'000000100
  transition:      3'000 7'11----1 ->      3'001 9'001000100
  transition:      3'100 7'------0 ->      3'000 9'000000001
  transition:      3'100 7'0-----1 ->      3'000 9'000000001
  transition:      3'100 7'1---0-1 ->      3'100 9'100000001
  transition:      3'100 7'1---1-1 ->      3'101 9'101000001
  transition:      3'010 7'------0 ->      3'000 9'000010000
  transition:      3'010 7'0-----1 ->      3'000 9'000010000
  transition:      3'010 7'1--0--1 ->      3'010 9'010010000
  transition:      3'010 7'1--1--1 ->      3'011 9'011010000
  transition:      3'001 7'------0 ->      3'000 9'000001000
  transition:      3'001 7'0-----1 ->      3'000 9'000001000
  transition:      3'001 7'1-0---1 ->      3'001 9'001001000
  transition:      3'001 7'1-1---1 ->      3'010 9'010001000
  transition:      3'101 7'------0 ->      3'000 9'000000010
  transition:      3'101 7'0-----1 ->      3'000 9'000000010
  transition:      3'101 7'1-----1 ->      3'101 9'101000010
  transition:      3'011 7'------0 ->      3'000 9'000100000
  transition:      3'011 7'0-----1 ->      3'000 9'000100000
  transition:      3'011 7'1---001 ->      3'011 9'011100000
  transition:      3'011 7'1---011 ->      3'100 9'100100000
  transition:      3'011 7'1---1-1 ->      3'101 9'101100000
Extracting FSM `\logic_core.boot.writer.state' from module `\amiga_board_top'.
  found $dff cell for state register: $flatten\logic_core.\boot.\writer.$procdff$2605
  root of input selection tree: $flatten\logic_core.\boot.\writer.$0\state[3:0]
  found reset state: 4'0000 (guessed from mux tree)
  found ctrl input: \logic_core.boot.transaction_reset
  found ctrl input: $flatten\logic_core.\boot.\writer.$logic_and$rtl/i2c_register_write.sv:55$584_Y
  found ctrl input: $flatten\logic_core.\boot.\writer.$procmux$1447_CMP
  found ctrl input: $flatten\logic_core.\boot.\writer.$procmux$1448_CMP
  found ctrl input: $flatten\logic_core.\boot.\writer.$eq$rtl/i2c_register_write.sv:33$570_Y
  found ctrl input: $flatten\logic_core.\boot.\writer.$procmux$1417_CMP
  found ctrl input: $flatten\logic_core.\boot.\writer.$procmux$1094_CMP
  found ctrl input: $flatten\logic_core.\boot.\writer.$eq$rtl/i2c_register_write.sv:33$568_Y
  found ctrl input: $flatten\logic_core.\boot.\writer.$procmux$1421_CMP
  found ctrl input: $flatten\logic_core.\boot.\writer.$procmux$1235_CMP
  found ctrl input: $flatten\logic_core.\boot.\writer.$eq$rtl/i2c_register_write.sv:33$566_Y
  found ctrl input: $flatten\logic_core.\boot.\writer.$procmux$1425_CMP
  found ctrl input: $flatten\logic_core.\boot.\writer.$procmux$1457_CMP
  found ctrl input: $flatten\logic_core.\boot.\writer.$eq$rtl/i2c_register_write.sv:33$565_Y
  found ctrl input: $flatten\logic_core.\boot.\writer.$procmux$1435_CMP
  found state code: 4'0000
  found ctrl input: $flatten\logic_core.\boot.\writer.$eq$rtl/i2c_register_write.sv:100$629_Y
  found state code: 4'1100
  found ctrl input: \logic_core.boot.writer.scl_sync
  found state code: 4'1011
  found state code: 4'1010
  found ctrl input: \logic_core.boot.writer.sda_sync
  found ctrl input: $flatten\logic_core.\boot.\writer.$eq$rtl/i2c_register_write.sv:94$621_Y
  found state code: 4'0011
  found state code: 4'1001
  found state code: 4'1000
  found state code: 4'0111
  found ctrl input: $flatten\logic_core.\boot.\writer.$eq$rtl/i2c_register_write.sv:80$604_Y
  found state code: 4'0110
  found state code: 4'0101
  found state code: 4'0100
  found ctrl input: $flatten\logic_core.\boot.\writer.$logic_and$rtl/i2c_register_write.sv:65$593_Y
  found state code: 4'0010
  found ctrl input: \logic_core.boot.start
  found state code: 4'0001
  found ctrl output: $flatten\logic_core.\boot.\writer.$eq$rtl/i2c_register_write.sv:33$565_Y
  found ctrl output: $flatten\logic_core.\boot.\writer.$procmux$1457_CMP
  found ctrl output: $flatten\logic_core.\boot.\writer.$procmux$1425_CMP
  found ctrl output: $flatten\logic_core.\boot.\writer.$eq$rtl/i2c_register_write.sv:33$566_Y
  found ctrl output: $flatten\logic_core.\boot.\writer.$procmux$1421_CMP
  found ctrl output: $flatten\logic_core.\boot.\writer.$eq$rtl/i2c_register_write.sv:33$568_Y
  found ctrl output: $flatten\logic_core.\boot.\writer.$procmux$1417_CMP
  found ctrl output: $flatten\logic_core.\boot.\writer.$eq$rtl/i2c_register_write.sv:33$570_Y
  found ctrl output: $flatten\logic_core.\boot.\writer.$procmux$1448_CMP
  found ctrl output: $flatten\logic_core.\boot.\writer.$procmux$1447_CMP
  found ctrl output: $flatten\logic_core.\boot.\writer.$procmux$1235_CMP
  found ctrl output: $flatten\logic_core.\boot.\writer.$procmux$1094_CMP
  found ctrl output: $flatten\logic_core.\boot.\writer.$procmux$1435_CMP
  ctrl inputs: { \logic_core.boot.writer.scl_sync \logic_core.boot.writer.sda_sync $flatten\logic_core.\boot.\writer.$logic_and$rtl/i2c_register_write.sv:55$584_Y $flatten\logic_core.\boot.\writer.$logic_and$rtl/i2c_register_write.sv:65$593_Y $flatten\logic_core.\boot.\writer.$eq$rtl/i2c_register_write.sv:80$604_Y $flatten\logic_core.\boot.\writer.$eq$rtl/i2c_register_write.sv:94$621_Y $flatten\logic_core.\boot.\writer.$eq$rtl/i2c_register_write.sv:100$629_Y \logic_core.boot.transaction_reset \logic_core.boot.start }
  ctrl outputs: { $flatten\logic_core.\boot.\writer.$eq$rtl/i2c_register_write.sv:33$565_Y $flatten\logic_core.\boot.\writer.$eq$rtl/i2c_register_write.sv:33$566_Y $flatten\logic_core.\boot.\writer.$eq$rtl/i2c_register_write.sv:33$568_Y $flatten\logic_core.\boot.\writer.$eq$rtl/i2c_register_write.sv:33$570_Y $flatten\logic_core.\boot.\writer.$0\state[3:0] $flatten\logic_core.\boot.\writer.$procmux$1094_CMP $flatten\logic_core.\boot.\writer.$procmux$1235_CMP $flatten\logic_core.\boot.\writer.$procmux$1417_CMP $flatten\logic_core.\boot.\writer.$procmux$1421_CMP $flatten\logic_core.\boot.\writer.$procmux$1425_CMP $flatten\logic_core.\boot.\writer.$procmux$1435_CMP $flatten\logic_core.\boot.\writer.$procmux$1447_CMP $flatten\logic_core.\boot.\writer.$procmux$1448_CMP $flatten\logic_core.\boot.\writer.$procmux$1457_CMP }
  transition:     4'0000 9'--0----00 ->     4'0000 17'00000000000001000
  transition:     4'0000 9'--0----01 ->     4'0001 17'00000001000001000
  transition:     4'0000 9'--1----0- ->     4'0000 17'00000000000001000
  transition:     4'0000 9'-------1- ->     4'0000 17'00000000000001000
  transition:     4'1000 9'--0---00- ->     4'1000 17'00001000100000000
  transition:     4'1000 9'-00--010- ->     4'0011 17'00000011100000000
  transition:     4'1000 9'-00--110- ->     4'1001 17'00001001100000000
  transition:     4'1000 9'-10---10- ->     4'1001 17'00001001100000000
  transition:     4'1000 9'--1----0- ->     4'0000 17'00000000100000000
  transition:     4'1000 9'-------1- ->     4'0000 17'00000000100000000
  transition:     4'0100 9'0-0----0- ->     4'0100 17'01000100000000000
  transition:     4'0100 9'1-0----0- ->     4'0101 17'01000101000000000
  transition:     4'0100 9'--1----0- ->     4'0000 17'01000000000000000
  transition:     4'0100 9'-------1- ->     4'0000 17'01000000000000000
  transition:     4'1100 9'--0---00- ->     4'1100 17'00001100000000100
  transition:     4'1100 9'--0---10- ->     4'0000 17'00000000000000100
  transition:     4'1100 9'--1----0- ->     4'0000 17'00000000000000100
  transition:     4'1100 9'-------1- ->     4'0000 17'00000000000000100
  transition:     4'0010 9'--0---00- ->     4'0010 17'00000010000000001
  transition:     4'0010 9'--0---10- ->     4'0011 17'00000011000000001
  transition:     4'0010 9'--1----0- ->     4'0000 17'00000000000000001
  transition:     4'0010 9'-------1- ->     4'0000 17'00000000000000001
  transition:     4'1010 9'0-0----0- ->     4'1010 17'00011010000000000
  transition:     4'1010 9'1-0----0- ->     4'1011 17'00011011000000000
  transition:     4'1010 9'--1----0- ->     4'0000 17'00010000000000000
  transition:     4'1010 9'-------1- ->     4'0000 17'00010000000000000
  transition:     4'0110 9'--0---00- ->     4'0110 17'00000110000100000
  transition:     4'0110 9'--0---10- ->     4'0111 17'00000111000100000
  transition:     4'0110 9'--1----0- ->     4'0000 17'00000000000100000
  transition:     4'0110 9'-------1- ->     4'0000 17'00000000000100000
  transition:     4'0001 9'--00---0- ->     4'0001 17'10000001000000000
  transition:     4'0001 9'--01--00- ->     4'0001 17'10000001000000000
  transition:     4'0001 9'--01--10- ->     4'0010 17'10000010000000000
  transition:     4'0001 9'--1----0- ->     4'0000 17'10000000000000000
  transition:     4'0001 9'-------1- ->     4'0000 17'10000000000000000
  transition:     4'1001 9'--0---00- ->     4'1001 17'00001001001000000
  transition:     4'1001 9'--0---10- ->     4'1010 17'00001010001000000
  transition:     4'1001 9'--1----0- ->     4'0000 17'00000000001000000
  transition:     4'1001 9'-------1- ->     4'0000 17'00000000001000000
  transition:     4'0101 9'--0---00- ->     4'0101 17'00000101010000000
  transition:     4'0101 9'--0-0-10- ->     4'0011 17'00000011010000000
  transition:     4'0101 9'--0-1-10- ->     4'0110 17'00000110010000000
  transition:     4'0101 9'--1----0- ->     4'0000 17'00000000010000000
  transition:     4'0101 9'-------1- ->     4'0000 17'00000000010000000
  transition:     4'0011 9'--0---00- ->     4'0011 17'00000011000010000
  transition:     4'0011 9'--0---10- ->     4'0100 17'00000100000010000
  transition:     4'0011 9'--1----0- ->     4'0000 17'00000000000010000
  transition:     4'0011 9'-------1- ->     4'0000 17'00000000000010000
  transition:     4'1011 9'--0---00- ->     4'1011 17'00001011000000010
  transition:     4'1011 9'--0---10- ->     4'1100 17'00001100000000010
  transition:     4'1011 9'--1----0- ->     4'0000 17'00000000000000010
  transition:     4'1011 9'-------1- ->     4'0000 17'00000000000000010
  transition:     4'0111 9'0-0----0- ->     4'0111 17'00100111000000000
  transition:     4'0111 9'1-0----0- ->     4'1000 17'00101000000000000
  transition:     4'0111 9'--1----0- ->     4'0000 17'00100000000000000
  transition:     4'0111 9'-------1- ->     4'0000 17'00100000000000000

19.14.3. Executing FSM_OPT pass (simple optimizations of FSMs).
Optimizing FSM `$fsm$\logic_core.boot.writer.state$2843' from module `\amiga_board_top'.
Optimizing FSM `$fsm$\logic_core.boot.power_sequence.state$2835' from module `\amiga_board_top'.
Optimizing FSM `$fsm$\logic_core.boot.state$2827' from module `\amiga_board_top'.
  Removing unused input signal $auto$opt_reduce.cc:137:opt_pmux$2802.
Optimizing FSM `$fsm$\logic_core.clocks.restart.state$2821' from module `\amiga_board_top'.

19.14.4. Executing OPT_CLEAN pass (remove unused cells and wires).
Finding unused cells or wires in module \amiga_board_top..
Removed 80 unused cells and 80 unused wires.
<suppressed ~81 debug messages>

19.14.5. Executing FSM_OPT pass (simple optimizations of FSMs).
Optimizing FSM `$fsm$\logic_core.boot.writer.state$2843' from module `\amiga_board_top'.
  Removing unused output signal $flatten\logic_core.\boot.\writer.$0\state[3:0] [0].
  Removing unused output signal $flatten\logic_core.\boot.\writer.$0\state[3:0] [1].
  Removing unused output signal $flatten\logic_core.\boot.\writer.$0\state[3:0] [2].
  Removing unused output signal $flatten\logic_core.\boot.\writer.$0\state[3:0] [3].
Optimizing FSM `$fsm$\logic_core.clocks.restart.state$2821' from module `\amiga_board_top'.
  Removing unused output signal $flatten\logic_core.\clocks.\restart.$0\state[1:0] [0].
  Removing unused output signal $flatten\logic_core.\clocks.\restart.$0\state[1:0] [1].
Optimizing FSM `$fsm$\logic_core.boot.state$2827' from module `\amiga_board_top'.
  Removing unused output signal $flatten\logic_core.\boot.$0\state[2:0] [0].
  Removing unused output signal $flatten\logic_core.\boot.$0\state[2:0] [1].
  Removing unused output signal $flatten\logic_core.\boot.$0\state[2:0] [2].
Optimizing FSM `$fsm$\logic_core.boot.power_sequence.state$2835' from module `\amiga_board_top'.
  Removing unused output signal $flatten\logic_core.\boot.\power_sequence.$0\state[2:0] [0].
  Removing unused output signal $flatten\logic_core.\boot.\power_sequence.$0\state[2:0] [1].
  Removing unused output signal $flatten\logic_core.\boot.\power_sequence.$0\state[2:0] [2].

19.14.6. Executing FSM_RECODE pass (re-assigning FSM state encoding).
Recoding FSM `$fsm$\logic_core.boot.writer.state$2843' from module `\amiga_board_top' using `auto' encoding:
  mapping auto encoding to `one-hot` for this FSM.
  0000 -> ------------1
  1000 -> -----------1-
  0100 -> ----------1--
  1100 -> ---------1---
  0010 -> --------1----
  1010 -> -------1-----
  0110 -> ------1------
  0001 -> -----1-------
  1001 -> ----1--------
  0101 -> ---1---------
  0011 -> --1----------
  1011 -> -1-----------
  0111 -> 1------------
Recoding FSM `$fsm$\logic_core.clocks.restart.state$2821' from module `\amiga_board_top' using `auto' encoding:
  mapping auto encoding to `one-hot` for this FSM.
  00 -> ---1
  10 -> --1-
  01 -> -1--
  11 -> 1---
Recoding FSM `$fsm$\logic_core.boot.state$2827' from module `\amiga_board_top' using `auto' encoding:
  mapping auto encoding to `one-hot` for this FSM.
  000 -> -----1
  100 -> ----1-
  010 -> ---1--
  001 -> --1---
  101 -> -1----
  011 -> 1-----
Recoding FSM `$fsm$\logic_core.boot.power_sequence.state$2835' from module `\amiga_board_top' using `auto' encoding:
  mapping auto encoding to `one-hot` for this FSM.
  000 -> -----1
  100 -> ----1-
  010 -> ---1--
  001 -> --1---
  101 -> -1----
  011 -> 1-----

19.14.7. Executing FSM_INFO pass (dumping all available information on FSM cells).

FSM `$fsm$\logic_core.boot.writer.state$2843' from module `amiga_board_top':
-------------------------------------

  Information on FSM $fsm$\logic_core.boot.writer.state$2843 (\logic_core.boot.writer.state):

  Number of input signals:    9
  Number of output signals:  13
  Number of state bits:      13

  Input signals:
    0: \logic_core.boot.start
    1: \logic_core.boot.transaction_reset
    2: $flatten\logic_core.\boot.\writer.$eq$rtl/i2c_register_write.sv:100$629_Y
    3: $flatten\logic_core.\boot.\writer.$eq$rtl/i2c_register_write.sv:94$621_Y
    4: $flatten\logic_core.\boot.\writer.$eq$rtl/i2c_register_write.sv:80$604_Y
    5: $flatten\logic_core.\boot.\writer.$logic_and$rtl/i2c_register_write.sv:65$593_Y
    6: $flatten\logic_core.\boot.\writer.$logic_and$rtl/i2c_register_write.sv:55$584_Y
    7: \logic_core.boot.writer.sda_sync
    8: \logic_core.boot.writer.scl_sync

  Output signals:
    0: $flatten\logic_core.\boot.\writer.$procmux$1457_CMP
    1: $flatten\logic_core.\boot.\writer.$procmux$1448_CMP
    2: $flatten\logic_core.\boot.\writer.$procmux$1447_CMP
    3: $flatten\logic_core.\boot.\writer.$procmux$1435_CMP
    4: $flatten\logic_core.\boot.\writer.$procmux$1425_CMP
    5: $flatten\logic_core.\boot.\writer.$procmux$1421_CMP
    6: $flatten\logic_core.\boot.\writer.$procmux$1417_CMP
    7: $flatten\logic_core.\boot.\writer.$procmux$1235_CMP
    8: $flatten\logic_core.\boot.\writer.$procmux$1094_CMP
    9: $flatten\logic_core.\boot.\writer.$eq$rtl/i2c_register_write.sv:33$570_Y
   10: $flatten\logic_core.\boot.\writer.$eq$rtl/i2c_register_write.sv:33$568_Y
   11: $flatten\logic_core.\boot.\writer.$eq$rtl/i2c_register_write.sv:33$566_Y
   12: $flatten\logic_core.\boot.\writer.$eq$rtl/i2c_register_write.sv:33$565_Y

  State encoding:
    0: 13'------------1  <RESET STATE>
    1: 13'-----------1-
    2: 13'----------1--
    3: 13'---------1---
    4: 13'--------1----
    5: 13'-------1-----
    6: 13'------1------
    7: 13'-----1-------
    8: 13'----1--------
    9: 13'---1---------
   10: 13'--1----------
   11: 13'-1-----------
   12: 13'1------------

  Transition Table (state_in, ctrl_in, state_out, ctrl_out):
      0:     0 9'--0----00   ->     0 13'0000000001000
      1:     0 9'--1----0-   ->     0 13'0000000001000
      2:     0 9'-------1-   ->     0 13'0000000001000
      3:     0 9'--0----01   ->     7 13'0000000001000
      4:     1 9'--1----0-   ->     0 13'0000100000000
      5:     1 9'-------1-   ->     0 13'0000100000000
      6:     1 9'--0---00-   ->     1 13'0000100000000
      7:     1 9'-00--110-   ->     8 13'0000100000000
      8:     1 9'-10---10-   ->     8 13'0000100000000
      9:     1 9'-00--010-   ->    10 13'0000100000000
     10:     2 9'--1----0-   ->     0 13'0100000000000
     11:     2 9'-------1-   ->     0 13'0100000000000
     12:     2 9'0-0----0-   ->     2 13'0100000000000
     13:     2 9'1-0----0-   ->     9 13'0100000000000
     14:     3 9'--0---10-   ->     0 13'0000000000100
     15:     3 9'--1----0-   ->     0 13'0000000000100
     16:     3 9'-------1-   ->     0 13'0000000000100
     17:     3 9'--0---00-   ->     3 13'0000000000100
     18:     4 9'--1----0-   ->     0 13'0000000000001
     19:     4 9'-------1-   ->     0 13'0000000000001
     20:     4 9'--0---00-   ->     4 13'0000000000001
     21:     4 9'--0---10-   ->    10 13'0000000000001
     22:     5 9'--1----0-   ->     0 13'0001000000000
     23:     5 9'-------1-   ->     0 13'0001000000000
     24:     5 9'0-0----0-   ->     5 13'0001000000000
     25:     5 9'1-0----0-   ->    11 13'0001000000000
     26:     6 9'--1----0-   ->     0 13'0000000100000
     27:     6 9'-------1-   ->     0 13'0000000100000
     28:     6 9'--0---00-   ->     6 13'0000000100000
     29:     6 9'--0---10-   ->    12 13'0000000100000
     30:     7 9'--1----0-   ->     0 13'1000000000000
     31:     7 9'-------1-   ->     0 13'1000000000000
     32:     7 9'--01--10-   ->     4 13'1000000000000
     33:     7 9'--01--00-   ->     7 13'1000000000000
     34:     7 9'--00---0-   ->     7 13'1000000000000
     35:     8 9'--1----0-   ->     0 13'0000001000000
     36:     8 9'-------1-   ->     0 13'0000001000000
     37:     8 9'--0---10-   ->     5 13'0000001000000
     38:     8 9'--0---00-   ->     8 13'0000001000000
     39:     9 9'--1----0-   ->     0 13'0000010000000
     40:     9 9'-------1-   ->     0 13'0000010000000
     41:     9 9'--0-1-10-   ->     6 13'0000010000000
     42:     9 9'--0---00-   ->     9 13'0000010000000
     43:     9 9'--0-0-10-   ->    10 13'0000010000000
     44:    10 9'--1----0-   ->     0 13'0000000010000
     45:    10 9'-------1-   ->     0 13'0000000010000
     46:    10 9'--0---10-   ->     2 13'0000000010000
     47:    10 9'--0---00-   ->    10 13'0000000010000
     48:    11 9'--1----0-   ->     0 13'0000000000010
     49:    11 9'-------1-   ->     0 13'0000000000010
     50:    11 9'--0---10-   ->     3 13'0000000000010
     51:    11 9'--0---00-   ->    11 13'0000000000010
     52:    12 9'--1----0-   ->     0 13'0010000000000
     53:    12 9'-------1-   ->     0 13'0010000000000
     54:    12 9'1-0----0-   ->     1 13'0010000000000
     55:    12 9'0-0----0-   ->    12 13'0010000000000

-------------------------------------

FSM `$fsm$\logic_core.clocks.restart.state$2821' from module `amiga_board_top':
-------------------------------------

  Information on FSM $fsm$\logic_core.clocks.restart.state$2821 (\logic_core.clocks.restart.state):

  Number of input signals:    7
  Number of output signals:   4
  Number of state bits:       4

  Input signals:
    0: \startup.released [31]
    1: \logic_core.clocks.qualified_ref
    2: $flatten\logic_core.\clocks.\restart.$logic_or$rtl/pll_restart_control.sv:77$561_Y
    3: $flatten\logic_core.\clocks.\restart.$eq$rtl/pll_restart_control.sv:73$557_Y
    4: $flatten\logic_core.\clocks.\restart.$logic_and$rtl/pll_restart_control.sv:72$556_Y
    5: $flatten\logic_core.\clocks.\restart.$eq$rtl/pll_restart_control.sv:67$552_Y
    6: \logic_core.clocks.restart.stable

  Output signals:
    0: $flatten\logic_core.\clocks.\restart.$procmux$1939_CMP
    1: $flatten\logic_core.\clocks.\restart.$procmux$1930_CMP
    2: $flatten\logic_core.\clocks.\restart.$eq$rtl/pll_restart_control.sv:28$526_Y
    3: $flatten\logic_core.\clocks.\restart.$eq$rtl/pll_restart_control.sv:28$524_Y

  State encoding:
    0:     4'---1  <RESET STATE>
    1:     4'--1-
    2:     4'-1--
    3:     4'1---

  Transition Table (state_in, ctrl_in, state_out, ctrl_out):
      0:     0 7'------0   ->     0 4'1000
      1:     0 7'-----01   ->     0 4'1000
      2:     0 7'0----11   ->     0 4'1000
      3:     0 7'1----11   ->     2 4'1000
      4:     1 7'------0   ->     0 4'0001
      5:     1 7'-----01   ->     0 4'0001
      6:     1 7'0----11   ->     0 4'0001
      7:     1 7'1-00-11   ->     1 4'0001
      8:     1 7'1-01-11   ->     2 4'0001
      9:     1 7'1-1--11   ->     3 4'0001
     10:     2 7'------0   ->     0 4'0100
     11:     2 7'-----01   ->     0 4'0100
     12:     2 7'0----11   ->     0 4'0100
     13:     2 7'11---11   ->     1 4'0100
     14:     2 7'10---11   ->     2 4'0100
     15:     3 7'------0   ->     0 4'0010
     16:     3 7'-----01   ->     0 4'0010
     17:     3 7'0----11   ->     0 4'0010
     18:     3 7'1---111   ->     2 4'0010
     19:     3 7'1---011   ->     3 4'0010

-------------------------------------

FSM `$fsm$\logic_core.boot.state$2827' from module `amiga_board_top':
-------------------------------------

  Information on FSM $fsm$\logic_core.boot.state$2827 (\logic_core.boot.state):

  Number of input signals:    8
  Number of output signals:   6
  Number of state bits:       6

  Input signals:
    0: \startup.released [31]
    1: \logic_core.boot.transaction_reset
    2: $flatten\logic_core.\boot.$ne$rtl/tvp7002_boot.sv:106$395_Y
    3: $flatten\logic_core.\boot.$eq$rtl/tvp7002_boot.sv:109$396_Y
    4: $flatten\logic_core.\boot.$eq$rtl/tvp7002_boot.sv:112$398_Y
    5: \logic_core.boot.power_sequence.config_allowed
    6: \logic_core.boot.writer.done
    7: \logic_core.boot.writer.busy

  Output signals:
    0: $flatten\logic_core.\boot.$procmux$2407_CMP
    1: $flatten\logic_core.\boot.$procmux$2416_CMP
    2: $flatten\logic_core.\boot.$procmux$2417_CMP
    3: $flatten\logic_core.\boot.$procmux$2418_CMP
    4: $flatten\logic_core.\boot.$procmux$2424_CMP
    5: $flatten\logic_core.\boot.$procmux$2426_CMP

  State encoding:
    0:   6'-----1  <RESET STATE>
    1:   6'----1-
    2:   6'---1--
    3:   6'--1---
    4:   6'-1----
    5:   6'1-----

  Transition Table (state_in, ctrl_in, state_out, ctrl_out):
      0:     0 8'-------0   ->     0 6'100000
      1:     0 8'--0---01   ->     0 6'100000
      2:     0 8'------11   ->     0 6'100000
      3:     0 8'--1---01   ->     3 6'100000
      4:     1 8'-------0   ->     0 6'000100
      5:     1 8'------11   ->     0 6'000100
      6:     1 8'------01   ->     1 6'000100
      7:     2 8'-------0   ->     0 6'010000
      8:     2 8'------11   ->     0 6'010000
      9:     2 8'-0----01   ->     2 6'010000
     10:     2 8'-1--0001   ->     3 6'010000
     11:     2 8'-1---101   ->     4 6'010000
     12:     2 8'-1--1001   ->     5 6'010000
     13:     3 8'-------0   ->     0 6'000001
     14:     3 8'------11   ->     0 6'000001
     15:     3 8'0-----01   ->     2 6'000001
     16:     3 8'1-----01   ->     3 6'000001
     17:     4 8'-------0   ->     0 6'000010
     18:     4 8'------11   ->     0 6'000010
     19:     4 8'------01   ->     4 6'000010
     20:     5 8'-------0   ->     0 6'001000
     21:     5 8'------11   ->     0 6'001000
     22:     5 8'---1--01   ->     1 6'001000
     23:     5 8'---0--01   ->     5 6'001000

-------------------------------------

FSM `$fsm$\logic_core.boot.power_sequence.state$2835' from module `amiga_board_top':
-------------------------------------

  Information on FSM $fsm$\logic_core.boot.power_sequence.state$2835 (\logic_core.boot.power_sequence.state):

  Number of input signals:    7
  Number of output signals:   6
  Number of state bits:       6

  Input signals:
    0: \startup.released [31]
    1: \logic_core.boot.config_done
    2: \logic_core.boot.config_error
    3: $flatten\logic_core.\boot.\power_sequence.$eq$rtl/adc_power_sequence.sv:50$648_Y
    4: $flatten\logic_core.\boot.\power_sequence.$eq$rtl/adc_power_sequence.sv:47$646_Y
    5: $flatten\logic_core.\boot.\power_sequence.$eq$rtl/adc_power_sequence.sv:44$644_Y
    6: \logic_core.boot.power_sequence.pg_sync

  Output signals:
    0: $flatten\logic_core.\boot.\power_sequence.$procmux$1028_CMP
    1: $flatten\logic_core.\boot.\power_sequence.$procmux$1025_CMP
    2: $flatten\logic_core.\boot.\power_sequence.$procmux$1016_CMP
    3: $flatten\logic_core.\boot.\power_sequence.$procmux$1012_CMP
    4: $flatten\logic_core.\boot.\power_sequence.$procmux$1008_CMP
    5: $flatten\logic_core.\boot.\power_sequence.$procmux$1004_CMP

  State encoding:
    0:   6'-----1  <RESET STATE>
    1:   6'----1-
    2:   6'---1--
    3:   6'--1---
    4:   6'-1----
    5:   6'1-----

  Transition Table (state_in, ctrl_in, state_out, ctrl_out):
      0:     0 7'------0   ->     0 6'000100
      1:     0 7'10----1   ->     0 6'000100
      2:     0 7'0-----1   ->     0 6'000100
      3:     0 7'11----1   ->     3 6'000100
      4:     1 7'------0   ->     0 6'000001
      5:     1 7'0-----1   ->     0 6'000001
      6:     1 7'1---0-1   ->     1 6'000001
      7:     1 7'1---1-1   ->     4 6'000001
      8:     2 7'------0   ->     0 6'010000
      9:     2 7'0-----1   ->     0 6'010000
     10:     2 7'1--0--1   ->     2 6'010000
     11:     2 7'1--1--1   ->     5 6'010000
     12:     3 7'------0   ->     0 6'001000
     13:     3 7'0-----1   ->     0 6'001000
     14:     3 7'1-1---1   ->     2 6'001000
     15:     3 7'1-0---1   ->     3 6'001000
     16:     4 7'------0   ->     0 6'000010
     17:     4 7'0-----1   ->     0 6'000010
     18:     4 7'1-----1   ->     4 6'000010
     19:     5 7'------0   ->     0 6'100000
     20:     5 7'0-----1   ->     0 6'100000
     21:     5 7'1---011   ->     1 6'100000
     22:     5 7'1---1-1   ->     4 6'100000
     23:     5 7'1---001   ->     5 6'100000

-------------------------------------

19.14.8. Executing FSM_MAP pass (mapping FSMs to basic logic).
Mapping FSM `$fsm$\logic_core.boot.writer.state$2843' from module `\amiga_board_top'.
Mapping FSM `$fsm$\logic_core.clocks.restart.state$2821' from module `\amiga_board_top'.
Mapping FSM `$fsm$\logic_core.boot.state$2827' from module `\amiga_board_top'.
Mapping FSM `$fsm$\logic_core.boot.power_sequence.state$2835' from module `\amiga_board_top'.

19.15. Executing OPT pass (performing simple optimizations).

19.15.1. Executing OPT_EXPR pass (perform const folding).
Optimizing module amiga_board_top.
<suppressed ~17 debug messages>

19.15.2. Executing OPT_MERGE pass (detect identical cells).
Finding identical cells in module `\amiga_board_top'.
Computing hashes of 904 cells of `\amiga_board_top'.
Finding duplicate cells in `\amiga_board_top'.
Computing hashes of 884 cells of `\amiga_board_top'.
Finding duplicate cells in `\amiga_board_top'.
<suppressed ~60 debug messages>
Removed a total of 20 cells.

19.15.3. Executing OPT_MUXTREE pass (detect dead branches in mux trees).
Running muxtree optimizer on module \amiga_board_top..
  Creating internal representation of mux trees.
  Evaluating internal representation of mux trees.
  Analyzing evaluation results.
Removed 0 multiplexer ports.
<suppressed ~523 debug messages>

19.15.4. Executing OPT_REDUCE pass (consolidate $*mux and $reduce_* inputs).
  Optimizing cells in module \amiga_board_top.
Performed a total of 0 changes.

19.15.5. Executing OPT_MERGE pass (detect identical cells).
Finding identical cells in module `\amiga_board_top'.
Computing hashes of 884 cells of `\amiga_board_top'.
Finding duplicate cells in `\amiga_board_top'.
Removed a total of 0 cells.

19.15.6. Executing OPT_DFF pass (perform DFF optimizations).
Adding SRST signal on $flatten\logic_core.\video.\front.$procdff$2704 ($dff) from module amiga_board_top (D = { \logic_core.video.front.vs_sync [0] \ADC_VS }, Q = \logic_core.video.front.vs_sync, rval = 2'11).
Adding SRST signal on $flatten\logic_core.\video.\front.$procdff$2703 ($dff) from module amiga_board_top (D = $flatten\logic_core.\video.\front.$procmux$2192_Y, Q = \logic_core.video.front.vs_delay, rval = 5'00000).
Adding EN signal on $auto$ff.cc:337:slice$3168 ($sdff) from module amiga_board_top (D = $flatten\logic_core.\video.\front.$procmux$2189_Y, Q = \logic_core.video.front.vs_delay).
Adding SRST signal on $flatten\logic_core.\video.\front.$procdff$2702 ($dff) from module amiga_board_top (D = $flatten\logic_core.\video.\front.$procmux$2200_Y, Q = \logic_core.video.front.v_age, rval = 21'000000000000000000000).
Adding EN signal on $auto$ff.cc:337:slice$3180 ($sdff) from module amiga_board_top (D = $flatten\logic_core.\video.\front.$add$rtl/stream_sync_frontend.sv:102$467_Y, Q = \logic_core.video.front.v_age).
Adding SRST signal on $flatten\logic_core.\video.\front.$procdff$2701 ($dff) from module amiga_board_top (D = $flatten\logic_core.\video.\front.$add$rtl/stream_sync_frontend.sv:82$456_Y, Q = \logic_core.video.front.vs_count, rval = 3'000).
Adding SRST signal on $flatten\logic_core.\video.\front.$procdff$2700 ($dff) from module amiga_board_top (D = $flatten\logic_core.\video.\front.$procmux$2225_Y, Q = \logic_core.video.front.vs_pending, rval = 1'0).
Adding SRST signal on $flatten\logic_core.\video.\front.$procdff$2699 ($dff) from module amiga_board_top (D = $flatten\logic_core.\video.\front.$procmux$2242_Y, Q = \logic_core.video.front.v_locked, rval = 1'0).
Adding EN signal on $auto$ff.cc:337:slice$3194 ($sdff) from module amiga_board_top (D = $flatten\logic_core.\video.\front.$procmux$2242_Y, Q = \logic_core.video.front.v_locked).
Adding SRST signal on $flatten\logic_core.\video.\front.$procdff$2698 ($dff) from module amiga_board_top (D = $flatten\logic_core.\video.\front.$procmux$2256_Y, Q = \logic_core.video.front.have_vs, rval = 1'0).
Adding SRST signal on $flatten\logic_core.\video.\front.$procdff$2697 ($dff) from module amiga_board_top (D = $flatten\logic_core.\video.\front.$procmux$2268_Y, Q = \logic_core.video.front.vs_level, rval = 1'1).
Adding EN signal on $auto$ff.cc:337:slice$3207 ($sdff) from module amiga_board_top (D = \logic_core.video.front.vs_sync [1], Q = \logic_core.video.front.vs_level).
Adding SRST signal on $flatten\logic_core.\video.\front.$procdff$2696 ($dff) from module amiga_board_top (D = $flatten\logic_core.\video.\front.$procmux$2278_Y, Q = \logic_core.video.front.h_good, rval = 2'00).
Adding EN signal on $auto$ff.cc:337:slice$3213 ($sdff) from module amiga_board_top (D = $flatten\logic_core.\video.\front.$add$rtl/stream_sync_frontend.sv:74$451_Y, Q = \logic_core.video.front.h_good).
Adding SRST signal on $flatten\logic_core.\video.\front.$procdff$2695 ($dff) from module amiga_board_top (D = $flatten\logic_core.\video.\front.$procmux$2286_Y, Q = \logic_core.video.front.h_age, rval = 12'000000000000).
Adding EN signal on $auto$ff.cc:337:slice$3219 ($sdff) from module amiga_board_top (D = $flatten\logic_core.\video.\front.$add$rtl/stream_sync_frontend.sv:77$453_Y, Q = \logic_core.video.front.h_age).
Adding SRST signal on $flatten\logic_core.\video.\front.$procdff$2694 ($dff) from module amiga_board_top (D = $flatten\logic_core.\video.\front.$procmux$2302_Y, Q = \logic_core.video.front.h_locked, rval = 1'0).
Adding EN signal on $auto$ff.cc:337:slice$3223 ($sdff) from module amiga_board_top (D = 1'1, Q = \logic_core.video.front.h_locked).
Adding SRST signal on $flatten\logic_core.\video.\front.$procdff$2693 ($dff) from module amiga_board_top (D = $flatten\logic_core.\video.\front.$procmux$2314_Y, Q = \logic_core.video.front.have_hs, rval = 1'0).
Adding EN signal on $auto$ff.cc:337:slice$3229 ($sdff) from module amiga_board_top (D = $flatten\logic_core.\video.\front.$procmux$2314_Y, Q = \logic_core.video.front.have_hs).
Adding SRST signal on $flatten\logic_core.\video.\front.$procdff$2692 ($dff) from module amiga_board_top (D = $flatten\logic_core.\video.\front.$procmux$2319_Y, Q = \logic_core.video.front.previous_hs, rval = 1'1).
Adding EN signal on $auto$ff.cc:337:slice$3233 ($sdff) from module amiga_board_top (D = \logic_core.capture.stage2 [24], Q = \logic_core.video.front.previous_hs).
Adding SRST signal on $flatten\logic_core.\boot.\writer.$procdff$2608 ($dff) from module amiga_board_top (D = $flatten\logic_core.\boot.\writer.$procmux$1687_Y [2], Q = \logic_core.boot.writer.error [2], rval = 1'0).
Adding SRST signal on $flatten\logic_core.\boot.\writer.$procdff$2608 ($dff) from module amiga_board_top (D = $flatten\logic_core.\boot.\writer.$procmux$1664_Y [1:0], Q = \logic_core.boot.writer.error [1:0], rval = 2'00).
Adding EN signal on $auto$ff.cc:337:slice$3236 ($sdff) from module amiga_board_top (D = $flatten\logic_core.\boot.\writer.$procmux$1664_Y [1:0], Q = \logic_core.boot.writer.error [1:0]).
Adding EN signal on $auto$ff.cc:337:slice$3235 ($sdff) from module amiga_board_top (D = $flatten\logic_core.\boot.\writer.$procmux$1687_Y [2], Q = \logic_core.boot.writer.error [2]).
Adding SRST signal on $flatten\logic_core.\video.\front.$procdff$2689 ($dff) from module amiga_board_top (D = \logic_core.capture.stage2 [23:0], Q = \logic_core.video.front.rgb_out, rval = 24'000000000000000000000000).
Adding SRST signal on $flatten\logic_core.\video.\front.$procdff$2688 ($dff) from module amiga_board_top (D = $flatten\logic_core.\video.\front.$procmux$2325_Y, Q = \logic_core.video.front.field_start, rval = 1'0).
Adding SRST signal on $flatten\logic_core.\video.\front.$procdff$2687 ($dff) from module amiga_board_top (D = $flatten\logic_core.\video.\front.$procmux$2159_Y, Q = \logic_core.video.front.line_start, rval = 1'0).
Adding SRST signal on $flatten\logic_core.\video.\front.$procdff$2686 ($dff) from module amiga_board_top (D = \logic_core.video.front.sample_ce, Q = \logic_core.video.front.sample_ce_out, rval = 1'0).
Adding SRST signal on $flatten\logic_core.\boot.\writer.$procdff$2606 ($dff) from module amiga_board_top (D = $flatten\logic_core.\boot.\writer.$procmux$1696_Y, Q = \logic_core.boot.writer.busy, rval = 1'0).
Adding EN signal on $auto$ff.cc:337:slice$3275 ($sdff) from module amiga_board_top (D = $flatten\logic_core.\boot.\writer.$procmux$1696_Y, Q = \logic_core.boot.writer.busy).
Adding SRST signal on $flatten\logic_core.\boot.\writer.$procdff$2604 ($dff) from module amiga_board_top (D = $flatten\logic_core.\boot.\writer.$procmux$1787_Y, Q = \logic_core.boot.writer.sda_low, rval = 1'0).
Adding EN signal on $auto$ff.cc:337:slice$3287 ($sdff) from module amiga_board_top (D = $flatten\logic_core.\boot.\writer.$procmux$1787_Y, Q = \logic_core.boot.writer.sda_low).
Adding SRST signal on $flatten\logic_core.\boot.\writer.$procdff$2603 ($dff) from module amiga_board_top (D = $flatten\logic_core.\boot.\writer.$procmux$1835_Y, Q = \logic_core.boot.writer.scl_low, rval = 1'0).
Adding EN signal on $auto$ff.cc:337:slice$3307 ($sdff) from module amiga_board_top (D = $flatten\logic_core.\boot.\writer.$procmux$1835_Y, Q = \logic_core.boot.writer.scl_low).
Adding SRST signal on $flatten\logic_core.\video.\core.\fields.$procdff$2589 ($dff) from module amiga_board_top (D = $flatten\logic_core.\video.\core.\fields.$procmux$943_Y, Q = \logic_core.video.core.fields.vs_n, rval = 1'1).
Adding EN signal on $auto$ff.cc:337:slice$3319 ($sdff) from module amiga_board_top (D = $flatten\logic_core.\video.\core.\fields.$procmux$941_Y, Q = \logic_core.video.core.fields.vs_n).
Adding SRST signal on $flatten\logic_core.\video.\core.\fields.$procdff$2590 ($dff) from module amiga_board_top (D = $flatten\logic_core.\video.\core.\fields.$procmux$881_Y, Q = \logic_core.video.core.fields.frame_start, rval = 1'0).
Adding SRST signal on $flatten\logic_core.\video.\core.\fields.$procdff$2591 ($dff) from module amiga_board_top (D = { $flatten\logic_core.\video.\core.\fields.$procmux$932_Y [11:9] $flatten\logic_core.\video.\core.\fields.$procmux$932_Y [5] $flatten\logic_core.\video.\core.\fields.$procmux$932_Y [3:0] }, Q = { \logic_core.video.core.fields.delay_count [11:9] \logic_core.video.core.fields.delay_count [5] \logic_core.video.core.fields.delay_count [3:0] }, rval = 8'00000000).
Adding SRST signal on $flatten\logic_core.\video.\core.\fields.$procdff$2591 ($dff) from module amiga_board_top (D = { $flatten\logic_core.\video.\core.\fields.$procmux$929_Y [8:6] $flatten\logic_core.\video.\core.\fields.$procmux$929_Y [4] }, Q = { \logic_core.video.core.fields.delay_count [8:6] \logic_core.video.core.fields.delay_count [4] }, rval = 4'0000).
Adding EN signal on $auto$ff.cc:337:slice$3331 ($sdff) from module amiga_board_top (D = { $flatten\logic_core.\video.\core.\fields.$sub$rtl/field_sync.sv:29$655_Y [8:6] $flatten\logic_core.\video.\core.\fields.$sub$rtl/field_sync.sv:29$655_Y [4] }, Q = { \logic_core.video.core.fields.delay_count [8:6] \logic_core.video.core.fields.delay_count [4] }).
Adding EN signal on $auto$ff.cc:337:slice$3330 ($sdff) from module amiga_board_top (D = { $flatten\logic_core.\video.\core.\fields.$procmux$932_Y [11:9] $flatten\logic_core.\video.\core.\fields.$procmux$932_Y [5] $flatten\logic_core.\video.\core.\fields.$procmux$932_Y [3:0] }, Q = { \logic_core.video.core.fields.delay_count [11:9] \logic_core.video.core.fields.delay_count [5] \logic_core.video.core.fields.delay_count [3:0] }).
Adding SRST signal on $flatten\logic_core.\video.\core.\fields.$procdff$2592 ($dff) from module amiga_board_top (D = $flatten\logic_core.\video.\core.\fields.$procmux$921_Y, Q = \logic_core.video.core.fields.delay_active, rval = 1'0).
Adding SRST signal on $flatten\logic_core.\video.\core.\fields.$procdff$2593 ($dff) from module amiga_board_top (D = $flatten\logic_core.\video.\core.\fields.$procmux$910_Y, Q = \logic_core.video.core.fields.pending, rval = 1'0).
Adding SRST signal on $flatten\logic_core.\video.\core.\fields.$procdff$2594 ($dff) from module amiga_board_top (D = $flatten\logic_core.\video.\core.\fields.$procmux$894_Y, Q = \logic_core.video.core.fields.remaining, rval = 0).
Adding EN signal on $auto$ff.cc:337:slice$3346 ($sdff) from module amiga_board_top (D = $flatten\logic_core.\video.\core.\fields.$procmux$892_Y, Q = \logic_core.video.core.fields.remaining).
Adding SRST signal on $flatten\logic_core.\boot.\writer.$procdff$2607 ($dff) from module amiga_board_top (D = $flatten\logic_core.\boot.\writer.$procmux$1461_Y, Q = \logic_core.boot.writer.done, rval = 1'0).
Adding SRST signal on $flatten\logic_core.\video.\core.\lines.$procdff$2569 ($dff) from module amiga_board_top (D = $flatten\logic_core.\video.\core.\lines.$procmux$857_Y, Q = \logic_core.video.core.lines.protocol_error, rval = 1'0).
Adding SRST signal on $flatten\logic_core.\video.\core.\lines.$procdff$2570 ($dff) from module amiga_board_top (D = $flatten\logic_core.\video.\core.\lines.$procmux$736_Y, Q = \logic_core.video.core.lines.out_sol, rval = 1'0).
Adding SRST signal on $flatten\logic_core.\video.\core.\lines.$procdff$2571 ($dff) from module amiga_board_top (D = $flatten\logic_core.\video.\core.\lines.$procmux$840_Y, Q = \logic_core.video.core.lines.out_x, rval = 11'00000000000).
Adding EN signal on $auto$ff.cc:337:slice$3351 ($sdff) from module amiga_board_top (D = $flatten\logic_core.\video.\core.\lines.$procmux$840_Y, Q = \logic_core.video.core.lines.out_x).
Adding SRST signal on $flatten\logic_core.\video.\core.\lines.$procdff$2572 ($dff) from module amiga_board_top (D = $flatten\logic_core.\video.\core.\lines.$procmux$827_Y, Q = \logic_core.video.core.lines.started, rval = 1'0).
Adding EN signal on $auto$ff.cc:337:slice$3361 ($sdff) from module amiga_board_top (D = 1'1, Q = \logic_core.video.core.lines.started).
Adding SRST signal on $flatten\logic_core.\video.\core.\lines.$procdff$2573 ($dff) from module amiga_board_top (D = $flatten\logic_core.\video.\core.\lines.$procmux$749_Y, Q = \logic_core.video.core.lines.pixel_valid, rval = 1'0).
Adding SRST signal on $flatten\logic_core.\video.\core.\lines.$procdff$2574 ($dff) from module amiga_board_top (D = \logic_core.video.front.sample_ce_out, Q = \logic_core.video.core.lines.previous_ce, rval = 1'0).
Adding SRST signal on $flatten\logic_core.\video.\core.\lines.$procdff$2575 ($dff) from module amiga_board_top (D = \logic_core.video.core.lines.ram_write_bank, Q = \logic_core.video.core.lines.write_bank, rval = 1'0).
Adding SRST signal on $flatten\logic_core.\video.\core.\lines.$procdff$2576 ($dff) from module amiga_board_top (D = $flatten\logic_core.\video.\core.\lines.$procmux$812_Y, Q = \logic_core.video.core.lines.read_bank, rval = 1'0).
Adding EN signal on $auto$ff.cc:337:slice$3366 ($sdff) from module amiga_board_top (D = \logic_core.video.core.lines.write_bank, Q = \logic_core.video.core.lines.read_bank).
Adding SRST signal on $flatten\logic_core.\video.\core.\lines.$procdff$2577 ($dff) from module amiga_board_top (D = $flatten\logic_core.\video.\core.\lines.$procmux$803_Y, Q = \logic_core.video.core.lines.reading, rval = 1'0).
Adding SRST signal on $flatten\logic_core.\video.\core.\lines.$procdff$2578 ($dff) from module amiga_board_top (D = $flatten\logic_core.\video.\core.\lines.$procmux$788_Y, Q = \logic_core.video.core.lines.written, rval = 12'000000000000).
Adding EN signal on $auto$ff.cc:337:slice$3371 ($sdff) from module amiga_board_top (D = $flatten\logic_core.\video.\core.\lines.$procmux$788_Y, Q = \logic_core.video.core.lines.written).
Adding SRST signal on $flatten\logic_core.\video.\core.\lines.$procdff$2579 ($dff) from module amiga_board_top (D = $flatten\logic_core.\video.\core.\lines.$procmux$778_Y, Q = \logic_core.video.core.lines.read_x, rval = 11'00000000000).
Adding EN signal on $auto$ff.cc:337:slice$3379 ($sdff) from module amiga_board_top (D = $flatten\logic_core.\video.\core.\lines.$procmux$778_Y, Q = \logic_core.video.core.lines.read_x).
Adding SRST signal on $flatten\logic_core.\video.\core.\lines.$procdff$2580 ($dff) from module amiga_board_top (D = $flatten\logic_core.\video.\core.\lines.$procmux$759_Y, Q = \logic_core.video.core.lines.elapsed, rval = 13'0000000000000).
Adding EN signal on $auto$ff.cc:337:slice$3389 ($sdff) from module amiga_board_top (D = $flatten\logic_core.\video.\core.\lines.$add$rtl/line_double.sv:78$709_Y, Q = \logic_core.video.core.lines.elapsed).
Adding SRST signal on $flatten\logic_core.\video.\core.$procdff$2718 ($dff) from module amiga_board_top (D = \logic_core.video.front.field_start, Q = \logic_core.video.core.field_delayed, rval = 1'0).
Adding SRST signal on $flatten\logic_core.\video.\core.$procdff$2717 ($dff) from module amiga_board_top (D = \logic_core.video.core.lines.out_x, Q = \logic_core.video.core.x1, rval = 11'00000000000).
Adding SRST signal on $flatten\logic_core.\video.\core.$procdff$2716 ($dff) from module amiga_board_top (D = $flatten\logic_core.\video.\core.$procmux$2375_Y, Q = \logic_core.video.core.have_frame, rval = 1'0).
Adding EN signal on $auto$ff.cc:337:slice$3397 ($sdff) from module amiga_board_top (D = 1'1, Q = \logic_core.video.core.have_frame).
Adding SRST signal on $flatten\logic_core.\video.\core.$procdff$2715 ($dff) from module amiga_board_top (D = \logic_core.video.core.lines.out_sol, Q = \logic_core.video.core.sol1, rval = 1'0).
Adding SRST signal on $flatten\logic_core.\video.\core.$procdff$2714 ($dff) from module amiga_board_top (D = \logic_core.video.core.valid1, Q = \logic_core.video.core.valid2, rval = 1'0).
Adding SRST signal on $flatten\logic_core.\video.\core.$procdff$2713 ($dff) from module amiga_board_top (D = \logic_core.video.core.lines.pixel_valid, Q = \logic_core.video.core.valid1, rval = 1'0).
Adding SRST signal on $flatten\logic_core.\video.\core.$procdff$2712 ($dff) from module amiga_board_top (D = \logic_core.video.core.rgb1, Q = \logic_core.video.core.rgb2, rval = 24'000000000000000000000000).
Adding SRST signal on $flatten\logic_core.\video.\core.$procdff$2711 ($dff) from module amiga_board_top (D = $flatten\logic_core.\video.\core.\lines.$ternary$rtl/line_double.sv:43$690_Y, Q = \logic_core.video.core.rgb1, rval = 24'000000000000000000000000).
Adding SRST signal on $flatten\logic_core.\video.\core.$procdff$2710 ($dff) from module amiga_board_top (D = $flatten\logic_core.\video.\core.$procmux$2391_Y, Q = \logic_core.video.core.out_y, rval = 12'000000000000).
Adding EN signal on $auto$ff.cc:337:slice$3410 ($sdff) from module amiga_board_top (D = $flatten\logic_core.\video.\core.$procmux$2388_Y, Q = \logic_core.video.core.out_y).
Adding SRST signal on $flatten\logic_core.\video.\core.$procdff$2709 ($dff) from module amiga_board_top (D = \logic_core.video.core.x1, Q = \logic_core.video.core.out_x, rval = 11'00000000000).
Adding SRST signal on $flatten\logic_core.\video.\core.$procdff$2706 ($dff) from module amiga_board_top (D = \logic_core.video.core.fields.vs_n, Q = \logic_core.video.core.vs_n, rval = 1'1).
Adding SRST signal on $flatten\logic_core.\video.\core.$procdff$2705 ($dff) from module amiga_board_top (D = $flatten\logic_core.\video.\core.$logic_not$rtl/video_core.sv:59$405_Y, Q = \logic_core.video.core.hs_n, rval = 1'1).
Adding EN signal on $flatten\logic_core.\capture.$procdff$2744 ($adff) from module amiga_board_top (D = 1'1, Q = \logic_core.capture.started).
Adding EN signal on $flatten\logic_core.\capture.$procdff$2750 ($adff) from module amiga_board_top (D = $flatten\logic_core.\capture.$logic_not$rtl/adc_rgb_capture.sv:21$371_Y, Q = \logic_core.capture.token).
Adding EN signal on $flatten\logic_core.\capture.$procdff$2747 ($adff) from module amiga_board_top (D = { \ADC_HS \ADC_R \ADC_G \ADC_B }, Q = \logic_core.capture.captured).
Adding SRST signal on $flatten\logic_core.\clocks.\restart.$procdff$2635 ($dff) from module amiga_board_top (D = { \logic_core.clocks.restart.lock_sync [0] \clocks.locked }, Q = \logic_core.clocks.restart.lock_sync, rval = 2'00).
Adding SRST signal on $flatten\logic_core.\clocks.\restart.$procdff$2634 ($dff) from module amiga_board_top (D = { \logic_core.clocks.restart.hb_sync [0] \logic_core.clocks.restart.heartbeat [7] }, Q = \logic_core.clocks.restart.hb_sync, rval = 2'00).
Adding SRST signal on $flatten\logic_core.\clocks.\restart.$procdff$2633 ($dff) from module amiga_board_top (D = $flatten\logic_core.\clocks.\restart.$procmux$2015_Y, Q = \logic_core.clocks.restart.period_last, rval = 8'00000000).
Adding EN signal on $auto$ff.cc:337:slice$3428 ($sdff) from module amiga_board_top (D = $flatten\logic_core.\clocks.\restart.$add$rtl/pll_restart_control.sv:25$505_Y [7:0], Q = \logic_core.clocks.restart.period_last).
Adding SRST signal on $flatten\logic_core.\clocks.\restart.$procdff$2632 ($dff) from module amiga_board_top (D = $flatten\logic_core.\clocks.\restart.$procmux$2029_Y, Q = \logic_core.clocks.restart.stable, rval = 1'0).
Adding EN signal on $auto$ff.cc:337:slice$3430 ($sdff) from module amiga_board_top (D = $flatten\logic_core.\clocks.\restart.$procmux$2029_Y, Q = \logic_core.clocks.restart.stable).
Adding SRST signal on $flatten\logic_core.\clocks.\restart.$procdff$2630 ($dff) from module amiga_board_top (D = $flatten\logic_core.\clocks.\restart.$procmux$2043_Y, Q = \logic_core.clocks.restart.good, rval = 4'0000).
Adding EN signal on $auto$ff.cc:337:slice$3438 ($sdff) from module amiga_board_top (D = $flatten\logic_core.\clocks.\restart.$procmux$2043_Y, Q = \logic_core.clocks.restart.good).
Adding SRST signal on $flatten\logic_core.\clocks.\restart.$procdff$2629 ($dff) from module amiga_board_top (D = { $flatten\logic_core.\clocks.\restart.$add$rtl/pll_restart_control.sv:54$546_Y [6] $flatten\logic_core.\clocks.\restart.$add$rtl/pll_restart_control.sv:54$546_Y [4] $flatten\logic_core.\clocks.\restart.$add$rtl/pll_restart_control.sv:54$546_Y [2] $flatten\logic_core.\clocks.\restart.$add$rtl/pll_restart_control.sv:54$546_Y [0] }, Q = { \logic_core.clocks.restart.age [6] \logic_core.clocks.restart.age [4] \logic_core.clocks.restart.age [2] \logic_core.clocks.restart.age [0] }, rval = 4'0000).
Adding SRST signal on $flatten\logic_core.\clocks.\restart.$procdff$2629 ($dff) from module amiga_board_top (D = { $flatten\logic_core.\clocks.\restart.$procmux$2004_Y [7] $flatten\logic_core.\clocks.\restart.$procmux$2004_Y [5] $flatten\logic_core.\clocks.\restart.$procmux$2004_Y [3] $flatten\logic_core.\clocks.\restart.$procmux$2004_Y [1] }, Q = { \logic_core.clocks.restart.age [7] \logic_core.clocks.restart.age [5] \logic_core.clocks.restart.age [3] \logic_core.clocks.restart.age [1] }, rval = 4'0000).
Adding SRST signal on $flatten\logic_core.\clocks.\restart.$procdff$2628 ($dff) from module amiga_board_top (D = $flatten\logic_core.\clocks.\restart.$procmux$2052_Y, Q = \logic_core.clocks.restart.seen_edge, rval = 1'0).
Adding EN signal on $auto$ff.cc:337:slice$3452 ($sdff) from module amiga_board_top (D = $flatten\logic_core.\clocks.\restart.$procmux$2052_Y, Q = \logic_core.clocks.restart.seen_edge).
Adding SRST signal on $flatten\logic_core.\clocks.\restart.$procdff$2627 ($dff) from module amiga_board_top (D = $flatten\logic_core.\clocks.\restart.$procmux$1980_Y, Q = \logic_core.clocks.restart.count, rval = 19'0000000000000000000).
Adding EN signal on $auto$ff.cc:337:slice$3456 ($sdff) from module amiga_board_top (D = $flatten\logic_core.\clocks.\restart.$procmux$1980_Y, Q = \logic_core.clocks.restart.count).
Adding SRST signal on $flatten\logic_core.\clocks.\restart.$procdff$2626 ($dff) from module amiga_board_top (D = $flatten\logic_core.\clocks.\restart.$procmux$1929_Y, Q = \logic_core.clocks.restart.lock_was_low, rval = 1'0).
Adding EN signal on $auto$ff.cc:337:slice$3466 ($sdff) from module amiga_board_top (D = $flatten\logic_core.\clocks.\restart.$procmux$1929_Y, Q = \logic_core.clocks.restart.lock_was_low).
Adding SRST signal on $flatten\logic_core.\boot.\writer.$procdff$2609 ($dff) from module amiga_board_top (D = $flatten\logic_core.\boot.\writer.$procmux$1608_Y, Q = \logic_core.boot.writer.count, rval = 8'00000000).
Adding EN signal on $auto$ff.cc:337:slice$3476 ($sdff) from module amiga_board_top (D = $flatten\logic_core.\boot.\writer.$procmux$1608_Y, Q = \logic_core.boot.writer.count).
Adding SRST signal on $flatten\logic_core.\boot.\writer.$procdff$2610 ($dff) from module amiga_board_top (D = $flatten\logic_core.\boot.\writer.$procmux$1599_Y, Q = \logic_core.boot.writer.byte_index, rval = 2'00).
Adding EN signal on $auto$ff.cc:337:slice$3488 ($sdff) from module amiga_board_top (D = $flatten\logic_core.\boot.\writer.$procmux$1593_Y, Q = \logic_core.boot.writer.byte_index).
Adding SRST signal on $flatten\logic_core.\boot.\writer.$procdff$2611 ($dff) from module amiga_board_top (D = $flatten\logic_core.\boot.\writer.$procmux$1574_Y, Q = \logic_core.boot.writer.bit_index, rval = 3'111).
Adding EN signal on $auto$ff.cc:337:slice$3504 ($sdff) from module amiga_board_top (D = $flatten\logic_core.\boot.\writer.$procmux$1561_Y, Q = \logic_core.boot.writer.bit_index).
Adding SRST signal on $flatten\logic_core.\boot.\writer.$procdff$2612 ($dff) from module amiga_board_top (D = $flatten\logic_core.\boot.\writer.$procmux$1416_Y, Q = \logic_core.boot.writer.watchdog, rval = 19'0000000000000000000).
Adding SRST signal on $flatten\logic_core.\boot.\writer.$procdff$2613 ($dff) from module amiga_board_top (D = $flatten\logic_core.\boot.\writer.$procmux$1542_Y, Q = \logic_core.boot.writer.bytes[0], rval = 8'00000000).
Adding EN signal on $auto$ff.cc:337:slice$3527 ($sdff) from module amiga_board_top (D = 8'10111000, Q = \logic_core.boot.writer.bytes[0]).
Adding EN signal on $flatten\logic_core.\clocks.\guard.$procdff$2663 ($adff) from module amiga_board_top (D = $flatten\logic_core.\clocks.\guard.$0\healthy[0:0], Q = \logic_core.clocks.guard.healthy).
Adding EN signal on $flatten\logic_core.\clocks.\guard.$procdff$2658 ($adff) from module amiga_board_top (D = $flatten\logic_core.\clocks.\guard.$0\seen_edge[0:0], Q = \logic_core.clocks.guard.seen_edge).
Adding EN signal on $flatten\logic_core.\clocks.\guard.$procdff$2673 ($adff) from module amiga_board_top (D = $flatten\logic_core.\clocks.\guard.$0\good[2:0], Q = \logic_core.clocks.guard.good).
Adding SRST signal on $flatten\logic_core.\boot.\writer.$procdff$2614 ($dff) from module amiga_board_top (D = $flatten\logic_core.\boot.\writer.$procmux$1519_Y, Q = \logic_core.boot.writer.bytes[1], rval = 8'00000000).
Adding EN signal on $auto$ff.cc:337:slice$3550 ($sdff) from module amiga_board_top (D = \logic_core.boot.entry [15:8], Q = \logic_core.boot.writer.bytes[1]).
Adding SRST signal on $flatten\logic_core.\boot.\writer.$procdff$2615 ($dff) from module amiga_board_top (D = $flatten\logic_core.\boot.\writer.$procmux$1496_Y, Q = \logic_core.boot.writer.bytes[2], rval = 8'00000000).
Adding EN signal on $auto$ff.cc:337:slice$3556 ($sdff) from module amiga_board_top (D = \logic_core.boot.entry [7:0], Q = \logic_core.boot.writer.bytes[2]).
Adding SRST signal on $flatten\logic_core.\boot.\writer.$procdff$2620 ($dff) from module amiga_board_top (D = \I2C_SCL, Q = \logic_core.boot.writer.scl_meta, rval = 1'1).
Adding SRST signal on $flatten\logic_core.\boot.\writer.$procdff$2621 ($dff) from module amiga_board_top (D = \logic_core.boot.writer.scl_meta, Q = \logic_core.boot.writer.scl_sync, rval = 1'1).
Adding SRST signal on $flatten\logic_core.\boot.\writer.$procdff$2622 ($dff) from module amiga_board_top (D = \I2C_SDA, Q = \logic_core.boot.writer.sda_meta, rval = 1'1).
Adding SRST signal on $flatten\logic_core.\boot.\writer.$procdff$2623 ($dff) from module amiga_board_top (D = \logic_core.boot.writer.sda_meta, Q = \logic_core.boot.writer.sda_sync, rval = 1'1).
Adding SRST signal on $flatten\logic_core.\boot.$procdff$2722 ($dff) from module amiga_board_top (D = $flatten\logic_core.\boot.$procmux$2482_Y, Q = \logic_core.boot.index, rval = 6'000000).
Adding EN signal on $auto$ff.cc:337:slice$3566 ($sdff) from module amiga_board_top (D = $flatten\logic_core.\boot.$procmux$2482_Y, Q = \logic_core.boot.index).
Adding SRST signal on $flatten\logic_core.\boot.$procdff$2723 ($dff) from module amiga_board_top (D = $flatten\logic_core.\boot.$procmux$2453_Y, Q = \logic_core.boot.wait_count, rval = 20'00000000000000000000).
Adding EN signal on $auto$ff.cc:337:slice$3584 ($sdff) from module amiga_board_top (D = $flatten\logic_core.\boot.$procmux$2453_Y, Q = \logic_core.boot.wait_count).
Adding SRST signal on $flatten\logic_core.\boot.$procdff$2724 ($dff) from module amiga_board_top (D = $flatten\logic_core.\boot.$procmux$2404_Y, Q = \logic_core.boot.start, rval = 1'0).
Adding SRST signal on $flatten\logic_core.\boot.$procdff$2725 ($dff) from module amiga_board_top (D = $flatten\logic_core.\boot.$procmux$2439_Y, Q = \logic_core.boot.config_done, rval = 1'0).
Adding EN signal on $auto$ff.cc:337:slice$3609 ($sdff) from module amiga_board_top (D = 1'1, Q = \logic_core.boot.config_done).
Adding SRST signal on $flatten\logic_core.\boot.$procdff$2726 ($dff) from module amiga_board_top (D = $flatten\logic_core.\boot.$procmux$2415_Y, Q = \logic_core.boot.config_error, rval = 1'0).
Adding EN signal on $auto$ff.cc:337:slice$3617 ($sdff) from module amiga_board_top (D = $flatten\logic_core.\boot.$procmux$2415_Y, Q = \logic_core.boot.config_error).
Adding SRST signal on $flatten\logic_core.\boot.\power_sequence.$procdff$2602 ($dff) from module amiga_board_top (D = \logic_core.boot.power_sequence.pg_meta, Q = \logic_core.boot.power_sequence.pg_sync, rval = 1'0).
Adding SRST signal on $flatten\logic_core.\boot.\power_sequence.$procdff$2601 ($dff) from module amiga_board_top (D = \POWER_GOOD, Q = \logic_core.boot.power_sequence.pg_meta, rval = 1'0).
Adding SRST signal on $flatten\logic_core.\boot.\power_sequence.$procdff$2600 ($dff) from module amiga_board_top (D = $flatten\logic_core.\boot.\power_sequence.$procmux$955_Y, Q = \logic_core.boot.power_sequence.count, rval = 18'000000000000000000).
Adding EN signal on $auto$ff.cc:337:slice$3633 ($sdff) from module amiga_board_top (D = $flatten\logic_core.\boot.\power_sequence.$procmux$955_Y, Q = \logic_core.boot.power_sequence.count).
Adding SRST signal on $flatten\logic_core.\boot.\power_sequence.$procdff$2599 ($dff) from module amiga_board_top (D = $flatten\logic_core.\boot.\power_sequence.$procmux$973_Y, Q = \logic_core.boot.power_sequence.config_allowed, rval = 1'0).
Adding EN signal on $auto$ff.cc:337:slice$3639 ($sdff) from module amiga_board_top (D = $flatten\logic_core.\boot.\power_sequence.$procmux$973_Y, Q = \logic_core.boot.power_sequence.config_allowed).
Adding SRST signal on $flatten\logic_core.\boot.\power_sequence.$procdff$2597 ($dff) from module amiga_board_top (D = $flatten\logic_core.\boot.\power_sequence.$procmux$1024_Y, Q = \logic_core.boot.power_sequence.fault, rval = 1'0).
Adding EN signal on $auto$ff.cc:337:slice$3651 ($sdff) from module amiga_board_top (D = $flatten\logic_core.\boot.\power_sequence.$procmux$1024_Y, Q = \logic_core.boot.power_sequence.fault).
Adding SRST signal on $flatten\logic_core.\boot.\power_sequence.$procdff$2596 ($dff) from module amiga_board_top (D = $flatten\logic_core.\boot.\power_sequence.$procmux$1043_Y, Q = \logic_core.boot.power_sequence.adc_pwdn, rval = 1'1).
Adding EN signal on $auto$ff.cc:337:slice$3661 ($sdff) from module amiga_board_top (D = $flatten\logic_core.\boot.\power_sequence.$procmux$1043_Y, Q = \logic_core.boot.power_sequence.adc_pwdn).
Adding SRST signal on $flatten\logic_core.\boot.\power_sequence.$procdff$2595 ($dff) from module amiga_board_top (D = $flatten\logic_core.\boot.\power_sequence.$procmux$1056_Y, Q = \logic_core.boot.power_sequence.adc_reset_n, rval = 1'0).
Adding EN signal on $auto$ff.cc:337:slice$3671 ($sdff) from module amiga_board_top (D = $flatten\logic_core.\boot.\power_sequence.$procmux$1056_Y, Q = \logic_core.boot.power_sequence.adc_reset_n).
Setting constant 0-bit at position 0 on $auto$ff.cc:337:slice$3528 ($sdffe) from module amiga_board_top.
Setting constant 0-bit at position 1 on $auto$ff.cc:337:slice$3528 ($sdffe) from module amiga_board_top.
Setting constant 0-bit at position 2 on $auto$ff.cc:337:slice$3528 ($sdffe) from module amiga_board_top.
Setting constant 0-bit at position 6 on $auto$ff.cc:337:slice$3528 ($sdffe) from module amiga_board_top.

19.15.7. Executing OPT_CLEAN pass (remove unused cells and wires).
Finding unused cells or wires in module \amiga_board_top..
Removed 165 unused cells and 228 unused wires.
<suppressed ~168 debug messages>

19.15.8. Executing OPT_EXPR pass (perform const folding).
Optimizing module amiga_board_top.
<suppressed ~34 debug messages>

19.15.9. Rerunning OPT passes. (Maybe there is more to do..)

19.15.10. Executing OPT_MUXTREE pass (detect dead branches in mux trees).
Running muxtree optimizer on module \amiga_board_top..
  Creating internal representation of mux trees.
  Evaluating internal representation of mux trees.
  Analyzing evaluation results.
Removed 0 multiplexer ports.
<suppressed ~318 debug messages>

19.15.11. Executing OPT_REDUCE pass (consolidate $*mux and $reduce_* inputs).
  Optimizing cells in module \amiga_board_top.
Performed a total of 0 changes.

19.15.12. Executing OPT_MERGE pass (detect identical cells).
Finding identical cells in module `\amiga_board_top'.
Computing hashes of 909 cells of `\amiga_board_top'.
Finding duplicate cells in `\amiga_board_top'.
Computing hashes of 859 cells of `\amiga_board_top'.
Finding duplicate cells in `\amiga_board_top'.
Computing hashes of 852 cells of `\amiga_board_top'.
Finding duplicate cells in `\amiga_board_top'.
<suppressed ~171 debug messages>
Removed a total of 57 cells.

19.15.13. Executing OPT_DFF pass (perform DFF optimizations).

19.15.14. Executing OPT_CLEAN pass (remove unused cells and wires).
Finding unused cells or wires in module \amiga_board_top..
Removed 0 unused cells and 57 unused wires.
<suppressed ~1 debug messages>

19.15.15. Executing OPT_EXPR pass (perform const folding).
Optimizing module amiga_board_top.

19.15.16. Rerunning OPT passes. (Maybe there is more to do..)

19.15.17. Executing OPT_MUXTREE pass (detect dead branches in mux trees).
Running muxtree optimizer on module \amiga_board_top..
  Creating internal representation of mux trees.
  Evaluating internal representation of mux trees.
  Analyzing evaluation results.
Removed 0 multiplexer ports.
<suppressed ~326 debug messages>

19.15.18. Executing OPT_REDUCE pass (consolidate $*mux and $reduce_* inputs).
  Optimizing cells in module \amiga_board_top.
Performed a total of 0 changes.

19.15.19. Executing OPT_MERGE pass (detect identical cells).
Finding identical cells in module `\amiga_board_top'.
Computing hashes of 852 cells of `\amiga_board_top'.
Finding duplicate cells in `\amiga_board_top'.
Removed a total of 0 cells.

19.15.20. Executing OPT_DFF pass (perform DFF optimizations).

19.15.21. Executing OPT_CLEAN pass (remove unused cells and wires).
Finding unused cells or wires in module \amiga_board_top..

19.15.22. Executing OPT_EXPR pass (perform const folding).
Optimizing module amiga_board_top.

19.15.23. Finished fast OPT passes. (There is nothing left to do.)

19.16. Executing WREDUCE pass (reducing word size of cells).
Removed top 26 address bits (of 32) from memory init port amiga_board_top.$flatten\logic_core.\boot.$auto$mem.cc:351:emit$727 ($flatten\logic_core.\boot.$auto$proc_rom.cc:155:do_switch$725).
Removed top 3 bits (of 4) from FF cell amiga_board_top.$auto$ff.cc:337:slice$3681 ($sdffe).
Removed top 1 bits (of 2) from port B of cell amiga_board_top.$auto$simple.cc:194:make_patterns_logic$3656 ($ne).
Removed top 1 bits (of 2) from port B of cell amiga_board_top.$auto$simple.cc:194:make_patterns_logic$3626 ($ne).
Removed top 1 bits (of 2) from port B of cell amiga_board_top.$auto$simple.cc:194:make_patterns_logic$3595 ($ne).
Removed top 1 bits (of 2) from port B of cell amiga_board_top.$auto$simple.cc:194:make_patterns_logic$3581 ($ne).
Removed top 1 bits (of 2) from port B of cell amiga_board_top.$auto$simple.cc:194:make_patterns_logic$3575 ($ne).
Removed top 1 bits (of 2) from port B of cell amiga_board_top.$auto$simple.cc:194:make_patterns_logic$3483 ($ne).
Removed top 1 bits (of 2) from port B of cell amiga_board_top.$auto$simple.cc:194:make_patterns_logic$3358 ($ne).
Removed top 1 bits (of 2) from port B of cell amiga_board_top.$auto$simple.cc:194:make_patterns_logic$3314 ($ne).
Removed top 1 bits (of 2) from port B of cell amiga_board_top.$auto$simple.cc:194:make_patterns_logic$3312 ($ne).
Removed top 1 bits (of 2) from port B of cell amiga_board_top.$auto$simple.cc:194:make_patterns_logic$3252 ($ne).
Removed top 1 bits (of 2) from port B of cell amiga_board_top.$auto$simple.cc:194:make_patterns_logic$3171 ($ne).
Removed top 1 bits (of 2) from port B of cell amiga_board_top.$auto$fsm_map.cc:77:implement_pattern_cache$3118 ($eq).
Removed top 2 bits (of 3) from port B of cell amiga_board_top.$auto$fsm_map.cc:77:implement_pattern_cache$3103 ($eq).
Removed top 1 bits (of 2) from port B of cell amiga_board_top.$auto$fsm_map.cc:77:implement_pattern_cache$3094 ($eq).
Removed top 2 bits (of 3) from port B of cell amiga_board_top.$auto$fsm_map.cc:77:implement_pattern_cache$3072 ($eq).
Removed top 2 bits (of 3) from port B of cell amiga_board_top.$auto$fsm_map.cc:77:implement_pattern_cache$3068 ($eq).
Removed top 2 bits (of 3) from port B of cell amiga_board_top.$auto$fsm_map.cc:77:implement_pattern_cache$3052 ($eq).
Removed top 1 bits (of 3) from port B of cell amiga_board_top.$auto$fsm_map.cc:77:implement_pattern_cache$3008 ($eq).
Removed top 1 bits (of 2) from port B of cell amiga_board_top.$auto$fsm_map.cc:77:implement_pattern_cache$3006 ($eq).
Removed top 1 bits (of 3) from port B of cell amiga_board_top.$auto$fsm_map.cc:77:implement_pattern_cache$2991 ($eq).
Removed top 2 bits (of 4) from port B of cell amiga_board_top.$auto$fsm_map.cc:77:implement_pattern_cache$2973 ($eq).
Removed top 3 bits (of 5) from port B of cell amiga_board_top.$auto$fsm_map.cc:77:implement_pattern_cache$2969 ($eq).
Removed top 2 bits (of 5) from port B of cell amiga_board_top.$auto$fsm_map.cc:77:implement_pattern_cache$2947 ($eq).
Removed top 1 bits (of 4) from port B of cell amiga_board_top.$auto$fsm_map.cc:77:implement_pattern_cache$2934 ($eq).
Removed top 2 bits (of 3) from port B of cell amiga_board_top.$auto$fsm_map.cc:77:implement_pattern_cache$2930 ($eq).
Removed top 1 bits (of 4) from port B of cell amiga_board_top.$auto$fsm_map.cc:77:implement_pattern_cache$2925 ($eq).
Removed top 1 bits (of 4) from port B of cell amiga_board_top.$auto$fsm_map.cc:77:implement_pattern_cache$2907 ($eq).
Removed top 11 bits (of 32) from port B of cell amiga_board_top.$flatten\logic_core.\video.\front.$ge$rtl/stream_sync_frontend.sv:100$466 ($ge).
Removed top 11 bits (of 32) from port B of cell amiga_board_top.$flatten\logic_core.\video.\front.$le$rtl/stream_sync_frontend.sv:90$464 ($le).
Removed top 12 bits (of 32) from port B of cell amiga_board_top.$flatten\logic_core.\video.\front.$ge$rtl/stream_sync_frontend.sv:90$461 ($ge).
Removed top 31 bits (of 32) from port B of cell amiga_board_top.$flatten\logic_core.\video.\front.$add$rtl/stream_sync_frontend.sv:90$460 ($add).
Removed top 10 bits (of 32) from port Y of cell amiga_board_top.$flatten\logic_core.\video.\front.$add$rtl/stream_sync_frontend.sv:90$460 ($add).
Removed top 30 bits (of 32) from port B of cell amiga_board_top.$flatten\logic_core.\video.\front.$ge$rtl/stream_sync_frontend.sv:75$452 ($ge).
Removed top 30 bits (of 32) from port B of cell amiga_board_top.$flatten\logic_core.\video.\front.$lt$rtl/stream_sync_frontend.sv:74$450 ($lt).
Removed top 1 bits (of 3) from port B of cell amiga_board_top.$flatten\logic_core.\video.\front.$eq$rtl/stream_sync_frontend.sv:39$438 ($eq).
Removed top 20 bits (of 32) from port B of cell amiga_board_top.$flatten\logic_core.\video.\front.$ge$rtl/stream_sync_frontend.sv:38$432 ($ge).
Removed top 30 bits (of 32) from port B of cell amiga_board_top.$flatten\logic_core.\video.\core.\fields.$gt$rtl/field_sync.sv:36$657 ($gt).
Removed top 30 bits (of 32) from port B of cell amiga_board_top.$flatten\logic_core.\video.\core.\fields.$sub$rtl/field_sync.sv:36$658 ($sub).
Removed top 1 bits (of 12) from port B of cell amiga_board_top.$flatten\logic_core.\video.\core.\lines.$eq$rtl/line_double.sv:65$696 ($eq).
Removed top 1 bits (of 13) from port B of cell amiga_board_top.$flatten\logic_core.\video.\core.\lines.$eq$rtl/line_double.sv:66$698 ($eq).
Removed top 31 bits (of 32) from mux cell amiga_board_top.$flatten\logic_core.\video.\core.\lines.$ternary$rtl/line_double.sv:76$707 ($mux).
Removed top 20 bits (of 32) from port B of cell amiga_board_top.$flatten\logic_core.\video.\core.\lines.$lt$rtl/line_double.sv:78$708 ($lt).
Removed top 21 bits (of 32) from port B of cell amiga_board_top.$flatten\logic_core.\video.\core.\lines.$lt$rtl/line_double.sv:79$710 ($lt).
Removed top 20 bits (of 32) from port B of cell amiga_board_top.$flatten\logic_core.\video.\core.\lines.$lt$rtl/line_double.sv:82$715 ($lt).
Removed top 20 bits (of 32) from port B of cell amiga_board_top.$flatten\logic_core.\video.\core.\lines.$ge$rtl/line_double.sv:88$722 ($ge).
Removed top 22 bits (of 32) from port B of cell amiga_board_top.$flatten\logic_core.\video.\core.$lt$rtl/video_core.sv:70$420 ($lt).
Removed top 28 bits (of 32) from port B of cell amiga_board_top.$flatten\logic_core.\video.\core.$ge$rtl/video_core.sv:70$418 ($ge).
Removed top 21 bits (of 32) from port B of cell amiga_board_top.$flatten\logic_core.\video.\core.$lt$rtl/video_core.sv:70$416 ($lt).
Removed top 29 bits (of 32) from port B of cell amiga_board_top.$flatten\logic_core.\video.\core.$ge$rtl/video_core.sv:70$414 ($ge).
Removed top 29 bits (of 32) from port B of cell amiga_board_top.$flatten\logic_core.\video.\core.$lt$rtl/video_core.sv:59$403 ($lt).
Removed top 10 bits (of 19) from port B of cell amiga_board_top.$flatten\logic_core.\clocks.\restart.$eq$rtl/pll_restart_control.sv:67$552 ($eq).
Removed top 24 bits (of 32) from port B of cell amiga_board_top.$flatten\logic_core.\clocks.\restart.$ge$rtl/pll_restart_control.sv:53$545 ($ge).
Removed top 29 bits (of 32) from port B of cell amiga_board_top.$flatten\logic_core.\clocks.\restart.$ge$rtl/pll_restart_control.sv:51$544 ($ge).
Removed top 28 bits (of 32) from port B of cell amiga_board_top.$flatten\logic_core.\clocks.\restart.$lt$rtl/pll_restart_control.sv:50$542 ($lt).
Removed top 30 bits (of 32) from port B of cell amiga_board_top.$flatten\logic_core.\clocks.\restart.$add$rtl/pll_restart_control.sv:26$514 ($add).
Removed top 23 bits (of 32) from port Y of cell amiga_board_top.$flatten\logic_core.\clocks.\restart.$add$rtl/pll_restart_control.sv:26$514 ($add).
Removed top 30 bits (of 32) from port B of cell amiga_board_top.$flatten\logic_core.\clocks.\restart.$add$rtl/pll_restart_control.sv:26$511 ($add).
Removed top 24 bits (of 32) from port B of cell amiga_board_top.$flatten\logic_core.\clocks.\restart.$le$rtl/pll_restart_control.sv:25$508 ($le).
Removed top 25 bits (of 32) from port B of cell amiga_board_top.$flatten\logic_core.\clocks.\restart.$ge$rtl/pll_restart_control.sv:25$506 ($ge).
Removed top 31 bits (of 32) from port B of cell amiga_board_top.$flatten\logic_core.\clocks.\restart.$add$rtl/pll_restart_control.sv:25$505 ($add).
Removed top 23 bits (of 32) from port Y of cell amiga_board_top.$flatten\logic_core.\clocks.\restart.$add$rtl/pll_restart_control.sv:25$505 ($add).
Removed top 25 bits (of 32) from port B of cell amiga_board_top.$flatten\logic_core.\clocks.\guard.$ge$rtl/video_clock_guard.sv:59$492 ($ge).
Removed top 30 bits (of 32) from port B of cell amiga_board_top.$flatten\logic_core.\clocks.\guard.$ge$rtl/video_clock_guard.sv:57$491 ($ge).
Removed top 29 bits (of 32) from port B of cell amiga_board_top.$flatten\logic_core.\clocks.\guard.$lt$rtl/video_clock_guard.sv:56$489 ($lt).
Removed top 25 bits (of 32) from port B of cell amiga_board_top.$flatten\logic_core.\clocks.\guard.$le$rtl/video_clock_guard.sv:55$487 ($le).
Removed top 26 bits (of 32) from port B of cell amiga_board_top.$flatten\logic_core.\clocks.\guard.$ge$rtl/video_clock_guard.sv:55$484 ($ge).
Removed top 31 bits (of 32) from port B of cell amiga_board_top.$flatten\logic_core.\clocks.\guard.$add$rtl/video_clock_guard.sv:55$483 ($add).
Removed top 24 bits (of 32) from port Y of cell amiga_board_top.$flatten\logic_core.\clocks.\guard.$add$rtl/video_clock_guard.sv:55$483 ($add).
Removed top 3 bits (of 18) from port B of cell amiga_board_top.$flatten\logic_core.\boot.\power_sequence.$eq$rtl/adc_power_sequence.sv:50$648 ($eq).
Removed top 9 bits (of 18) from port B of cell amiga_board_top.$flatten\logic_core.\boot.\power_sequence.$eq$rtl/adc_power_sequence.sv:47$646 ($eq).
Removed top 1 bits (of 2) from port B of cell amiga_board_top.$flatten\logic_core.\boot.\writer.$procmux$1227_CMP0 ($eq).
Removed top 1 bits (of 2) from port B of cell amiga_board_top.$flatten\logic_core.\boot.\writer.$procmux$1083_CMP0 ($eq).
Removed top 1 bits (of 3) from port A of cell amiga_board_top.$flatten\logic_core.\boot.\writer.$add$rtl/i2c_register_write.sv:93$620 ($add).
Removed top 2 bits (of 3) from port B of cell amiga_board_top.$flatten\logic_core.\boot.\writer.$add$rtl/i2c_register_write.sv:93$620 ($add).
Removed top 23 bits (of 32) from wire amiga_board_top.$flatten\logic_core.\clocks.\restart.$add$rtl/pll_restart_control.sv:26$514_Y.
Removed top 23 bits (of 32) from wire amiga_board_top.$flatten\logic_core.\clocks.\restart.$add$rtl/pll_restart_control.sv:25$505_Y.
Removed top 24 bits (of 32) from wire amiga_board_top.$flatten\logic_core.\clocks.\guard.$add$rtl/video_clock_guard.sv:55$483_Y.
Removed top 31 bits (of 32) from wire amiga_board_top.$flatten\logic_core.\video.\core.\lines.$ternary$rtl/line_double.sv:76$707_Y.
Removed top 10 bits (of 32) from wire amiga_board_top.$flatten\logic_core.\video.\front.$add$rtl/stream_sync_frontend.sv:90$460_Y.

19.17. Executing PEEPOPT pass (run peephole optimizers).

19.18. Executing OPT_CLEAN pass (remove unused cells and wires).
Finding unused cells or wires in module \amiga_board_top..
Removed 0 unused cells and 5 unused wires.
<suppressed ~1 debug messages>

19.19. Executing SHARE pass (SAT-based resource sharing).

19.20. Executing TECHMAP pass (map to technology primitives).

19.20.1. Executing Verilog-2005 frontend: C:\Users\zanac2\Documents\Codex\2026-09-08\m\work\tools\pnr_v015\oss-cad-suite\bin\../share/yosys/mul2dsp.v
Parsing Verilog input from `C:\Users\zanac2\Documents\Codex\2026-09-08\m\work\tools\pnr_v015\oss-cad-suite\bin\../share/yosys/mul2dsp.v' to AST representation.
Generating RTLIL representation for module `\_80_mul'.
Generating RTLIL representation for module `\_90_soft_mul'.
Successfully finished Verilog frontend.

19.20.2. Continuing TECHMAP pass.
No more expansions possible.
<suppressed ~4 debug messages>

19.21. Executing TECHMAP pass (map to technology primitives).

19.21.1. Executing Verilog-2005 frontend: C:\Users\zanac2\Documents\Codex\2026-09-08\m\work\tools\pnr_v015\oss-cad-suite\bin\../share/yosys/mul2dsp.v
Parsing Verilog input from `C:\Users\zanac2\Documents\Codex\2026-09-08\m\work\tools\pnr_v015\oss-cad-suite\bin\../share/yosys/mul2dsp.v' to AST representation.
Generating RTLIL representation for module `\_80_mul'.
Generating RTLIL representation for module `\_90_soft_mul'.
Successfully finished Verilog frontend.

19.21.2. Continuing TECHMAP pass.
No more expansions possible.
<suppressed ~4 debug messages>

19.22. Executing TECHMAP pass (map to technology primitives).

19.22.1. Executing Verilog-2005 frontend: C:\Users\zanac2\Documents\Codex\2026-09-08\m\work\tools\pnr_v015\oss-cad-suite\bin\../share/yosys/mul2dsp.v
Parsing Verilog input from `C:\Users\zanac2\Documents\Codex\2026-09-08\m\work\tools\pnr_v015\oss-cad-suite\bin\../share/yosys/mul2dsp.v' to AST representation.
Generating RTLIL representation for module `\_80_mul'.
Generating RTLIL representation for module `\_90_soft_mul'.
Successfully finished Verilog frontend.

19.22.2. Continuing TECHMAP pass.
No more expansions possible.
<suppressed ~4 debug messages>

19.23. Executing TECHMAP pass (map to technology primitives).

19.23.1. Executing Verilog-2005 frontend: C:\Users\zanac2\Documents\Codex\2026-09-08\m\work\tools\pnr_v015\oss-cad-suite\bin\../share/yosys/mul2dsp.v
Parsing Verilog input from `C:\Users\zanac2\Documents\Codex\2026-09-08\m\work\tools\pnr_v015\oss-cad-suite\bin\../share/yosys/mul2dsp.v' to AST representation.
Generating RTLIL representation for module `\_80_mul'.
Generating RTLIL representation for module `\_90_soft_mul'.
Successfully finished Verilog frontend.

19.23.2. Continuing TECHMAP pass.
No more expansions possible.
<suppressed ~4 debug messages>

19.24. Executing TECHMAP pass (map to technology primitives).

19.24.1. Executing Verilog-2005 frontend: C:\Users\zanac2\Documents\Codex\2026-09-08\m\work\tools\pnr_v015\oss-cad-suite\bin\../share/yosys/gowin/dsp_map.v
Parsing Verilog input from `C:\Users\zanac2\Documents\Codex\2026-09-08\m\work\tools\pnr_v015\oss-cad-suite\bin\../share/yosys/gowin/dsp_map.v' to AST representation.
Generating RTLIL representation for module `$__MUL9X9'.
Generating RTLIL representation for module `$__MUL18X18'.
Generating RTLIL representation for module `$__MUL36X36'.
Successfully finished Verilog frontend.

19.24.2. Continuing TECHMAP pass.
No more expansions possible.
<suppressed ~5 debug messages>

19.25. Executing ALUMACC pass (create $alu and $macc cells).
Extracting $alu and $macc cells in module amiga_board_top:
  creating $macc model for $flatten\logic_core.\boot.$add$rtl/tvp7002_boot.sv:114$399 ($add).
  creating $macc model for $flatten\logic_core.\boot.$add$rtl/tvp7002_boot.sv:110$397 ($add).
  creating $macc model for $flatten\logic_core.\clocks.\guard.$add$rtl/video_clock_guard.sv:55$483 ($add).
  creating $macc model for $flatten\logic_core.\clocks.\guard.$add$rtl/video_clock_guard.sv:56$490 ($add).
  creating $macc model for $flatten\logic_core.\clocks.\guard.$add$rtl/video_clock_guard.sv:61$493 ($add).
  creating $macc model for $flatten\logic_core.\clocks.\restart.$add$rtl/pll_restart_control.sv:25$505 ($add).
  creating $macc model for $flatten\logic_core.\clocks.\restart.$add$rtl/pll_restart_control.sv:26$511 ($add).
  creating $macc model for $flatten\logic_core.\clocks.\restart.$add$rtl/pll_restart_control.sv:26$514 ($add).
  creating $macc model for $flatten\logic_core.\clocks.\restart.$add$rtl/pll_restart_control.sv:37$532 ($add).
  creating $macc model for $flatten\logic_core.\clocks.\restart.$add$rtl/pll_restart_control.sv:50$543 ($add).
  creating $macc model for $flatten\logic_core.\clocks.\restart.$add$rtl/pll_restart_control.sv:54$546 ($add).
  creating $macc model for $flatten\logic_core.\boot.\writer.$add$rtl/i2c_register_write.sv:109$634 ($add).
  creating $macc model for $flatten\logic_core.\clocks.\restart.$add$rtl/pll_restart_control.sv:68$553 ($add).
  creating $macc model for $flatten\logic_core.\boot.\writer.$add$rtl/i2c_register_write.sv:97$625 ($add).
  creating $macc model for $flatten\logic_core.\boot.\writer.$add$rtl/i2c_register_write.sv:93$620 ($add).
  creating $macc model for $flatten\logic_core.\boot.\writer.$sub$rtl/i2c_register_write.sv:83$609 ($sub).
  creating $macc model for $flatten\logic_core.\boot.\power_sequence.$add$rtl/adc_power_sequence.sv:46$645 ($add).
  creating $macc model for $flatten\logic_core.\clocks.\guard.$add$rtl/video_clock_guard.sv:29$472 ($add).
  creating $macc model for $flatten\logic_core.\video.\core.$add$rtl/video_core.sv:65$408 ($add).
  creating $macc model for $flatten\logic_core.\video.\core.\lines.$add$rtl/line_double.sv:86$721 ($add).
  creating $macc model for $flatten\logic_core.\video.\core.\lines.$add$rtl/line_double.sv:80$712 ($add).
  creating $macc model for $flatten\logic_core.\video.\core.\lines.$add$rtl/line_double.sv:78$709 ($add).
  creating $macc model for $flatten\logic_core.\video.\core.\fields.$sub$rtl/field_sync.sv:36$658 ($sub).
  creating $macc model for $flatten\logic_core.\video.\core.\fields.$sub$rtl/field_sync.sv:29$655 ($sub).
  creating $macc model for $flatten\logic_core.\video.\front.$add$rtl/stream_sync_frontend.sv:74$451 ($add).
  creating $macc model for $flatten\logic_core.\video.\front.$add$rtl/stream_sync_frontend.sv:77$453 ($add).
  creating $macc model for $flatten\logic_core.\video.\front.$add$rtl/stream_sync_frontend.sv:82$456 ($add).
  creating $macc model for $flatten\logic_core.\video.\front.$add$rtl/stream_sync_frontend.sv:90$460 ($add).
  creating $macc model for $flatten\logic_core.\video.\front.$add$rtl/stream_sync_frontend.sv:102$467 ($add).
  creating $macc model for $flatten\logic_core.\video.\front.$sub$rtl/stream_sync_frontend.sv:106$469 ($sub).
  creating $macc model for $flatten\logic_core.\boot.\writer.$add$rtl/i2c_register_write.sv:53$582 ($add).
  creating $alu model for $macc $flatten\logic_core.\boot.\writer.$add$rtl/i2c_register_write.sv:53$582.
  creating $alu model for $macc $flatten\logic_core.\video.\front.$sub$rtl/stream_sync_frontend.sv:106$469.
  creating $alu model for $macc $flatten\logic_core.\video.\front.$add$rtl/stream_sync_frontend.sv:102$467.
  creating $alu model for $macc $flatten\logic_core.\video.\front.$add$rtl/stream_sync_frontend.sv:90$460.
  creating $alu model for $macc $flatten\logic_core.\video.\front.$add$rtl/stream_sync_frontend.sv:82$456.
  creating $alu model for $macc $flatten\logic_core.\video.\front.$add$rtl/stream_sync_frontend.sv:77$453.
  creating $alu model for $macc $flatten\logic_core.\video.\front.$add$rtl/stream_sync_frontend.sv:74$451.
  creating $alu model for $macc $flatten\logic_core.\video.\core.\fields.$sub$rtl/field_sync.sv:29$655.
  creating $alu model for $macc $flatten\logic_core.\video.\core.\fields.$sub$rtl/field_sync.sv:36$658.
  creating $alu model for $macc $flatten\logic_core.\video.\core.\lines.$add$rtl/line_double.sv:78$709.
  creating $alu model for $macc $flatten\logic_core.\video.\core.\lines.$add$rtl/line_double.sv:80$712.
  creating $alu model for $macc $flatten\logic_core.\video.\core.\lines.$add$rtl/line_double.sv:86$721.
  creating $alu model for $macc $flatten\logic_core.\video.\core.$add$rtl/video_core.sv:65$408.
  creating $alu model for $macc $flatten\logic_core.\clocks.\guard.$add$rtl/video_clock_guard.sv:29$472.
  creating $alu model for $macc $flatten\logic_core.\boot.\power_sequence.$add$rtl/adc_power_sequence.sv:46$645.
  creating $alu model for $macc $flatten\logic_core.\boot.\writer.$sub$rtl/i2c_register_write.sv:83$609.
  creating $alu model for $macc $flatten\logic_core.\boot.\writer.$add$rtl/i2c_register_write.sv:93$620.
  creating $alu model for $macc $flatten\logic_core.\boot.\writer.$add$rtl/i2c_register_write.sv:97$625.
  creating $alu model for $macc $flatten\logic_core.\clocks.\restart.$add$rtl/pll_restart_control.sv:68$553.
  creating $alu model for $macc $flatten\logic_core.\boot.\writer.$add$rtl/i2c_register_write.sv:109$634.
  creating $alu model for $macc $flatten\logic_core.\clocks.\restart.$add$rtl/pll_restart_control.sv:54$546.
  creating $alu model for $macc $flatten\logic_core.\clocks.\restart.$add$rtl/pll_restart_control.sv:50$543.
  creating $alu model for $macc $flatten\logic_core.\clocks.\restart.$add$rtl/pll_restart_control.sv:37$532.
  creating $alu model for $macc $flatten\logic_core.\clocks.\restart.$add$rtl/pll_restart_control.sv:26$514.
  creating $alu model for $macc $flatten\logic_core.\clocks.\restart.$add$rtl/pll_restart_control.sv:26$511.
  creating $alu model for $macc $flatten\logic_core.\clocks.\restart.$add$rtl/pll_restart_control.sv:25$505.
  creating $alu model for $macc $flatten\logic_core.\clocks.\guard.$add$rtl/video_clock_guard.sv:61$493.
  creating $alu model for $macc $flatten\logic_core.\clocks.\guard.$add$rtl/video_clock_guard.sv:56$490.
  creating $alu model for $macc $flatten\logic_core.\clocks.\guard.$add$rtl/video_clock_guard.sv:55$483.
  creating $alu model for $macc $flatten\logic_core.\boot.$add$rtl/tvp7002_boot.sv:110$397.
  creating $alu model for $macc $flatten\logic_core.\boot.$add$rtl/tvp7002_boot.sv:114$399.
  creating $alu model for $flatten\logic_core.\clocks.\guard.$ge$rtl/video_clock_guard.sv:55$484 ($ge): new $alu
  creating $alu model for $flatten\logic_core.\clocks.\guard.$le$rtl/video_clock_guard.sv:55$487 ($le): new $alu
  creating $alu model for $flatten\logic_core.\clocks.\guard.$lt$rtl/video_clock_guard.sv:56$489 ($lt): new $alu
  creating $alu model for $flatten\logic_core.\clocks.\guard.$ge$rtl/video_clock_guard.sv:57$491 ($ge): new $alu
  creating $alu model for $flatten\logic_core.\clocks.\guard.$ge$rtl/video_clock_guard.sv:59$492 ($ge): new $alu
  creating $alu model for $flatten\logic_core.\clocks.\restart.$ge$rtl/pll_restart_control.sv:25$506 ($ge): new $alu
  creating $alu model for $flatten\logic_core.\clocks.\restart.$le$rtl/pll_restart_control.sv:25$508 ($le): new $alu
  creating $alu model for $flatten\logic_core.\clocks.\restart.$ge$rtl/pll_restart_control.sv:26$512 ($ge): new $alu
  creating $alu model for $flatten\logic_core.\clocks.\restart.$le$rtl/pll_restart_control.sv:26$515 ($le): new $alu
  creating $alu model for $flatten\logic_core.\clocks.\restart.$lt$rtl/pll_restart_control.sv:50$542 ($lt): new $alu
  creating $alu model for $flatten\logic_core.\clocks.\restart.$ge$rtl/pll_restart_control.sv:51$544 ($ge): new $alu
  creating $alu model for $flatten\logic_core.\clocks.\restart.$ge$rtl/pll_restart_control.sv:53$545 ($ge): new $alu
  creating $alu model for $flatten\logic_core.\video.\core.$lt$rtl/video_core.sv:59$403 ($lt): new $alu
  creating $alu model for $flatten\logic_core.\video.\core.$ge$rtl/video_core.sv:70$414 ($ge): new $alu
  creating $alu model for $flatten\logic_core.\video.\core.$lt$rtl/video_core.sv:70$416 ($lt): new $alu
  creating $alu model for $flatten\logic_core.\video.\core.$ge$rtl/video_core.sv:70$418 ($ge): new $alu
  creating $alu model for $flatten\logic_core.\video.\core.$lt$rtl/video_core.sv:70$420 ($lt): new $alu
  creating $alu model for $flatten\logic_core.\video.\core.\lines.$ge$rtl/line_double.sv:88$722 ($ge): new $alu
  creating $alu model for $flatten\logic_core.\video.\core.\lines.$lt$rtl/line_double.sv:82$715 ($lt): merged with $flatten\logic_core.\video.\core.\lines.$ge$rtl/line_double.sv:88$722.
  creating $alu model for $flatten\logic_core.\video.\core.\lines.$lt$rtl/line_double.sv:79$710 ($lt): new $alu
  creating $alu model for $flatten\logic_core.\video.\core.\lines.$lt$rtl/line_double.sv:78$708 ($lt): new $alu
  creating $alu model for $flatten\logic_core.\video.\core.\fields.$gt$rtl/field_sync.sv:36$657 ($gt): merged with $flatten\logic_core.\video.\core.\fields.$sub$rtl/field_sync.sv:36$658.
  creating $alu model for $flatten\logic_core.\video.\front.$ge$rtl/stream_sync_frontend.sv:38$432 ($ge): new $alu
  creating $alu model for $flatten\logic_core.\video.\front.$lt$rtl/stream_sync_frontend.sv:74$450 ($lt): new $alu
  creating $alu model for $flatten\logic_core.\video.\front.$ge$rtl/stream_sync_frontend.sv:75$452 ($ge): new $alu
  creating $alu model for $flatten\logic_core.\video.\front.$ge$rtl/stream_sync_frontend.sv:90$461 ($ge): new $alu
  creating $alu model for $flatten\logic_core.\video.\front.$le$rtl/stream_sync_frontend.sv:90$464 ($le): new $alu
  creating $alu model for $flatten\logic_core.\video.\front.$ge$rtl/stream_sync_frontend.sv:100$466 ($ge): new $alu
  creating $alu model for $flatten\logic_core.\video.\core.\lines.$eq$rtl/line_double.sv:66$698 ($eq): merged with $flatten\logic_core.\video.\core.\lines.$ge$rtl/line_double.sv:88$722.
  creating $alu model for $flatten\logic_core.\video.\core.\lines.$eq$rtl/line_double.sv:65$696 ($eq): merged with $flatten\logic_core.\video.\core.\lines.$lt$rtl/line_double.sv:79$710.
  creating $alu model for $flatten\logic_core.\video.\front.$ne$rtl/stream_sync_frontend.sv:37$429 ($ne): merged with $flatten\logic_core.\video.\front.$ge$rtl/stream_sync_frontend.sv:38$432.
  creating $alu cell for $flatten\logic_core.\video.\front.$ge$rtl/stream_sync_frontend.sv:100$466: $auto$alumacc.cc:548:replace_alu$3713
  creating $alu cell for $flatten\logic_core.\video.\front.$le$rtl/stream_sync_frontend.sv:90$464: $auto$alumacc.cc:548:replace_alu$3726
  creating $alu cell for $flatten\logic_core.\video.\front.$ge$rtl/stream_sync_frontend.sv:90$461: $auto$alumacc.cc:548:replace_alu$3735
  creating $alu cell for $flatten\logic_core.\video.\front.$ge$rtl/stream_sync_frontend.sv:75$452: $auto$alumacc.cc:548:replace_alu$3748
  creating $alu cell for $flatten\logic_core.\video.\front.$lt$rtl/stream_sync_frontend.sv:74$450: $auto$alumacc.cc:548:replace_alu$3761
  creating $alu cell for $flatten\logic_core.\video.\front.$ge$rtl/stream_sync_frontend.sv:38$432, $flatten\logic_core.\video.\front.$ne$rtl/stream_sync_frontend.sv:37$429: $auto$alumacc.cc:548:replace_alu$3766
  creating $alu cell for $flatten\logic_core.\video.\core.\lines.$lt$rtl/line_double.sv:78$708: $auto$alumacc.cc:548:replace_alu$3781
  creating $alu cell for $flatten\logic_core.\video.\core.\lines.$lt$rtl/line_double.sv:79$710, $flatten\logic_core.\video.\core.\lines.$eq$rtl/line_double.sv:65$696: $auto$alumacc.cc:548:replace_alu$3786
  creating $alu cell for $flatten\logic_core.\video.\core.\lines.$ge$rtl/line_double.sv:88$722, $flatten\logic_core.\video.\core.\lines.$lt$rtl/line_double.sv:82$715, $flatten\logic_core.\video.\core.\lines.$eq$rtl/line_double.sv:66$698: $auto$alumacc.cc:548:replace_alu$3793
  creating $alu cell for $flatten\logic_core.\video.\core.$lt$rtl/video_core.sv:70$420: $auto$alumacc.cc:548:replace_alu$3806
  creating $alu cell for $flatten\logic_core.\video.\core.$ge$rtl/video_core.sv:70$418: $auto$alumacc.cc:548:replace_alu$3811
  creating $alu cell for $flatten\logic_core.\video.\core.$lt$rtl/video_core.sv:70$416: $auto$alumacc.cc:548:replace_alu$3824
  creating $alu cell for $flatten\logic_core.\video.\core.$ge$rtl/video_core.sv:70$414: $auto$alumacc.cc:548:replace_alu$3829
  creating $alu cell for $flatten\logic_core.\video.\core.$lt$rtl/video_core.sv:59$403: $auto$alumacc.cc:548:replace_alu$3842
  creating $alu cell for $flatten\logic_core.\clocks.\restart.$ge$rtl/pll_restart_control.sv:53$545: $auto$alumacc.cc:548:replace_alu$3847
  creating $alu cell for $flatten\logic_core.\clocks.\restart.$ge$rtl/pll_restart_control.sv:51$544: $auto$alumacc.cc:548:replace_alu$3860
  creating $alu cell for $flatten\logic_core.\clocks.\restart.$lt$rtl/pll_restart_control.sv:50$542: $auto$alumacc.cc:548:replace_alu$3873
  creating $alu cell for $flatten\logic_core.\clocks.\restart.$le$rtl/pll_restart_control.sv:26$515: $auto$alumacc.cc:548:replace_alu$3878
  creating $alu cell for $flatten\logic_core.\clocks.\restart.$ge$rtl/pll_restart_control.sv:26$512: $auto$alumacc.cc:548:replace_alu$3887
  creating $alu cell for $flatten\logic_core.\clocks.\restart.$le$rtl/pll_restart_control.sv:25$508: $auto$alumacc.cc:548:replace_alu$3900
  creating $alu cell for $flatten\logic_core.\clocks.\restart.$ge$rtl/pll_restart_control.sv:25$506: $auto$alumacc.cc:548:replace_alu$3909
  creating $alu cell for $flatten\logic_core.\clocks.\guard.$ge$rtl/video_clock_guard.sv:59$492: $auto$alumacc.cc:548:replace_alu$3922
  creating $alu cell for $flatten\logic_core.\clocks.\guard.$ge$rtl/video_clock_guard.sv:57$491: $auto$alumacc.cc:548:replace_alu$3935
  creating $alu cell for $flatten\logic_core.\clocks.\guard.$lt$rtl/video_clock_guard.sv:56$489: $auto$alumacc.cc:548:replace_alu$3948
  creating $alu cell for $flatten\logic_core.\clocks.\guard.$le$rtl/video_clock_guard.sv:55$487: $auto$alumacc.cc:548:replace_alu$3953
  creating $alu cell for $flatten\logic_core.\clocks.\guard.$ge$rtl/video_clock_guard.sv:55$484: $auto$alumacc.cc:548:replace_alu$3962
  creating $alu cell for $flatten\logic_core.\boot.$add$rtl/tvp7002_boot.sv:114$399: $auto$alumacc.cc:548:replace_alu$3975
  creating $alu cell for $flatten\logic_core.\boot.$add$rtl/tvp7002_boot.sv:110$397: $auto$alumacc.cc:548:replace_alu$3978
  creating $alu cell for $flatten\logic_core.\clocks.\guard.$add$rtl/video_clock_guard.sv:56$490: $auto$alumacc.cc:548:replace_alu$3981
  creating $alu cell for $flatten\logic_core.\clocks.\guard.$add$rtl/video_clock_guard.sv:55$483: $auto$alumacc.cc:548:replace_alu$3984
  creating $alu cell for $flatten\logic_core.\clocks.\guard.$add$rtl/video_clock_guard.sv:61$493: $auto$alumacc.cc:548:replace_alu$3987
  creating $alu cell for $flatten\logic_core.\clocks.\restart.$add$rtl/pll_restart_control.sv:26$511: $auto$alumacc.cc:548:replace_alu$3990
  creating $alu cell for $flatten\logic_core.\clocks.\restart.$add$rtl/pll_restart_control.sv:26$514: $auto$alumacc.cc:548:replace_alu$3993
  creating $alu cell for $flatten\logic_core.\clocks.\restart.$add$rtl/pll_restart_control.sv:37$532: $auto$alumacc.cc:548:replace_alu$3996
  creating $alu cell for $flatten\logic_core.\clocks.\restart.$add$rtl/pll_restart_control.sv:50$543: $auto$alumacc.cc:548:replace_alu$3999
  creating $alu cell for $flatten\logic_core.\clocks.\restart.$add$rtl/pll_restart_control.sv:25$505: $auto$alumacc.cc:548:replace_alu$4002
  creating $alu cell for $flatten\logic_core.\clocks.\restart.$add$rtl/pll_restart_control.sv:54$546: $auto$alumacc.cc:548:replace_alu$4005
  creating $alu cell for $flatten\logic_core.\boot.\writer.$add$rtl/i2c_register_write.sv:109$634: $auto$alumacc.cc:548:replace_alu$4008
  creating $alu cell for $flatten\logic_core.\clocks.\restart.$add$rtl/pll_restart_control.sv:68$553: $auto$alumacc.cc:548:replace_alu$4011
  creating $alu cell for $flatten\logic_core.\boot.\writer.$add$rtl/i2c_register_write.sv:97$625: $auto$alumacc.cc:548:replace_alu$4014
  creating $alu cell for $flatten\logic_core.\boot.\writer.$add$rtl/i2c_register_write.sv:93$620: $auto$alumacc.cc:548:replace_alu$4017
  creating $alu cell for $flatten\logic_core.\boot.\writer.$sub$rtl/i2c_register_write.sv:83$609: $auto$alumacc.cc:548:replace_alu$4020
  creating $alu cell for $flatten\logic_core.\boot.\power_sequence.$add$rtl/adc_power_sequence.sv:46$645: $auto$alumacc.cc:548:replace_alu$4023
  creating $alu cell for $flatten\logic_core.\clocks.\guard.$add$rtl/video_clock_guard.sv:29$472: $auto$alumacc.cc:548:replace_alu$4026
  creating $alu cell for $flatten\logic_core.\video.\core.$add$rtl/video_core.sv:65$408: $auto$alumacc.cc:548:replace_alu$4029
  creating $alu cell for $flatten\logic_core.\video.\core.\lines.$add$rtl/line_double.sv:86$721: $auto$alumacc.cc:548:replace_alu$4032
  creating $alu cell for $flatten\logic_core.\video.\core.\lines.$add$rtl/line_double.sv:80$712: $auto$alumacc.cc:548:replace_alu$4035
  creating $alu cell for $flatten\logic_core.\video.\core.\lines.$add$rtl/line_double.sv:78$709: $auto$alumacc.cc:548:replace_alu$4038
  creating $alu cell for $flatten\logic_core.\video.\core.\fields.$sub$rtl/field_sync.sv:36$658, $flatten\logic_core.\video.\core.\fields.$gt$rtl/field_sync.sv:36$657: $auto$alumacc.cc:548:replace_alu$4041
  creating $alu cell for $flatten\logic_core.\video.\core.\fields.$sub$rtl/field_sync.sv:29$655: $auto$alumacc.cc:548:replace_alu$4054
  creating $alu cell for $flatten\logic_core.\video.\front.$add$rtl/stream_sync_frontend.sv:74$451: $auto$alumacc.cc:548:replace_alu$4057
  creating $alu cell for $flatten\logic_core.\video.\front.$add$rtl/stream_sync_frontend.sv:77$453: $auto$alumacc.cc:548:replace_alu$4060
  creating $alu cell for $flatten\logic_core.\video.\front.$add$rtl/stream_sync_frontend.sv:82$456: $auto$alumacc.cc:548:replace_alu$4063
  creating $alu cell for $flatten\logic_core.\video.\front.$add$rtl/stream_sync_frontend.sv:90$460: $auto$alumacc.cc:548:replace_alu$4066
  creating $alu cell for $flatten\logic_core.\video.\front.$add$rtl/stream_sync_frontend.sv:102$467: $auto$alumacc.cc:548:replace_alu$4069
  creating $alu cell for $flatten\logic_core.\video.\front.$sub$rtl/stream_sync_frontend.sv:106$469: $auto$alumacc.cc:548:replace_alu$4072
  creating $alu cell for $flatten\logic_core.\boot.\writer.$add$rtl/i2c_register_write.sv:53$582: $auto$alumacc.cc:548:replace_alu$4075
  created 57 $alu and 0 $macc cells.

19.26. Executing OPT pass (performing simple optimizations).

19.26.1. Executing OPT_EXPR pass (perform const folding).
Optimizing module amiga_board_top.
<suppressed ~4 debug messages>

19.26.2. Executing OPT_MERGE pass (detect identical cells).
Finding identical cells in module `\amiga_board_top'.
Computing hashes of 944 cells of `\amiga_board_top'.
Finding duplicate cells in `\amiga_board_top'.
Removed a total of 0 cells.

19.26.3. Executing OPT_MUXTREE pass (detect dead branches in mux trees).
Running muxtree optimizer on module \amiga_board_top..
  Creating internal representation of mux trees.
  Evaluating internal representation of mux trees.
  Analyzing evaluation results.
Removed 0 multiplexer ports.
<suppressed ~326 debug messages>

19.26.4. Executing OPT_REDUCE pass (consolidate $*mux and $reduce_* inputs).
  Optimizing cells in module \amiga_board_top.
    New input vector for $reduce_or cell $auto$simple.cc:236:combine_resets$3448: { \logic_core.clocks.restart.edge_seen $flatten\logic_core.\clocks.\restart.$logic_or$rtl/pll_restart_control.sv:28$521_Y $auto$rtlil.cc:3237:ReduceAnd$3853 $auto$rtlil.cc:3234:Not$3857 }
  Optimizing cells in module \amiga_board_top.
Performed a total of 1 changes.

19.26.5. Executing OPT_MERGE pass (detect identical cells).
Finding identical cells in module `\amiga_board_top'.
Computing hashes of 944 cells of `\amiga_board_top'.
Finding duplicate cells in `\amiga_board_top'.
Removed a total of 0 cells.

19.26.6. Executing OPT_DFF pass (perform DFF optimizations).

19.26.7. Executing OPT_CLEAN pass (remove unused cells and wires).
Finding unused cells or wires in module \amiga_board_top..
Removed 0 unused cells and 31 unused wires.
<suppressed ~1 debug messages>

19.26.8. Executing OPT_EXPR pass (perform const folding).
Optimizing module amiga_board_top.

19.26.9. Rerunning OPT passes. (Maybe there is more to do..)

19.26.10. Executing OPT_MUXTREE pass (detect dead branches in mux trees).
Running muxtree optimizer on module \amiga_board_top..
  Creating internal representation of mux trees.
  Evaluating internal representation of mux trees.
  Analyzing evaluation results.
Removed 0 multiplexer ports.
<suppressed ~326 debug messages>

19.26.11. Executing OPT_REDUCE pass (consolidate $*mux and $reduce_* inputs).
  Optimizing cells in module \amiga_board_top.
Performed a total of 0 changes.

19.26.12. Executing OPT_MERGE pass (detect identical cells).
Finding identical cells in module `\amiga_board_top'.
Computing hashes of 944 cells of `\amiga_board_top'.
Finding duplicate cells in `\amiga_board_top'.
Removed a total of 0 cells.

19.26.13. Executing OPT_DFF pass (perform DFF optimizations).

19.26.14. Executing OPT_CLEAN pass (remove unused cells and wires).
Finding unused cells or wires in module \amiga_board_top..

19.26.15. Executing OPT_EXPR pass (perform const folding).
Optimizing module amiga_board_top.

19.26.16. Finished fast OPT passes. (There is nothing left to do.)

19.27. Executing MEMORY pass.

19.27.1. Executing OPT_MEM pass (optimize memories).
amiga_board_top.$flatten\logic_core.\boot.$auto$proc_rom.cc:155:do_switch$725: removing const-0 lane 14
amiga_board_top.$flatten\logic_core.\boot.$auto$proc_rom.cc:155:do_switch$725: removing const-0 lane 15
Performed a total of 1 transformations.

19.27.2. Executing OPT_MEM_PRIORITY pass (removing unnecessary memory write priority relations).
Performed a total of 0 transformations.

19.27.3. Executing OPT_MEM_FEEDBACK pass (finding memory read-to-write feedback paths).
  Analyzing amiga_board_top.logic_core.video.core.lines.bank1 write port 0.
  Analyzing amiga_board_top.logic_core.video.core.lines.bank0 write port 0.

19.27.4. Executing MEMORY_BMUX2ROM pass (converting muxes to ROMs).

19.27.5. Executing MEMORY_DFF pass (merging $dff cells to $memrd).
Checking read port `$flatten\logic_core.\boot.$auto$proc_rom.cc:155:do_switch$725'[0] in module `\amiga_board_top': merging output FF to cell.
Checking read port `\logic_core.video.core.lines.bank1'[0] in module `\amiga_board_top': merging output FF to cell.
    Write port 0: non-transparent.
Checking read port `\logic_core.video.core.lines.bank0'[0] in module `\amiga_board_top': merging output FF to cell.
    Write port 0: non-transparent.

19.27.6. Executing OPT_CLEAN pass (remove unused cells and wires).
Finding unused cells or wires in module \amiga_board_top..
Removed 3 unused cells and 58 unused wires.
<suppressed ~4 debug messages>

19.27.7. Executing MEMORY_SHARE pass (consolidating $memrd/$memwr cells).

19.27.8. Executing OPT_MEM_WIDEN pass (optimize memories where all ports are wide).
Performed a total of 0 transformations.

19.27.9. Executing OPT_CLEAN pass (remove unused cells and wires).
Finding unused cells or wires in module \amiga_board_top..

19.27.10. Executing MEMORY_COLLECT pass (generating $mem cells).

19.28. Executing OPT_CLEAN pass (remove unused cells and wires).
Finding unused cells or wires in module \amiga_board_top..

19.29. Executing MEMORY_LIBMAP pass (mapping memories to cells).
using FF mapping for memory amiga_board_top.$flatten\logic_core.\boot.$auto$proc_rom.cc:155:do_switch$725
found attribute 'ram_style = block' on memory amiga_board_top.logic_core.video.core.lines.bank1, forced mapping to block RAM
mapping memory amiga_board_top.logic_core.video.core.lines.bank1 via $__GOWIN_DP_
found attribute 'ram_style = block' on memory amiga_board_top.logic_core.video.core.lines.bank0, forced mapping to block RAM
mapping memory amiga_board_top.logic_core.video.core.lines.bank0 via $__GOWIN_DP_
<suppressed ~701 debug messages>

19.30. Executing TECHMAP pass (map to technology primitives).

19.30.1. Executing Verilog-2005 frontend: C:\Users\zanac2\Documents\Codex\2026-09-08\m\work\tools\pnr_v015\oss-cad-suite\bin\../share/yosys/gowin/lutrams_map.v
Parsing Verilog input from `C:\Users\zanac2\Documents\Codex\2026-09-08\m\work\tools\pnr_v015\oss-cad-suite\bin\../share/yosys/gowin/lutrams_map.v' to AST representation.
Generating RTLIL representation for module `$__GOWIN_LUTRAM_'.
Successfully finished Verilog frontend.

19.30.2. Executing Verilog-2005 frontend: C:\Users\zanac2\Documents\Codex\2026-09-08\m\work\tools\pnr_v015\oss-cad-suite\bin\../share/yosys/gowin/brams_map.v
Parsing Verilog input from `C:\Users\zanac2\Documents\Codex\2026-09-08\m\work\tools\pnr_v015\oss-cad-suite\bin\../share/yosys/gowin/brams_map.v' to AST representation.
Generating RTLIL representation for module `$__GOWIN_SP_'.
Generating RTLIL representation for module `$__GOWIN_DP_'.
Generating RTLIL representation for module `$__GOWIN_SDP_'.
Successfully finished Verilog frontend.

19.30.3. Continuing TECHMAP pass.
Using template $paramod$7548bd16310fb138f374a81d2580786f44d367d5$__GOWIN_DP_ for cells of type $__GOWIN_DP_.
No more expansions possible.
<suppressed ~35 debug messages>

19.31. Executing OPT pass (performing simple optimizations).

19.31.1. Executing OPT_EXPR pass (perform const folding).
Optimizing module amiga_board_top.
<suppressed ~238 debug messages>

19.31.2. Executing OPT_MERGE pass (detect identical cells).
Finding identical cells in module `\amiga_board_top'.
Computing hashes of 908 cells of `\amiga_board_top'.
Finding duplicate cells in `\amiga_board_top'.
Computing hashes of 895 cells of `\amiga_board_top'.
Finding duplicate cells in `\amiga_board_top'.
Computing hashes of 893 cells of `\amiga_board_top'.
Finding duplicate cells in `\amiga_board_top'.
<suppressed ~45 debug messages>
Removed a total of 15 cells.

19.31.3. Executing OPT_DFF pass (perform DFF optimizations).
Removing always-active EN on $auto$mem.cc:1169:emulate_transparency$4150 ($dffe) from module amiga_board_top.
Setting constant 0-bit at position 0 on $auto$ff.cc:337:slice$3551 ($sdffe) from module amiga_board_top.
Setting constant 0-bit at position 1 on $auto$ff.cc:337:slice$3551 ($sdffe) from module amiga_board_top.
Setting constant 0-bit at position 2 on $auto$ff.cc:337:slice$3551 ($sdffe) from module amiga_board_top.
Setting constant 0-bit at position 3 on $auto$ff.cc:337:slice$3551 ($sdffe) from module amiga_board_top.
Setting constant 0-bit at position 4 on $auto$ff.cc:337:slice$3551 ($sdffe) from module amiga_board_top.
Setting constant 0-bit at position 5 on $auto$ff.cc:337:slice$3551 ($sdffe) from module amiga_board_top.
Setting constant 0-bit at position 6 on $auto$ff.cc:337:slice$3551 ($sdffe) from module amiga_board_top.
Setting constant 0-bit at position 7 on $auto$ff.cc:337:slice$3551 ($sdffe) from module amiga_board_top.

19.31.4. Executing OPT_CLEAN pass (remove unused cells and wires).
Finding unused cells or wires in module \amiga_board_top..
Removed 14 unused cells and 325 unused wires.
<suppressed ~15 debug messages>

19.31.5. Rerunning OPT passes. (Removed registers in this run.)

19.31.6. Executing OPT_EXPR pass (perform const folding).
Optimizing module amiga_board_top.
<suppressed ~5 debug messages>

19.31.7. Executing OPT_MERGE pass (detect identical cells).
Finding identical cells in module `\amiga_board_top'.
Computing hashes of 873 cells of `\amiga_board_top'.
Finding duplicate cells in `\amiga_board_top'.
Removed a total of 0 cells.

19.31.8. Executing OPT_DFF pass (perform DFF optimizations).
Adding SRST signal on $auto$mem.cc:1647:emulate_read_first$4147 ($dff) from module amiga_board_top (D = \logic_core.video.core.lines.written [10:0], Q = $auto$mem.cc:1643:emulate_read_first$4144, rval = 11'00000000000).

19.31.9. Executing OPT_CLEAN pass (remove unused cells and wires).
Finding unused cells or wires in module \amiga_board_top..
Removed 1 unused cells and 6 unused wires.
<suppressed ~3 debug messages>

19.31.10. Rerunning OPT passes. (Removed registers in this run.)

19.31.11. Executing OPT_EXPR pass (perform const folding).
Optimizing module amiga_board_top.

19.31.12. Executing OPT_MERGE pass (detect identical cells).
Finding identical cells in module `\amiga_board_top'.
Computing hashes of 872 cells of `\amiga_board_top'.
Finding duplicate cells in `\amiga_board_top'.
Removed a total of 0 cells.

19.31.13. Executing OPT_DFF pass (perform DFF optimizations).

19.31.14. Executing OPT_CLEAN pass (remove unused cells and wires).
Finding unused cells or wires in module \amiga_board_top..

19.31.15. Finished fast OPT passes.

19.32. Executing MEMORY_MAP pass (converting memories to logic and flip-flops).
Mapping memory $flatten\logic_core.\boot.$auto$proc_rom.cc:155:do_switch$725 in module \amiga_board_top:
  created 64 $dff cells and 0 static cells of width 14.
Extracted data FF from read port 0 of amiga_board_top.$flatten\logic_core.\boot.$auto$proc_rom.cc:155:do_switch$725: $$flatten\logic_core.\boot.$auto$proc_rom.cc:155:do_switch$725$rdreg[0]
  read interface: 1 $dff and 63 $mux cells.
  write interface: 0 write mux blocks.

19.33. Executing OPT pass (performing simple optimizations).

19.33.1. Executing OPT_EXPR pass (perform const folding).
Optimizing module amiga_board_top.
<suppressed ~25 debug messages>

19.33.2. Executing OPT_MERGE pass (detect identical cells).
Finding identical cells in module `\amiga_board_top'.
Computing hashes of 910 cells of `\amiga_board_top'.
Finding duplicate cells in `\amiga_board_top'.
Removed a total of 0 cells.

19.33.3. Executing OPT_MUXTREE pass (detect dead branches in mux trees).
Running muxtree optimizer on module \amiga_board_top..
  Creating internal representation of mux trees.
  Evaluating internal representation of mux trees.
  Analyzing evaluation results.
Removed 0 multiplexer ports.
<suppressed ~230 debug messages>

19.33.4. Executing OPT_REDUCE pass (consolidate $*mux and $reduce_* inputs).
  Optimizing cells in module \amiga_board_top.
    Consolidated identical input bits for $mux cell $memory$flatten\logic_core.\boot.$auto$proc_rom.cc:155:do_switch$725$rdmux[0][5][5]$4712:
      Old ports: A=14'00001100010000, B=14'00010000000000, Y=$memory$flatten\logic_core.\boot.$auto$proc_rom.cc:155:do_switch$725$rdmux[0][4][2]$b$4657
      New ports: A=2'01, B=2'10, Y={ $memory$flatten\logic_core.\boot.$auto$proc_rom.cc:155:do_switch$725$rdmux[0][4][2]$b$4657 [10] $memory$flatten\logic_core.\boot.$auto$proc_rom.cc:155:do_switch$725$rdmux[0][4][2]$b$4657 [4] }
      New connections: { $memory$flatten\logic_core.\boot.$auto$proc_rom.cc:155:do_switch$725$rdmux[0][4][2]$b$4657 [13:11] $memory$flatten\logic_core.\boot.$auto$proc_rom.cc:155:do_switch$725$rdmux[0][4][2]$b$4657 [9:5] $memory$flatten\logic_core.\boot.$auto$proc_rom.cc:155:do_switch$725$rdmux[0][4][2]$b$4657 [3:0] } = { 3'000 $memory$flatten\logic_core.\boot.$auto$proc_rom.cc:155:do_switch$725$rdmux[0][4][2]$b$4657 [4] $memory$flatten\logic_core.\boot.$auto$proc_rom.cc:155:do_switch$725$rdmux[0][4][2]$b$4657 [4] 7'0000000 }
    Consolidated identical input bits for $mux cell $memory$flatten\logic_core.\boot.$auto$proc_rom.cc:155:do_switch$725$rdmux[0][5][4]$4709:
      Old ports: A=14'00000101110001, B=14'00001010000000, Y=$memory$flatten\logic_core.\boot.$auto$proc_rom.cc:155:do_switch$725$rdmux[0][4][2]$a$4656
      New ports: A=2'01, B=2'10, Y={ $memory$flatten\logic_core.\boot.$auto$proc_rom.cc:155:do_switch$725$rdmux[0][4][2]$a$4656 [7] $memory$flatten\logic_core.\boot.$auto$proc_rom.cc:155:do_switch$725$rdmux[0][4][2]$a$4656 [0] }
      New connections: { $memory$flatten\logic_core.\boot.$auto$proc_rom.cc:155:do_switch$725$rdmux[0][4][2]$a$4656 [13:8] $memory$flatten\logic_core.\boot.$auto$proc_rom.cc:155:do_switch$725$rdmux[0][4][2]$a$4656 [6:1] } = { 4'0000 $memory$flatten\logic_core.\boot.$auto$proc_rom.cc:155:do_switch$725$rdmux[0][4][2]$a$4656 [7] $memory$flatten\logic_core.\boot.$auto$proc_rom.cc:155:do_switch$725$rdmux[0][4][2]$a$4656 [0] $memory$flatten\logic_core.\boot.$auto$proc_rom.cc:155:do_switch$725$rdmux[0][4][2]$a$4656 [0] $memory$flatten\logic_core.\boot.$auto$proc_rom.cc:155:do_switch$725$rdmux[0][4][2]$a$4656 [0] $memory$flatten\logic_core.\boot.$auto$proc_rom.cc:155:do_switch$725$rdmux[0][4][2]$a$4656 [0] 3'000 }
    Consolidated identical input bits for $mux cell $memory$flatten\logic_core.\boot.$auto$proc_rom.cc:155:do_switch$725$rdmux[0][5][3]$4706:
      Old ports: A=14'01010100000000, B=14'01100000000000, Y=$memory$flatten\logic_core.\boot.$auto$proc_rom.cc:155:do_switch$725$rdmux[0][4][1]$b$4654
      New ports: A=2'01, B=2'10, Y={ $memory$flatten\logic_core.\boot.$auto$proc_rom.cc:155:do_switch$725$rdmux[0][4][1]$b$4654 [11] $memory$flatten\logic_core.\boot.$auto$proc_rom.cc:155:do_switch$725$rdmux[0][4][1]$b$4654 [8] }
      New connections: { $memory$flatten\logic_core.\boot.$auto$proc_rom.cc:155:do_switch$725$rdmux[0][4][1]$b$4654 [13:12] $memory$flatten\logic_core.\boot.$auto$proc_rom.cc:155:do_switch$725$rdmux[0][4][1]$b$4654 [10:9] $memory$flatten\logic_core.\boot.$auto$proc_rom.cc:155:do_switch$725$rdmux[0][4][1]$b$4654 [7:0] } = { 2'01 $memory$flatten\logic_core.\boot.$auto$proc_rom.cc:155:do_switch$725$rdmux[0][4][1]$b$4654 [8] 9'000000000 }
    Consolidated identical input bits for $mux cell $memory$flatten\logic_core.\boot.$auto$proc_rom.cc:155:do_switch$725$rdmux[0][5][2]$4703:
      Old ports: A=14'00111100101110, B=14'01000001011000, Y=$memory$flatten\logic_core.\boot.$auto$proc_rom.cc:155:do_switch$725$rdmux[0][4][1]$a$4653
      New ports: A=2'01, B=2'10, Y={ $memory$flatten\logic_core.\boot.$auto$proc_rom.cc:155:do_switch$725$rdmux[0][4][1]$a$4653 [4] $memory$flatten\logic_core.\boot.$auto$proc_rom.cc:155:do_switch$725$rdmux[0][4][1]$a$4653 [1] }
      New connections: { $memory$flatten\logic_core.\boot.$auto$proc_rom.cc:155:do_switch$725$rdmux[0][4][1]$a$4653 [13:5] $memory$flatten\logic_core.\boot.$auto$proc_rom.cc:155:do_switch$725$rdmux[0][4][1]$a$4653 [3:2] $memory$flatten\logic_core.\boot.$auto$proc_rom.cc:155:do_switch$725$rdmux[0][4][1]$a$4653 [0] } = { 1'0 $memory$flatten\logic_core.\boot.$auto$proc_rom.cc:155:do_switch$725$rdmux[0][4][1]$a$4653 [4] $memory$flatten\logic_core.\boot.$auto$proc_rom.cc:155:do_switch$725$rdmux[0][4][1]$a$4653 [1] $memory$flatten\logic_core.\boot.$auto$proc_rom.cc:155:do_switch$725$rdmux[0][4][1]$a$4653 [1] $memory$flatten\logic_core.\boot.$auto$proc_rom.cc:155:do_switch$725$rdmux[0][4][1]$a$4653 [1] $memory$flatten\logic_core.\boot.$auto$proc_rom.cc:155:do_switch$725$rdmux[0][4][1]$a$4653 [1] 1'0 $memory$flatten\logic_core.\boot.$auto$proc_rom.cc:155:do_switch$725$rdmux[0][4][1]$a$4653 [4] $memory$flatten\logic_core.\boot.$auto$proc_rom.cc:155:do_switch$725$rdmux[0][4][1]$a$4653 [1] 1'1 $memory$flatten\logic_core.\boot.$auto$proc_rom.cc:155:do_switch$725$rdmux[0][4][1]$a$4653 [1] 1'0 }
    Consolidated identical input bits for $mux cell $memory$flatten\logic_core.\boot.$auto$proc_rom.cc:155:do_switch$725$rdmux[0][5][1]$4700:
      Old ports: A=14'01101011001010, B=14'00111000010010, Y=$memory$flatten\logic_core.\boot.$auto$proc_rom.cc:155:do_switch$725$rdmux[0][4][0]$b$4651
      New ports: A=2'01, B=2'10, Y=$memory$flatten\logic_core.\boot.$auto$proc_rom.cc:155:do_switch$725$rdmux[0][4][0]$b$4651 [4:3]
      New connections: { $memory$flatten\logic_core.\boot.$auto$proc_rom.cc:155:do_switch$725$rdmux[0][4][0]$b$4651 [13:5] $memory$flatten\logic_core.\boot.$auto$proc_rom.cc:155:do_switch$725$rdmux[0][4][0]$b$4651 [2:0] } = { 1'0 $memory$flatten\logic_core.\boot.$auto$proc_rom.cc:155:do_switch$725$rdmux[0][4][0]$b$4651 [3] 1'1 $memory$flatten\logic_core.\boot.$auto$proc_rom.cc:155:do_switch$725$rdmux[0][4][0]$b$4651 [4] 2'10 $memory$flatten\logic_core.\boot.$auto$proc_rom.cc:155:do_switch$725$rdmux[0][4][0]$b$4651 [3] $memory$flatten\logic_core.\boot.$auto$proc_rom.cc:155:do_switch$725$rdmux[0][4][0]$b$4651 [3] 4'0010 }
    Consolidated identical input bits for $mux cell $memory$flatten\logic_core.\boot.$auto$proc_rom.cc:155:do_switch$725$rdmux[0][5][0]$4697:
      Old ports: A=14'01011100000011, B=14'01100100000000, Y=$memory$flatten\logic_core.\boot.$auto$proc_rom.cc:155:do_switch$725$rdmux[0][4][0]$a$4650
      New ports: A=2'01, B=2'10, Y={ $memory$flatten\logic_core.\boot.$auto$proc_rom.cc:155:do_switch$725$rdmux[0][4][0]$a$4650 [11] $memory$flatten\logic_core.\boot.$auto$proc_rom.cc:155:do_switch$725$rdmux[0][4][0]$a$4650 [0] }
      New connections: { $memory$flatten\logic_core.\boot.$auto$proc_rom.cc:155:do_switch$725$rdmux[0][4][0]$a$4650 [13:12] $memory$flatten\logic_core.\boot.$auto$proc_rom.cc:155:do_switch$725$rdmux[0][4][0]$a$4650 [10:1] } = { 2'01 $memory$flatten\logic_core.\boot.$auto$proc_rom.cc:155:do_switch$725$rdmux[0][4][0]$a$4650 [0] $memory$flatten\logic_core.\boot.$auto$proc_rom.cc:155:do_switch$725$rdmux[0][4][0]$a$4650 [0] 7'1000000 $memory$flatten\logic_core.\boot.$auto$proc_rom.cc:155:do_switch$725$rdmux[0][4][0]$a$4650 [0] }
    Consolidated identical input bits for $mux cell $memory$flatten\logic_core.\boot.$auto$proc_rom.cc:155:do_switch$725$rdmux[0][5][16]$4745:
      Old ports: A=14'10101000000111, B=14'10110100000000, Y=$memory$flatten\logic_core.\boot.$auto$proc_rom.cc:155:do_switch$725$rdmux[0][4][8]$a$4674
      New ports: A=2'01, B=2'10, Y={ $memory$flatten\logic_core.\boot.$auto$proc_rom.cc:155:do_switch$725$rdmux[0][4][8]$a$4674 [8] $memory$flatten\logic_core.\boot.$auto$proc_rom.cc:155:do_switch$725$rdmux[0][4][8]$a$4674 [0] }
      New connections: { $memory$flatten\logic_core.\boot.$auto$proc_rom.cc:155:do_switch$725$rdmux[0][4][8]$a$4674 [13:9] $memory$flatten\logic_core.\boot.$auto$proc_rom.cc:155:do_switch$725$rdmux[0][4][8]$a$4674 [7:1] } = { 3'101 $memory$flatten\logic_core.\boot.$auto$proc_rom.cc:155:do_switch$725$rdmux[0][4][8]$a$4674 [8] $memory$flatten\logic_core.\boot.$auto$proc_rom.cc:155:do_switch$725$rdmux[0][4][8]$a$4674 [0] 5'00000 $memory$flatten\logic_core.\boot.$auto$proc_rom.cc:155:do_switch$725$rdmux[0][4][8]$a$4674 [0] $memory$flatten\logic_core.\boot.$auto$proc_rom.cc:155:do_switch$725$rdmux[0][4][8]$a$4674 [0] }
    Consolidated identical input bits for $mux cell $memory$flatten\logic_core.\boot.$auto$proc_rom.cc:155:do_switch$725$rdmux[0][5][15]$4742:
      Old ports: A=14'10011010000000, B=14'10100000110011, Y=$memory$flatten\logic_core.\boot.$auto$proc_rom.cc:155:do_switch$725$rdmux[0][4][7]$b$4672
      New ports: A=2'10, B=2'01, Y={ $memory$flatten\logic_core.\boot.$auto$proc_rom.cc:155:do_switch$725$rdmux[0][4][7]$b$4672 [7] $memory$flatten\logic_core.\boot.$auto$proc_rom.cc:155:do_switch$725$rdmux[0][4][7]$b$4672 [0] }
      New connections: { $memory$flatten\logic_core.\boot.$auto$proc_rom.cc:155:do_switch$725$rdmux[0][4][7]$b$4672 [13:8] $memory$flatten\logic_core.\boot.$auto$proc_rom.cc:155:do_switch$725$rdmux[0][4][7]$b$4672 [6:1] } = { 2'10 $memory$flatten\logic_core.\boot.$auto$proc_rom.cc:155:do_switch$725$rdmux[0][4][7]$b$4672 [0] $memory$flatten\logic_core.\boot.$auto$proc_rom.cc:155:do_switch$725$rdmux[0][4][7]$b$4672 [7] $memory$flatten\logic_core.\boot.$auto$proc_rom.cc:155:do_switch$725$rdmux[0][4][7]$b$4672 [7] 2'00 $memory$flatten\logic_core.\boot.$auto$proc_rom.cc:155:do_switch$725$rdmux[0][4][7]$b$4672 [0] $memory$flatten\logic_core.\boot.$auto$proc_rom.cc:155:do_switch$725$rdmux[0][4][7]$b$4672 [0] 2'00 $memory$flatten\logic_core.\boot.$auto$proc_rom.cc:155:do_switch$725$rdmux[0][4][7]$b$4672 [0] }
    Consolidated identical input bits for $mux cell $memory$flatten\logic_core.\boot.$auto$proc_rom.cc:155:do_switch$725$rdmux[0][5][14]$4739:
      Old ports: A=14'01111100010000, B=14'10000000010000, Y=$memory$flatten\logic_core.\boot.$auto$proc_rom.cc:155:do_switch$725$rdmux[0][4][7]$a$4671
      New ports: A=2'01, B=2'10, Y={ $memory$flatten\logic_core.\boot.$auto$proc_rom.cc:155:do_switch$725$rdmux[0][4][7]$a$4671 [13] $memory$flatten\logic_core.\boot.$auto$proc_rom.cc:155:do_switch$725$rdmux[0][4][7]$a$4671 [8] }
      New connections: { $memory$flatten\logic_core.\boot.$auto$proc_rom.cc:155:do_switch$725$rdmux[0][4][7]$a$4671 [12:9] $memory$flatten\logic_core.\boot.$auto$proc_rom.cc:155:do_switch$725$rdmux[0][4][7]$a$4671 [7:0] } = { $memory$flatten\logic_core.\boot.$auto$proc_rom.cc:155:do_switch$725$rdmux[0][4][7]$a$4671 [8] $memory$flatten\logic_core.\boot.$auto$proc_rom.cc:155:do_switch$725$rdmux[0][4][7]$a$4671 [8] $memory$flatten\logic_core.\boot.$auto$proc_rom.cc:155:do_switch$725$rdmux[0][4][7]$a$4671 [8] $memory$flatten\logic_core.\boot.$auto$proc_rom.cc:155:do_switch$725$rdmux[0][4][7]$a$4671 [8] 8'00010000 }
    Consolidated identical input bits for $mux cell $memory$flatten\logic_core.\boot.$auto$proc_rom.cc:155:do_switch$725$rdmux[0][5][13]$4736:
      Old ports: A=14'01110100000000, B=14'01111000010000, Y=$memory$flatten\logic_core.\boot.$auto$proc_rom.cc:155:do_switch$725$rdmux[0][4][6]$b$4669
      New ports: A=2'10, B=2'01, Y={ $memory$flatten\logic_core.\boot.$auto$proc_rom.cc:155:do_switch$725$rdmux[0][4][6]$b$4669 [8] $memory$flatten\logic_core.\boot.$auto$proc_rom.cc:155:do_switch$725$rdmux[0][4][6]$b$4669 [4] }
      New connections: { $memory$flatten\logic_core.\boot.$auto$proc_rom.cc:155:do_switch$725$rdmux[0][4][6]$b$4669 [13:9] $memory$flatten\logic_core.\boot.$auto$proc_rom.cc:155:do_switch$725$rdmux[0][4][6]$b$4669 [7:5] $memory$flatten\logic_core.\boot.$auto$proc_rom.cc:155:do_switch$725$rdmux[0][4][6]$b$4669 [3:0] } = { 4'0111 $memory$flatten\logic_core.\boot.$auto$proc_rom.cc:155:do_switch$725$rdmux[0][4][6]$b$4669 [4] 7'0000000 }
    Consolidated identical input bits for $mux cell $memory$flatten\logic_core.\boot.$auto$proc_rom.cc:155:do_switch$725$rdmux[0][5][12]$4733:
      Old ports: A=14'00110010000000, B=14'00110110000000, Y=$memory$flatten\logic_core.\boot.$auto$proc_rom.cc:155:do_switch$725$rdmux[0][4][6]$a$4668
      New ports: A=1'0, B=1'1, Y=$memory$flatten\logic_core.\boot.$auto$proc_rom.cc:155:do_switch$725$rdmux[0][4][6]$a$4668 [8]
      New connections: { $memory$flatten\logic_core.\boot.$auto$proc_rom.cc:155:do_switch$725$rdmux[0][4][6]$a$4668 [13:9] $memory$flatten\logic_core.\boot.$auto$proc_rom.cc:155:do_switch$725$rdmux[0][4][6]$a$4668 [7:0] } = 13'0011010000000
    Consolidated identical input bits for $mux cell $memory$flatten\logic_core.\boot.$auto$proc_rom.cc:155:do_switch$725$rdmux[0][5][11]$4730:
      Old ports: A=14'00101000011001, B=14'00101110000000, Y=$memory$flatten\logic_core.\boot.$auto$proc_rom.cc:155:do_switch$725$rdmux[0][4][5]$b$4666
      New ports: A=2'01, B=2'10, Y={ $memory$flatten\logic_core.\boot.$auto$proc_rom.cc:155:do_switch$725$rdmux[0][4][5]$b$4666 [7] $memory$flatten\logic_core.\boot.$auto$proc_rom.cc:155:do_switch$725$rdmux[0][4][5]$b$4666 [0] }
      New connections: { $memory$flatten\logic_core.\boot.$auto$proc_rom.cc:155:do_switch$725$rdmux[0][4][5]$b$4666 [13:8] $memory$flatten\logic_core.\boot.$auto$proc_rom.cc:155:do_switch$725$rdmux[0][4][5]$b$4666 [6:1] } = { 5'00101 $memory$flatten\logic_core.\boot.$auto$proc_rom.cc:155:do_switch$725$rdmux[0][4][5]$b$4666 [7] 2'00 $memory$flatten\logic_core.\boot.$auto$proc_rom.cc:155:do_switch$725$rdmux[0][4][5]$b$4666 [0] $memory$flatten\logic_core.\boot.$auto$proc_rom.cc:155:do_switch$725$rdmux[0][4][5]$b$4666 [0] 2'00 }
    Consolidated identical input bits for $mux cell $memory$flatten\logic_core.\boot.$auto$proc_rom.cc:155:do_switch$725$rdmux[0][5][10]$4727:
      Old ports: A=14'00100000011001, B=14'00100100011001, Y=$memory$flatten\logic_core.\boot.$auto$proc_rom.cc:155:do_switch$725$rdmux[0][4][5]$a$4665
      New ports: A=1'0, B=1'1, Y=$memory$flatten\logic_core.\boot.$auto$proc_rom.cc:155:do_switch$725$rdmux[0][4][5]$a$4665 [8]
      New connections: { $memory$flatten\logic_core.\boot.$auto$proc_rom.cc:155:do_switch$725$rdmux[0][4][5]$a$4665 [13:9] $memory$flatten\logic_core.\boot.$auto$proc_rom.cc:155:do_switch$725$rdmux[0][4][5]$a$4665 [7:0] } = 13'0010000011001
    Consolidated identical input bits for $mux cell $memory$flatten\logic_core.\boot.$auto$proc_rom.cc:155:do_switch$725$rdmux[0][5][9]$4724:
      Old ports: A=14'01101110001000, B=14'01110000001000, Y=$memory$flatten\logic_core.\boot.$auto$proc_rom.cc:155:do_switch$725$rdmux[0][4][4]$b$4663
      New ports: A=2'01, B=2'10, Y={ $memory$flatten\logic_core.\boot.$auto$proc_rom.cc:155:do_switch$725$rdmux[0][4][4]$b$4663 [10] $memory$flatten\logic_core.\boot.$auto$proc_rom.cc:155:do_switch$725$rdmux[0][4][4]$b$4663 [7] }
      New connections: { $memory$flatten\logic_core.\boot.$auto$proc_rom.cc:155:do_switch$725$rdmux[0][4][4]$b$4663 [13:11] $memory$flatten\logic_core.\boot.$auto$proc_rom.cc:155:do_switch$725$rdmux[0][4][4]$b$4663 [9:8] $memory$flatten\logic_core.\boot.$auto$proc_rom.cc:155:do_switch$725$rdmux[0][4][4]$b$4663 [6:0] } = { 3'011 $memory$flatten\logic_core.\boot.$auto$proc_rom.cc:155:do_switch$725$rdmux[0][4][4]$b$4663 [7] $memory$flatten\logic_core.\boot.$auto$proc_rom.cc:155:do_switch$725$rdmux[0][4][4]$b$4663 [7] 7'0001000 }
    Consolidated identical input bits for $mux cell $memory$flatten\logic_core.\boot.$auto$proc_rom.cc:155:do_switch$725$rdmux[0][5][8]$4721:
      Old ports: A=14'10001000000100, B=14'11011000000010, Y=$memory$flatten\logic_core.\boot.$auto$proc_rom.cc:155:do_switch$725$rdmux[0][4][4]$a$4662
      New ports: A=2'10, B=2'01, Y=$memory$flatten\logic_core.\boot.$auto$proc_rom.cc:155:do_switch$725$rdmux[0][4][4]$a$4662 [2:1]
      New connections: { $memory$flatten\logic_core.\boot.$auto$proc_rom.cc:155:do_switch$725$rdmux[0][4][4]$a$4662 [13:3] $memory$flatten\logic_core.\boot.$auto$proc_rom.cc:155:do_switch$725$rdmux[0][4][4]$a$4662 [0] } = { 1'1 $memory$flatten\logic_core.\boot.$auto$proc_rom.cc:155:do_switch$725$rdmux[0][4][4]$a$4662 [1] 1'0 $memory$flatten\logic_core.\boot.$auto$proc_rom.cc:155:do_switch$725$rdmux[0][4][4]$a$4662 [1] 8'10000000 }
    Consolidated identical input bits for $mux cell $memory$flatten\logic_core.\boot.$auto$proc_rom.cc:155:do_switch$725$rdmux[0][5][7]$4718:
      Old ports: A=14'00011110000000, B=14'10000100001101, Y=$memory$flatten\logic_core.\boot.$auto$proc_rom.cc:155:do_switch$725$rdmux[0][4][3]$b$4660
      New ports: A=2'10, B=2'01, Y={ $memory$flatten\logic_core.\boot.$auto$proc_rom.cc:155:do_switch$725$rdmux[0][4][3]$b$4660 [7] $memory$flatten\logic_core.\boot.$auto$proc_rom.cc:155:do_switch$725$rdmux[0][4][3]$b$4660 [0] }
      New connections: { $memory$flatten\logic_core.\boot.$auto$proc_rom.cc:155:do_switch$725$rdmux[0][4][3]$b$4660 [13:8] $memory$flatten\logic_core.\boot.$auto$proc_rom.cc:155:do_switch$725$rdmux[0][4][3]$b$4660 [6:1] } = { $memory$flatten\logic_core.\boot.$auto$proc_rom.cc:155:do_switch$725$rdmux[0][4][3]$b$4660 [0] 2'00 $memory$flatten\logic_core.\boot.$auto$proc_rom.cc:155:do_switch$725$rdmux[0][4][3]$b$4660 [7] $memory$flatten\logic_core.\boot.$auto$proc_rom.cc:155:do_switch$725$rdmux[0][4][3]$b$4660 [7] 4'1000 $memory$flatten\logic_core.\boot.$auto$proc_rom.cc:155:do_switch$725$rdmux[0][4][3]$b$4660 [0] $memory$flatten\logic_core.\boot.$auto$proc_rom.cc:155:do_switch$725$rdmux[0][4][3]$b$4660 [0] 1'0 }
    Consolidated identical input bits for $mux cell $memory$flatten\logic_core.\boot.$auto$proc_rom.cc:155:do_switch$725$rdmux[0][5][6]$4715:
      Old ports: A=14'00010100000110, B=14'00011000010000, Y=$memory$flatten\logic_core.\boot.$auto$proc_rom.cc:155:do_switch$725$rdmux[0][4][3]$a$4659
      New ports: A=2'01, B=2'10, Y={ $memory$flatten\logic_core.\boot.$auto$proc_rom.cc:155:do_switch$725$rdmux[0][4][3]$a$4659 [4] $memory$flatten\logic_core.\boot.$auto$proc_rom.cc:155:do_switch$725$rdmux[0][4][3]$a$4659 [1] }
      New connections: { $memory$flatten\logic_core.\boot.$auto$proc_rom.cc:155:do_switch$725$rdmux[0][4][3]$a$4659 [13:5] $memory$flatten\logic_core.\boot.$auto$proc_rom.cc:155:do_switch$725$rdmux[0][4][3]$a$4659 [3:2] $memory$flatten\logic_core.\boot.$auto$proc_rom.cc:155:do_switch$725$rdmux[0][4][3]$a$4659 [0] } = { 4'0001 $memory$flatten\logic_core.\boot.$auto$proc_rom.cc:155:do_switch$725$rdmux[0][4][3]$a$4659 [4] $memory$flatten\logic_core.\boot.$auto$proc_rom.cc:155:do_switch$725$rdmux[0][4][3]$a$4659 [1] 4'0000 $memory$flatten\logic_core.\boot.$auto$proc_rom.cc:155:do_switch$725$rdmux[0][4][3]$a$4659 [1] 1'0 }
    New ctrl vector for $pmux cell $flatten\logic_core.\boot.\writer.$procmux$1561: \logic_core.boot.writer.state [9]
    Consolidated identical input bits for $mux cell $memory$flatten\logic_core.\boot.$auto$proc_rom.cc:155:do_switch$725$rdmux[0][5][17]$4748:
      Old ports: A=14'11000100011000, B=14'01011100000010, Y=$memory$flatten\logic_core.\boot.$auto$proc_rom.cc:155:do_switch$725$rdmux[0][4][8]$b$4675
      New ports: A=2'10, B=2'01, Y={ $memory$flatten\logic_core.\boot.$auto$proc_rom.cc:155:do_switch$725$rdmux[0][4][8]$b$4675 [3] $memory$flatten\logic_core.\boot.$auto$proc_rom.cc:155:do_switch$725$rdmux[0][4][8]$b$4675 [1] }
      New connections: { $memory$flatten\logic_core.\boot.$auto$proc_rom.cc:155:do_switch$725$rdmux[0][4][8]$b$4675 [13:4] $memory$flatten\logic_core.\boot.$auto$proc_rom.cc:155:do_switch$725$rdmux[0][4][8]$b$4675 [2] $memory$flatten\logic_core.\boot.$auto$proc_rom.cc:155:do_switch$725$rdmux[0][4][8]$b$4675 [0] } = { $memory$flatten\logic_core.\boot.$auto$proc_rom.cc:155:do_switch$725$rdmux[0][4][8]$b$4675 [3] 2'10 $memory$flatten\logic_core.\boot.$auto$proc_rom.cc:155:do_switch$725$rdmux[0][4][8]$b$4675 [1] $memory$flatten\logic_core.\boot.$auto$proc_rom.cc:155:do_switch$725$rdmux[0][4][8]$b$4675 [1] 4'1000 $memory$flatten\logic_core.\boot.$auto$proc_rom.cc:155:do_switch$725$rdmux[0][4][8]$b$4675 [3] 2'00 }
    New ctrl vector for $pmux cell $flatten\logic_core.\boot.\writer.$procmux$1608: { $auto$opt_reduce.cc:137:opt_pmux$4794 \logic_core.boot.writer.state [7] }
    New ctrl vector for $pmux cell $flatten\logic_core.\boot.\writer.$procmux$1787: { \logic_core.boot.writer.state [7] \logic_core.boot.writer.state [4] \logic_core.boot.writer.state [9] \logic_core.boot.writer.state [1] }
    New ctrl vector for $pmux cell $flatten\logic_core.\clocks.\restart.$procmux$1929: { \logic_core.clocks.restart.state [1] \logic_core.clocks.restart.state [2] }
    New ctrl vector for $pmux cell $flatten\logic_core.\clocks.\restart.$procmux$1980: { \logic_core.clocks.restart.state [1] \logic_core.clocks.restart.state [2] }
    New ctrl vector for $pmux cell $flatten\logic_core.\boot.\writer.$procmux$1696: \logic_core.boot.writer.state [0]
    New ctrl vector for $pmux cell $flatten\logic_core.\boot.\writer.$procmux$1835: $auto$opt_reduce.cc:137:opt_pmux$2820
    New ctrl vector for $pmux cell $flatten\logic_core.\boot.\power_sequence.$procmux$973: \logic_core.boot.power_sequence.state [2]
    New input vector for $reduce_or cell $auto$opt_reduce.cc:131:opt_pmux$4793: { \logic_core.boot.writer.state [12] \logic_core.boot.writer.state [5] \logic_core.boot.writer.state [2] \logic_core.boot.writer.state [0] }
  Optimizing cells in module \amiga_board_top.
    Consolidated identical input bits for $mux cell $memory$flatten\logic_core.\boot.$auto$proc_rom.cc:155:do_switch$725$rdmux[0][4][8]$4673:
      Old ports: A=$memory$flatten\logic_core.\boot.$auto$proc_rom.cc:155:do_switch$725$rdmux[0][4][8]$a$4674, B=$memory$flatten\logic_core.\boot.$auto$proc_rom.cc:155:do_switch$725$rdmux[0][4][8]$b$4675, Y=$memory$flatten\logic_core.\boot.$auto$proc_rom.cc:155:do_switch$725$rdmux[0][3][4]$a$4638
      New ports: A={ 3'101 $memory$flatten\logic_core.\boot.$auto$proc_rom.cc:155:do_switch$725$rdmux[0][4][8]$a$4674 [8] $memory$flatten\logic_core.\boot.$auto$proc_rom.cc:155:do_switch$725$rdmux[0][4][8]$a$4674 [8] 1'0 $memory$flatten\logic_core.\boot.$auto$proc_rom.cc:155:do_switch$725$rdmux[0][4][8]$a$4674 [0] $memory$flatten\logic_core.\boot.$auto$proc_rom.cc:155:do_switch$725$rdmux[0][4][8]$a$4674 [0] }, B={ $memory$flatten\logic_core.\boot.$auto$proc_rom.cc:155:do_switch$725$rdmux[0][4][8]$b$4675 [3] 2'10 $memory$flatten\logic_core.\boot.$auto$proc_rom.cc:155:do_switch$725$rdmux[0][4][8]$b$4675 [1] 1'1 $memory$flatten\logic_core.\boot.$auto$proc_rom.cc:155:do_switch$725$rdmux[0][4][8]$b$4675 [3] $memory$flatten\logic_core.\boot.$auto$proc_rom.cc:155:do_switch$725$rdmux[0][4][8]$b$4675 [1] 1'0 }, Y={ $memory$flatten\logic_core.\boot.$auto$proc_rom.cc:155:do_switch$725$rdmux[0][3][4]$a$4638 [13:10] $memory$flatten\logic_core.\boot.$auto$proc_rom.cc:155:do_switch$725$rdmux[0][3][4]$a$4638 [8] $memory$flatten\logic_core.\boot.$auto$proc_rom.cc:155:do_switch$725$rdmux[0][3][4]$a$4638 [3] $memory$flatten\logic_core.\boot.$auto$proc_rom.cc:155:do_switch$725$rdmux[0][3][4]$a$4638 [1:0] }
      New connections: { $memory$flatten\logic_core.\boot.$auto$proc_rom.cc:155:do_switch$725$rdmux[0][3][4]$a$4638 [9] $memory$flatten\logic_core.\boot.$auto$proc_rom.cc:155:do_switch$725$rdmux[0][3][4]$a$4638 [7:4] $memory$flatten\logic_core.\boot.$auto$proc_rom.cc:155:do_switch$725$rdmux[0][3][4]$a$4638 [2] } = { $memory$flatten\logic_core.\boot.$auto$proc_rom.cc:155:do_switch$725$rdmux[0][3][4]$a$4638 [1] 3'000 $memory$flatten\logic_core.\boot.$auto$proc_rom.cc:155:do_switch$725$rdmux[0][3][4]$a$4638 [3] $memory$flatten\logic_core.\boot.$auto$proc_rom.cc:155:do_switch$725$rdmux[0][3][4]$a$4638 [0] }
    Consolidated identical input bits for $mux cell $memory$flatten\logic_core.\boot.$auto$proc_rom.cc:155:do_switch$725$rdmux[0][4][7]$4670:
      Old ports: A=$memory$flatten\logic_core.\boot.$auto$proc_rom.cc:155:do_switch$725$rdmux[0][4][7]$a$4671, B=$memory$flatten\logic_core.\boot.$auto$proc_rom.cc:155:do_switch$725$rdmux[0][4][7]$b$4672, Y=$memory$flatten\logic_core.\boot.$auto$proc_rom.cc:155:do_switch$725$rdmux[0][3][3]$b$4636
      New ports: A={ $memory$flatten\logic_core.\boot.$auto$proc_rom.cc:155:do_switch$725$rdmux[0][4][7]$a$4671 [13] $memory$flatten\logic_core.\boot.$auto$proc_rom.cc:155:do_switch$725$rdmux[0][4][7]$a$4671 [8] $memory$flatten\logic_core.\boot.$auto$proc_rom.cc:155:do_switch$725$rdmux[0][4][7]$a$4671 [8] $memory$flatten\logic_core.\boot.$auto$proc_rom.cc:155:do_switch$725$rdmux[0][4][7]$a$4671 [8] 3'010 }, B={ 1'1 $memory$flatten\logic_core.\boot.$auto$proc_rom.cc:155:do_switch$725$rdmux[0][4][7]$b$4672 [0] $memory$flatten\logic_core.\boot.$auto$proc_rom.cc:155:do_switch$725$rdmux[0][4][7]$b$4672 [7] 1'0 $memory$flatten\logic_core.\boot.$auto$proc_rom.cc:155:do_switch$725$rdmux[0][4][7]$b$4672 [7] $memory$flatten\logic_core.\boot.$auto$proc_rom.cc:155:do_switch$725$rdmux[0][4][7]$b$4672 [0] $memory$flatten\logic_core.\boot.$auto$proc_rom.cc:155:do_switch$725$rdmux[0][4][7]$b$4672 [0] }, Y={ $memory$flatten\logic_core.\boot.$auto$proc_rom.cc:155:do_switch$725$rdmux[0][3][3]$b$4636 [13] $memory$flatten\logic_core.\boot.$auto$proc_rom.cc:155:do_switch$725$rdmux[0][3][3]$b$4636 [11] $memory$flatten\logic_core.\boot.$auto$proc_rom.cc:155:do_switch$725$rdmux[0][3][3]$b$4636 [9:7] $memory$flatten\logic_core.\boot.$auto$proc_rom.cc:155:do_switch$725$rdmux[0][3][3]$b$4636 [4] $memory$flatten\logic_core.\boot.$auto$proc_rom.cc:155:do_switch$725$rdmux[0][3][3]$b$4636 [0] }
      New connections: { $memory$flatten\logic_core.\boot.$auto$proc_rom.cc:155:do_switch$725$rdmux[0][3][3]$b$4636 [12] $memory$flatten\logic_core.\boot.$auto$proc_rom.cc:155:do_switch$725$rdmux[0][3][3]$b$4636 [10] $memory$flatten\logic_core.\boot.$auto$proc_rom.cc:155:do_switch$725$rdmux[0][3][3]$b$4636 [6:5] $memory$flatten\logic_core.\boot.$auto$proc_rom.cc:155:do_switch$725$rdmux[0][3][3]$b$4636 [3:1] } = { $memory$flatten\logic_core.\boot.$auto$proc_rom.cc:155:do_switch$725$rdmux[0][3][3]$b$4636 [8] $memory$flatten\logic_core.\boot.$auto$proc_rom.cc:155:do_switch$725$rdmux[0][3][3]$b$4636 [9] 1'0 $memory$flatten\logic_core.\boot.$auto$proc_rom.cc:155:do_switch$725$rdmux[0][3][3]$b$4636 [0] 2'00 $memory$flatten\logic_core.\boot.$auto$proc_rom.cc:155:do_switch$725$rdmux[0][3][3]$b$4636 [0] }
    Consolidated identical input bits for $mux cell $memory$flatten\logic_core.\boot.$auto$proc_rom.cc:155:do_switch$725$rdmux[0][4][6]$4667:
      Old ports: A=$memory$flatten\logic_core.\boot.$auto$proc_rom.cc:155:do_switch$725$rdmux[0][4][6]$a$4668, B=$memory$flatten\logic_core.\boot.$auto$proc_rom.cc:155:do_switch$725$rdmux[0][4][6]$b$4669, Y=$memory$flatten\logic_core.\boot.$auto$proc_rom.cc:155:do_switch$725$rdmux[0][3][3]$a$4635
      New ports: A={ 1'0 $memory$flatten\logic_core.\boot.$auto$proc_rom.cc:155:do_switch$725$rdmux[0][4][6]$a$4668 [8] 2'10 }, B={ 1'1 $memory$flatten\logic_core.\boot.$auto$proc_rom.cc:155:do_switch$725$rdmux[0][4][6]$b$4669 [8] 1'0 $memory$flatten\logic_core.\boot.$auto$proc_rom.cc:155:do_switch$725$rdmux[0][4][6]$b$4669 [4] }, Y={ $memory$flatten\logic_core.\boot.$auto$proc_rom.cc:155:do_switch$725$rdmux[0][3][3]$a$4635 [12] $memory$flatten\logic_core.\boot.$auto$proc_rom.cc:155:do_switch$725$rdmux[0][3][3]$a$4635 [8:7] $memory$flatten\logic_core.\boot.$auto$proc_rom.cc:155:do_switch$725$rdmux[0][3][3]$a$4635 [4] }
      New connections: { $memory$flatten\logic_core.\boot.$auto$proc_rom.cc:155:do_switch$725$rdmux[0][3][3]$a$4635 [13] $memory$flatten\logic_core.\boot.$auto$proc_rom.cc:155:do_switch$725$rdmux[0][3][3]$a$4635 [11:9] $memory$flatten\logic_core.\boot.$auto$proc_rom.cc:155:do_switch$725$rdmux[0][3][3]$a$4635 [6:5] $memory$flatten\logic_core.\boot.$auto$proc_rom.cc:155:do_switch$725$rdmux[0][3][3]$a$4635 [3:0] } = { 3'011 $memory$flatten\logic_core.\boot.$auto$proc_rom.cc:155:do_switch$725$rdmux[0][3][3]$a$4635 [4] 6'000000 }
    Consolidated identical input bits for $mux cell $memory$flatten\logic_core.\boot.$auto$proc_rom.cc:155:do_switch$725$rdmux[0][4][5]$4664:
      Old ports: A=$memory$flatten\logic_core.\boot.$auto$proc_rom.cc:155:do_switch$725$rdmux[0][4][5]$a$4665, B=$memory$flatten\logic_core.\boot.$auto$proc_rom.cc:155:do_switch$725$rdmux[0][4][5]$b$4666, Y=$memory$flatten\logic_core.\boot.$auto$proc_rom.cc:155:do_switch$725$rdmux[0][3][2]$b$4633
      New ports: A={ 1'0 $memory$flatten\logic_core.\boot.$auto$proc_rom.cc:155:do_switch$725$rdmux[0][4][5]$a$4665 [8] 2'01 }, B={ 1'1 $memory$flatten\logic_core.\boot.$auto$proc_rom.cc:155:do_switch$725$rdmux[0][4][5]$b$4666 [7] $memory$flatten\logic_core.\boot.$auto$proc_rom.cc:155:do_switch$725$rdmux[0][4][5]$b$4666 [7] $memory$flatten\logic_core.\boot.$auto$proc_rom.cc:155:do_switch$725$rdmux[0][4][5]$b$4666 [0] }, Y={ $memory$flatten\logic_core.\boot.$auto$proc_rom.cc:155:do_switch$725$rdmux[0][3][2]$b$4633 [9:7] $memory$flatten\logic_core.\boot.$auto$proc_rom.cc:155:do_switch$725$rdmux[0][3][2]$b$4633 [0] }
      New connections: { $memory$flatten\logic_core.\boot.$auto$proc_rom.cc:155:do_switch$725$rdmux[0][3][2]$b$4633 [13:10] $memory$flatten\logic_core.\boot.$auto$proc_rom.cc:155:do_switch$725$rdmux[0][3][2]$b$4633 [6:1] } = { 6'001000 $memory$flatten\logic_core.\boot.$auto$proc_rom.cc:155:do_switch$725$rdmux[0][3][2]$b$4633 [0] $memory$flatten\logic_core.\boot.$auto$proc_rom.cc:155:do_switch$725$rdmux[0][3][2]$b$4633 [0] 2'00 }
    Consolidated identical input bits for $mux cell $memory$flatten\logic_core.\boot.$auto$proc_rom.cc:155:do_switch$725$rdmux[0][4][4]$4661:
      Old ports: A=$memory$flatten\logic_core.\boot.$auto$proc_rom.cc:155:do_switch$725$rdmux[0][4][4]$a$4662, B=$memory$flatten\logic_core.\boot.$auto$proc_rom.cc:155:do_switch$725$rdmux[0][4][4]$b$4663, Y=$memory$flatten\logic_core.\boot.$auto$proc_rom.cc:155:do_switch$725$rdmux[0][3][2]$a$4632
      New ports: A={ 1'1 $memory$flatten\logic_core.\boot.$auto$proc_rom.cc:155:do_switch$725$rdmux[0][4][4]$a$4662 [1] $memory$flatten\logic_core.\boot.$auto$proc_rom.cc:155:do_switch$725$rdmux[0][4][4]$a$4662 [1] 3'100 $memory$flatten\logic_core.\boot.$auto$proc_rom.cc:155:do_switch$725$rdmux[0][4][4]$a$4662 [2:1] }, B={ 2'01 $memory$flatten\logic_core.\boot.$auto$proc_rom.cc:155:do_switch$725$rdmux[0][4][4]$b$4663 [10] $memory$flatten\logic_core.\boot.$auto$proc_rom.cc:155:do_switch$725$rdmux[0][4][4]$b$4663 [7] $memory$flatten\logic_core.\boot.$auto$proc_rom.cc:155:do_switch$725$rdmux[0][4][4]$b$4663 [7] 3'100 }, Y={ $memory$flatten\logic_core.\boot.$auto$proc_rom.cc:155:do_switch$725$rdmux[0][3][2]$a$4632 [13:12] $memory$flatten\logic_core.\boot.$auto$proc_rom.cc:155:do_switch$725$rdmux[0][3][2]$a$4632 [10:9] $memory$flatten\logic_core.\boot.$auto$proc_rom.cc:155:do_switch$725$rdmux[0][3][2]$a$4632 [7] $memory$flatten\logic_core.\boot.$auto$proc_rom.cc:155:do_switch$725$rdmux[0][3][2]$a$4632 [3:1] }
      New connections: { $memory$flatten\logic_core.\boot.$auto$proc_rom.cc:155:do_switch$725$rdmux[0][3][2]$a$4632 [11] $memory$flatten\logic_core.\boot.$auto$proc_rom.cc:155:do_switch$725$rdmux[0][3][2]$a$4632 [8] $memory$flatten\logic_core.\boot.$auto$proc_rom.cc:155:do_switch$725$rdmux[0][3][2]$a$4632 [6:4] $memory$flatten\logic_core.\boot.$auto$proc_rom.cc:155:do_switch$725$rdmux[0][3][2]$a$4632 [0] } = { $memory$flatten\logic_core.\boot.$auto$proc_rom.cc:155:do_switch$725$rdmux[0][3][2]$a$4632 [3] $memory$flatten\logic_core.\boot.$auto$proc_rom.cc:155:do_switch$725$rdmux[0][3][2]$a$4632 [7] 4'0000 }
    Consolidated identical input bits for $mux cell $memory$flatten\logic_core.\boot.$auto$proc_rom.cc:155:do_switch$725$rdmux[0][4][3]$4658:
      Old ports: A=$memory$flatten\logic_core.\boot.$auto$proc_rom.cc:155:do_switch$725$rdmux[0][4][3]$a$4659, B=$memory$flatten\logic_core.\boot.$auto$proc_rom.cc:155:do_switch$725$rdmux[0][4][3]$b$4660, Y=$memory$flatten\logic_core.\boot.$auto$proc_rom.cc:155:do_switch$725$rdmux[0][3][1]$b$4630
      New ports: A={ 1'1 $memory$flatten\logic_core.\boot.$auto$proc_rom.cc:155:do_switch$725$rdmux[0][4][3]$a$4659 [4] $memory$flatten\logic_core.\boot.$auto$proc_rom.cc:155:do_switch$725$rdmux[0][4][3]$a$4659 [1] 1'0 $memory$flatten\logic_core.\boot.$auto$proc_rom.cc:155:do_switch$725$rdmux[0][4][3]$a$4659 [4] $memory$flatten\logic_core.\boot.$auto$proc_rom.cc:155:do_switch$725$rdmux[0][4][3]$a$4659 [1] $memory$flatten\logic_core.\boot.$auto$proc_rom.cc:155:do_switch$725$rdmux[0][4][3]$a$4659 [1] 1'0 }, B={ $memory$flatten\logic_core.\boot.$auto$proc_rom.cc:155:do_switch$725$rdmux[0][4][3]$b$4660 [7] $memory$flatten\logic_core.\boot.$auto$proc_rom.cc:155:do_switch$725$rdmux[0][4][3]$b$4660 [7] 1'1 $memory$flatten\logic_core.\boot.$auto$proc_rom.cc:155:do_switch$725$rdmux[0][4][3]$b$4660 [7] 1'0 $memory$flatten\logic_core.\boot.$auto$proc_rom.cc:155:do_switch$725$rdmux[0][4][3]$b$4660 [0] 1'0 $memory$flatten\logic_core.\boot.$auto$proc_rom.cc:155:do_switch$725$rdmux[0][4][3]$b$4660 [0] }, Y={ $memory$flatten\logic_core.\boot.$auto$proc_rom.cc:155:do_switch$725$rdmux[0][3][1]$b$4630 [10:7] $memory$flatten\logic_core.\boot.$auto$proc_rom.cc:155:do_switch$725$rdmux[0][3][1]$b$4630 [4] $memory$flatten\logic_core.\boot.$auto$proc_rom.cc:155:do_switch$725$rdmux[0][3][1]$b$4630 [2:0] }
      New connections: { $memory$flatten\logic_core.\boot.$auto$proc_rom.cc:155:do_switch$725$rdmux[0][3][1]$b$4630 [13:11] $memory$flatten\logic_core.\boot.$auto$proc_rom.cc:155:do_switch$725$rdmux[0][3][1]$b$4630 [6:5] $memory$flatten\logic_core.\boot.$auto$proc_rom.cc:155:do_switch$725$rdmux[0][3][1]$b$4630 [3] } = { $memory$flatten\logic_core.\boot.$auto$proc_rom.cc:155:do_switch$725$rdmux[0][3][1]$b$4630 [0] 4'0000 $memory$flatten\logic_core.\boot.$auto$proc_rom.cc:155:do_switch$725$rdmux[0][3][1]$b$4630 [0] }
    Consolidated identical input bits for $mux cell $memory$flatten\logic_core.\boot.$auto$proc_rom.cc:155:do_switch$725$rdmux[0][4][2]$4655:
      Old ports: A=$memory$flatten\logic_core.\boot.$auto$proc_rom.cc:155:do_switch$725$rdmux[0][4][2]$a$4656, B=$memory$flatten\logic_core.\boot.$auto$proc_rom.cc:155:do_switch$725$rdmux[0][4][2]$b$4657, Y=$memory$flatten\logic_core.\boot.$auto$proc_rom.cc:155:do_switch$725$rdmux[0][3][1]$a$4629
      New ports: A={ 1'0 $memory$flatten\logic_core.\boot.$auto$proc_rom.cc:155:do_switch$725$rdmux[0][4][2]$a$4656 [7] $memory$flatten\logic_core.\boot.$auto$proc_rom.cc:155:do_switch$725$rdmux[0][4][2]$a$4656 [7] $memory$flatten\logic_core.\boot.$auto$proc_rom.cc:155:do_switch$725$rdmux[0][4][2]$a$4656 [0] $memory$flatten\logic_core.\boot.$auto$proc_rom.cc:155:do_switch$725$rdmux[0][4][2]$a$4656 [0] }, B={ $memory$flatten\logic_core.\boot.$auto$proc_rom.cc:155:do_switch$725$rdmux[0][4][2]$b$4657 [10] $memory$flatten\logic_core.\boot.$auto$proc_rom.cc:155:do_switch$725$rdmux[0][4][2]$b$4657 [4] 1'0 $memory$flatten\logic_core.\boot.$auto$proc_rom.cc:155:do_switch$725$rdmux[0][4][2]$b$4657 [4] 1'0 }, Y={ $memory$flatten\logic_core.\boot.$auto$proc_rom.cc:155:do_switch$725$rdmux[0][3][1]$a$4629 [10:9] $memory$flatten\logic_core.\boot.$auto$proc_rom.cc:155:do_switch$725$rdmux[0][3][1]$a$4629 [7] $memory$flatten\logic_core.\boot.$auto$proc_rom.cc:155:do_switch$725$rdmux[0][3][1]$a$4629 [4] $memory$flatten\logic_core.\boot.$auto$proc_rom.cc:155:do_switch$725$rdmux[0][3][1]$a$4629 [0] }
      New connections: { $memory$flatten\logic_core.\boot.$auto$proc_rom.cc:155:do_switch$725$rdmux[0][3][1]$a$4629 [13:11] $memory$flatten\logic_core.\boot.$auto$proc_rom.cc:155:do_switch$725$rdmux[0][3][1]$a$4629 [8] $memory$flatten\logic_core.\boot.$auto$proc_rom.cc:155:do_switch$725$rdmux[0][3][1]$a$4629 [6:5] $memory$flatten\logic_core.\boot.$auto$proc_rom.cc:155:do_switch$725$rdmux[0][3][1]$a$4629 [3:1] } = { 3'000 $memory$flatten\logic_core.\boot.$auto$proc_rom.cc:155:do_switch$725$rdmux[0][3][1]$a$4629 [4] $memory$flatten\logic_core.\boot.$auto$proc_rom.cc:155:do_switch$725$rdmux[0][3][1]$a$4629 [0] $memory$flatten\logic_core.\boot.$auto$proc_rom.cc:155:do_switch$725$rdmux[0][3][1]$a$4629 [0] 3'000 }
    Consolidated identical input bits for $mux cell $memory$flatten\logic_core.\boot.$auto$proc_rom.cc:155:do_switch$725$rdmux[0][4][1]$4652:
      Old ports: A=$memory$flatten\logic_core.\boot.$auto$proc_rom.cc:155:do_switch$725$rdmux[0][4][1]$a$4653, B=$memory$flatten\logic_core.\boot.$auto$proc_rom.cc:155:do_switch$725$rdmux[0][4][1]$b$4654, Y=$memory$flatten\logic_core.\boot.$auto$proc_rom.cc:155:do_switch$725$rdmux[0][3][0]$b$4627
      New ports: A={ $memory$flatten\logic_core.\boot.$auto$proc_rom.cc:155:do_switch$725$rdmux[0][4][1]$a$4653 [4] $memory$flatten\logic_core.\boot.$auto$proc_rom.cc:155:do_switch$725$rdmux[0][4][1]$a$4653 [1] $memory$flatten\logic_core.\boot.$auto$proc_rom.cc:155:do_switch$725$rdmux[0][4][1]$a$4653 [1] $memory$flatten\logic_core.\boot.$auto$proc_rom.cc:155:do_switch$725$rdmux[0][4][1]$a$4653 [4] 1'1 $memory$flatten\logic_core.\boot.$auto$proc_rom.cc:155:do_switch$725$rdmux[0][4][1]$a$4653 [1] }, B={ 1'1 $memory$flatten\logic_core.\boot.$auto$proc_rom.cc:155:do_switch$725$rdmux[0][4][1]$b$4654 [11] $memory$flatten\logic_core.\boot.$auto$proc_rom.cc:155:do_switch$725$rdmux[0][4][1]$b$4654 [8] 3'000 }, Y={ $memory$flatten\logic_core.\boot.$auto$proc_rom.cc:155:do_switch$725$rdmux[0][3][0]$b$4627 [12:11] $memory$flatten\logic_core.\boot.$auto$proc_rom.cc:155:do_switch$725$rdmux[0][3][0]$b$4627 [8] $memory$flatten\logic_core.\boot.$auto$proc_rom.cc:155:do_switch$725$rdmux[0][3][0]$b$4627 [4:3] $memory$flatten\logic_core.\boot.$auto$proc_rom.cc:155:do_switch$725$rdmux[0][3][0]$b$4627 [1] }
      New connections: { $memory$flatten\logic_core.\boot.$auto$proc_rom.cc:155:do_switch$725$rdmux[0][3][0]$b$4627 [13] $memory$flatten\logic_core.\boot.$auto$proc_rom.cc:155:do_switch$725$rdmux[0][3][0]$b$4627 [10:9] $memory$flatten\logic_core.\boot.$auto$proc_rom.cc:155:do_switch$725$rdmux[0][3][0]$b$4627 [7:5] $memory$flatten\logic_core.\boot.$auto$proc_rom.cc:155:do_switch$725$rdmux[0][3][0]$b$4627 [2] $memory$flatten\logic_core.\boot.$auto$proc_rom.cc:155:do_switch$725$rdmux[0][3][0]$b$4627 [0] } = { 1'0 $memory$flatten\logic_core.\boot.$auto$proc_rom.cc:155:do_switch$725$rdmux[0][3][0]$b$4627 [8] $memory$flatten\logic_core.\boot.$auto$proc_rom.cc:155:do_switch$725$rdmux[0][3][0]$b$4627 [1] 1'0 $memory$flatten\logic_core.\boot.$auto$proc_rom.cc:155:do_switch$725$rdmux[0][3][0]$b$4627 [4] $memory$flatten\logic_core.\boot.$auto$proc_rom.cc:155:do_switch$725$rdmux[0][3][0]$b$4627 [1] $memory$flatten\logic_core.\boot.$auto$proc_rom.cc:155:do_switch$725$rdmux[0][3][0]$b$4627 [1] 1'0 }
    Consolidated identical input bits for $mux cell $memory$flatten\logic_core.\boot.$auto$proc_rom.cc:155:do_switch$725$rdmux[0][4][0]$4649:
      Old ports: A=$memory$flatten\logic_core.\boot.$auto$proc_rom.cc:155:do_switch$725$rdmux[0][4][0]$a$4650, B=$memory$flatten\logic_core.\boot.$auto$proc_rom.cc:155:do_switch$725$rdmux[0][4][0]$b$4651, Y=$memory$flatten\logic_core.\boot.$auto$proc_rom.cc:155:do_switch$725$rdmux[0][3][0]$a$4626
      New ports: A={ 1'1 $memory$flatten\logic_core.\boot.$auto$proc_rom.cc:155:do_switch$725$rdmux[0][4][0]$a$4650 [11] $memory$flatten\logic_core.\boot.$auto$proc_rom.cc:155:do_switch$725$rdmux[0][4][0]$a$4650 [0] 3'100 $memory$flatten\logic_core.\boot.$auto$proc_rom.cc:155:do_switch$725$rdmux[0][4][0]$a$4650 [0] $memory$flatten\logic_core.\boot.$auto$proc_rom.cc:155:do_switch$725$rdmux[0][4][0]$a$4650 [0] }, B={ $memory$flatten\logic_core.\boot.$auto$proc_rom.cc:155:do_switch$725$rdmux[0][4][0]$b$4651 [3] 1'1 $memory$flatten\logic_core.\boot.$auto$proc_rom.cc:155:do_switch$725$rdmux[0][4][0]$b$4651 [4] 1'0 $memory$flatten\logic_core.\boot.$auto$proc_rom.cc:155:do_switch$725$rdmux[0][4][0]$b$4651 [4:3] 2'10 }, Y={ $memory$flatten\logic_core.\boot.$auto$proc_rom.cc:155:do_switch$725$rdmux[0][3][0]$a$4626 [12:10] $memory$flatten\logic_core.\boot.$auto$proc_rom.cc:155:do_switch$725$rdmux[0][3][0]$a$4626 [8] $memory$flatten\logic_core.\boot.$auto$proc_rom.cc:155:do_switch$725$rdmux[0][3][0]$a$4626 [4:3] $memory$flatten\logic_core.\boot.$auto$proc_rom.cc:155:do_switch$725$rdmux[0][3][0]$a$4626 [1:0] }
      New connections: { $memory$flatten\logic_core.\boot.$auto$proc_rom.cc:155:do_switch$725$rdmux[0][3][0]$a$4626 [13] $memory$flatten\logic_core.\boot.$auto$proc_rom.cc:155:do_switch$725$rdmux[0][3][0]$a$4626 [9] $memory$flatten\logic_core.\boot.$auto$proc_rom.cc:155:do_switch$725$rdmux[0][3][0]$a$4626 [7:5] $memory$flatten\logic_core.\boot.$auto$proc_rom.cc:155:do_switch$725$rdmux[0][3][0]$a$4626 [2] } = { 1'0 $memory$flatten\logic_core.\boot.$auto$proc_rom.cc:155:do_switch$725$rdmux[0][3][0]$a$4626 [1] $memory$flatten\logic_core.\boot.$auto$proc_rom.cc:155:do_switch$725$rdmux[0][3][0]$a$4626 [3] $memory$flatten\logic_core.\boot.$auto$proc_rom.cc:155:do_switch$725$rdmux[0][3][0]$a$4626 [3] 2'00 }
  Optimizing cells in module \amiga_board_top.
    Consolidated identical input bits for $mux cell $memory$flatten\logic_core.\boot.$auto$proc_rom.cc:155:do_switch$725$rdmux[0][3][4]$4637:
      Old ports: A=$memory$flatten\logic_core.\boot.$auto$proc_rom.cc:155:do_switch$725$rdmux[0][3][4]$a$4638, B=14'01011100000011, Y=$memory$flatten\logic_core.\boot.$auto$proc_rom.cc:155:do_switch$725$rdmux[0][2][2]$a$4620
      New ports: A={ $memory$flatten\logic_core.\boot.$auto$proc_rom.cc:155:do_switch$725$rdmux[0][3][4]$a$4638 [13:10] $memory$flatten\logic_core.\boot.$auto$proc_rom.cc:155:do_switch$725$rdmux[0][3][4]$a$4638 [8] $memory$flatten\logic_core.\boot.$auto$proc_rom.cc:155:do_switch$725$rdmux[0][3][4]$a$4638 [3] $memory$flatten\logic_core.\boot.$auto$proc_rom.cc:155:do_switch$725$rdmux[0][3][4]$a$4638 [0] $memory$flatten\logic_core.\boot.$auto$proc_rom.cc:155:do_switch$725$rdmux[0][3][4]$a$4638 [1:0] }, B=9'010110011, Y={ $memory$flatten\logic_core.\boot.$auto$proc_rom.cc:155:do_switch$725$rdmux[0][2][2]$a$4620 [13:10] $memory$flatten\logic_core.\boot.$auto$proc_rom.cc:155:do_switch$725$rdmux[0][2][2]$a$4620 [8] $memory$flatten\logic_core.\boot.$auto$proc_rom.cc:155:do_switch$725$rdmux[0][2][2]$a$4620 [3:0] }
      New connections: { $memory$flatten\logic_core.\boot.$auto$proc_rom.cc:155:do_switch$725$rdmux[0][2][2]$a$4620 [9] $memory$flatten\logic_core.\boot.$auto$proc_rom.cc:155:do_switch$725$rdmux[0][2][2]$a$4620 [7:4] } = { $memory$flatten\logic_core.\boot.$auto$proc_rom.cc:155:do_switch$725$rdmux[0][2][2]$a$4620 [1] 3'000 $memory$flatten\logic_core.\boot.$auto$proc_rom.cc:155:do_switch$725$rdmux[0][2][2]$a$4620 [3] }
    Consolidated identical input bits for $mux cell $memory$flatten\logic_core.\boot.$auto$proc_rom.cc:155:do_switch$725$rdmux[0][3][3]$4634:
      Old ports: A=$memory$flatten\logic_core.\boot.$auto$proc_rom.cc:155:do_switch$725$rdmux[0][3][3]$a$4635, B=$memory$flatten\logic_core.\boot.$auto$proc_rom.cc:155:do_switch$725$rdmux[0][3][3]$b$4636, Y=$memory$flatten\logic_core.\boot.$auto$proc_rom.cc:155:do_switch$725$rdmux[0][2][1]$b$4618
      New ports: A={ 1'0 $memory$flatten\logic_core.\boot.$auto$proc_rom.cc:155:do_switch$725$rdmux[0][3][3]$a$4635 [12] 2'11 $memory$flatten\logic_core.\boot.$auto$proc_rom.cc:155:do_switch$725$rdmux[0][3][3]$a$4635 [4] $memory$flatten\logic_core.\boot.$auto$proc_rom.cc:155:do_switch$725$rdmux[0][3][3]$a$4635 [8:7] $memory$flatten\logic_core.\boot.$auto$proc_rom.cc:155:do_switch$725$rdmux[0][3][3]$a$4635 [4] 1'0 }, B={ $memory$flatten\logic_core.\boot.$auto$proc_rom.cc:155:do_switch$725$rdmux[0][3][3]$b$4636 [13] $memory$flatten\logic_core.\boot.$auto$proc_rom.cc:155:do_switch$725$rdmux[0][3][3]$b$4636 [8] $memory$flatten\logic_core.\boot.$auto$proc_rom.cc:155:do_switch$725$rdmux[0][3][3]$b$4636 [11] $memory$flatten\logic_core.\boot.$auto$proc_rom.cc:155:do_switch$725$rdmux[0][3][3]$b$4636 [9] $memory$flatten\logic_core.\boot.$auto$proc_rom.cc:155:do_switch$725$rdmux[0][3][3]$b$4636 [9:7] $memory$flatten\logic_core.\boot.$auto$proc_rom.cc:155:do_switch$725$rdmux[0][3][3]$b$4636 [4] $memory$flatten\logic_core.\boot.$auto$proc_rom.cc:155:do_switch$725$rdmux[0][3][3]$b$4636 [0] }, Y={ $memory$flatten\logic_core.\boot.$auto$proc_rom.cc:155:do_switch$725$rdmux[0][2][1]$b$4618 [13:7] $memory$flatten\logic_core.\boot.$auto$proc_rom.cc:155:do_switch$725$rdmux[0][2][1]$b$4618 [4] $memory$flatten\logic_core.\boot.$auto$proc_rom.cc:155:do_switch$725$rdmux[0][2][1]$b$4618 [0] }
      New connections: { $memory$flatten\logic_core.\boot.$auto$proc_rom.cc:155:do_switch$725$rdmux[0][2][1]$b$4618 [6:5] $memory$flatten\logic_core.\boot.$auto$proc_rom.cc:155:do_switch$725$rdmux[0][2][1]$b$4618 [3:1] } = { 1'0 $memory$flatten\logic_core.\boot.$auto$proc_rom.cc:155:do_switch$725$rdmux[0][2][1]$b$4618 [0] 2'00 $memory$flatten\logic_core.\boot.$auto$proc_rom.cc:155:do_switch$725$rdmux[0][2][1]$b$4618 [0] }
    Consolidated identical input bits for $mux cell $memory$flatten\logic_core.\boot.$auto$proc_rom.cc:155:do_switch$725$rdmux[0][3][2]$4631:
      Old ports: A=$memory$flatten\logic_core.\boot.$auto$proc_rom.cc:155:do_switch$725$rdmux[0][3][2]$a$4632, B=$memory$flatten\logic_core.\boot.$auto$proc_rom.cc:155:do_switch$725$rdmux[0][3][2]$b$4633, Y=$memory$flatten\logic_core.\boot.$auto$proc_rom.cc:155:do_switch$725$rdmux[0][2][1]$a$4617
      New ports: A={ $memory$flatten\logic_core.\boot.$auto$proc_rom.cc:155:do_switch$725$rdmux[0][3][2]$a$4632 [13:12] $memory$flatten\logic_core.\boot.$auto$proc_rom.cc:155:do_switch$725$rdmux[0][3][2]$a$4632 [3] $memory$flatten\logic_core.\boot.$auto$proc_rom.cc:155:do_switch$725$rdmux[0][3][2]$a$4632 [10:9] $memory$flatten\logic_core.\boot.$auto$proc_rom.cc:155:do_switch$725$rdmux[0][3][2]$a$4632 [7] $memory$flatten\logic_core.\boot.$auto$proc_rom.cc:155:do_switch$725$rdmux[0][3][2]$a$4632 [7] $memory$flatten\logic_core.\boot.$auto$proc_rom.cc:155:do_switch$725$rdmux[0][3][2]$a$4632 [3:1] 1'0 }, B={ 4'0010 $memory$flatten\logic_core.\boot.$auto$proc_rom.cc:155:do_switch$725$rdmux[0][3][2]$b$4633 [9:7] $memory$flatten\logic_core.\boot.$auto$proc_rom.cc:155:do_switch$725$rdmux[0][3][2]$b$4633 [0] 2'00 $memory$flatten\logic_core.\boot.$auto$proc_rom.cc:155:do_switch$725$rdmux[0][3][2]$b$4633 [0] }, Y={ $memory$flatten\logic_core.\boot.$auto$proc_rom.cc:155:do_switch$725$rdmux[0][2][1]$a$4617 [13:7] $memory$flatten\logic_core.\boot.$auto$proc_rom.cc:155:do_switch$725$rdmux[0][2][1]$a$4617 [3:0] }
      New connections: $memory$flatten\logic_core.\boot.$auto$proc_rom.cc:155:do_switch$725$rdmux[0][2][1]$a$4617 [6:4] = { 2'00 $memory$flatten\logic_core.\boot.$auto$proc_rom.cc:155:do_switch$725$rdmux[0][2][1]$a$4617 [0] }
    Consolidated identical input bits for $mux cell $memory$flatten\logic_core.\boot.$auto$proc_rom.cc:155:do_switch$725$rdmux[0][3][1]$4628:
      Old ports: A=$memory$flatten\logic_core.\boot.$auto$proc_rom.cc:155:do_switch$725$rdmux[0][3][1]$a$4629, B=$memory$flatten\logic_core.\boot.$auto$proc_rom.cc:155:do_switch$725$rdmux[0][3][1]$b$4630, Y=$memory$flatten\logic_core.\boot.$auto$proc_rom.cc:155:do_switch$725$rdmux[0][2][0]$b$4615
      New ports: A={ $memory$flatten\logic_core.\boot.$auto$proc_rom.cc:155:do_switch$725$rdmux[0][3][1]$a$4629 [10:9] $memory$flatten\logic_core.\boot.$auto$proc_rom.cc:155:do_switch$725$rdmux[0][3][1]$a$4629 [4] $memory$flatten\logic_core.\boot.$auto$proc_rom.cc:155:do_switch$725$rdmux[0][3][1]$a$4629 [7] $memory$flatten\logic_core.\boot.$auto$proc_rom.cc:155:do_switch$725$rdmux[0][3][1]$a$4629 [0] $memory$flatten\logic_core.\boot.$auto$proc_rom.cc:155:do_switch$725$rdmux[0][3][1]$a$4629 [4] 3'000 $memory$flatten\logic_core.\boot.$auto$proc_rom.cc:155:do_switch$725$rdmux[0][3][1]$a$4629 [0] }, B={ $memory$flatten\logic_core.\boot.$auto$proc_rom.cc:155:do_switch$725$rdmux[0][3][1]$b$4630 [10:7] 1'0 $memory$flatten\logic_core.\boot.$auto$proc_rom.cc:155:do_switch$725$rdmux[0][3][1]$b$4630 [4] $memory$flatten\logic_core.\boot.$auto$proc_rom.cc:155:do_switch$725$rdmux[0][3][1]$b$4630 [0] $memory$flatten\logic_core.\boot.$auto$proc_rom.cc:155:do_switch$725$rdmux[0][3][1]$b$4630 [2:0] }, Y={ $memory$flatten\logic_core.\boot.$auto$proc_rom.cc:155:do_switch$725$rdmux[0][2][0]$b$4615 [10:7] $memory$flatten\logic_core.\boot.$auto$proc_rom.cc:155:do_switch$725$rdmux[0][2][0]$b$4615 [5:0] }
      New connections: { $memory$flatten\logic_core.\boot.$auto$proc_rom.cc:155:do_switch$725$rdmux[0][2][0]$b$4615 [13:11] $memory$flatten\logic_core.\boot.$auto$proc_rom.cc:155:do_switch$725$rdmux[0][2][0]$b$4615 [6] } = { $memory$flatten\logic_core.\boot.$auto$proc_rom.cc:155:do_switch$725$rdmux[0][2][0]$b$4615 [3] 2'00 $memory$flatten\logic_core.\boot.$auto$proc_rom.cc:155:do_switch$725$rdmux[0][2][0]$b$4615 [5] }
    Consolidated identical input bits for $mux cell $memory$flatten\logic_core.\boot.$auto$proc_rom.cc:155:do_switch$725$rdmux[0][3][0]$4625:
      Old ports: A=$memory$flatten\logic_core.\boot.$auto$proc_rom.cc:155:do_switch$725$rdmux[0][3][0]$a$4626, B=$memory$flatten\logic_core.\boot.$auto$proc_rom.cc:155:do_switch$725$rdmux[0][3][0]$b$4627, Y=$memory$flatten\logic_core.\boot.$auto$proc_rom.cc:155:do_switch$725$rdmux[0][2][0]$a$4614
      New ports: A={ $memory$flatten\logic_core.\boot.$auto$proc_rom.cc:155:do_switch$725$rdmux[0][3][0]$a$4626 [12:10] $memory$flatten\logic_core.\boot.$auto$proc_rom.cc:155:do_switch$725$rdmux[0][3][0]$a$4626 [8] $memory$flatten\logic_core.\boot.$auto$proc_rom.cc:155:do_switch$725$rdmux[0][3][0]$a$4626 [3] $memory$flatten\logic_core.\boot.$auto$proc_rom.cc:155:do_switch$725$rdmux[0][3][0]$a$4626 [3] $memory$flatten\logic_core.\boot.$auto$proc_rom.cc:155:do_switch$725$rdmux[0][3][0]$a$4626 [4:3] 1'0 $memory$flatten\logic_core.\boot.$auto$proc_rom.cc:155:do_switch$725$rdmux[0][3][0]$a$4626 [1:0] }, B={ $memory$flatten\logic_core.\boot.$auto$proc_rom.cc:155:do_switch$725$rdmux[0][3][0]$b$4627 [12:11] $memory$flatten\logic_core.\boot.$auto$proc_rom.cc:155:do_switch$725$rdmux[0][3][0]$b$4627 [8] $memory$flatten\logic_core.\boot.$auto$proc_rom.cc:155:do_switch$725$rdmux[0][3][0]$b$4627 [8] 1'0 $memory$flatten\logic_core.\boot.$auto$proc_rom.cc:155:do_switch$725$rdmux[0][3][0]$b$4627 [4] $memory$flatten\logic_core.\boot.$auto$proc_rom.cc:155:do_switch$725$rdmux[0][3][0]$b$4627 [4:3] $memory$flatten\logic_core.\boot.$auto$proc_rom.cc:155:do_switch$725$rdmux[0][3][0]$b$4627 [1] $memory$flatten\logic_core.\boot.$auto$proc_rom.cc:155:do_switch$725$rdmux[0][3][0]$b$4627 [1] 1'0 }, Y={ $memory$flatten\logic_core.\boot.$auto$proc_rom.cc:155:do_switch$725$rdmux[0][2][0]$a$4614 [12:10] $memory$flatten\logic_core.\boot.$auto$proc_rom.cc:155:do_switch$725$rdmux[0][2][0]$a$4614 [8:6] $memory$flatten\logic_core.\boot.$auto$proc_rom.cc:155:do_switch$725$rdmux[0][2][0]$a$4614 [4:0] }
      New connections: { $memory$flatten\logic_core.\boot.$auto$proc_rom.cc:155:do_switch$725$rdmux[0][2][0]$a$4614 [13] $memory$flatten\logic_core.\boot.$auto$proc_rom.cc:155:do_switch$725$rdmux[0][2][0]$a$4614 [9] $memory$flatten\logic_core.\boot.$auto$proc_rom.cc:155:do_switch$725$rdmux[0][2][0]$a$4614 [5] } = { 1'0 $memory$flatten\logic_core.\boot.$auto$proc_rom.cc:155:do_switch$725$rdmux[0][2][0]$a$4614 [1] $memory$flatten\logic_core.\boot.$auto$proc_rom.cc:155:do_switch$725$rdmux[0][2][0]$a$4614 [2] }
  Optimizing cells in module \amiga_board_top.
    Consolidated identical input bits for $mux cell $memory$flatten\logic_core.\boot.$auto$proc_rom.cc:155:do_switch$725$rdmux[0][2][2]$4619:
      Old ports: A=$memory$flatten\logic_core.\boot.$auto$proc_rom.cc:155:do_switch$725$rdmux[0][2][2]$a$4620, B=14'01011100000011, Y=$memory$flatten\logic_core.\boot.$auto$proc_rom.cc:155:do_switch$725$rdmux[0][1][1]$a$4611
      New ports: A={ $memory$flatten\logic_core.\boot.$auto$proc_rom.cc:155:do_switch$725$rdmux[0][2][2]$a$4620 [13:10] $memory$flatten\logic_core.\boot.$auto$proc_rom.cc:155:do_switch$725$rdmux[0][2][2]$a$4620 [8] $memory$flatten\logic_core.\boot.$auto$proc_rom.cc:155:do_switch$725$rdmux[0][2][2]$a$4620 [3:0] }, B=9'010110011, Y={ $memory$flatten\logic_core.\boot.$auto$proc_rom.cc:155:do_switch$725$rdmux[0][1][1]$a$4611 [13:10] $memory$flatten\logic_core.\boot.$auto$proc_rom.cc:155:do_switch$725$rdmux[0][1][1]$a$4611 [8] $memory$flatten\logic_core.\boot.$auto$proc_rom.cc:155:do_switch$725$rdmux[0][1][1]$a$4611 [3:0] }
      New connections: { $memory$flatten\logic_core.\boot.$auto$proc_rom.cc:155:do_switch$725$rdmux[0][1][1]$a$4611 [9] $memory$flatten\logic_core.\boot.$auto$proc_rom.cc:155:do_switch$725$rdmux[0][1][1]$a$4611 [7:4] } = { $memory$flatten\logic_core.\boot.$auto$proc_rom.cc:155:do_switch$725$rdmux[0][1][1]$a$4611 [1] 3'000 $memory$flatten\logic_core.\boot.$auto$proc_rom.cc:155:do_switch$725$rdmux[0][1][1]$a$4611 [3] }
    Consolidated identical input bits for $mux cell $memory$flatten\logic_core.\boot.$auto$proc_rom.cc:155:do_switch$725$rdmux[0][2][1]$4616:
      Old ports: A=$memory$flatten\logic_core.\boot.$auto$proc_rom.cc:155:do_switch$725$rdmux[0][2][1]$a$4617, B=$memory$flatten\logic_core.\boot.$auto$proc_rom.cc:155:do_switch$725$rdmux[0][2][1]$b$4618, Y=$memory$flatten\logic_core.\boot.$auto$proc_rom.cc:155:do_switch$725$rdmux[0][1][0]$b$4609
      New ports: A={ $memory$flatten\logic_core.\boot.$auto$proc_rom.cc:155:do_switch$725$rdmux[0][2][1]$a$4617 [13:7] 1'0 $memory$flatten\logic_core.\boot.$auto$proc_rom.cc:155:do_switch$725$rdmux[0][2][1]$a$4617 [0] $memory$flatten\logic_core.\boot.$auto$proc_rom.cc:155:do_switch$725$rdmux[0][2][1]$a$4617 [3:0] }, B={ $memory$flatten\logic_core.\boot.$auto$proc_rom.cc:155:do_switch$725$rdmux[0][2][1]$b$4618 [13:7] $memory$flatten\logic_core.\boot.$auto$proc_rom.cc:155:do_switch$725$rdmux[0][2][1]$b$4618 [0] $memory$flatten\logic_core.\boot.$auto$proc_rom.cc:155:do_switch$725$rdmux[0][2][1]$b$4618 [4] 2'00 $memory$flatten\logic_core.\boot.$auto$proc_rom.cc:155:do_switch$725$rdmux[0][2][1]$b$4618 [0] $memory$flatten\logic_core.\boot.$auto$proc_rom.cc:155:do_switch$725$rdmux[0][2][1]$b$4618 [0] }, Y={ $memory$flatten\logic_core.\boot.$auto$proc_rom.cc:155:do_switch$725$rdmux[0][1][0]$b$4609 [13:7] $memory$flatten\logic_core.\boot.$auto$proc_rom.cc:155:do_switch$725$rdmux[0][1][0]$b$4609 [5:0] }
      New connections: $memory$flatten\logic_core.\boot.$auto$proc_rom.cc:155:do_switch$725$rdmux[0][1][0]$b$4609 [6] = 1'0
  Optimizing cells in module \amiga_board_top.
    Consolidated identical input bits for $mux cell $memory$flatten\logic_core.\boot.$auto$proc_rom.cc:155:do_switch$725$rdmux[0][1][1]$4610:
      Old ports: A=$memory$flatten\logic_core.\boot.$auto$proc_rom.cc:155:do_switch$725$rdmux[0][1][1]$a$4611, B=14'01011100000011, Y=$memory$flatten\logic_core.\boot.$auto$proc_rom.cc:155:do_switch$725$rdmux[0][0][0]$b$4606
      New ports: A={ $memory$flatten\logic_core.\boot.$auto$proc_rom.cc:155:do_switch$725$rdmux[0][1][1]$a$4611 [13:10] $memory$flatten\logic_core.\boot.$auto$proc_rom.cc:155:do_switch$725$rdmux[0][1][1]$a$4611 [8] $memory$flatten\logic_core.\boot.$auto$proc_rom.cc:155:do_switch$725$rdmux[0][1][1]$a$4611 [3:0] }, B=9'010110011, Y={ $memory$flatten\logic_core.\boot.$auto$proc_rom.cc:155:do_switch$725$rdmux[0][0][0]$b$4606 [13:10] $memory$flatten\logic_core.\boot.$auto$proc_rom.cc:155:do_switch$725$rdmux[0][0][0]$b$4606 [8] $memory$flatten\logic_core.\boot.$auto$proc_rom.cc:155:do_switch$725$rdmux[0][0][0]$b$4606 [3:0] }
      New connections: { $memory$flatten\logic_core.\boot.$auto$proc_rom.cc:155:do_switch$725$rdmux[0][0][0]$b$4606 [9] $memory$flatten\logic_core.\boot.$auto$proc_rom.cc:155:do_switch$725$rdmux[0][0][0]$b$4606 [7:4] } = { $memory$flatten\logic_core.\boot.$auto$proc_rom.cc:155:do_switch$725$rdmux[0][0][0]$b$4606 [1] 3'000 $memory$flatten\logic_core.\boot.$auto$proc_rom.cc:155:do_switch$725$rdmux[0][0][0]$b$4606 [3] }
  Optimizing cells in module \amiga_board_top.
Performed a total of 44 changes.

19.33.5. Executing OPT_MERGE pass (detect identical cells).
Finding identical cells in module `\amiga_board_top'.
Computing hashes of 911 cells of `\amiga_board_top'.
Finding duplicate cells in `\amiga_board_top'.
Computing hashes of 896 cells of `\amiga_board_top'.
Finding duplicate cells in `\amiga_board_top'.
<suppressed ~45 debug messages>
Removed a total of 15 cells.

19.33.6. Executing OPT_DFF pass (perform DFF optimizations).

19.33.7. Executing OPT_CLEAN pass (remove unused cells and wires).
Finding unused cells or wires in module \amiga_board_top..
Removed 0 unused cells and 104 unused wires.
<suppressed ~1 debug messages>

19.33.8. Executing OPT_EXPR pass (perform const folding).
Optimizing module amiga_board_top.

19.33.9. Rerunning OPT passes. (Maybe there is more to do..)

19.33.10. Executing OPT_MUXTREE pass (detect dead branches in mux trees).
Running muxtree optimizer on module \amiga_board_top..
  Creating internal representation of mux trees.
  Evaluating internal representation of mux trees.
  Analyzing evaluation results.
Removed 0 multiplexer ports.
<suppressed ~236 debug messages>

19.33.11. Executing OPT_REDUCE pass (consolidate $*mux and $reduce_* inputs).
  Optimizing cells in module \amiga_board_top.
    Consolidated identical input bits for $mux cell $memory$flatten\logic_core.\boot.$auto$proc_rom.cc:155:do_switch$725$rdmux[0][4][2]$4655:
      Old ports: A={ 1'0 $memory$flatten\logic_core.\boot.$auto$proc_rom.cc:155:do_switch$725$rdmux[0][4][0]$a$4650 [11] $memory$flatten\logic_core.\boot.$auto$proc_rom.cc:155:do_switch$725$rdmux[0][4][0]$a$4650 [11] $memory$flatten\logic_core.\boot.$auto$proc_rom.cc:155:do_switch$725$rdmux[0][4][0]$a$4650 [0] $memory$flatten\logic_core.\boot.$auto$proc_rom.cc:155:do_switch$725$rdmux[0][4][0]$a$4650 [0] }, B={ $memory$flatten\logic_core.\boot.$auto$proc_rom.cc:155:do_switch$725$rdmux[0][4][0]$a$4650 [11] $memory$flatten\logic_core.\boot.$auto$proc_rom.cc:155:do_switch$725$rdmux[0][4][0]$a$4650 [0] 1'0 $memory$flatten\logic_core.\boot.$auto$proc_rom.cc:155:do_switch$725$rdmux[0][4][0]$a$4650 [0] 1'0 }, Y={ $memory$flatten\logic_core.\boot.$auto$proc_rom.cc:155:do_switch$725$rdmux[0][3][1]$a$4629 [10:9] $memory$flatten\logic_core.\boot.$auto$proc_rom.cc:155:do_switch$725$rdmux[0][3][1]$a$4629 [7] $memory$flatten\logic_core.\boot.$auto$proc_rom.cc:155:do_switch$725$rdmux[0][3][1]$a$4629 [4] $memory$flatten\logic_core.\boot.$auto$proc_rom.cc:155:do_switch$725$rdmux[0][3][1]$a$4629 [0] }
      New ports: A={ 1'0 $memory$flatten\logic_core.\boot.$auto$proc_rom.cc:155:do_switch$725$rdmux[0][4][0]$a$4650 [11] $memory$flatten\logic_core.\boot.$auto$proc_rom.cc:155:do_switch$725$rdmux[0][4][0]$a$4650 [11] $memory$flatten\logic_core.\boot.$auto$proc_rom.cc:155:do_switch$725$rdmux[0][4][0]$a$4650 [0] }, B={ $memory$flatten\logic_core.\boot.$auto$proc_rom.cc:155:do_switch$725$rdmux[0][4][0]$a$4650 [11] $memory$flatten\logic_core.\boot.$auto$proc_rom.cc:155:do_switch$725$rdmux[0][4][0]$a$4650 [0] 2'00 }, Y={ $memory$flatten\logic_core.\boot.$auto$proc_rom.cc:155:do_switch$725$rdmux[0][3][1]$a$4629 [10:9] $memory$flatten\logic_core.\boot.$auto$proc_rom.cc:155:do_switch$725$rdmux[0][3][1]$a$4629 [7] $memory$flatten\logic_core.\boot.$auto$proc_rom.cc:155:do_switch$725$rdmux[0][3][1]$a$4629 [0] }
      New connections: $memory$flatten\logic_core.\boot.$auto$proc_rom.cc:155:do_switch$725$rdmux[0][3][1]$a$4629 [4] = $memory$flatten\logic_core.\boot.$auto$proc_rom.cc:155:do_switch$725$rdmux[0][4][0]$a$4650 [0]
    Consolidated identical input bits for $mux cell $memory$flatten\logic_core.\boot.$auto$proc_rom.cc:155:do_switch$725$rdmux[0][4][1]$4652:
      Old ports: A={ $memory$flatten\logic_core.\boot.$auto$proc_rom.cc:155:do_switch$725$rdmux[0][4][0]$a$4650 [11] $memory$flatten\logic_core.\boot.$auto$proc_rom.cc:155:do_switch$725$rdmux[0][4][0]$a$4650 [0] $memory$flatten\logic_core.\boot.$auto$proc_rom.cc:155:do_switch$725$rdmux[0][4][0]$a$4650 [0] $memory$flatten\logic_core.\boot.$auto$proc_rom.cc:155:do_switch$725$rdmux[0][4][0]$a$4650 [11] 1'1 $memory$flatten\logic_core.\boot.$auto$proc_rom.cc:155:do_switch$725$rdmux[0][4][0]$a$4650 [0] }, B={ 1'1 $memory$flatten\logic_core.\boot.$auto$proc_rom.cc:155:do_switch$725$rdmux[0][4][0]$a$4650 [11] $memory$flatten\logic_core.\boot.$auto$proc_rom.cc:155:do_switch$725$rdmux[0][4][0]$a$4650 [0] 3'000 }, Y={ $memory$flatten\logic_core.\boot.$auto$proc_rom.cc:155:do_switch$725$rdmux[0][3][0]$b$4627 [12:11] $memory$flatten\logic_core.\boot.$auto$proc_rom.cc:155:do_switch$725$rdmux[0][3][0]$b$4627 [8] $memory$flatten\logic_core.\boot.$auto$proc_rom.cc:155:do_switch$725$rdmux[0][3][0]$b$4627 [4:3] $memory$flatten\logic_core.\boot.$auto$proc_rom.cc:155:do_switch$725$rdmux[0][3][0]$b$4627 [1] }
      New ports: A={ $memory$flatten\logic_core.\boot.$auto$proc_rom.cc:155:do_switch$725$rdmux[0][4][0]$a$4650 [11] $memory$flatten\logic_core.\boot.$auto$proc_rom.cc:155:do_switch$725$rdmux[0][4][0]$a$4650 [0] $memory$flatten\logic_core.\boot.$auto$proc_rom.cc:155:do_switch$725$rdmux[0][4][0]$a$4650 [11] 1'1 $memory$flatten\logic_core.\boot.$auto$proc_rom.cc:155:do_switch$725$rdmux[0][4][0]$a$4650 [0] }, B={ 1'1 $memory$flatten\logic_core.\boot.$auto$proc_rom.cc:155:do_switch$725$rdmux[0][4][0]$a$4650 [11] 3'000 }, Y={ $memory$flatten\logic_core.\boot.$auto$proc_rom.cc:155:do_switch$725$rdmux[0][3][0]$b$4627 [12:11] $memory$flatten\logic_core.\boot.$auto$proc_rom.cc:155:do_switch$725$rdmux[0][3][0]$b$4627 [4:3] $memory$flatten\logic_core.\boot.$auto$proc_rom.cc:155:do_switch$725$rdmux[0][3][0]$b$4627 [1] }
      New connections: $memory$flatten\logic_core.\boot.$auto$proc_rom.cc:155:do_switch$725$rdmux[0][3][0]$b$4627 [8] = $memory$flatten\logic_core.\boot.$auto$proc_rom.cc:155:do_switch$725$rdmux[0][4][0]$a$4650 [0]
  Optimizing cells in module \amiga_board_top.
Performed a total of 2 changes.

19.33.12. Executing OPT_MERGE pass (detect identical cells).
Finding identical cells in module `\amiga_board_top'.
Computing hashes of 896 cells of `\amiga_board_top'.
Finding duplicate cells in `\amiga_board_top'.
Removed a total of 0 cells.

19.33.13. Executing OPT_DFF pass (perform DFF optimizations).

19.33.14. Executing OPT_CLEAN pass (remove unused cells and wires).
Finding unused cells or wires in module \amiga_board_top..

19.33.15. Executing OPT_EXPR pass (perform const folding).
Optimizing module amiga_board_top.

19.33.16. Rerunning OPT passes. (Maybe there is more to do..)

19.33.17. Executing OPT_MUXTREE pass (detect dead branches in mux trees).
Running muxtree optimizer on module \amiga_board_top..
  Creating internal representation of mux trees.
  Evaluating internal representation of mux trees.
  Analyzing evaluation results.
Removed 0 multiplexer ports.
<suppressed ~234 debug messages>

19.33.18. Executing OPT_REDUCE pass (consolidate $*mux and $reduce_* inputs).
  Optimizing cells in module \amiga_board_top.
Performed a total of 0 changes.

19.33.19. Executing OPT_MERGE pass (detect identical cells).
Finding identical cells in module `\amiga_board_top'.
Computing hashes of 896 cells of `\amiga_board_top'.
Finding duplicate cells in `\amiga_board_top'.
Removed a total of 0 cells.

19.33.20. Executing OPT_DFF pass (perform DFF optimizations).

19.33.21. Executing OPT_CLEAN pass (remove unused cells and wires).
Finding unused cells or wires in module \amiga_board_top..

19.33.22. Executing OPT_EXPR pass (perform const folding).
Optimizing module amiga_board_top.

19.33.23. Finished fast OPT passes. (There is nothing left to do.)

19.34. Executing TECHMAP pass (map to technology primitives).

19.34.1. Executing Verilog-2005 frontend: C:\Users\zanac2\Documents\Codex\2026-09-08\m\work\tools\pnr_v015\oss-cad-suite\bin\../share/yosys/techmap.v
Parsing Verilog input from `C:\Users\zanac2\Documents\Codex\2026-09-08\m\work\tools\pnr_v015\oss-cad-suite\bin\../share/yosys/techmap.v' to AST representation.
Generating RTLIL representation for module `\_90_simplemap_bool_ops'.
Generating RTLIL representation for module `\_90_simplemap_reduce_ops'.
Generating RTLIL representation for module `\_90_simplemap_logic_ops'.
Generating RTLIL representation for module `\_90_simplemap_compare_ops'.
Generating RTLIL representation for module `\_90_simplemap_various'.
Generating RTLIL representation for module `\_90_simplemap_registers'.
Generating RTLIL representation for module `\_90_shift_ops_shr_shl_sshl_sshr'.
Generating RTLIL representation for module `\_90_shift_shiftx'.
Generating RTLIL representation for module `\_90_fa'.
Generating RTLIL representation for module `\_90_lcu_brent_kung'.
Generating RTLIL representation for module `\_90_alu'.
Generating RTLIL representation for module `\_90_macc'.
Generating RTLIL representation for module `\_90_alumacc'.
Generating RTLIL representation for module `$__div_mod_u'.
Generating RTLIL representation for module `$__div_mod_trunc'.
Generating RTLIL representation for module `\_90_div'.
Generating RTLIL representation for module `\_90_mod'.
Generating RTLIL representation for module `$__div_mod_floor'.
Generating RTLIL representation for module `\_90_divfloor'.
Generating RTLIL representation for module `\_90_modfloor'.
Generating RTLIL representation for module `\_90_pow'.
Generating RTLIL representation for module `\_90_demux'.
Generating RTLIL representation for module `\_90_lut'.
Generating RTLIL representation for module `$connect'.
Generating RTLIL representation for module `$input_port'.
Successfully finished Verilog frontend.

19.34.2. Executing Verilog-2005 frontend: C:\Users\zanac2\Documents\Codex\2026-09-08\m\work\tools\pnr_v015\oss-cad-suite\bin\../share/yosys/gowin/arith_map.v
Parsing Verilog input from `C:\Users\zanac2\Documents\Codex\2026-09-08\m\work\tools\pnr_v015\oss-cad-suite\bin\../share/yosys/gowin/arith_map.v' to AST representation.
Generating RTLIL representation for module `\_80_gw1n_alu'.
Successfully finished Verilog frontend.

19.34.3. Continuing TECHMAP pass.
Using extmapper simplemap for cells of type $reduce_or.
Using extmapper simplemap for cells of type $sdff.
Using extmapper simplemap for cells of type $not.
Using template $paramod$a2af9b43308e3114c3b5dd3f4dc3329b2387395d\_80_gw1n_alu for cells of type $alu.
Using template $paramod$d2fa05d38998afabc6d4f34471305d0af4b8b2df\_80_gw1n_alu for cells of type $alu.
Using extmapper simplemap for cells of type $mux.
Using extmapper simplemap for cells of type $dff.
Using extmapper simplemap for cells of type $and.
Using extmapper simplemap for cells of type $eq.
Using template $paramod$20b1d0597707d55efcb9664e40f63985956d7680\_80_gw1n_alu for cells of type $alu.
Using template $paramod$dc04b7d98e503a7bab16fce2df70e6e2c5ca34d6\_80_gw1n_alu for cells of type $alu.
Using template $paramod$93b49458bab1c00eb32aff458c583f46ff61e60f\_80_gw1n_alu for cells of type $alu.
Using template $paramod$991bbe18dd1450046b50fa95ae910e30372cfafb\_80_gw1n_alu for cells of type $alu.
Using template $paramod$3ef7d3dd227da7627a99c5e5a6a4deb817573e39\_80_gw1n_alu for cells of type $alu.
Using template $paramod$8f780356cb6cdb52f6a744190131b65634639c4e\_80_gw1n_alu for cells of type $alu.
Using template $paramod$175e67c02b86e96b1288b9dc100122520d7240d8\_90_alu for cells of type $alu.
Using template $paramod$6831557730818fb92b11a295f9eb33ff8fa62af1\_80_gw1n_alu for cells of type $alu.
Using extmapper simplemap for cells of type $or.
Using extmapper simplemap for cells of type $reduce_and.
Using extmapper simplemap for cells of type $xor.
Using template $paramod$050f15daba5036a0512adf25d3c6631f629623f7\_80_gw1n_alu for cells of type $alu.
Using template $paramod$215440792383f7884e57d9c95f84e9552d0bf4ac\_80_gw1n_alu for cells of type $alu.
Using template $paramod$2f5fb04daf2da94d981bf9455fa4454c6ec8b705\_80_gw1n_alu for cells of type $alu.
Using template $paramod$c3cd1564c35d873179656addd6052d7ea8b6d991\_80_gw1n_alu for cells of type $alu.
Using template $paramod$ea402187f386206c0840504755479bf827f47707\_80_gw1n_alu for cells of type $alu.
Using template $paramod$b8c0a997bce700f23568a5ada79cc6781d1f5ca0\_80_gw1n_alu for cells of type $alu.
Using template $paramod$b3c20b05d9b1fc2c940ef2f6c917486aead042e8\_80_gw1n_alu for cells of type $alu.
Using template $paramod$32a7b7b86c07519b7537abc18e96f0331f97914d\_80_gw1n_alu for cells of type $alu.
Using template $paramod$0a77e3c00010cb33e399decd813a7380c6e25cba\_80_gw1n_alu for cells of type $alu.
Using template $paramod$103b4016182df467cceab67bcf3e18e6361ec0fd\_80_gw1n_alu for cells of type $alu.
Using template $paramod$32efbfac1c4dc57230cf86180788fdfd12e3b511\_80_gw1n_alu for cells of type $alu.
Using template $paramod$ce0ec84be7047712840b0952f343ee9e63ef75d1\_80_gw1n_alu for cells of type $alu.
Using template $paramod$8245a1deaa0ec2c7dc45508fdb710d588877745b\_80_gw1n_alu for cells of type $alu.
Using template $paramod$d67ae1273edc8874e6a00345940ea85493253e52\_80_gw1n_alu for cells of type $alu.
Using template $paramod$fc972a7a46956c1788f3cb5257b53c8f1df2d0cc\_90_alu for cells of type $alu.
Using template $paramod$2116a631f856d4d4902c2618dca73dafa3b8c9c0\_80_gw1n_alu for cells of type $alu.
Using template $paramod$dbcdc7e8aa1a4080cea2deda6fdc8772064f4d90\_80_gw1n_alu for cells of type $alu.
Using template $paramod$2248a14cf51c2d52bf82127b6b5bbf29eae4e7f9\_80_gw1n_alu for cells of type $alu.
Using template $paramod$47f54ff2f0cc9449305556c1cf611d590a7c17fb\_80_gw1n_alu for cells of type $alu.
Using template $paramod$fbc7873bff55778c0b3173955b7e4bce1d9d6834\_80_gw1n_alu for cells of type $alu.
Using template $paramod$f956edc9fe4df758d9fdb10bfc518a364c99e75e\_80_gw1n_alu for cells of type $alu.
Using template $paramod$a1bc51c02ce12ac21eb18988e83292af48ed7d72\_80_gw1n_alu for cells of type $alu.
Using template $paramod$6f67705c43e5e94c02b6ebb52209ce5aa5ade4c1\_80_gw1n_alu for cells of type $alu.
Using template $paramod$f6be9c44ab2ca5376bc6f0f45697cdb0ad470520\_80_gw1n_alu for cells of type $alu.
Using template $paramod$9156dc21c2b570fa3660be2e901b5ab03907aeb1\_80_gw1n_alu for cells of type $alu.
Using template $paramod$8441c334d863ed42b55f25e60c0d690241b4051f\_80_gw1n_alu for cells of type $alu.
Using template $paramod$cd54e322aa4265ca236096fe4bb634aaec4e39b4\_80_gw1n_alu for cells of type $alu.
Using template $paramod$ee3d784672cdb1cb32d9a801a3af776716f16b74\_80_gw1n_alu for cells of type $alu.
Using template $paramod$7e708ae28ab761f11d0fb59d3ffc72f6a4baf5d9\_90_alu for cells of type $alu.
Using template $paramod$1e1cd4b7f92ce6adb3a472b6058d686363cf195f\_80_gw1n_alu for cells of type $alu.
Using template $paramod$8ec017c28facb3695c922d937298c90ad0e99e8a\_80_gw1n_alu for cells of type $alu.
Using template $paramod$950cc9f9d9b07c09d0ee4a231126f2c8a3c4f78a\_80_gw1n_alu for cells of type $alu.
Using extmapper simplemap for cells of type $sdffe.
Using extmapper simplemap for cells of type $reduce_bool.
Using extmapper simplemap for cells of type $ne.
Using extmapper simplemap for cells of type $adffe.
Using extmapper simplemap for cells of type $logic_not.
Using extmapper simplemap for cells of type $tribuf.
Using extmapper simplemap for cells of type $logic_or.
Using extmapper simplemap for cells of type $logic_and.
Using extmapper simplemap for cells of type $adff.
Using extmapper simplemap for cells of type $pmux.
Using template $paramod$constmap:8876c1e1fa289f4793438d4e34d232728e6a9746$paramod$92adee9538f2381d8e5006822c900eb986d754e8\_90_shift_shiftx for cells of type $shiftx.
Using extmapper simplemap for cells of type $pos.
Using template $paramod\_90_fa\WIDTH=32'00000000000000000000000000000001 for cells of type $fa.
Using template $paramod\_90_lcu_brent_kung\WIDTH=32'00000000000000000000000000000001 for cells of type $lcu.
Using template $paramod\_90_fa\WIDTH=32'00000000000000000000000000000010 for cells of type $fa.
Using template $paramod\_90_lcu_brent_kung\WIDTH=32'00000000000000000000000000000010 for cells of type $lcu.
No more expansions possible.
<suppressed ~3041 debug messages>

19.35. Executing OPT pass (performing simple optimizations).

19.35.1. Executing OPT_EXPR pass (perform const folding).
Optimizing module amiga_board_top.
<suppressed ~3033 debug messages>

19.35.2. Executing OPT_MERGE pass (detect identical cells).
Finding identical cells in module `\amiga_board_top'.
Computing hashes of 4391 cells of `\amiga_board_top'.
Finding duplicate cells in `\amiga_board_top'.
Computing hashes of 4096 cells of `\amiga_board_top'.
Finding duplicate cells in `\amiga_board_top'.
Computing hashes of 4051 cells of `\amiga_board_top'.
Finding duplicate cells in `\amiga_board_top'.
Computing hashes of 4045 cells of `\amiga_board_top'.
Finding duplicate cells in `\amiga_board_top'.
Computing hashes of 4043 cells of `\amiga_board_top'.
Finding duplicate cells in `\amiga_board_top'.
<suppressed ~1044 debug messages>
Removed a total of 348 cells.

19.35.3. Executing OPT_DFF pass (perform DFF optimizations).

19.35.4. Executing OPT_CLEAN pass (remove unused cells and wires).
Finding unused cells or wires in module \amiga_board_top..
Removed 152 unused cells and 2691 unused wires.
<suppressed ~153 debug messages>

19.35.5. Finished fast OPT passes.

19.36. Executing IOPADMAP pass (mapping inputs/outputs to IO-PAD cells).
Mapping port amiga_board_top.I2C_SDA[0] using IOBUF.
Mapping port amiga_board_top.I2C_SCL[0] using IOBUF.
Mapping port amiga_board_top.V_OUT_RAW using OBUF.
Mapping port amiga_board_top.H_OUT_RAW using OBUF.
Mapping port amiga_board_top.DAC_PSAVE_N using OBUF.
Mapping port amiga_board_top.DAC_BLANK_N using OBUF.
Mapping port amiga_board_top.DAC_CLK_RAW using OBUF.
Mapping port amiga_board_top.DAC_B using OBUF.
Mapping port amiga_board_top.DAC_G using OBUF.
Mapping port amiga_board_top.DAC_R using OBUF.
Mapping port amiga_board_top.ADC_PWDN using OBUF.
Mapping port amiga_board_top.ADC_RESET_N using OBUF.
Mapping port amiga_board_top.ADC_B using IBUF.
Mapping port amiga_board_top.ADC_G using IBUF.
Mapping port amiga_board_top.ADC_R using IBUF.
Mapping port amiga_board_top.ADC_VS using IBUF.
Mapping port amiga_board_top.ADC_HS using IBUF.
Mapping port amiga_board_top.ADC_CLK using IBUF.
Mapping port amiga_board_top.POWER_GOOD using IBUF.
Mapping port amiga_board_top.REF_27M using IBUF.

19.37. Executing OPT_CLEAN pass (remove unused cells and wires).
Finding unused cells or wires in module \amiga_board_top..
Removed 0 unused cells and 19 unused wires.
<suppressed ~1 debug messages>

19.38. Executing DFFLEGALIZE pass (convert FFs and LATCHes to types supported by the target).

19.39. Executing TECHMAP pass (map to technology primitives).

19.39.1. Executing Verilog-2005 frontend: C:\Users\zanac2\Documents\Codex\2026-09-08\m\work\tools\pnr_v015\oss-cad-suite\bin\../share/yosys/gowin/cells_map.v
Parsing Verilog input from `C:\Users\zanac2\Documents\Codex\2026-09-08\m\work\tools\pnr_v015\oss-cad-suite\bin\../share/yosys/gowin/cells_map.v' to AST representation.
Generating RTLIL representation for module `$_DFF_N_'.
Generating RTLIL representation for module `$_DFF_P_'.
Generating RTLIL representation for module `$_DFFE_PP_'.
Generating RTLIL representation for module `$_DFFE_NP_'.
Generating RTLIL representation for module `$_SDFF_PP0_'.
Generating RTLIL representation for module `$_SDFF_NP0_'.
Generating RTLIL representation for module `$_SDFFE_PP0P_'.
Generating RTLIL representation for module `$_SDFFE_NP0P_'.
Generating RTLIL representation for module `$_SDFF_PP1_'.
Generating RTLIL representation for module `$_SDFF_NP1_'.
Generating RTLIL representation for module `$_SDFFE_PP1P_'.
Generating RTLIL representation for module `$_SDFFE_NP1P_'.
Generating RTLIL representation for module `$_DFF_PP1_'.
Generating RTLIL representation for module `$_DFF_NP1_'.
Generating RTLIL representation for module `$_DFF_PP0_'.
Generating RTLIL representation for module `$_DFF_NP0_'.
Generating RTLIL representation for module `$_DFFE_PP1P_'.
Generating RTLIL representation for module `$_DFFE_NP1P_'.
Generating RTLIL representation for module `$_DFFE_PP0P_'.
Generating RTLIL representation for module `$_DFFE_NP0P_'.
Generating RTLIL representation for module `$lut'.
Successfully finished Verilog frontend.

19.39.2. Continuing TECHMAP pass.
Using template $_SDFFE_PP0P_ for cells of type $_SDFFE_PP0P_.
Using template $_DFF_PP0_ for cells of type $_DFF_PP0_.
Using template $_DFF_PP1_ for cells of type $_DFF_PP1_.
Using template $_SDFF_PP0_ for cells of type $_SDFF_PP0_.
Using template $_DFF_P_ for cells of type $_DFF_P_.
Using template $_DFFE_NP0P_ for cells of type $_DFFE_NP0P_.
Using template $_DFFE_NP1P_ for cells of type $_DFFE_NP1P_.
Using template $_DFF_NP1_ for cells of type $_DFF_NP1_.
Using template $_SDFFE_PP1P_ for cells of type $_SDFFE_PP1P_.
Using template $_SDFF_PP1_ for cells of type $_SDFF_PP1_.
Using template $_DFFE_PP0P_ for cells of type $_DFFE_PP0P_.
No more expansions possible.
<suppressed ~727 debug messages>

19.40. Executing TECHMAP pass (map to technology primitives).

19.40.1. Executing Verilog-2005 frontend: C:\Users\zanac2\Documents\Codex\2026-09-08\m\work\tools\pnr_v015\oss-cad-suite\bin\../share/yosys/gowin/cells_latch.v
Parsing Verilog input from `C:\Users\zanac2\Documents\Codex\2026-09-08\m\work\tools\pnr_v015\oss-cad-suite\bin\../share/yosys/gowin/cells_latch.v' to AST representation.
Generating RTLIL representation for module `$_DLATCH_P_'.
Generating RTLIL representation for module `$_DLATCH_N_'.
Generating RTLIL representation for module `$_DLATCH_PP0_'.
Generating RTLIL representation for module `$_DLATCH_NP0_'.
Generating RTLIL representation for module `$_DLATCH_PP1_'.
Generating RTLIL representation for module `$_DLATCH_NP1_'.
Successfully finished Verilog frontend.

19.40.2. Continuing TECHMAP pass.
No more expansions possible.
<suppressed ~8 debug messages>

19.41. Executing OPT_EXPR pass (perform const folding).
Optimizing module amiga_board_top.
<suppressed ~18 debug messages>

19.42. Executing SIMPLEMAP pass (map simple cells to gate primitives).

19.43. Executing SORT pass.

19.44. Executing Verilog-2005 frontend: C:\Users\zanac2\Documents\Codex\2026-09-08\m\work\tools\pnr_v015\oss-cad-suite\bin\../share/yosys/abc9_model.v
Parsing Verilog input from `C:\Users\zanac2\Documents\Codex\2026-09-08\m\work\tools\pnr_v015\oss-cad-suite\bin\../share/yosys/abc9_model.v' to AST representation.
Generating RTLIL representation for module `$__ABC9_DELAY'.
Generating RTLIL representation for module `$__ABC9_SCC_BREAKER'.
Generating RTLIL representation for module `$__DFF_N__$abc9_flop'.
Generating RTLIL representation for module `$__DFF_P__$abc9_flop'.
Successfully finished Verilog frontend.

19.45. Executing ABC9 pass.

19.45.1. Executing ABC9_OPS pass (helper functions for ABC9).

19.45.2. Executing ABC9_OPS pass (helper functions for ABC9).

19.45.3. Executing PROC pass (convert processes to netlists).

19.45.3.1. Executing PROC_CLEAN pass (remove empty switches from decision trees).
Found and cleaned up 1 empty switch in `$paramod\ALU\ALU_MODE=s32'00000000000000000000000000000010.$proc$C:\Users\zanac2\Documents\Codex\2026-09-08\m\work\tools\pnr_v015\oss-cad-suite\bin\../share/yosys/gowin/cells_sim.v:1064$15000'.
Cleaned up 1 empty switch.

19.45.3.2. Executing PROC_RMDEAD pass (remove dead branches from decision trees).
Removed a total of 0 dead cases.

19.45.3.3. Executing PROC_PRUNE pass (remove redundant assignments in processes).
Removed 0 redundant assignments.
Promoted 4 assignments to connections.

19.45.3.4. Executing PROC_INIT pass (extract init attributes).

19.45.3.5. Executing PROC_ARST pass (detect async resets in processes).

19.45.3.6. Executing PROC_ROM pass (convert switches to ROMs).
Converted 0 switches.

19.45.3.7. Executing PROC_MUX pass (convert decision trees to multiplexers).
Creating decoders for process `$paramod\ALU\ALU_MODE=s32'00000000000000000000000000000010.$proc$C:\Users\zanac2\Documents\Codex\2026-09-08\m\work\tools\pnr_v015\oss-cad-suite\bin\../share/yosys/gowin/cells_sim.v:1064$15000'.

19.45.3.8. Executing PROC_DLATCH pass (convert process syncs to latches).
No latch inferred for signal `$paramod\ALU\ALU_MODE=s32'00000000000000000000000000000010.\C' from process `$paramod\ALU\ALU_MODE=s32'00000000000000000000000000000010.$proc$C:\Users\zanac2\Documents\Codex\2026-09-08\m\work\tools\pnr_v015\oss-cad-suite\bin\../share/yosys/gowin/cells_sim.v:1064$15000'.
No latch inferred for signal `$paramod\ALU\ALU_MODE=s32'00000000000000000000000000000010.\S' from process `$paramod\ALU\ALU_MODE=s32'00000000000000000000000000000010.$proc$C:\Users\zanac2\Documents\Codex\2026-09-08\m\work\tools\pnr_v015\oss-cad-suite\bin\../share/yosys/gowin/cells_sim.v:1064$15000'.

19.45.3.9. Executing PROC_DFF pass (convert process syncs to FFs).

19.45.3.10. Executing PROC_MEMWR pass (convert process memory writes to cells).

19.45.3.11. Executing PROC_CLEAN pass (remove empty switches from decision trees).
Removing empty process `$paramod\ALU\ALU_MODE=s32'00000000000000000000000000000010.$proc$C:\Users\zanac2\Documents\Codex\2026-09-08\m\work\tools\pnr_v015\oss-cad-suite\bin\../share/yosys/gowin/cells_sim.v:1064$15000'.
Cleaned up 0 empty switches.

19.45.4. Executing PROC pass (convert processes to netlists).

19.45.4.1. Executing PROC_CLEAN pass (remove empty switches from decision trees).
Cleaned up 0 empty switches.

19.45.4.2. Executing PROC_RMDEAD pass (remove dead branches from decision trees).
Marked 1 switch rules as full_case in process $proc$C:\Users\zanac2\Documents\Codex\2026-09-08\m\work\tools\pnr_v015\oss-cad-suite\bin\../share/yosys/gowin/cells_sim.v:348$204 in module DFFCE.
Removed a total of 0 dead cases.

19.45.4.3. Executing PROC_PRUNE pass (remove redundant assignments in processes).
Removed 0 redundant assignments.
Promoted 1 assignment to connection.

19.45.4.4. Executing PROC_INIT pass (extract init attributes).
Found init rule in `\DFFCE.$proc$C:\Users\zanac2\Documents\Codex\2026-09-08\m\work\tools\pnr_v015\oss-cad-suite\bin\../share/yosys/gowin/cells_sim.v:339$205'.
  Set init value: \Q = 1'0

19.45.4.5. Executing PROC_ARST pass (detect async resets in processes).
Found async reset \CLEAR in `\DFFCE.$proc$C:\Users\zanac2\Documents\Codex\2026-09-08\m\work\tools\pnr_v015\oss-cad-suite\bin\../share/yosys/gowin/cells_sim.v:348$204'.

19.45.4.6. Executing PROC_ROM pass (convert switches to ROMs).
Converted 0 switches.
<suppressed ~1 debug messages>

19.45.4.7. Executing PROC_MUX pass (convert decision trees to multiplexers).
Creating decoders for process `\DFFCE.$proc$C:\Users\zanac2\Documents\Codex\2026-09-08\m\work\tools\pnr_v015\oss-cad-suite\bin\../share/yosys/gowin/cells_sim.v:339$205'.
Creating decoders for process `\DFFCE.$proc$C:\Users\zanac2\Documents\Codex\2026-09-08\m\work\tools\pnr_v015\oss-cad-suite\bin\../share/yosys/gowin/cells_sim.v:348$204'.
     1/1: $0\Q[0:0]

19.45.4.8. Executing PROC_DLATCH pass (convert process syncs to latches).

19.45.4.9. Executing PROC_DFF pass (convert process syncs to FFs).
Creating register for signal `\DFFCE.\Q' using process `\DFFCE.$proc$C:\Users\zanac2\Documents\Codex\2026-09-08\m\work\tools\pnr_v015\oss-cad-suite\bin\../share/yosys/gowin/cells_sim.v:348$204'.
  created $adff cell `$procdff$15009' with positive edge clock and positive level reset.

19.45.4.10. Executing PROC_MEMWR pass (convert process memory writes to cells).

19.45.4.11. Executing PROC_CLEAN pass (remove empty switches from decision trees).
Removing empty process `DFFCE.$proc$C:\Users\zanac2\Documents\Codex\2026-09-08\m\work\tools\pnr_v015\oss-cad-suite\bin\../share/yosys/gowin/cells_sim.v:339$205'.
Found and cleaned up 1 empty switch in `\DFFCE.$proc$C:\Users\zanac2\Documents\Codex\2026-09-08\m\work\tools\pnr_v015\oss-cad-suite\bin\../share/yosys/gowin/cells_sim.v:348$204'.
Removing empty process `DFFCE.$proc$C:\Users\zanac2\Documents\Codex\2026-09-08\m\work\tools\pnr_v015\oss-cad-suite\bin\../share/yosys/gowin/cells_sim.v:348$204'.
Cleaned up 1 empty switch.

19.45.5. Executing PROC pass (convert processes to netlists).

19.45.5.1. Executing PROC_CLEAN pass (remove empty switches from decision trees).
Cleaned up 0 empty switches.

19.45.5.2. Executing PROC_RMDEAD pass (remove dead branches from decision trees).
Marked 1 switch rules as full_case in process $proc$C:\Users\zanac2\Documents\Codex\2026-09-08\m\work\tools\pnr_v015\oss-cad-suite\bin\../share/yosys/gowin/cells_sim.v:535$224 in module DFFNCE.
Removed a total of 0 dead cases.

19.45.5.3. Executing PROC_PRUNE pass (remove redundant assignments in processes).
Removed 0 redundant assignments.
Promoted 1 assignment to connection.

19.45.5.4. Executing PROC_INIT pass (extract init attributes).
Found init rule in `\DFFNCE.$proc$C:\Users\zanac2\Documents\Codex\2026-09-08\m\work\tools\pnr_v015\oss-cad-suite\bin\../share/yosys/gowin/cells_sim.v:526$225'.
  Set init value: \Q = 1'0

19.45.5.5. Executing PROC_ARST pass (detect async resets in processes).
Found async reset \CLEAR in `\DFFNCE.$proc$C:\Users\zanac2\Documents\Codex\2026-09-08\m\work\tools\pnr_v015\oss-cad-suite\bin\../share/yosys/gowin/cells_sim.v:535$224'.

19.45.5.6. Executing PROC_ROM pass (convert switches to ROMs).
Converted 0 switches.
<suppressed ~1 debug messages>

19.45.5.7. Executing PROC_MUX pass (convert decision trees to multiplexers).
Creating decoders for process `\DFFNCE.$proc$C:\Users\zanac2\Documents\Codex\2026-09-08\m\work\tools\pnr_v015\oss-cad-suite\bin\../share/yosys/gowin/cells_sim.v:526$225'.
Creating decoders for process `\DFFNCE.$proc$C:\Users\zanac2\Documents\Codex\2026-09-08\m\work\tools\pnr_v015\oss-cad-suite\bin\../share/yosys/gowin/cells_sim.v:535$224'.
     1/1: $0\Q[0:0]

19.45.5.8. Executing PROC_DLATCH pass (convert process syncs to latches).

19.45.5.9. Executing PROC_DFF pass (convert process syncs to FFs).
Creating register for signal `\DFFNCE.\Q' using process `\DFFNCE.$proc$C:\Users\zanac2\Documents\Codex\2026-09-08\m\work\tools\pnr_v015\oss-cad-suite\bin\../share/yosys/gowin/cells_sim.v:535$224'.
  created $adff cell `$procdff$15014' with negative edge clock and positive level reset.

19.45.5.10. Executing PROC_MEMWR pass (convert process memory writes to cells).

19.45.5.11. Executing PROC_CLEAN pass (remove empty switches from decision trees).
Removing empty process `DFFNCE.$proc$C:\Users\zanac2\Documents\Codex\2026-09-08\m\work\tools\pnr_v015\oss-cad-suite\bin\../share/yosys/gowin/cells_sim.v:526$225'.
Found and cleaned up 1 empty switch in `\DFFNCE.$proc$C:\Users\zanac2\Documents\Codex\2026-09-08\m\work\tools\pnr_v015\oss-cad-suite\bin\../share/yosys/gowin/cells_sim.v:535$224'.
Removing empty process `DFFNCE.$proc$C:\Users\zanac2\Documents\Codex\2026-09-08\m\work\tools\pnr_v015\oss-cad-suite\bin\../share/yosys/gowin/cells_sim.v:535$224'.
Cleaned up 1 empty switch.

19.45.6. Executing PROC pass (convert processes to netlists).

19.45.6.1. Executing PROC_CLEAN pass (remove empty switches from decision trees).
Cleaned up 0 empty switches.

19.45.6.2. Executing PROC_RMDEAD pass (remove dead branches from decision trees).
Marked 1 switch rules as full_case in process $proc$C:\Users\zanac2\Documents\Codex\2026-09-08\m\work\tools\pnr_v015\oss-cad-suite\bin\../share/yosys/gowin/cells_sim.v:496$220 in module DFFNPE.
Removed a total of 0 dead cases.

19.45.6.3. Executing PROC_PRUNE pass (remove redundant assignments in processes).
Removed 0 redundant assignments.
Promoted 1 assignment to connection.

19.45.6.4. Executing PROC_INIT pass (extract init attributes).
Found init rule in `\DFFNPE.$proc$C:\Users\zanac2\Documents\Codex\2026-09-08\m\work\tools\pnr_v015\oss-cad-suite\bin\../share/yosys/gowin/cells_sim.v:487$221'.
  Set init value: \Q = 1'1

19.45.6.5. Executing PROC_ARST pass (detect async resets in processes).
Found async reset \PRESET in `\DFFNPE.$proc$C:\Users\zanac2\Documents\Codex\2026-09-08\m\work\tools\pnr_v015\oss-cad-suite\bin\../share/yosys/gowin/cells_sim.v:496$220'.

19.45.6.6. Executing PROC_ROM pass (convert switches to ROMs).
Converted 0 switches.
<suppressed ~1 debug messages>

19.45.6.7. Executing PROC_MUX pass (convert decision trees to multiplexers).
Creating decoders for process `\DFFNPE.$proc$C:\Users\zanac2\Documents\Codex\2026-09-08\m\work\tools\pnr_v015\oss-cad-suite\bin\../share/yosys/gowin/cells_sim.v:487$221'.
Creating decoders for process `\DFFNPE.$proc$C:\Users\zanac2\Documents\Codex\2026-09-08\m\work\tools\pnr_v015\oss-cad-suite\bin\../share/yosys/gowin/cells_sim.v:496$220'.
     1/1: $0\Q[0:0]

19.45.6.8. Executing PROC_DLATCH pass (convert process syncs to latches).

19.45.6.9. Executing PROC_DFF pass (convert process syncs to FFs).
Creating register for signal `\DFFNPE.\Q' using process `\DFFNPE.$proc$C:\Users\zanac2\Documents\Codex\2026-09-08\m\work\tools\pnr_v015\oss-cad-suite\bin\../share/yosys/gowin/cells_sim.v:496$220'.
  created $adff cell `$procdff$15019' with negative edge clock and positive level reset.

19.45.6.10. Executing PROC_MEMWR pass (convert process memory writes to cells).

19.45.6.11. Executing PROC_CLEAN pass (remove empty switches from decision trees).
Removing empty process `DFFNPE.$proc$C:\Users\zanac2\Documents\Codex\2026-09-08\m\work\tools\pnr_v015\oss-cad-suite\bin\../share/yosys/gowin/cells_sim.v:487$221'.
Found and cleaned up 1 empty switch in `\DFFNPE.$proc$C:\Users\zanac2\Documents\Codex\2026-09-08\m\work\tools\pnr_v015\oss-cad-suite\bin\../share/yosys/gowin/cells_sim.v:496$220'.
Removing empty process `DFFNPE.$proc$C:\Users\zanac2\Documents\Codex\2026-09-08\m\work\tools\pnr_v015\oss-cad-suite\bin\../share/yosys/gowin/cells_sim.v:496$220'.
Cleaned up 1 empty switch.

19.45.7. Executing PROC pass (convert processes to netlists).

19.45.7.1. Executing PROC_CLEAN pass (remove empty switches from decision trees).
Cleaned up 0 empty switches.

19.45.7.2. Executing PROC_RMDEAD pass (remove dead branches from decision trees).
Marked 1 switch rules as full_case in process $proc$C:\Users\zanac2\Documents\Codex\2026-09-08\m\work\tools\pnr_v015\oss-cad-suite\bin\../share/yosys/gowin/cells_sim.v:289$198 in module DFFP.
Removed a total of 0 dead cases.

19.45.7.3. Executing PROC_PRUNE pass (remove redundant assignments in processes).
Removed 1 redundant assignment.
Promoted 1 assignment to connection.

19.45.7.4. Executing PROC_INIT pass (extract init attributes).
Found init rule in `\DFFP.$proc$C:\Users\zanac2\Documents\Codex\2026-09-08\m\work\tools\pnr_v015\oss-cad-suite\bin\../share/yosys/gowin/cells_sim.v:281$199'.
  Set init value: \Q = 1'1

19.45.7.5. Executing PROC_ARST pass (detect async resets in processes).
Found async reset \PRESET in `\DFFP.$proc$C:\Users\zanac2\Documents\Codex\2026-09-08\m\work\tools\pnr_v015\oss-cad-suite\bin\../share/yosys/gowin/cells_sim.v:289$198'.

19.45.7.6. Executing PROC_ROM pass (convert switches to ROMs).
Converted 0 switches.

19.45.7.7. Executing PROC_MUX pass (convert decision trees to multiplexers).
Creating decoders for process `\DFFP.$proc$C:\Users\zanac2\Documents\Codex\2026-09-08\m\work\tools\pnr_v015\oss-cad-suite\bin\../share/yosys/gowin/cells_sim.v:281$199'.
Creating decoders for process `\DFFP.$proc$C:\Users\zanac2\Documents\Codex\2026-09-08\m\work\tools\pnr_v015\oss-cad-suite\bin\../share/yosys/gowin/cells_sim.v:289$198'.
     1/1: $0\Q[0:0]

19.45.7.8. Executing PROC_DLATCH pass (convert process syncs to latches).

19.45.7.9. Executing PROC_DFF pass (convert process syncs to FFs).
Creating register for signal `\DFFP.\Q' using process `\DFFP.$proc$C:\Users\zanac2\Documents\Codex\2026-09-08\m\work\tools\pnr_v015\oss-cad-suite\bin\../share/yosys/gowin/cells_sim.v:289$198'.
  created $adff cell `$procdff$15022' with positive edge clock and positive level reset.

19.45.7.10. Executing PROC_MEMWR pass (convert process memory writes to cells).

19.45.7.11. Executing PROC_CLEAN pass (remove empty switches from decision trees).
Removing empty process `DFFP.$proc$C:\Users\zanac2\Documents\Codex\2026-09-08\m\work\tools\pnr_v015\oss-cad-suite\bin\../share/yosys/gowin/cells_sim.v:281$199'.
Removing empty process `DFFP.$proc$C:\Users\zanac2\Documents\Codex\2026-09-08\m\work\tools\pnr_v015\oss-cad-suite\bin\../share/yosys/gowin/cells_sim.v:289$198'.
Cleaned up 0 empty switches.

19.45.8. Executing PROC pass (convert processes to netlists).

19.45.8.1. Executing PROC_CLEAN pass (remove empty switches from decision trees).
Cleaned up 0 empty switches.

19.45.8.2. Executing PROC_RMDEAD pass (remove dead branches from decision trees).
Marked 1 switch rules as full_case in process $proc$C:\Users\zanac2\Documents\Codex\2026-09-08\m\work\tools\pnr_v015\oss-cad-suite\bin\../share/yosys/gowin/cells_sim.v:328$202 in module DFFC.
Removed a total of 0 dead cases.

19.45.8.3. Executing PROC_PRUNE pass (remove redundant assignments in processes).
Removed 1 redundant assignment.
Promoted 1 assignment to connection.

19.45.8.4. Executing PROC_INIT pass (extract init attributes).
Found init rule in `\DFFC.$proc$C:\Users\zanac2\Documents\Codex\2026-09-08\m\work\tools\pnr_v015\oss-cad-suite\bin\../share/yosys/gowin/cells_sim.v:320$203'.
  Set init value: \Q = 1'0

19.45.8.5. Executing PROC_ARST pass (detect async resets in processes).
Found async reset \CLEAR in `\DFFC.$proc$C:\Users\zanac2\Documents\Codex\2026-09-08\m\work\tools\pnr_v015\oss-cad-suite\bin\../share/yosys/gowin/cells_sim.v:328$202'.

19.45.8.6. Executing PROC_ROM pass (convert switches to ROMs).
Converted 0 switches.

19.45.8.7. Executing PROC_MUX pass (convert decision trees to multiplexers).
Creating decoders for process `\DFFC.$proc$C:\Users\zanac2\Documents\Codex\2026-09-08\m\work\tools\pnr_v015\oss-cad-suite\bin\../share/yosys/gowin/cells_sim.v:320$203'.
Creating decoders for process `\DFFC.$proc$C:\Users\zanac2\Documents\Codex\2026-09-08\m\work\tools\pnr_v015\oss-cad-suite\bin\../share/yosys/gowin/cells_sim.v:328$202'.
     1/1: $0\Q[0:0]

19.45.8.8. Executing PROC_DLATCH pass (convert process syncs to latches).

19.45.8.9. Executing PROC_DFF pass (convert process syncs to FFs).
Creating register for signal `\DFFC.\Q' using process `\DFFC.$proc$C:\Users\zanac2\Documents\Codex\2026-09-08\m\work\tools\pnr_v015\oss-cad-suite\bin\../share/yosys/gowin/cells_sim.v:328$202'.
  created $adff cell `$procdff$15025' with positive edge clock and positive level reset.

19.45.8.10. Executing PROC_MEMWR pass (convert process memory writes to cells).

19.45.8.11. Executing PROC_CLEAN pass (remove empty switches from decision trees).
Removing empty process `DFFC.$proc$C:\Users\zanac2\Documents\Codex\2026-09-08\m\work\tools\pnr_v015\oss-cad-suite\bin\../share/yosys/gowin/cells_sim.v:320$203'.
Removing empty process `DFFC.$proc$C:\Users\zanac2\Documents\Codex\2026-09-08\m\work\tools\pnr_v015\oss-cad-suite\bin\../share/yosys/gowin/cells_sim.v:328$202'.
Cleaned up 0 empty switches.

19.45.9. Executing PROC pass (convert processes to netlists).

19.45.9.1. Executing PROC_CLEAN pass (remove empty switches from decision trees).
Cleaned up 0 empty switches.

19.45.9.2. Executing PROC_RMDEAD pass (remove dead branches from decision trees).
Marked 1 switch rules as full_case in process $proc$C:\Users\zanac2\Documents\Codex\2026-09-08\m\work\tools\pnr_v015\oss-cad-suite\bin\../share/yosys/gowin/cells_sim.v:476$218 in module DFFNP.
Removed a total of 0 dead cases.

19.45.9.3. Executing PROC_PRUNE pass (remove redundant assignments in processes).
Removed 1 redundant assignment.
Promoted 1 assignment to connection.

19.45.9.4. Executing PROC_INIT pass (extract init attributes).
Found init rule in `\DFFNP.$proc$C:\Users\zanac2\Documents\Codex\2026-09-08\m\work\tools\pnr_v015\oss-cad-suite\bin\../share/yosys/gowin/cells_sim.v:468$219'.
  Set init value: \Q = 1'1

19.45.9.5. Executing PROC_ARST pass (detect async resets in processes).
Found async reset \PRESET in `\DFFNP.$proc$C:\Users\zanac2\Documents\Codex\2026-09-08\m\work\tools\pnr_v015\oss-cad-suite\bin\../share/yosys/gowin/cells_sim.v:476$218'.

19.45.9.6. Executing PROC_ROM pass (convert switches to ROMs).
Converted 0 switches.

19.45.9.7. Executing PROC_MUX pass (convert decision trees to multiplexers).
Creating decoders for process `\DFFNP.$proc$C:\Users\zanac2\Documents\Codex\2026-09-08\m\work\tools\pnr_v015\oss-cad-suite\bin\../share/yosys/gowin/cells_sim.v:468$219'.
Creating decoders for process `\DFFNP.$proc$C:\Users\zanac2\Documents\Codex\2026-09-08\m\work\tools\pnr_v015\oss-cad-suite\bin\../share/yosys/gowin/cells_sim.v:476$218'.
     1/1: $0\Q[0:0]

19.45.9.8. Executing PROC_DLATCH pass (convert process syncs to latches).

19.45.9.9. Executing PROC_DFF pass (convert process syncs to FFs).
Creating register for signal `\DFFNP.\Q' using process `\DFFNP.$proc$C:\Users\zanac2\Documents\Codex\2026-09-08\m\work\tools\pnr_v015\oss-cad-suite\bin\../share/yosys/gowin/cells_sim.v:476$218'.
  created $adff cell `$procdff$15028' with negative edge clock and positive level reset.

19.45.9.10. Executing PROC_MEMWR pass (convert process memory writes to cells).

19.45.9.11. Executing PROC_CLEAN pass (remove empty switches from decision trees).
Removing empty process `DFFNP.$proc$C:\Users\zanac2\Documents\Codex\2026-09-08\m\work\tools\pnr_v015\oss-cad-suite\bin\../share/yosys/gowin/cells_sim.v:468$219'.
Removing empty process `DFFNP.$proc$C:\Users\zanac2\Documents\Codex\2026-09-08\m\work\tools\pnr_v015\oss-cad-suite\bin\../share/yosys/gowin/cells_sim.v:476$218'.
Cleaned up 0 empty switches.

19.45.10. Executing SCC pass (detecting logic loops).
Found 0 SCCs in module amiga_board_top.
Found 0 SCCs.

19.45.11. Executing ABC9_OPS pass (helper functions for ABC9).

19.45.12. Executing TECHMAP pass (map to technology primitives).

19.45.12.1. Executing Verilog-2005 frontend: C:\Users\zanac2\Documents\Codex\2026-09-08\m\work\tools\pnr_v015\oss-cad-suite\bin\../share/yosys/techmap.v
Parsing Verilog input from `C:\Users\zanac2\Documents\Codex\2026-09-08\m\work\tools\pnr_v015\oss-cad-suite\bin\../share/yosys/techmap.v' to AST representation.
Generating RTLIL representation for module `\_90_simplemap_bool_ops'.
Generating RTLIL representation for module `\_90_simplemap_reduce_ops'.
Generating RTLIL representation for module `\_90_simplemap_logic_ops'.
Generating RTLIL representation for module `\_90_simplemap_compare_ops'.
Generating RTLIL representation for module `\_90_simplemap_various'.
Generating RTLIL representation for module `\_90_simplemap_registers'.
Generating RTLIL representation for module `\_90_shift_ops_shr_shl_sshl_sshr'.
Generating RTLIL representation for module `\_90_shift_shiftx'.
Generating RTLIL representation for module `\_90_fa'.
Generating RTLIL representation for module `\_90_lcu_brent_kung'.
Generating RTLIL representation for module `\_90_alu'.
Generating RTLIL representation for module `\_90_macc'.
Generating RTLIL representation for module `\_90_alumacc'.
Generating RTLIL representation for module `$__div_mod_u'.
Generating RTLIL representation for module `$__div_mod_trunc'.
Generating RTLIL representation for module `\_90_div'.
Generating RTLIL representation for module `\_90_mod'.
Generating RTLIL representation for module `$__div_mod_floor'.
Generating RTLIL representation for module `\_90_divfloor'.
Generating RTLIL representation for module `\_90_modfloor'.
Generating RTLIL representation for module `\_90_pow'.
Generating RTLIL representation for module `\_90_demux'.
Generating RTLIL representation for module `\_90_lut'.
Generating RTLIL representation for module `$connect'.
Generating RTLIL representation for module `$input_port'.
Successfully finished Verilog frontend.

19.45.12.2. Continuing TECHMAP pass.
No more expansions possible.
<suppressed ~236 debug messages>

19.45.13. Executing OPT pass (performing simple optimizations).

19.45.13.1. Executing OPT_EXPR pass (perform const folding).
Optimizing module DFFCE.
Optimizing module DFFNCE.
Optimizing module DFFNPE.
Optimizing module DFFP.
Optimizing module DFFC.
Optimizing module DFFNP.

19.45.13.2. Executing OPT_MERGE pass (detect identical cells).
Finding identical cells in module `\DFFCE'.
Computing hashes of 2 cells of `\DFFCE'.
Finding duplicate cells in `\DFFCE'.
Finding identical cells in module `\DFFNCE'.
Computing hashes of 2 cells of `\DFFNCE'.
Finding duplicate cells in `\DFFNCE'.
Finding identical cells in module `\DFFNPE'.
Computing hashes of 2 cells of `\DFFNPE'.
Finding duplicate cells in `\DFFNPE'.
Finding identical cells in module `\DFFP'.
Computing hashes of 2 cells of `\DFFP'.
Finding duplicate cells in `\DFFP'.
Finding identical cells in module `\DFFC'.
Computing hashes of 2 cells of `\DFFC'.
Finding duplicate cells in `\DFFC'.
Finding identical cells in module `\DFFNP'.
Computing hashes of 2 cells of `\DFFNP'.
Finding duplicate cells in `\DFFNP'.
Removed a total of 0 cells.

19.45.13.3. Executing OPT_MUXTREE pass (detect dead branches in mux trees).
Running muxtree optimizer on module \DFFCE..
  Creating internal representation of mux trees.
  No muxes found in this module.
Running muxtree optimizer on module \DFFNCE..
  Creating internal representation of mux trees.
  No muxes found in this module.
Running muxtree optimizer on module \DFFNPE..
  Creating internal representation of mux trees.
  No muxes found in this module.
Running muxtree optimizer on module \DFFP..
  Creating internal representation of mux trees.
  No muxes found in this module.
Running muxtree optimizer on module \DFFC..
  Creating internal representation of mux trees.
  No muxes found in this module.
Running muxtree optimizer on module \DFFNP..
  Creating internal representation of mux trees.
  No muxes found in this module.
Removed 0 multiplexer ports.

19.45.13.4. Executing OPT_REDUCE pass (consolidate $*mux and $reduce_* inputs).
  Optimizing cells in module \DFFCE.
  Optimizing cells in module \DFFNCE.
  Optimizing cells in module \DFFNPE.
  Optimizing cells in module \DFFP.
  Optimizing cells in module \DFFC.
  Optimizing cells in module \DFFNP.
Performed a total of 0 changes.

19.45.13.5. Executing OPT_MERGE pass (detect identical cells).
Finding identical cells in module `\DFFCE'.
Computing hashes of 2 cells of `\DFFCE'.
Finding duplicate cells in `\DFFCE'.
Finding identical cells in module `\DFFNCE'.
Computing hashes of 2 cells of `\DFFNCE'.
Finding duplicate cells in `\DFFNCE'.
Finding identical cells in module `\DFFNPE'.
Computing hashes of 2 cells of `\DFFNPE'.
Finding duplicate cells in `\DFFNPE'.
Finding identical cells in module `\DFFP'.
Computing hashes of 2 cells of `\DFFP'.
Finding duplicate cells in `\DFFP'.
Finding identical cells in module `\DFFC'.
Computing hashes of 2 cells of `\DFFC'.
Finding duplicate cells in `\DFFC'.
Finding identical cells in module `\DFFNP'.
Computing hashes of 2 cells of `\DFFNP'.
Finding duplicate cells in `\DFFNP'.
Removed a total of 0 cells.

19.45.13.6. Executing OPT_DFF pass (perform DFF optimizations).

19.45.13.7. Executing OPT_CLEAN pass (remove unused cells and wires).
Finding unused cells or wires in module \DFFCE..
Finding unused cells or wires in module \DFFNCE..
Finding unused cells or wires in module \DFFNPE..
Finding unused cells or wires in module \DFFP..
Finding unused cells or wires in module \DFFC..
Finding unused cells or wires in module \DFFNP..

19.45.13.8. Executing OPT_EXPR pass (perform const folding).
Optimizing module DFFCE.
Optimizing module DFFNCE.
Optimizing module DFFNPE.
Optimizing module DFFP.
Optimizing module DFFC.
Optimizing module DFFNP.

19.45.13.9. Finished fast OPT passes. (There is nothing left to do.)

19.45.14. Executing TECHMAP pass (map to technology primitives).

19.45.14.1. Executing Verilog-2005 frontend: C:\Users\zanac2\Documents\Codex\2026-09-08\m\work\tools\pnr_v015\oss-cad-suite\bin\../share/yosys/abc9_map.v
Parsing Verilog input from `C:\Users\zanac2\Documents\Codex\2026-09-08\m\work\tools\pnr_v015\oss-cad-suite\bin\../share/yosys/abc9_map.v' to AST representation.
Successfully finished Verilog frontend.

19.45.14.2. Continuing TECHMAP pass.
Using template DFFC for cells of type DFFC.
Using template DFFP for cells of type DFFP.
Using template DFFNCE for cells of type DFFNCE.
Using template DFFNPE for cells of type DFFNPE.
Using template DFFNP for cells of type DFFNP.
Using template DFFCE for cells of type DFFCE.
No more expansions possible.
<suppressed ~158 debug messages>

19.45.15. Executing Verilog-2005 frontend: C:\Users\zanac2\Documents\Codex\2026-09-08\m\work\tools\pnr_v015\oss-cad-suite\bin\../share/yosys/abc9_model.v
Parsing Verilog input from `C:\Users\zanac2\Documents\Codex\2026-09-08\m\work\tools\pnr_v015\oss-cad-suite\bin\../share/yosys/abc9_model.v' to AST representation.
Replacing existing blackbox module `$__ABC9_DELAY' at C:\Users\zanac2\Documents\Codex\2026-09-08\m\work\tools\pnr_v015\oss-cad-suite\bin\../share/yosys/abc9_model.v:2.1-7.10.
Generating RTLIL representation for module `$__ABC9_DELAY'.
Replacing existing blackbox module `$__ABC9_SCC_BREAKER' at C:\Users\zanac2\Documents\Codex\2026-09-08\m\work\tools\pnr_v015\oss-cad-suite\bin\../share/yosys/abc9_model.v:9.1-11.10.
Generating RTLIL representation for module `$__ABC9_SCC_BREAKER'.
Replacing existing module `$__DFF_N__$abc9_flop' at C:\Users\zanac2\Documents\Codex\2026-09-08\m\work\tools\pnr_v015\oss-cad-suite\bin\../share/yosys/abc9_model.v:14.1-20.10.
Generating RTLIL representation for module `$__DFF_N__$abc9_flop'.
Replacing existing module `$__DFF_P__$abc9_flop' at C:\Users\zanac2\Documents\Codex\2026-09-08\m\work\tools\pnr_v015\oss-cad-suite\bin\../share/yosys/abc9_model.v:23.1-29.10.
Generating RTLIL representation for module `$__DFF_P__$abc9_flop'.
Successfully finished Verilog frontend.

19.45.16. Executing ABC9_OPS pass (helper functions for ABC9).
<suppressed ~1265 debug messages>

19.45.17. Executing ABC9_OPS pass (helper functions for ABC9).

19.45.18. Executing ABC9_OPS pass (helper functions for ABC9).
<suppressed ~2 debug messages>

19.45.19. Executing TECHMAP pass (map to technology primitives).

19.45.19.1. Executing Verilog-2005 frontend: C:\Users\zanac2\Documents\Codex\2026-09-08\m\work\tools\pnr_v015\oss-cad-suite\bin\../share/yosys/techmap.v
Parsing Verilog input from `C:\Users\zanac2\Documents\Codex\2026-09-08\m\work\tools\pnr_v015\oss-cad-suite\bin\../share/yosys/techmap.v' to AST representation.
Generating RTLIL representation for module `\_90_simplemap_bool_ops'.
Generating RTLIL representation for module `\_90_simplemap_reduce_ops'.
Generating RTLIL representation for module `\_90_simplemap_logic_ops'.
Generating RTLIL representation for module `\_90_simplemap_compare_ops'.
Generating RTLIL representation for module `\_90_simplemap_various'.
Generating RTLIL representation for module `\_90_simplemap_registers'.
Generating RTLIL representation for module `\_90_shift_ops_shr_shl_sshl_sshr'.
Generating RTLIL representation for module `\_90_shift_shiftx'.
Generating RTLIL representation for module `\_90_fa'.
Generating RTLIL representation for module `\_90_lcu_brent_kung'.
Generating RTLIL representation for module `\_90_alu'.
Generating RTLIL representation for module `\_90_macc'.
Generating RTLIL representation for module `\_90_alumacc'.
Generating RTLIL representation for module `$__div_mod_u'.
Generating RTLIL representation for module `$__div_mod_trunc'.
Generating RTLIL representation for module `\_90_div'.
Generating RTLIL representation for module `\_90_mod'.
Generating RTLIL representation for module `$__div_mod_floor'.
Generating RTLIL representation for module `\_90_divfloor'.
Generating RTLIL representation for module `\_90_modfloor'.
Generating RTLIL representation for module `\_90_pow'.
Generating RTLIL representation for module `\_90_demux'.
Generating RTLIL representation for module `\_90_lut'.
Generating RTLIL representation for module `$connect'.
Generating RTLIL representation for module `$input_port'.
Successfully finished Verilog frontend.

19.45.19.2. Continuing TECHMAP pass.
Using template $paramod\ALU\ALU_MODE=s32'00000000000000000000000000000010 for cells of type $paramod\ALU\ALU_MODE=s32'00000000000000000000000000000010.
Using extmapper simplemap for cells of type $xor.
Using extmapper simplemap for cells of type $mux.
Using extmapper simplemap for cells of type $not.
No more expansions possible.
<suppressed ~245 debug messages>

19.45.20. Executing OPT pass (performing simple optimizations).

19.45.20.1. Executing OPT_EXPR pass (perform const folding).
Optimizing module amiga_board_top.

19.45.20.2. Executing OPT_MERGE pass (detect identical cells).
Finding identical cells in module `\amiga_board_top'.
Computing hashes of 14 cells of `\amiga_board_top'.
Finding duplicate cells in `\amiga_board_top'.
Removed a total of 0 cells.

19.45.20.3. Executing OPT_MUXTREE pass (detect dead branches in mux trees).
Running muxtree optimizer on module \amiga_board_top..
  Creating internal representation of mux trees.
  No muxes found in this module.
Removed 0 multiplexer ports.

19.45.20.4. Executing OPT_REDUCE pass (consolidate $*mux and $reduce_* inputs).
  Optimizing cells in module \amiga_board_top.
Performed a total of 0 changes.

19.45.20.5. Executing OPT_MERGE pass (detect identical cells).
Finding identical cells in module `\amiga_board_top'.
Computing hashes of 14 cells of `\amiga_board_top'.
Finding duplicate cells in `\amiga_board_top'.
Removed a total of 0 cells.

19.45.20.6. Executing OPT_DFF pass (perform DFF optimizations).

19.45.20.7. Executing OPT_CLEAN pass (remove unused cells and wires).
Finding unused cells or wires in module \amiga_board_top..
Removed 0 unused cells and 16 unused wires.
<suppressed ~1 debug messages>

19.45.20.8. Executing OPT_EXPR pass (perform const folding).
Optimizing module amiga_board_top.

19.45.20.9. Rerunning OPT passes. (Maybe there is more to do..)

19.45.20.10. Executing OPT_MUXTREE pass (detect dead branches in mux trees).
Running muxtree optimizer on module \amiga_board_top..
  Creating internal representation of mux trees.
  No muxes found in this module.
Removed 0 multiplexer ports.

19.45.20.11. Executing OPT_REDUCE pass (consolidate $*mux and $reduce_* inputs).
  Optimizing cells in module \amiga_board_top.
Performed a total of 0 changes.

19.45.20.12. Executing OPT_MERGE pass (detect identical cells).
Finding identical cells in module `\amiga_board_top'.
Computing hashes of 14 cells of `\amiga_board_top'.
Finding duplicate cells in `\amiga_board_top'.
Removed a total of 0 cells.

19.45.20.13. Executing OPT_DFF pass (perform DFF optimizations).

19.45.20.14. Executing OPT_CLEAN pass (remove unused cells and wires).
Finding unused cells or wires in module \amiga_board_top..

19.45.20.15. Executing OPT_EXPR pass (perform const folding).
Optimizing module amiga_board_top.

19.45.20.16. Finished fast OPT passes. (There is nothing left to do.)

19.45.21. Executing AIGMAP pass (map logic to AIG).
Module amiga_board_top: replaced 5 cells with 35 new cells, skipped 9 cells.
  replaced 2 cell types:
       2 $_MUX_
       3 $_XOR_
  not replaced 2 cell types:
       1 $_NOT_
       8 $specify2

19.45.22. Executing AIGMAP pass (map logic to AIG).
Module amiga_board_top: replaced 1470 cells with 8412 new cells, skipped 3990 cells.
  replaced 3 cell types:
     807 $_MUX_
     626 $_OR_
      37 $_XOR_
  not replaced 29 cell types:
     580 $_AND_
     515 $_NOT_
      16 $scopeinfo
     115 DFF
      29 IBUF
       1 ODDR
       8 DFFS
       7 DFFSE
     161 DFFR
     263 DFFRE
       9 DFFP
     106 DFFC
       6 DFFCE
       3 DFFNP
       1 DFFNPE
      25 DFFNCE
      31 OBUF
       2 IOBUF
       1 rPLL
       6 DPX9B
     554 $paramod$__ABC9_DELAY\DELAY=32'00000000000000000000001001000000
     709 $paramod$__ABC9_DELAY\DELAY=32'00000000000000000000000000111111
       3 DFFNP_$abc9_byp
     106 DFFC_$abc9_byp
       9 DFFP_$abc9_byp
       1 DFFNPE_$abc9_byp
      25 DFFNCE_$abc9_byp
       6 DFFCE_$abc9_byp
     692 $paramod\ALU\ALU_MODE=s32'00000000000000000000000000000010

19.45.22.1. Executing ABC9_OPS pass (helper functions for ABC9).

19.45.22.2. Executing ABC9_OPS pass (helper functions for ABC9).

19.45.22.3. Executing XAIGER backend.
<suppressed ~715 debug messages>
Extracted 3738 AND gates and 13553 wires from module `amiga_board_top' to a netlist network with 848 inputs and 1597 outputs.

19.45.22.4. Executing ABC9_EXE pass (technology mapping using ABC9).

19.45.22.5. Executing ABC9.
Running ABC command: "<yosys-exe-dir>/yosys-abc" -s -f <abc-temp-dir>/abc.script 2>&1
ABC: ======== ABC command line "source <abc-temp-dir>/abc.script"
ABC: + read_lut <abc-temp-dir>/input.lut 
ABC: + read_box <abc-temp-dir>/input.box 
ABC: + &read <abc-temp-dir>/input.xaig 
ABC: + &ps 
ABC: <abc-temp-dir>/input : i/o =    848/   1597  and =    2572  lev =   17 (   1.22)  mem = 0.18 MB  box = 2105  bb = 1413
ABC: Warning: AIG with boxes has internal fanout in 0 complex flops and 3 carries.
ABC: + &scorr 
ABC: Warning: The network is combinational.
ABC: + &sweep 
ABC: + &dc2 
ABC: + &dch -f -r 
ABC: + &ps 
ABC: <abc-temp-dir>/input : i/o =    848/   1597  and =    2273  lev =   17 (   1.02)  mem = 0.15 MB  ch =  291  box = 1890  bb = 1413
ABC: cst =       0  cls =    267  lit =     291  unused =    4930  proof =     0
ABC: Warning: AIG with boxes has internal fanout in 0 complex flops and 3 carries.
ABC: + &if -W 500 -v 
ABC: K = 8. Memory (bytes): Truth =    0. Cut =   80. Obj =  160. Set =  816. CutMin = no
ABC: Node =    2273.  Ch =   267.  Total mem =    1.77 MB. Peak cut mem =    0.08 MB.
ABC: P:  Del = 19181.00.  Ar =    3545.0.  Edge =     3058.  Cut =    22907.  T =     0.00 sec
ABC: P:  Del = 19181.00.  Ar =    3537.0.  Edge =     3053.  Cut =    22646.  T =     0.00 sec
ABC: P:  Del = 19181.00.  Ar =     888.0.  Edge =     2200.  Cut =    35163.  T =     0.01 sec
ABC: F:  Del = 19181.00.  Ar =     762.0.  Edge =     2052.  Cut =    33828.  T =     0.01 sec
ABC: A:  Del = 19181.00.  Ar =     750.0.  Edge =     1958.  Cut =    33721.  T =     0.01 sec
ABC: A:  Del = 19181.00.  Ar =     749.0.  Edge =     1956.  Cut =    33697.  T =     0.01 sec
ABC: Total time =     0.03 sec
ABC: + &write -n <abc-temp-dir>/output.aig 
ABC: + &mfs 
ABC: + &ps -l 
ABC: <abc-temp-dir>/input : i/o =    848/   1597  and =    1631  lev =   15 (   1.07)  mem = 0.15 MB  box = 1889  bb = 1413
ABC: Mapping (K=8)  :  lut =    621  edge =    1916  lev =    8 (0.60)  levB =   33  mem = 0.05 MB
ABC: LUT = 621 : 2=270 43.5 %  3=115 18.5 %  4=161 25.9 %  5=68 11.0 %  6=4 0.6 %  7=1 0.2 %  8=2 0.3 %  Ave = 3.09
ABC: Warning: AIG with boxes has internal fanout in 0 complex flops and 2 carries.
ABC: + &write -n <abc-temp-dir>/output.aig 
ABC: + &verify 
ABC: Networks are equivalent.  Time =     0.11 sec
ABC: + time 
ABC: elapse: 0.31 seconds, total: 0.31 seconds

19.45.22.6. Executing AIGER frontend.
<suppressed ~11 debug messages>
Removed 2108 unused cells and 10223 unused wires.

19.45.22.7. Executing ABC_OPS_REINTEGRATE pass (reintegrate ABC mapped design into module).
ABC RESULTS:              $lut cells:      641
ABC RESULTS:   \DFFNP_$abc9_byp cells:        3
ABC RESULTS:   \DFFC_$abc9_byp cells:      106
ABC RESULTS:   \DFFP_$abc9_byp cells:        9
ABC RESULTS:   \DFFNPE_$abc9_byp cells:        1
ABC RESULTS:   \DFFNCE_$abc9_byp cells:       25
ABC RESULTS:   \DFFCE_$abc9_byp cells:        6
ABC RESULTS:   $paramod\ALU\ALU_MODE=s32'00000000000000000000000000000010 cells:      476
ABC RESULTS:           input signals:      262
ABC RESULTS:          output signals:     1390
<suppressed ~5106 debug messages>
Removing temp directory.

19.45.23. Executing TECHMAP pass (map to technology primitives).

19.45.23.1. Executing Verilog-2005 frontend: C:\Users\zanac2\Documents\Codex\2026-09-08\m\work\tools\pnr_v015\oss-cad-suite\bin\../share/yosys/abc9_unmap.v
Parsing Verilog input from `C:\Users\zanac2\Documents\Codex\2026-09-08\m\work\tools\pnr_v015\oss-cad-suite\bin\../share/yosys/abc9_unmap.v' to AST representation.
Generating RTLIL representation for module `$__DFF_x__$abc9_flop'.
Generating RTLIL representation for module `$__ABC9_SCC_BREAKER'.
Successfully finished Verilog frontend.

19.45.23.2. Continuing TECHMAP pass.
Using template DFFP_$abc9_byp for cells of type DFFP_$abc9_byp.
Using template DFFC_$abc9_byp for cells of type DFFC_$abc9_byp.
Using template DFFCE_$abc9_byp for cells of type DFFCE_$abc9_byp.
Using template DFFNP_$abc9_byp for cells of type DFFNP_$abc9_byp.
Using template DFFNCE_$abc9_byp for cells of type DFFNCE_$abc9_byp.
Using template $paramod\ALU\ALU_MODE=s32'00000000000000000000000000000010 for cells of type $paramod\ALU\ALU_MODE=s32'00000000000000000000000000000010.
Using template DFFNPE_$abc9_byp for cells of type DFFNPE_$abc9_byp.
No more expansions possible.
<suppressed ~638 debug messages>
Removed 90 unused cells and 21964 unused wires.

19.46. Executing TECHMAP pass (map to technology primitives).

19.46.1. Executing Verilog-2005 frontend: C:\Users\zanac2\Documents\Codex\2026-09-08\m\work\tools\pnr_v015\oss-cad-suite\bin\../share/yosys/gowin/cells_map.v
Parsing Verilog input from `C:\Users\zanac2\Documents\Codex\2026-09-08\m\work\tools\pnr_v015\oss-cad-suite\bin\../share/yosys/gowin/cells_map.v' to AST representation.
Generating RTLIL representation for module `$_DFF_N_'.
Generating RTLIL representation for module `$_DFF_P_'.
Generating RTLIL representation for module `$_DFFE_PP_'.
Generating RTLIL representation for module `$_DFFE_NP_'.
Generating RTLIL representation for module `$_SDFF_PP0_'.
Generating RTLIL representation for module `$_SDFF_NP0_'.
Generating RTLIL representation for module `$_SDFFE_PP0P_'.
Generating RTLIL representation for module `$_SDFFE_NP0P_'.
Generating RTLIL representation for module `$_SDFF_PP1_'.
Generating RTLIL representation for module `$_SDFF_NP1_'.
Generating RTLIL representation for module `$_SDFFE_PP1P_'.
Generating RTLIL representation for module `$_SDFFE_NP1P_'.
Generating RTLIL representation for module `$_DFF_PP1_'.
Generating RTLIL representation for module `$_DFF_NP1_'.
Generating RTLIL representation for module `$_DFF_PP0_'.
Generating RTLIL representation for module `$_DFF_NP0_'.
Generating RTLIL representation for module `$_DFFE_PP1P_'.
Generating RTLIL representation for module `$_DFFE_NP1P_'.
Generating RTLIL representation for module `$_DFFE_PP0P_'.
Generating RTLIL representation for module `$_DFFE_NP0P_'.
Generating RTLIL representation for module `$lut'.
Successfully finished Verilog frontend.

19.46.2. Continuing TECHMAP pass.
Using template $paramod$8e44661def013b6bf9fe6f8b049ef2c838d749f9$lut for cells of type $lut.
Using template $paramod$0643f3e2d2327389a60254a975f7f2bc181055fc$lut for cells of type $lut.
Using template $paramod$lut\WIDTH=32'00000000000000000000000000000011\LUT=8'11111110 for cells of type $lut.
Using template $paramod$lut\WIDTH=32'00000000000000000000000000000010\LUT=4'1101 for cells of type $lut.
Using template $paramod$lut\WIDTH=32'00000000000000000000000000000010\LUT=4'1000 for cells of type $lut.
Using template $paramod$lut\WIDTH=32'00000000000000000000000000000011\LUT=8'11011111 for cells of type $lut.
Using template $paramod$lut\WIDTH=32'00000000000000000000000000000010\LUT=4'0110 for cells of type $lut.
Using template $paramod$lut\WIDTH=32'00000000000000000000000000000010\LUT=4'1110 for cells of type $lut.
Using template $paramod$272652f6c6fbe9a75eff76e45cc7e2788835518b$lut for cells of type $lut.
Using template $paramod$101238f3d8d49ab12a9b49a2f01cd503b26e9c61$lut for cells of type $lut.
Using template $paramod$571404c0889eaf57f492cb5e37f8acb5df5852f9$lut for cells of type $lut.
Using template $paramod$c28a8b7ce0535d090c4cfb52e9c74affd52b110c$lut for cells of type $lut.
Using template $paramod$eba7de026ff587370e320127e266317dae097a89$lut for cells of type $lut.
Using template $paramod$lut\WIDTH=32'00000000000000000000000000000010\LUT=4'1001 for cells of type $lut.
Using template $paramod$6d6beead1425af15cf78b27fd9b11b41b5d4bce8$lut for cells of type $lut.
Using template $paramod$e6cfc2a250ad5b0b3da266fa46a057a6eca6e3d9$lut for cells of type $lut.
Using template $paramod$lut\WIDTH=32'00000000000000000000000000000011\LUT=8'11111000 for cells of type $lut.
Using template $paramod$lut\WIDTH=32'00000000000000000000000000000010\LUT=4'0111 for cells of type $lut.
Using template $paramod$658b9ed803f0d3d335616d3858b53e0a2522f1e8$lut for cells of type $lut.
Using template $paramod$364c9ffbffac467d60dfec81bba4e18476c15602$lut for cells of type $lut.
Using template $paramod$lut\WIDTH=32'00000000000000000000000000000011\LUT=8'10000000 for cells of type $lut.
Using template $paramod$30305e55a780880b9c824fe3509a4d981acb0f2b$lut for cells of type $lut.
Using template $paramod$lut\WIDTH=32'00000000000000000000000000000011\LUT=8'11100010 for cells of type $lut.
Using template $paramod$lut\WIDTH=32'00000000000000000000000000000011\LUT=8'01100100 for cells of type $lut.
Using template $paramod$lut\WIDTH=32'00000000000000000000000000000011\LUT=8'00000001 for cells of type $lut.
Using template $paramod$c8d76329e2cacdfd0dddb761c7b0e8feb8f91509$lut for cells of type $lut.
Using template $paramod$759100a26014751d76925a70834cda75535a7760$lut for cells of type $lut.
Using template $paramod$lut\WIDTH=32'00000000000000000000000000000011\LUT=8'11110100 for cells of type $lut.
Using template $paramod$eb44c10d2cdbabb044d0064c89dd6aff91c9dfea$lut for cells of type $lut.
Using template $paramod$9dfe2a25d99d8640a9f67a2438aaca85b684d257$lut for cells of type $lut.
Using template $paramod$ef26adabe6060e01077b576cfe34e95e55a26aef$lut for cells of type $lut.
Using template $paramod$lut\WIDTH=32'00000000000000000000000000000011\LUT=8'10010000 for cells of type $lut.
Using template $paramod$5a04e1c4a5877b490dc1b318e62c695ed1eab374$lut for cells of type $lut.
Using template $paramod$lut\WIDTH=32'00000000000000000000000000000011\LUT=8'00101111 for cells of type $lut.
Using template $paramod$6de759646cd6c0f18757c3306ced4589292158e4$lut for cells of type $lut.
Using template $paramod$lut\WIDTH=32'00000000000000000000000000000011\LUT=8'11110001 for cells of type $lut.
Using template $paramod$lut\WIDTH=32'00000000000000000000000000000011\LUT=8'00100000 for cells of type $lut.
Using template $paramod$48d2b19f57c573b447f2c7e34a744be9de838482$lut for cells of type $lut.
Using template $paramod$376fd8132f96d0f2ab4e647ad2f1339c87e1a0e2$lut for cells of type $lut.
Using template $paramod$lut\WIDTH=32'00000000000000000000000000000010\LUT=4'0001 for cells of type $lut.
Using template $paramod$68992c2d67419233a98e6f663b2f09cbc99d93fd$lut for cells of type $lut.
Using template $paramod$07d5165d555013ea46ab28c62695fea3f7dfc96b$lut for cells of type $lut.
Using template $paramod$6e238df02989b317f10820a22773676e71120644$lut for cells of type $lut.
Using template $paramod$d6ca727e39f31d51d29072e0f33aa09c65e37336$lut for cells of type $lut.
Using template $paramod$20f3f4b8e32f8a8b038b0056872dc94926194798$lut for cells of type $lut.
Using template $paramod$lut\WIDTH=32'00000000000000000000000000000010\LUT=4'0100 for cells of type $lut.
Using template $paramod$f9813472aa48e533b3838c6f2316dc2e78c66111$lut for cells of type $lut.
Using template $paramod$6023c671e114c4eb0467aa8a0b08e183f33ec2fd$lut for cells of type $lut.
Using template $paramod$lut\WIDTH=32'00000000000000000000000000000011\LUT=8'00110001 for cells of type $lut.
Using template $paramod$lut\WIDTH=32'00000000000000000000000000000010\LUT=4'0010 for cells of type $lut.
Using template $paramod$lut\WIDTH=32'00000000000000000000000000000011\LUT=8'10101000 for cells of type $lut.
Using template $paramod$lut\WIDTH=32'00000000000000000000000000000011\LUT=8'00000100 for cells of type $lut.
Using template $paramod$lut\WIDTH=32'00000000000000000000000000000011\LUT=8'11100000 for cells of type $lut.
Using template $paramod$153c6cdaaddbc43e6ef3facd06aa851de33910ae$lut for cells of type $lut.
Using template $paramod$8d5f7407b13422c8618a39f6e856e3fba0266b3e$lut for cells of type $lut.
Using template $paramod$f840a6057f1d372c3e6a8a9fa5382749feb221f5$lut for cells of type $lut.
Using template $paramod$990f0fb2b3d003f8b16e47a6e2203c03f05c2581$lut for cells of type $lut.
Using template $paramod$aafd6b96ff27d0cca0fc329facce63ca55f3a127$lut for cells of type $lut.
Using template $paramod$lut\WIDTH=32'00000000000000000000000000000011\LUT=8'01000000 for cells of type $lut.
Using template $paramod$8bfc0eeaaa84d2880b5de3926653cc1bb2fa4de7$lut for cells of type $lut.
Using template $paramod$lut\WIDTH=32'00000000000000000000000000000010\LUT=4'1011 for cells of type $lut.
Using template $paramod$e686286c1de1415475548a2899eb5f0e6cde5163$lut for cells of type $lut.
Using template $paramod$lut\WIDTH=32'00000000000000000000000000000011\LUT=8'00010000 for cells of type $lut.
Using template $paramod$4834046533425f54583d6bd31e49deb63455e1a5$lut for cells of type $lut.
Using template $paramod$b17642e3fe0295003a682879dde8ed665f600e7b$lut for cells of type $lut.
Using template $paramod$a49ac68ca035a6ad3fb2725ab293683f6e2c78d7$lut for cells of type $lut.
Using template $paramod$ef02ea28c4f9766a22068d6502e87f79cf2d9131$lut for cells of type $lut.
Using template $paramod$e2757ade11f2afac6db9fffc55eebf834214b298$lut for cells of type $lut.
Using template $paramod$486d1e1cdd0727e7000b2a5997534189586e24cf$lut for cells of type $lut.
Using template $paramod$7bb6a37e65823eeb4b38c370fec30ab082759a14$lut for cells of type $lut.
Using template $paramod$47b2f5a9f58cb4be072657772748a1ab82d6819a$lut for cells of type $lut.
Using template $paramod$b85406dbc0fdd89120b800dd189f849f98b80dd9$lut for cells of type $lut.
Using template $paramod$0d3ac82cf5b8a192d5ff4c23e3143360366ae882$lut for cells of type $lut.
Using template $paramod$5dc745bb48e2cf535179547ba13f0fe5364d6d54$lut for cells of type $lut.
Using template $paramod$lut\WIDTH=32'00000000000000000000000000000011\LUT=8'11001110 for cells of type $lut.
Using template $paramod$34ccb0403abd26609d9a7a8ea9a44b40cc4b3caf$lut for cells of type $lut.
Using template $paramod$1a39b48a44b073b27c91dd5bfdb12bf2687db152$lut for cells of type $lut.
Using template $paramod$lut\WIDTH=32'00000000000000000000000000000011\LUT=8'11101100 for cells of type $lut.
Using template $paramod$bb4fff1cc3b827238aa40993cafede1c5beecbe3$lut for cells of type $lut.
Using template $paramod$722bfd9af0ae56ca9d1d12a221cb5ede16461f26$lut for cells of type $lut.
Using template $paramod$82b4a585d1edcb5c6e755dc9bd3392228a1c1304$lut for cells of type $lut.
Using template $paramod$lut\WIDTH=32'00000000000000000000000000000011\LUT=8'11011100 for cells of type $lut.
Using template $paramod$4c8de682f2508054a5f7f13444038e3331866a9d$lut for cells of type $lut.
Using template $paramod$35369ee2661bc6f22afa7fd33e082ebba93672ba$lut for cells of type $lut.
Using template $paramod$123e09df37748ffec7b20c91393f63070cf9f7e6$lut for cells of type $lut.
Using template $paramod$ec6c71d259df49ae0842190ffaff1179e43a8db4$lut for cells of type $lut.
Using template $paramod$24edc7aa981e8132833f035a37bb4e643a4a0a1b$lut for cells of type $lut.
Using template $paramod$9e45b1a8f5d89c07bcbb75a2bb1c598231b04feb$lut for cells of type $lut.
Using template $paramod$338f9c9909b2a286c00299d20ac00df2cd328af6$lut for cells of type $lut.
Using template $paramod$lut\WIDTH=32'00000000000000000000000000000011\LUT=8'10000010 for cells of type $lut.
Using template $paramod$74190755306950a81a07803293f7549508f6f157$lut for cells of type $lut.
Using template $paramod$c4e2d227461e4f3ce872f94565321e89a99e4ce3$lut for cells of type $lut.
Using template $paramod$5920229cea70399b1e6162a0a0a8f5df7373dbe6$lut for cells of type $lut.
Using template $paramod$db08fd84fb3c4d6a41eaec6adfffe445fb7eb17f$lut for cells of type $lut.
Using template $paramod$a466678992feb44cf6749703c13a9fa3f3b5c308$lut for cells of type $lut.
Using template $paramod$141a27db70908563661c214cd4c18e52b307bdbc$lut for cells of type $lut.
Using template $paramod$b21409dc0687127a8eb2ed1b3b9781ba472bcce2$lut for cells of type $lut.
Using template $paramod$lut\WIDTH=32'00000000000000000000000000000001\LUT=2'01 for cells of type $lut.
Using template $paramod$a5516fc31d1e552de2435200bb732b4d4ad63a9c$lut for cells of type $lut.
Using template $paramod$cb3caf177f391e03461034d2e43a101765b8d9f1$lut for cells of type $lut.
Using template $paramod$9df4a4fa550f7c33dbf8d916700bf3fa2c854ac2$lut for cells of type $lut.
Using template $paramod$lut\WIDTH=32'00000000000000000000000000000011\LUT=8'11001010 for cells of type $lut.
Using template $paramod$2653cbb0247e873c6cd170f5d7fb7a22e88aeb4f$lut for cells of type $lut.
Using template $paramod$82687d3ad8130b5b49618b6a28f43c60b5130fe1$lut for cells of type $lut.
Using template $paramod$bc85c8e2cc24fc88c83499140bfbbd5c8403a2f0$lut for cells of type $lut.
Using template $paramod$a6597eda4608f36e684c1dd07ed552fcbec112b2$lut for cells of type $lut.
Using template $paramod$c854c5c77bc7c429c5b9cd582d4f32cbbcb4d3f0$lut for cells of type $lut.
Using template $paramod$2c01c78b93f77b5e79eae85526677e695be05a34$lut for cells of type $lut.
Using template $paramod$e51a8a571bee774247b38f52d6e85fd62ae52cea$lut for cells of type $lut.
Using template $paramod$47a8214374025465e226fa66bee690ff33268a25$lut for cells of type $lut.
Using template $paramod$9fc14cb0ba5120a1da0c687a9fb19472f206fdfe$lut for cells of type $lut.
Using template $paramod$lut\WIDTH=32'00000000000000000000000000000011\LUT=8'01001100 for cells of type $lut.
Using template $paramod$lut\WIDTH=32'00000000000000000000000000000011\LUT=8'10001100 for cells of type $lut.
Using template $paramod$lut\WIDTH=32'00000000000000000000000000000011\LUT=8'00010101 for cells of type $lut.
Using template $paramod$lut\WIDTH=32'00000000000000000000000000000011\LUT=8'00001000 for cells of type $lut.
Using template $paramod$lut\WIDTH=32'00000000000000000000000000000011\LUT=8'00001110 for cells of type $lut.
Using template $paramod$694c95659b447cef99dd4cdbd49b87dfd5f6c806$lut for cells of type $lut.
Using template $paramod$a50be0e6fa3a01511bb234559cb74fb8bd3e2061$lut for cells of type $lut.
Using template $paramod$0392318cefd9d15f572622bd5a88290120220d9c$lut for cells of type $lut.
Using template $paramod$74e8d8ccdd295d719f8ed4afe84c7508efed6dd5$lut for cells of type $lut.
Using template $paramod$ab77c53f782537c0634b120427977fa6e7d01362$lut for cells of type $lut.
Using template $paramod$a81cf453a316218febe7a33c0cf3157f69dfa7dc$lut for cells of type $lut.
Using template $paramod$4a402228615d9a7293f15ad6f0a35386fc68bd24$lut for cells of type $lut.
Using template $paramod$f55f4b90ec8e3e648d5c29eab1fa5ddd64b3f973$lut for cells of type $lut.
Using template $paramod$017c535bdd2635b4a60abec257ad0fd192aabd80$lut for cells of type $lut.
Using template $paramod$d315acbf930db7c20b3f4ac2dad3b7982b1f437c$lut for cells of type $lut.
Using template $paramod$lut\WIDTH=32'00000000000000000000000000000011\LUT=8'00101010 for cells of type $lut.
Using template $paramod$lut\WIDTH=32'00000000000000000000000000000011\LUT=8'01100000 for cells of type $lut.
Using template $paramod$13cd853d8b97f0d8c9dbe32ac445830a9469923c$lut for cells of type $lut.
Using template $paramod$24e96369d6076dde9cac346337625b920ac10910$lut for cells of type $lut.
Using template $paramod$18455d4fd1270af2266bf4bb1c44971b2eb6b37a$lut for cells of type $lut.
Using template $paramod$fca001e3e0b52158a872e76e56c01ec10dfbb1de$lut for cells of type $lut.
Using template $paramod$7d35f3eb4056e6484203c99fe42cfcf1dfaba704$lut for cells of type $lut.
Using template $paramod$8512f4fb47fa9596f76cdbe5b407a5b54df368e7$lut for cells of type $lut.
Using template $paramod$df196ed0a1da5c4a58c5e08a1dac304fd3fccaab$lut for cells of type $lut.
Using template $paramod$66caeb00a39d236782a97659e3bd99621b74681b$lut for cells of type $lut.
Using template $paramod$9d65a3530a0c54a9611b149a2a5bd69c99184f7d$lut for cells of type $lut.
Using template $paramod$902ed43dcaa6101b2d051ad26600288d910a8996$lut for cells of type $lut.
Using template $paramod$lut\WIDTH=32'00000000000000000000000000000011\LUT=8'00100011 for cells of type $lut.
Using template $paramod$03da3dcc7c75ea9c9148a6fc634f76a9d0cbefef$lut for cells of type $lut.
Using template $paramod$lut\WIDTH=32'00000000000000000000000000000011\LUT=8'00101000 for cells of type $lut.
Using template $paramod$4d5682dd6afedfd6df0816b3bca3365bbde91748$lut for cells of type $lut.
Using template $paramod$251994398653c4cf8de320f1e306e535d5d2d624$lut for cells of type $lut.
Using template $paramod$19f568890ed784cb1efc3ce1b67eed20a6c54d9a$lut for cells of type $lut.
Using template $paramod$5e9374f44a27c3f8a1c38af244ec43ceb4fb8d4f$lut for cells of type $lut.
Using template $paramod$b93d1ea7a612a32c185108f67a153d44ffb9aac2$lut for cells of type $lut.
Using template $paramod$7a98e3c834dd83a8af817c3899766b05346484c9$lut for cells of type $lut.
Using template $paramod$66658cbed86a8310f9b7ba1190d35eff90ee749b$lut for cells of type $lut.
Using template $paramod$c68110307ed3a83d1f1d050a34218c458bce2221$lut for cells of type $lut.
Using template $paramod$c08a14371e71003193cf1d2da8edb6d22ac59ce1$lut for cells of type $lut.
Using template $paramod$7dc80f6db7113f8d3efb3affd3151d83c6b5c052$lut for cells of type $lut.
Using template $paramod$37c9af120c85145419565a9ccf4ceb7397fbbe92$lut for cells of type $lut.
Using template $paramod$6b7c9c56fc2a32a479d463d5f3b0d3f4673b67f1$lut for cells of type $lut.
Using template $paramod$b45e5cb971154e30a797eecb0461619c3eeae12d$lut for cells of type $lut.
Using template $paramod$c24ed72ebb67e9ead6029e42e909ef7fc0abbb11$lut for cells of type $lut.
Using template $paramod$dd091041be455612934bb13bfe851569d81ed6b5$lut for cells of type $lut.
Using template $paramod$a47ab8a9401965088c690edab226b5e61dd268e6$lut for cells of type $lut.
Using template $paramod$ab3d93f1fcab7eb90dc7107a6f542304d3ebcc5b$lut for cells of type $lut.
Using template $paramod$lut\WIDTH=32'00000000000000000000000000000011\LUT=8'01010100 for cells of type $lut.
Using template $paramod$92c3899764cd8074859d6a5a5b733cffe8a391b3$lut for cells of type $lut.
Using template $paramod$c1ea9a2465ca0c32329bdb7cdb0aaa58d06f4479$lut for cells of type $lut.
Using template $paramod$ae9d7a0bbf54f20dfbcbef1cc6bb158700fc3394$lut for cells of type $lut.
Using template $paramod$lut\WIDTH=32'00000000000000000000000000000011\LUT=8'00110010 for cells of type $lut.
Using template $paramod$873c285bdccf0ac2b60d2304ea5cd14bf211d2a6$lut for cells of type $lut.
Using template $paramod$09a04c73f78bcb04ea7bc059bf6194414f7462de$lut for cells of type $lut.
Using template $paramod$2f17e1be43f3ac07ddcc5afec3b8e6a34320bd15$lut for cells of type $lut.
Using template $paramod$09deb89cf77b6e37f6ed7fef8d797dc05c0b2eee$lut for cells of type $lut.
Using template $paramod$b722b3900bb47e387594e8f6a59b3c903eb338cb$lut for cells of type $lut.
Using template $paramod$46d981b5eabc08c1691f743d7a017e4435316de4$lut for cells of type $lut.
Using template $paramod$f91e53ba684752dceabcd54901d323bd20a17410$lut for cells of type $lut.
Using template $paramod$a9ba23df824f693c44e722629fd8c1fae157385c$lut for cells of type $lut.
Using template $paramod$lut\WIDTH=32'00000000000000000000000000000011\LUT=8'00010011 for cells of type $lut.
Using template $paramod$lut\WIDTH=32'00000000000000000000000000000011\LUT=8'00001101 for cells of type $lut.
Using template $paramod$47d363ae7b1a0e81207e02fe31af85b6bf36a2ac$lut for cells of type $lut.
Using template $paramod$ff74d3b36221c7c7b417c242545ab45c7d96a8ff$lut for cells of type $lut.
Using template $paramod$lut\WIDTH=32'00000000000000000000000000000011\LUT=8'00011011 for cells of type $lut.
Using template $paramod$a4640096cbef09c4ef8613155a589c40164ac034$lut for cells of type $lut.
Using template $paramod$7b809938766c3068dc017c276033f224fcfb7189$lut for cells of type $lut.
Using template $paramod$44ff3d01a2588fda5053a4aed598e10717d073b5$lut for cells of type $lut.
Using template $paramod$lut\WIDTH=32'00000000000000000000000000000011\LUT=8'10001101 for cells of type $lut.
Using template $paramod$032f8b008e9977f31c4cb43b52aa0a1926e1e430$lut for cells of type $lut.
Using template $paramod$9664483609d9e726df9697364de1aad825ad3979$lut for cells of type $lut.
Using template $paramod$b26971835fa3c03b8964950444c8338bb0539e68$lut for cells of type $lut.
Using template $paramod$63c61d5eb9381808b8e22fbe93d9eb816c23399e$lut for cells of type $lut.
Using template $paramod$80283a48ee7d087bbd1063af8b303958d2769e2d$lut for cells of type $lut.
Using template $paramod$fc106e0a7667202ed1077fe19660b17d03692f80$lut for cells of type $lut.
Using template $paramod$ea0a4ee26eb9aa2c03283f4bfb761fc3543b5b69$lut for cells of type $lut.
Using template $paramod$cc32a05866f608aca38637d6c7ba9e5d077e8484$lut for cells of type $lut.
Using template $paramod$a8e39d14d3a99b91b3d22e113d957d3d26444939$lut for cells of type $lut.
Using template $paramod$bf5406a03801a7fb5ac9dedcc41e435b295d425b$lut for cells of type $lut.
Using template $paramod$85185c21693979a4a8aed0e39b9a280afa41b15e$lut for cells of type $lut.
Using template $paramod$fe4dcf644cd74fc260a624636e437f9d605314b9$lut for cells of type $lut.
Using template $paramod$d970f50262c22237a89c42de86550896449a6a6b$lut for cells of type $lut.
Using template $paramod$2acc56796dae1e7bbd8d34441a24f749523f3d30$lut for cells of type $lut.
Using template $paramod$bae72156345370f1791f74602af3b9184b10b082$lut for cells of type $lut.
Using template $paramod$ccc0f82d1133a8db4f4e73cac314622f3f774957$lut for cells of type $lut.
Using template $paramod$64dd14c8134b4490e604472c90870471af1b7789$lut for cells of type $lut.
Using template $paramod$2a03965d1d24fe819618bc3f38d8b1509611f640$lut for cells of type $lut.
Using template $paramod$c0b48f07030173ad9594cc249deaa952c9c3cefc$lut for cells of type $lut.
Using template $paramod$1b87b3fc11682b55e0cf3b4a4219d585e4f93e2a$lut for cells of type $lut.
Using template $paramod$2b55c44df3be4a1fd23c5c4252397863457cfebd$lut for cells of type $lut.
Using template $paramod$bad96620ec0fbe495d1df0554546f3457e3120c6$lut for cells of type $lut.
Using template $paramod$9e59c5d219363f480ed59c38c2d654c6e80338f8$lut for cells of type $lut.
Using template $paramod$d34e3667c7f3a7733832080839f46941ccb43c7a$lut for cells of type $lut.
Using template $paramod$f4e5973df8cb879c3e1de111deaf3d3913e7aeb8$lut for cells of type $lut.
Using template $paramod$017c6405345f99ed60ed880092f5f703b8018059$lut for cells of type $lut.
Using template $paramod$7589623eef359c428d234d9cd05c66fd383bdb5c$lut for cells of type $lut.
Using template $paramod$7125b224d5920c893c2dd3de98a266451c2ebe7d$lut for cells of type $lut.
Using template $paramod$43bb1f30eebd30ae9bb8cd30dd5054f430a4c0e9$lut for cells of type $lut.
Using template $paramod$3c7975b2f675548aaa2c1e9b76f410315ef0c7b2$lut for cells of type $lut.
Using template $paramod$783935e6af78b6616e329d856f362c4fd2857d5d$lut for cells of type $lut.
Using template $paramod$ff3b04fc04a5df84a70499147f6a962e56652ac9$lut for cells of type $lut.
Using template $paramod$c315fd171a22ad0b563d890e3adda172ea240769$lut for cells of type $lut.
Using template $paramod$4c8cb1c22317888d107918a149e274a222cbf506$lut for cells of type $lut.
Using template $paramod$2566ccf9464650fa963d093354ffe550b5f8f1a4$lut for cells of type $lut.
Using template $paramod$78b48b98e2116046c89f851413277b6db5758e59$lut for cells of type $lut.
Using template $paramod$86415ea9360489d589946a964aabdd6d217316f1$lut for cells of type $lut.
Using template $paramod$fadb95605eaa81a5846e3a7f7e4faf0e6b51a190$lut for cells of type $lut.
Using template $paramod$1988a58294dc127f3eda5954fbf0560eb2f79bbc$lut for cells of type $lut.
Using template $paramod$fe2ccc9771c7f3621af3392ea69c0322e13310d4$lut for cells of type $lut.
Using template $paramod$d57af415e8f2332ef76bf6b69b3a6510311a17bd$lut for cells of type $lut.
Using template $paramod$43c6be6b119c32fbe4b97bb7bb29b7a56ae179bf$lut for cells of type $lut.
Using template $paramod$cba70b6e653a9200d4db4a28a637d318ceb4e4f3$lut for cells of type $lut.
Using template $paramod$d6e1cd7764552a68c34ba84308adb05564626a92$lut for cells of type $lut.
Using template $paramod$eb3ab5b3496b328f9dd017dcd6c86b9e8bdb672a$lut for cells of type $lut.
Using template $paramod$61bc98ece8c76bffd4acdf40e5f231340cba90fc$lut for cells of type $lut.
Using template $paramod$c0670f2aab73eea2cd5c91d3b03ce85be7de1148$lut for cells of type $lut.
Using template $paramod$be271bba002cd9043074c7f2690170dbcbaaafd0$lut for cells of type $lut.
Using template $paramod$1c44b9bd35858dfd7571b5a7ddeb49aa13e6ef62$lut for cells of type $lut.
Using template $paramod$662aa0a39b9e25110115bde1c02f46570201d4f7$lut for cells of type $lut.
Using template $paramod$68980484b6eef9d02187fc81dffe60f57c555253$lut for cells of type $lut.
Using template $paramod$7cb89ff3d8a3759ac67aad91b60285291bca8efe$lut for cells of type $lut.
Using template $paramod$cb9389d3bcc7824cbc8eb11c8ac4986b2acbae18$lut for cells of type $lut.
Using template $paramod$2d6ba752084ecb1c9d2b201c8dca948fd708c507$lut for cells of type $lut.
Using template $paramod$4153d2a5cc819185160073dfcc889edc05ed08c9$lut for cells of type $lut.
Using template $paramod$ede761341368efd53bcaebaec83bbf67ed9dec7f$lut for cells of type $lut.
Using template $paramod$12ca81afc0ddd7a62275249c8e90465259fa866f$lut for cells of type $lut.
Using template $paramod$f236496770ae2402eb71658a47358a0d27532cd6$lut for cells of type $lut.
Using template $paramod$4389e350a0f816d95c195223f8a1f406ab4edd19$lut for cells of type $lut.
Using template $paramod$881510e0e362b4007b83593dcc2c801f727bdc08$lut for cells of type $lut.
Using template $paramod$6fa92099d7036a952080e0b02bda85ab3cb1d6d0$lut for cells of type $lut.
Using template $paramod$22f15bfd85863f13ebf6c2ead117ba80f1e724db$lut for cells of type $lut.
Using template $paramod$66bd3fcf1fefab3b46081523cbad17fa6d136b6f$lut for cells of type $lut.
Using template $paramod$543d865129f1766232b6a3dcd003b926ec5de5d3$lut for cells of type $lut.
Using template $paramod$f52a5ba53b21a08982e7e00362f7c2e113c696c2$lut for cells of type $lut.
Using template $paramod$7c4be712c98140aff76911ceea8564610c5a6675$lut for cells of type $lut.
Using template $paramod$a153aec58b8067f9034006d00629cca6c1160a99$lut for cells of type $lut.
Using template $paramod$82b44aba42f1d5082c92cede910710873fd38ffe$lut for cells of type $lut.
Using template $paramod$3c2c41a3dfa511b9d0c6ddbf4ddb8fe22bb4f3cf$lut for cells of type $lut.
Using template $paramod$1012bedd65a12137684f32fdd7f85103ced015fb$lut for cells of type $lut.
Using template $paramod$25a673862c70ac2f235b36458af522be398e3c3e$lut for cells of type $lut.
Using template $paramod$e1fa0bf266b686d833dfea1dc1ea944a8abd6715$lut for cells of type $lut.
Using template $paramod$a0036cda154fea2bc6644383d8b91476ebf289a0$lut for cells of type $lut.
Using template $paramod$6fbf544541a9405cae092dc908d72296b8c93d0e$lut for cells of type $lut.
Using template $paramod$04ed47faeeb30682a1d574536058d99d67ad4045$lut for cells of type $lut.
Using template $paramod$608093360807b6b4e65b2ef8ca2d840685ce0485$lut for cells of type $lut.
Using template $paramod$c0eedf8c3216ddbe79f9232a67ba1f9b7c607054$lut for cells of type $lut.
Using template $paramod$ef7f1e65df746b0baa248bc34b422614333608b7$lut for cells of type $lut.
Using template $paramod$f6aa725215a1450c05e9668c72bfbe2e6267dfc7$lut for cells of type $lut.
Using template $paramod$281cc53abe53e5eed198abfb7811a5ac4b602380$lut for cells of type $lut.
Using template $paramod$35bb43ec68c5abe82e3e00a76591cc9dd185f537$lut for cells of type $lut.
Using template $paramod$9374ca81f01ac55bf177d4e2e989cac830a93f7c$lut for cells of type $lut.
Using template $paramod$4d27b61f36006780ec30888582fb431da8944207$lut for cells of type $lut.
Using template $paramod$7be5ba6537bbd61f594c56628aabac8a2fd8927a$lut for cells of type $lut.
Using template $paramod$b58b9e6fd801cf809016438ee734fb9cfea1e19f$lut for cells of type $lut.
Using template $paramod$d05798ff87240e4135d7ea9179e479f41c7781cf$lut for cells of type $lut.
Using template $paramod$a618568e98a9cb3df992124e8cb37ea79dd31f14$lut for cells of type $lut.
Using template $paramod$a688acff55d32ce3ce8dc93cec97efa2647eb906$lut for cells of type $lut.
No more expansions possible.
<suppressed ~3848 debug messages>

19.47. Executing OPT_LUT_INS pass (discard unused LUT inputs).
Optimizing LUTs in amiga_board_top.
  Optimizing lut $abc$34772$lut$aiger34771$4340.genblk1.genblk1.genblk1.genblk1.genblk1.genblk1.genblk1.genblk1.lut0.genblk1.genblk1.genblk1.genblk1.genblk1.genblk1.genblk1.lut1.genblk1.genblk1.genblk1.genblk1.genblk1.genblk1.lut0.genblk1.genblk1.genblk1.genblk1.genblk1.lut1 (4 -> 3)
  Optimizing lut $auto$abc_ops_reintegrate.cc:652:reintegrate$34862.genblk1.genblk1.genblk1.genblk1.genblk1.genblk1.genblk1.genblk1.lut1.genblk1.genblk1.genblk1.genblk1.genblk1.genblk1.genblk1.lut0.genblk1.genblk1.genblk1.genblk1.genblk1.genblk1.lut0.genblk1.genblk1.genblk1.genblk1.genblk1.lut0 (4 -> 0)
  Optimizing lut $auto$abc_ops_reintegrate.cc:652:reintegrate$34862.genblk1.genblk1.genblk1.genblk1.genblk1.genblk1.genblk1.genblk1.lut1.genblk1.genblk1.genblk1.genblk1.genblk1.genblk1.genblk1.lut1.genblk1.genblk1.genblk1.genblk1.genblk1.genblk1.lut0.genblk1.genblk1.genblk1.genblk1.genblk1.lut0 (4 -> 0)
  Optimizing lut $auto$abc_ops_reintegrate.cc:652:reintegrate$34862.genblk1.genblk1.genblk1.genblk1.genblk1.genblk1.genblk1.genblk1.lut0.genblk1.genblk1.genblk1.genblk1.genblk1.genblk1.genblk1.lut0.genblk1.genblk1.genblk1.genblk1.genblk1.genblk1.lut1.genblk1.genblk1.genblk1.genblk1.genblk1.lut0 (4 -> 0)
  Optimizing lut $auto$abc_ops_reintegrate.cc:652:reintegrate$34862.genblk1.genblk1.genblk1.genblk1.genblk1.genblk1.genblk1.genblk1.lut0.genblk1.genblk1.genblk1.genblk1.genblk1.genblk1.genblk1.lut0.genblk1.genblk1.genblk1.genblk1.genblk1.genblk1.lut0.genblk1.genblk1.genblk1.genblk1.genblk1.lut0 (4 -> 0)
  Optimizing lut $auto$abc_ops_reintegrate.cc:652:reintegrate$34862.genblk1.genblk1.genblk1.genblk1.genblk1.genblk1.genblk1.genblk1.lut0.genblk1.genblk1.genblk1.genblk1.genblk1.genblk1.genblk1.lut1.genblk1.genblk1.genblk1.genblk1.genblk1.genblk1.lut1.genblk1.genblk1.genblk1.genblk1.genblk1.lut0 (4 -> 0)
  Optimizing lut $auto$abc_ops_reintegrate.cc:652:reintegrate$34862.genblk1.genblk1.genblk1.genblk1.genblk1.genblk1.genblk1.genblk1.lut0.genblk1.genblk1.genblk1.genblk1.genblk1.genblk1.genblk1.lut1.genblk1.genblk1.genblk1.genblk1.genblk1.genblk1.lut0.genblk1.genblk1.genblk1.genblk1.genblk1.lut0 (4 -> 0)
  Optimizing lut $abc$34772$lut$aiger34771$4340.genblk1.genblk1.genblk1.genblk1.genblk1.genblk1.genblk1.genblk1.lut1.genblk1.genblk1.genblk1.genblk1.genblk1.genblk1.genblk1.lut0.genblk1.genblk1.genblk1.genblk1.genblk1.genblk1.lut1.genblk1.genblk1.genblk1.genblk1.genblk1.lut0 (4 -> 2)
  Optimizing lut $abc$34772$lut$aiger34771$4340.genblk1.genblk1.genblk1.genblk1.genblk1.genblk1.genblk1.genblk1.lut1.genblk1.genblk1.genblk1.genblk1.genblk1.genblk1.genblk1.lut1.genblk1.genblk1.genblk1.genblk1.genblk1.genblk1.lut1.genblk1.genblk1.genblk1.genblk1.genblk1.lut0 (4 -> 2)
  Optimizing lut $abc$34772$lut$aiger34771$4340.genblk1.genblk1.genblk1.genblk1.genblk1.genblk1.genblk1.genblk1.lut1.genblk1.genblk1.genblk1.genblk1.genblk1.genblk1.genblk1.lut1.genblk1.genblk1.genblk1.genblk1.genblk1.genblk1.lut0.genblk1.genblk1.genblk1.genblk1.genblk1.lut0 (4 -> 2)
  Optimizing lut $abc$34772$lut$aiger34771$4340.genblk1.genblk1.genblk1.genblk1.genblk1.genblk1.genblk1.genblk1.lut0.genblk1.genblk1.genblk1.genblk1.genblk1.genblk1.genblk1.lut0.genblk1.genblk1.genblk1.genblk1.genblk1.genblk1.lut1.genblk1.genblk1.genblk1.genblk1.genblk1.lut0 (4 -> 2)
  Optimizing lut $abc$34772$lut$aiger34771$4340.genblk1.genblk1.genblk1.genblk1.genblk1.genblk1.genblk1.genblk1.lut0.genblk1.genblk1.genblk1.genblk1.genblk1.genblk1.genblk1.lut0.genblk1.genblk1.genblk1.genblk1.genblk1.genblk1.lut0.genblk1.genblk1.genblk1.genblk1.genblk1.lut0 (4 -> 2)
  Optimizing lut $abc$34772$lut$aiger34771$4340.genblk1.genblk1.genblk1.genblk1.genblk1.genblk1.genblk1.genblk1.lut0.genblk1.genblk1.genblk1.genblk1.genblk1.genblk1.genblk1.lut1.genblk1.genblk1.genblk1.genblk1.genblk1.genblk1.lut1.genblk1.genblk1.genblk1.genblk1.genblk1.lut0 (4 -> 2)
  Optimizing lut $auto$abc_ops_reintegrate.cc:652:reintegrate$34783.genblk1.genblk1.genblk1.genblk1.genblk1.genblk1.genblk1.lut1.genblk1.genblk1.genblk1.genblk1.genblk1.genblk1.lut0.genblk1.genblk1.genblk1.genblk1.genblk1.lut1 (4 -> 0)
  Optimizing lut $auto$abc_ops_reintegrate.cc:652:reintegrate$34783.genblk1.genblk1.genblk1.genblk1.genblk1.genblk1.genblk1.lut0.genblk1.genblk1.genblk1.genblk1.genblk1.genblk1.lut0.genblk1.genblk1.genblk1.genblk1.genblk1.lut0 (4 -> 0)
  Optimizing lut $auto$abc_ops_reintegrate.cc:652:reintegrate$34783.genblk1.genblk1.genblk1.genblk1.genblk1.genblk1.genblk1.lut1.genblk1.genblk1.genblk1.genblk1.genblk1.genblk1.lut1.genblk1.genblk1.genblk1.genblk1.genblk1.lut0 (4 -> 0)
  Optimizing lut $auto$abc_ops_reintegrate.cc:652:reintegrate$34783.genblk1.genblk1.genblk1.genblk1.genblk1.genblk1.genblk1.lut1.genblk1.genblk1.genblk1.genblk1.genblk1.genblk1.lut0.genblk1.genblk1.genblk1.genblk1.genblk1.lut0 (4 -> 0)
  Optimizing lut $auto$abc_ops_reintegrate.cc:652:reintegrate$34785.genblk1.genblk1.genblk1.genblk1.genblk1.genblk1.lut0.genblk1.genblk1.genblk1.genblk1.genblk1.lut1 (4 -> 0)
  Optimizing lut $abc$34772$lut$aiger34771$4340.genblk1.genblk1.genblk1.genblk1.genblk1.genblk1.genblk1.genblk1.lut1.genblk1.genblk1.genblk1.genblk1.genblk1.genblk1.genblk1.lut1.genblk1.genblk1.genblk1.genblk1.genblk1.genblk1.lut0.genblk1.genblk1.genblk1.genblk1.genblk1.lut1 (4 -> 3)
  Optimizing lut $abc$34772$lut$aiger34771$4340.genblk1.genblk1.genblk1.genblk1.genblk1.genblk1.genblk1.genblk1.lut1.genblk1.genblk1.genblk1.genblk1.genblk1.genblk1.genblk1.lut0.genblk1.genblk1.genblk1.genblk1.genblk1.genblk1.lut0.genblk1.genblk1.genblk1.genblk1.genblk1.lut1 (4 -> 3)
  Optimizing lut $auto$abc_ops_reintegrate.cc:652:reintegrate$34862.genblk1.genblk1.genblk1.genblk1.genblk1.genblk1.genblk1.genblk1.lut0.genblk1.genblk1.genblk1.genblk1.genblk1.genblk1.genblk1.lut1.genblk1.genblk1.genblk1.genblk1.genblk1.genblk1.lut0.genblk1.genblk1.genblk1.genblk1.genblk1.lut1 (4 -> 0)
  Optimizing lut $auto$abc_ops_reintegrate.cc:652:reintegrate$34862.genblk1.genblk1.genblk1.genblk1.genblk1.genblk1.genblk1.genblk1.lut1.genblk1.genblk1.genblk1.genblk1.genblk1.genblk1.genblk1.lut1.genblk1.genblk1.genblk1.genblk1.genblk1.genblk1.lut0.genblk1.genblk1.genblk1.genblk1.genblk1.lut1 (4 -> 0)
  Optimizing lut $auto$abc_ops_reintegrate.cc:652:reintegrate$34862.genblk1.genblk1.genblk1.genblk1.genblk1.genblk1.genblk1.genblk1.lut1.genblk1.genblk1.genblk1.genblk1.genblk1.genblk1.genblk1.lut0.genblk1.genblk1.genblk1.genblk1.genblk1.genblk1.lut0.genblk1.genblk1.genblk1.genblk1.genblk1.lut1 (4 -> 0)
  Optimizing lut $auto$abc_ops_reintegrate.cc:652:reintegrate$34862.genblk1.genblk1.genblk1.genblk1.genblk1.genblk1.genblk1.genblk1.lut1.genblk1.genblk1.genblk1.genblk1.genblk1.genblk1.genblk1.lut0.genblk1.genblk1.genblk1.genblk1.genblk1.genblk1.lut1.genblk1.genblk1.genblk1.genblk1.genblk1.lut0 (4 -> 0)
  Optimizing lut $auto$abc_ops_reintegrate.cc:652:reintegrate$34862.genblk1.genblk1.genblk1.genblk1.genblk1.genblk1.genblk1.genblk1.lut1.genblk1.genblk1.genblk1.genblk1.genblk1.genblk1.genblk1.lut1.genblk1.genblk1.genblk1.genblk1.genblk1.genblk1.lut1.genblk1.genblk1.genblk1.genblk1.genblk1.lut1 (4 -> 0)
  Optimizing lut $auto$abc_ops_reintegrate.cc:652:reintegrate$34862.genblk1.genblk1.genblk1.genblk1.genblk1.genblk1.genblk1.genblk1.lut0.genblk1.genblk1.genblk1.genblk1.genblk1.genblk1.genblk1.lut1.genblk1.genblk1.genblk1.genblk1.genblk1.genblk1.lut1.genblk1.genblk1.genblk1.genblk1.genblk1.lut1 (4 -> 0)
  Optimizing lut $auto$abc_ops_reintegrate.cc:652:reintegrate$34816.genblk1.genblk1.genblk1.genblk1.genblk1.genblk1.lut0.genblk1.genblk1.genblk1.genblk1.genblk1.lut0 (4 -> 0)
  Optimizing lut $auto$abc_ops_reintegrate.cc:652:reintegrate$34814.genblk1.genblk1.genblk1.genblk1.genblk1.lut1 (4 -> 0)
  Optimizing lut $auto$abc_ops_reintegrate.cc:652:reintegrate$34809.genblk1.genblk1.genblk1.genblk1.genblk1.genblk1.lut0.genblk1.genblk1.genblk1.genblk1.genblk1.lut0 (4 -> 0)
  Optimizing lut $abc$34772$lut$aiger$o2719.genblk1.genblk1.genblk1.genblk1.genblk1.lut1 (4 -> 0)
  Optimizing lut $auto$abc_ops_reintegrate.cc:652:reintegrate$34785.genblk1.genblk1.genblk1.genblk1.genblk1.genblk1.lut0.genblk1.genblk1.genblk1.genblk1.genblk1.lut0 (4 -> 0)
  Optimizing lut $auto$abc_ops_reintegrate.cc:652:reintegrate$34783.genblk1.genblk1.genblk1.genblk1.genblk1.genblk1.genblk1.lut0.genblk1.genblk1.genblk1.genblk1.genblk1.genblk1.lut1.genblk1.genblk1.genblk1.genblk1.genblk1.lut0 (4 -> 0)
  Optimizing lut $abc$34772$lut$aiger$o1277.genblk1.genblk1.genblk1.genblk1.genblk1.lut1 (4 -> 2)
  Optimizing lut $auto$abc_ops_reintegrate.cc:652:reintegrate$34813.genblk1.genblk1.genblk1.genblk1.genblk1.lut0 (4 -> 0)
  Optimizing lut $abc$34772$lut$aiger34771$4263.genblk1.genblk1.genblk1.genblk1.genblk1.lut1 (4 -> 0)
  Optimizing lut $abc$34772$lut$aiger34771$4246.genblk1.genblk1.genblk1.genblk1.genblk1.lut0 (4 -> 0)
  Optimizing lut $abc$34772$lut$aiger34771$3382.genblk1.genblk1.genblk1.genblk1.genblk1.lut0 (4 -> 0)
  Optimizing lut $abc$34772$lut$aiger$o2804.genblk1.genblk1.genblk1.genblk1.genblk1.lut0 (4 -> 0)
  Optimizing lut $abc$34772$lut$aiger34771$4340.genblk1.genblk1.genblk1.genblk1.genblk1.genblk1.genblk1.genblk1.lut0.genblk1.genblk1.genblk1.genblk1.genblk1.genblk1.genblk1.lut0.genblk1.genblk1.genblk1.genblk1.genblk1.genblk1.lut0.genblk1.genblk1.genblk1.genblk1.genblk1.lut1 (4 -> 3)
  Optimizing lut $abc$34772$lut$aiger$o2846.genblk1.genblk1.genblk1.genblk1.genblk1.lut1 (4 -> 0)
  Optimizing lut $abc$34772$lut$aiger$o2847.genblk1.genblk1.genblk1.genblk1.genblk1.lut1 (4 -> 1)
  Optimizing lut $abc$34772$lut$aiger$o2851.genblk1.genblk1.genblk1.genblk1.genblk1.lut1 (4 -> 2)
  Optimizing lut $abc$34772$lut$aiger$o2199.genblk1.genblk1.genblk1.genblk1.genblk1.lut1 (4 -> 0)
  Optimizing lut $abc$34772$lut$aiger$o4516.genblk1.genblk1.genblk1.genblk1.genblk1.lut0 (4 -> 0)
  Optimizing lut $auto$abc_ops_reintegrate.cc:652:reintegrate$34785.genblk1.genblk1.genblk1.genblk1.genblk1.genblk1.lut1.genblk1.genblk1.genblk1.genblk1.genblk1.lut0 (4 -> 0)
  Optimizing lut $abc$34772$lut$aiger34771$4631.genblk1.genblk1.genblk1.genblk1.genblk1.lut0 (4 -> 0)
  Optimizing lut $auto$abc_ops_reintegrate.cc:652:reintegrate$34809.genblk1.genblk1.genblk1.genblk1.genblk1.genblk1.lut0.genblk1.genblk1.genblk1.genblk1.genblk1.lut1 (4 -> 0)
  Optimizing lut $auto$abc_ops_reintegrate.cc:652:reintegrate$34783.genblk1.genblk1.genblk1.genblk1.genblk1.genblk1.genblk1.lut0.genblk1.genblk1.genblk1.genblk1.genblk1.genblk1.lut1.genblk1.genblk1.genblk1.genblk1.genblk1.lut1 (4 -> 0)
  Optimizing lut $abc$34772$lut$aiger34771$4776.genblk1.genblk1.genblk1.genblk1.genblk1.lut0 (4 -> 3)
  Optimizing lut $auto$abc_ops_reintegrate.cc:652:reintegrate$34783.genblk1.genblk1.genblk1.genblk1.genblk1.genblk1.genblk1.lut0.genblk1.genblk1.genblk1.genblk1.genblk1.genblk1.lut0.genblk1.genblk1.genblk1.genblk1.genblk1.lut1 (4 -> 0)
  Optimizing lut $abc$34772$lut$aiger34771$4547.genblk1.genblk1.genblk1.genblk1.genblk1.lut0 (4 -> 3)
  Optimizing lut $abc$34772$lut$aiger$o2859.genblk1.genblk1.genblk1.genblk1.genblk1.lut1 (4 -> 0)
  Optimizing lut $abc$34772$lut$aiger34771$4045.genblk1.genblk1.genblk1.genblk1.genblk1.lut1 (4 -> 1)
  Optimizing lut $abc$34772$lut$aiger34771$3470.genblk1.genblk1.genblk1.genblk1.genblk1.lut1 (4 -> 0)
  Optimizing lut $abc$34772$lut$aiger34771$4489.genblk1.genblk1.genblk1.genblk1.genblk1.lut1 (4 -> 0)
  Optimizing lut $auto$abc_ops_reintegrate.cc:652:reintegrate$34796.genblk1.genblk1.genblk1.genblk1.genblk1.lut1 (4 -> 3)
  Optimizing lut $abc$34772$lut$aiger$o2263.genblk1.genblk1.genblk1.genblk1.genblk1.lut1 (4 -> 0)
  Optimizing lut $auto$abc_ops_reintegrate.cc:652:reintegrate$34828.genblk1.genblk1.genblk1.genblk1.genblk1.lut0 (4 -> 3)
  Optimizing lut $abc$34772$lut$aiger$o707.genblk1.genblk1.genblk1.genblk1.genblk1.lut1 (4 -> 0)
  Optimizing lut $abc$34772$lut$aiger34771$3456.genblk1.genblk1.genblk1.genblk1.genblk1.lut0 (4 -> 0)
  Optimizing lut $auto$abc_ops_reintegrate.cc:652:reintegrate$34862.genblk1.genblk1.genblk1.genblk1.genblk1.genblk1.genblk1.genblk1.lut0.genblk1.genblk1.genblk1.genblk1.genblk1.genblk1.genblk1.lut0.genblk1.genblk1.genblk1.genblk1.genblk1.genblk1.lut0.genblk1.genblk1.genblk1.genblk1.genblk1.lut1 (4 -> 0)
  Optimizing lut $abc$34772$lut$aiger34771$4128.genblk1.genblk1.genblk1.genblk1.genblk1.lut0 (4 -> 0)
  Optimizing lut $abc$34772$lut$aiger$o2843.genblk1.genblk1.genblk1.genblk1.genblk1.lut1 (4 -> 0)
  Optimizing lut $auto$abc_ops_reintegrate.cc:652:reintegrate$34816.genblk1.genblk1.genblk1.genblk1.genblk1.genblk1.lut0.genblk1.genblk1.genblk1.genblk1.genblk1.lut1 (4 -> 0)
  Optimizing lut $auto$abc_ops_reintegrate.cc:652:reintegrate$34812.genblk1.genblk1.genblk1.genblk1.genblk1.lut0 (4 -> 0)
  Optimizing lut $abc$34772$lut$aiger34771$3942.genblk1.genblk1.genblk1.genblk1.genblk1.lut1 (4 -> 0)
  Optimizing lut $abc$34772$lut$aiger34771$3676.genblk1.genblk1.genblk1.genblk1.genblk1.lut0 (4 -> 0)
  Optimizing lut $abc$34772$lut$aiger34771$4340.genblk1.genblk1.genblk1.genblk1.genblk1.genblk1.genblk1.genblk1.lut0.genblk1.genblk1.genblk1.genblk1.genblk1.genblk1.genblk1.lut0.genblk1.genblk1.genblk1.genblk1.genblk1.genblk1.lut1.genblk1.genblk1.genblk1.genblk1.genblk1.lut1 (4 -> 3)
  Optimizing lut $auto$abc_ops_reintegrate.cc:652:reintegrate$34838.genblk1.genblk1.genblk1.genblk1.genblk1.genblk1.lut1.genblk1.genblk1.genblk1.genblk1.genblk1.lut1 (4 -> 3)
  Optimizing lut $auto$abc_ops_reintegrate.cc:652:reintegrate$34862.genblk1.genblk1.genblk1.genblk1.genblk1.genblk1.genblk1.genblk1.lut1.genblk1.genblk1.genblk1.genblk1.genblk1.genblk1.genblk1.lut0.genblk1.genblk1.genblk1.genblk1.genblk1.genblk1.lut1.genblk1.genblk1.genblk1.genblk1.genblk1.lut1 (4 -> 0)
  Optimizing lut $auto$abc_ops_reintegrate.cc:652:reintegrate$34862.genblk1.genblk1.genblk1.genblk1.genblk1.genblk1.genblk1.genblk1.lut0.genblk1.genblk1.genblk1.genblk1.genblk1.genblk1.genblk1.lut0.genblk1.genblk1.genblk1.genblk1.genblk1.genblk1.lut1.genblk1.genblk1.genblk1.genblk1.genblk1.lut1 (4 -> 0)
  Optimizing lut $abc$34772$lut$aiger34771$4340.genblk1.genblk1.genblk1.genblk1.genblk1.genblk1.genblk1.genblk1.lut1.genblk1.genblk1.genblk1.genblk1.genblk1.genblk1.genblk1.lut1.genblk1.genblk1.genblk1.genblk1.genblk1.genblk1.lut1.genblk1.genblk1.genblk1.genblk1.genblk1.lut1 (4 -> 3)
  Optimizing lut $auto$abc_ops_reintegrate.cc:652:reintegrate$34822.genblk1.genblk1.genblk1.genblk1.genblk1.lut0 (4 -> 0)
  Optimizing lut $auto$abc_ops_reintegrate.cc:652:reintegrate$34816.genblk1.genblk1.genblk1.genblk1.genblk1.genblk1.lut1.genblk1.genblk1.genblk1.genblk1.genblk1.lut1 (4 -> 0)
  Optimizing lut $auto$abc_ops_reintegrate.cc:652:reintegrate$34809.genblk1.genblk1.genblk1.genblk1.genblk1.genblk1.lut1.genblk1.genblk1.genblk1.genblk1.genblk1.lut0 (4 -> 0)

19.48. Executing HILOMAP pass (mapping to constant drivers).
Removed 0 unused cells and 1879 unused wires.

19.49. Executing AUTONAME pass.
Renamed 3884 objects in module amiga_board_top.
<suppressed ~3884 debug messages>

19.50. Executing HIERARCHY pass (managing design hierarchy).
Attribute `top' found on module `amiga_board_top'. Setting top module to amiga_board_top.

19.50.1. Analyzing design hierarchy..
Top module:  \amiga_board_top

19.50.2. Analyzing design hierarchy..
Top module:  \amiga_board_top
Removed 0 unused modules.

19.51. Printing statistics.

=== amiga_board_top ===

        +----------Local Count, excluding submodules.
        | 
     2022 wires
     3791 wire bits
     2022 public wires
     3791 public wire bits
       20 ports
       62 port bits
      965 cells
       16   $scopeinfo
        6   DPX9B
        1   GND
       29   IBUF
        2   IOBUF
       76   LUT1
      279   LUT2
      127   LUT3
      278   LUT4
       96   MUX2_LUT5
       14   MUX2_LUT6
        5   MUX2_LUT7
        2   MUX2_LUT8
       31   OBUF
        1   ODDR
        1   VCC
        1   rPLL
     1177 submodules
      476   ALU
      115   DFF
      106   DFFC
        6   DFFCE
       25   DFFNCE
        3   DFFNP
        1   DFFNPE
        9   DFFP
      159   DFFR
      262   DFFRE
        8   DFFS
        7   DFFSE

=== design hierarchy ===

        +----------Count including submodules.
        | 
      965 amiga_board_top

        +----------Count including submodules.
        | 
     2022 wires
     3791 wire bits
     2022 public wires
     3791 public wire bits
       20 ports
       62 port bits
        - memories
        - memory bits
        - processes
      965 cells
       16   $scopeinfo
        6   DPX9B
        1   GND
       29   IBUF
        2   IOBUF
       76   LUT1
      279   LUT2
      127   LUT3
      278   LUT4
       96   MUX2_LUT5
       14   MUX2_LUT6
        5   MUX2_LUT7
        2   MUX2_LUT8
       31   OBUF
        1   ODDR
        1   VCC
        1   rPLL
     1177 submodules
      476   ALU
      115   DFF
      106   DFFC
        6   DFFCE
       25   DFFNCE
        3   DFFNP
        1   DFFNPE
        9   DFFP
      159   DFFR
      262   DFFRE
        8   DFFS
        7   DFFSE

19.52. Executing CHECK pass (checking for obvious problems).
Checking module amiga_board_top...
Found and reported 0 problems.

19.53. Executing JSON backend.

20. Printing statistics.

=== amiga_board_top ===

        +----------Local Count, excluding submodules.
        | 
     2022 wires
     3791 wire bits
     2022 public wires
     3791 public wire bits
       20 ports
       62 port bits
     2142 cells
       16   $scopeinfo
      476   ALU
      115   DFF
      106   DFFC
        6   DFFCE
       25   DFFNCE
        3   DFFNP
        1   DFFNPE
        9   DFFP
      159   DFFR
      262   DFFRE
        8   DFFS
        7   DFFSE
        6   DPX9B
        1   GND
       29   IBUF
        2   IOBUF
       76   LUT1
      279   LUT2
      127   LUT3
      278   LUT4
       96   MUX2_LUT5
       14   MUX2_LUT6
        5   MUX2_LUT7
        2   MUX2_LUT8
       31   OBUF
        1   ODDR
        1   VCC
        1   rPLL

Warnings: 2 unique messages, 3 total
End of script. Logfile hash: a5de4ef12c
Yosys 0.69+24 (git sha1 d0e71cfb7-dirty, Release, GNU /usr/bin/x86_64-w64-mingw32-g++ 15.2.1)
Time spent: 1% 42x read_verilog (0 sec), 1% 33x opt_expr (0 sec), ...
