
 /----------------------------------------------------------------------------\
 |  yosys -- Yosys Open SYnthesis Suite                                       |
 |  Copyright (C) 2012 - 2026  Claire Xenia Wolf <claire@yosyshq.com>         |
 |  Distributed under an ISC-like license, type "license" to see terms        |
 \----------------------------------------------------------------------------/
 Yosys 0.69 (git sha1 9f75ca1f9, Release, Clang /workspace/YoWASP/yosys/wasi-sdk-33.0-x86_64-linux/share/cmake/../..//bin/clang++ 22.1.0)

-- Executing script file `synthesis/board_1816.ys' --

1. Executing Verilog-2005 frontend: rtl/line_double.sv
Parsing SystemVerilog input from `rtl/line_double.sv' to AST representation.
Storing AST representation for module `$abstract\line_double'.
Successfully finished Verilog frontend.

2. Executing Verilog-2005 frontend: rtl/field_sync.sv
Parsing SystemVerilog input from `rtl/field_sync.sv' to AST representation.
Storing AST representation for module `$abstract\field_sync'.
Successfully finished Verilog frontend.

3. Executing Verilog-2005 frontend: rtl/video_core.sv
Parsing SystemVerilog input from `rtl/video_core.sv' to AST representation.
Storing AST representation for module `$abstract\video_core'.
Successfully finished Verilog frontend.

4. Executing Verilog-2005 frontend: rtl/i2c_register_write.sv
Parsing SystemVerilog input from `rtl/i2c_register_write.sv' to AST representation.
Storing AST representation for module `$abstract\i2c_register_write'.
Successfully finished Verilog frontend.

5. Executing Verilog-2005 frontend: rtl/adc_power_sequence.sv
Parsing SystemVerilog input from `rtl/adc_power_sequence.sv' to AST representation.
Storing AST representation for module `$abstract\adc_power_sequence'.
Successfully finished Verilog frontend.

6. Executing Verilog-2005 frontend: rtl/tvp7002_boot.sv
Parsing SystemVerilog input from `rtl/tvp7002_boot.sv' to AST representation.
Storing AST representation for module `$abstract\tvp7002_boot'.
Successfully finished Verilog frontend.

7. Executing Verilog-2005 frontend: rtl/video_clock_guard.sv
Parsing SystemVerilog input from `rtl/video_clock_guard.sv' to AST representation.
Storing AST representation for module `$abstract\video_clock_guard'.
Successfully finished Verilog frontend.

8. Executing Verilog-2005 frontend: rtl/pll_restart_control.sv
Parsing SystemVerilog input from `rtl/pll_restart_control.sv' to AST representation.
Storing AST representation for module `$abstract\pll_restart_control'.
Successfully finished Verilog frontend.

9. Executing Verilog-2005 frontend: rtl/clock_recovery_system.sv
Parsing SystemVerilog input from `rtl/clock_recovery_system.sv' to AST representation.
Storing AST representation for module `$abstract\clock_recovery_system'.
Successfully finished Verilog frontend.

10. Executing Verilog-2005 frontend: rtl/adc_rgb_capture.sv
Parsing SystemVerilog input from `rtl/adc_rgb_capture.sv' to AST representation.
Storing AST representation for module `$abstract\adc_rgb_capture'.
Successfully finished Verilog frontend.

11. Executing Verilog-2005 frontend: rtl/stream_sync_frontend.sv
Parsing SystemVerilog input from `rtl/stream_sync_frontend.sv' to AST representation.
Storing AST representation for module `$abstract\stream_sync_frontend'.
Successfully finished Verilog frontend.

12. Executing Verilog-2005 frontend: rtl/stream_input_video.sv
Parsing SystemVerilog input from `rtl/stream_input_video.sv' to AST representation.
Storing AST representation for module `$abstract\stream_input_video'.
Successfully finished Verilog frontend.

13. Executing Verilog-2005 frontend: rtl/amiga_logic_core.sv
Parsing SystemVerilog input from `rtl/amiga_logic_core.sv' to AST representation.
Storing AST representation for module `$abstract\amiga_logic_core'.
Successfully finished Verilog frontend.

14. Executing Verilog-2005 frontend: rtl/configuration_reset.sv
Parsing SystemVerilog input from `rtl/configuration_reset.sv' to AST representation.
Storing AST representation for module `$abstract\configuration_reset'.
Successfully finished Verilog frontend.

15. Executing Verilog-2005 frontend: rtl/gowin_video_pll.sv
Parsing SystemVerilog input from `rtl/gowin_video_pll.sv' to AST representation.
Storing AST representation for module `$abstract\gowin_video_pll'.
Successfully finished Verilog frontend.

16. Executing Verilog-2005 frontend: rtl/amiga_board_top.sv
Parsing SystemVerilog input from `rtl/amiga_board_top.sv' to AST representation.
rtl/amiga_board_top.sv:21: Warning: Yosys has only limited support for tri-state logic at the moment.
rtl/amiga_board_top.sv:22: Warning: Yosys has only limited support for tri-state logic at the moment.
Storing AST representation for module `$abstract\amiga_board_top'.
Successfully finished Verilog frontend.
Parameter \H_SAMPLES = 1816
Parameter \VS_ALIGN_CYCLES = 31
Parameter \HS_WIDTH = 4
Parameter \X_START = 6
Parameter \X_END = 1812
Parameter \Y_START = 8
Parameter \Y_END = 617

17. Executing AST frontend in derive mode using pre-parsed AST for module `\amiga_board_top'.
Parameter \H_SAMPLES = 1816
Parameter \VS_ALIGN_CYCLES = 31
Parameter \HS_WIDTH = 4
Parameter \X_START = 6
Parameter \X_END = 1812
Parameter \Y_START = 8
Parameter \Y_END = 617
Generating RTLIL representation for module `$paramod$2922f3bb373b574eaf7a12e6647b6d2c40223301\amiga_board_top'.

18. Executing SYNTH_GOWIN pass.

18.1. Executing Verilog-2005 frontend: /share/gowin/cells_sim.v
Parsing Verilog input from `/share/gowin/cells_sim.v' to AST representation.
Generating RTLIL representation for module `\LUT1'.
Generating RTLIL representation for module `\LUT2'.
Generating RTLIL representation for module `\LUT3'.
Generating RTLIL representation for module `\LUT4'.
Generating RTLIL representation for module `\__APICULA_LUT5'.
Generating RTLIL representation for module `\__APICULA_LUT6'.
Generating RTLIL representation for module `\__APICULA_LUT7'.
Generating RTLIL representation for module `\__APICULA_LUT8'.
Generating RTLIL representation for module `\MUX2'.
Generating RTLIL representation for module `\MUX2_LUT5'.
Generating RTLIL representation for module `\MUX2_LUT6'.
Generating RTLIL representation for module `\MUX2_LUT7'.
Generating RTLIL representation for module `\MUX2_LUT8'.
Generating RTLIL representation for module `\DFF'.
Generating RTLIL representation for module `\DFFE'.
Generating RTLIL representation for module `\DFFS'.
Generating RTLIL representation for module `\DFFSE'.
Generating RTLIL representation for module `\DFFR'.
Generating RTLIL representation for module `\DFFRE'.
Generating RTLIL representation for module `\DFFP'.
Generating RTLIL representation for module `\DFFPE'.
Generating RTLIL representation for module `\DFFC'.
Generating RTLIL representation for module `\DFFCE'.
Generating RTLIL representation for module `\DFFN'.
Generating RTLIL representation for module `\DFFNE'.
Generating RTLIL representation for module `\DFFNS'.
Generating RTLIL representation for module `\DFFNSE'.
Generating RTLIL representation for module `\DFFNR'.
Generating RTLIL representation for module `\DFFNRE'.
Generating RTLIL representation for module `\DFFNP'.
Generating RTLIL representation for module `\DFFNPE'.
Generating RTLIL representation for module `\DFFNC'.
Generating RTLIL representation for module `\DFFNCE'.
Generating RTLIL representation for module `\DL'.
Generating RTLIL representation for module `\DLN'.
Generating RTLIL representation for module `\DLE'.
Generating RTLIL representation for module `\DLNE'.
Generating RTLIL representation for module `\DLC'.
Generating RTLIL representation for module `\DLCE'.
Generating RTLIL representation for module `\DLNC'.
Generating RTLIL representation for module `\DLNCE'.
Generating RTLIL representation for module `\DLP'.
Generating RTLIL representation for module `\DLPE'.
Generating RTLIL representation for module `\DLNP'.
Generating RTLIL representation for module `\DLNPE'.
Generating RTLIL representation for module `\VCC'.
Generating RTLIL representation for module `\GND'.
Generating RTLIL representation for module `\IBUF'.
Generating RTLIL representation for module `\OBUF'.
Generating RTLIL representation for module `\TBUF'.
Generating RTLIL representation for module `\IOBUF'.
Generating RTLIL representation for module `\ELVDS_OBUF'.
Generating RTLIL representation for module `\TLVDS_OBUF'.
Generating RTLIL representation for module `\OSER4'.
Generating RTLIL representation for module `\OSER4_MEM'.
Generating RTLIL representation for module `\OSER8'.
Generating RTLIL representation for module `\OSER10'.
Generating RTLIL representation for module `\OVIDEO'.
Generating RTLIL representation for module `\OSER16'.
Generating RTLIL representation for module `\IDES4'.
Generating RTLIL representation for module `\IDES4_MEM'.
Generating RTLIL representation for module `\IDES8'.
Generating RTLIL representation for module `\IDES10'.
Generating RTLIL representation for module `\IVIDEO'.
Generating RTLIL representation for module `\IDES16'.
Generating RTLIL representation for module `\IDDR'.
Generating RTLIL representation for module `\IDDRC'.
Generating RTLIL representation for module `\DQS'.
Generating RTLIL representation for module `\ODDR'.
Generating RTLIL representation for module `\ODDRC'.
Generating RTLIL representation for module `\GSR'.
Generating RTLIL representation for module `\BANDGAP'.
Generating RTLIL representation for module `\ALU'.
Generating RTLIL representation for module `\RAM16S1'.
Generating RTLIL representation for module `\RAM16S2'.
Generating RTLIL representation for module `\RAM16S4'.
Generating RTLIL representation for module `\RAM16SDP1'.
Generating RTLIL representation for module `\RAM16SDP2'.
Generating RTLIL representation for module `\RAM16SDP4'.
Generating RTLIL representation for module `\SP'.
Generating RTLIL representation for module `\SPX9'.
Generating RTLIL representation for module `\SDP'.
Generating RTLIL representation for module `\SDPX9'.
Generating RTLIL representation for module `\DP'.
Generating RTLIL representation for module `\DPX9'.
Generating RTLIL representation for module `\rPLL'.
Generating RTLIL representation for module `\PLLVR'.
Generating RTLIL representation for module `\OSC'.
Generating RTLIL representation for module `\OSCZ'.
Generating RTLIL representation for module `\OSCF'.
Generating RTLIL representation for module `\OSCH'.
Generating RTLIL representation for module `\OSCW'.
Generating RTLIL representation for module `\OSCO'.
Generating RTLIL representation for module `\EMCU'.
Successfully finished Verilog frontend.

18.2. Executing Verilog-2005 frontend: /share/gowin/cells_xtra_gw1n.v
Parsing Verilog input from `/share/gowin/cells_xtra_gw1n.v' to AST representation.
Generating RTLIL representation for module `\LUT5'.
Generating RTLIL representation for module `\LUT6'.
Generating RTLIL representation for module `\LUT7'.
Generating RTLIL representation for module `\LUT8'.
Generating RTLIL representation for module `\INV'.
Generating RTLIL representation for module `\IODELAY'.
Generating RTLIL representation for module `\IEM'.
Generating RTLIL representation for module `\ROM16'.
Generating RTLIL representation for module `\ROM'.
Generating RTLIL representation for module `\ROMX9'.
Generating RTLIL representation for module `\pROM'.
Generating RTLIL representation for module `\pROMX9'.
Generating RTLIL representation for module `\SDPB'.
Generating RTLIL representation for module `\SDPX9B'.
Generating RTLIL representation for module `\DPB'.
Generating RTLIL representation for module `\DPX9B'.
Generating RTLIL representation for module `\PADD18'.
Generating RTLIL representation for module `\PADD9'.
Generating RTLIL representation for module `\MULT9X9'.
Generating RTLIL representation for module `\MULT18X18'.
Generating RTLIL representation for module `\MULT36X36'.
Generating RTLIL representation for module `\MULTALU36X18'.
Generating RTLIL representation for module `\MULTADDALU18X18'.
Generating RTLIL representation for module `\MULTALU18X18'.
Generating RTLIL representation for module `\ALU54D'.
Generating RTLIL representation for module `\BUFG'.
Generating RTLIL representation for module `\BUFS'.
Generating RTLIL representation for module `\PLL'.
Generating RTLIL representation for module `\TLVDS_IBUF'.
Generating RTLIL representation for module `\TLVDS_TBUF'.
Generating RTLIL representation for module `\TLVDS_IOBUF'.
Generating RTLIL representation for module `\ELVDS_IBUF'.
Generating RTLIL representation for module `\ELVDS_TBUF'.
Generating RTLIL representation for module `\ELVDS_IOBUF'.
Generating RTLIL representation for module `\MIPI_IBUF'.
Generating RTLIL representation for module `\MIPI_IBUF_HS'.
Generating RTLIL representation for module `\MIPI_IBUF_LP'.
Generating RTLIL representation for module `\MIPI_OBUF'.
Generating RTLIL representation for module `\MIPI_OBUF_A'.
Generating RTLIL representation for module `\ELVDS_IBUF_MIPI'.
Generating RTLIL representation for module `\I3C_IOBUF'.
Generating RTLIL representation for module `\CLKDIV'.
Generating RTLIL representation for module `\DHCEN'.
Generating RTLIL representation for module `\DLLDLY'.
Generating RTLIL representation for module `\FLASH96K'.
Generating RTLIL representation for module `\FLASH256K'.
Generating RTLIL representation for module `\FLASH608K'.
Generating RTLIL representation for module `\DCS'.
Generating RTLIL representation for module `\DQCE'.
Generating RTLIL representation for module `\CLKDIV2'.
Generating RTLIL representation for module `\DHCENC'.
Generating RTLIL representation for module `\FLASH64K'.
Generating RTLIL representation for module `\FLASH64KZ'.
Successfully finished Verilog frontend.

18.3. Executing HIERARCHY pass (managing design hierarchy).

18.4. Executing AST frontend in derive mode using pre-parsed AST for module `\amiga_board_top'.
Generating RTLIL representation for module `\amiga_board_top'.

18.4.1. Analyzing design hierarchy..
Top module:  \amiga_board_top
Parameter \H_SAMPLES = 1816
Parameter \VS_ALIGN_CYCLES = 31
Parameter \HS_WIDTH = 4
Parameter \X_START = 6
Parameter \X_END = 1812
Parameter \Y_START = 8
Parameter \Y_END = 617

18.4.2. Executing AST frontend in derive mode using pre-parsed AST for module `\amiga_logic_core'.
Parameter \H_SAMPLES = 1816
Parameter \VS_ALIGN_CYCLES = 31
Parameter \HS_WIDTH = 4
Parameter \X_START = 6
Parameter \X_END = 1812
Parameter \Y_START = 8
Parameter \Y_END = 617
Generating RTLIL representation for module `$paramod$2922f3bb373b574eaf7a12e6647b6d2c40223301\amiga_logic_core'.
Parameter \INPUT_MHZ = 48'001100100011100000101110001100110011011100110101
Parameter \VCO_DIV = 8

18.4.3. Executing AST frontend in derive mode using pre-parsed AST for module `\gowin_video_pll'.
Parameter \INPUT_MHZ = 48'001100100011100000101110001100110011011100110101
Parameter \VCO_DIV = 8
Generating RTLIL representation for module `$paramod$262101cb2ab80648ec6462bebbfb63ce206bdc07\gowin_video_pll'.

18.4.4. Executing AST frontend in derive mode using pre-parsed AST for module `\configuration_reset'.
Generating RTLIL representation for module `\configuration_reset'.

18.4.5. Analyzing design hierarchy..
Top module:  \amiga_board_top
Used module:     $paramod$2922f3bb373b574eaf7a12e6647b6d2c40223301\amiga_logic_core
Used module:     $paramod$262101cb2ab80648ec6462bebbfb63ce206bdc07\gowin_video_pll
Used module:     \configuration_reset
Parameter \H_SAMPLES = 1816
Parameter \VS_ALIGN_CYCLES = 31
Parameter \HS_WIDTH = 4
Parameter \X_START = 6
Parameter \X_END = 1812
Parameter \Y_START = 8
Parameter \Y_END = 617

18.4.6. Executing AST frontend in derive mode using pre-parsed AST for module `\stream_input_video'.
Parameter \H_SAMPLES = 1816
Parameter \VS_ALIGN_CYCLES = 31
Parameter \HS_WIDTH = 4
Parameter \X_START = 6
Parameter \X_END = 1812
Parameter \Y_START = 8
Parameter \Y_END = 617
Generating RTLIL representation for module `$paramod$2922f3bb373b574eaf7a12e6647b6d2c40223301\stream_input_video'.

18.4.7. Executing AST frontend in derive mode using pre-parsed AST for module `\adc_rgb_capture'.
Generating RTLIL representation for module `\adc_rgb_capture'.
Parameter \GOOD_INTERVALS = 8
Parameter \RESET_HOLD_CYCLES = 270
Parameter \LOCK_TIMEOUT_CYCLES = 270000

18.4.8. Executing AST frontend in derive mode using pre-parsed AST for module `\clock_recovery_system'.
Parameter \GOOD_INTERVALS = 8
Parameter \RESET_HOLD_CYCLES = 270
Parameter \LOCK_TIMEOUT_CYCLES = 270000
Generating RTLIL representation for module `$paramod$683e8f5232cafaff99ac6963759532f7c096f897\clock_recovery_system'.
Parameter \H_SAMPLES = 1816
Parameter \HALF_CYCLES = 135
Parameter \TIMEOUT_CYCLES = 270000
Parameter \POWER_WAIT_CYCLES = 135000
Parameter \RESET_CYCLES = 270
Parameter \SETTLE_CYCLES = 27000
Parameter \ALC_WAIT_CYCLES = 810000

18.4.9. Executing AST frontend in derive mode using pre-parsed AST for module `\tvp7002_boot'.
Parameter \H_SAMPLES = 1816
Parameter \HALF_CYCLES = 135
Parameter \TIMEOUT_CYCLES = 270000
Parameter \POWER_WAIT_CYCLES = 135000
Parameter \RESET_CYCLES = 270
Parameter \SETTLE_CYCLES = 27000
Parameter \ALC_WAIT_CYCLES = 810000
Generating RTLIL representation for module `$paramod$a20ae5745ae84b48c322aca758b64eafb30b6529\tvp7002_boot'.

18.4.10. Analyzing design hierarchy..
Top module:  \amiga_board_top
Used module:     $paramod$2922f3bb373b574eaf7a12e6647b6d2c40223301\amiga_logic_core
Used module:         $paramod$2922f3bb373b574eaf7a12e6647b6d2c40223301\stream_input_video
Used module:         \adc_rgb_capture
Used module:         $paramod$683e8f5232cafaff99ac6963759532f7c096f897\clock_recovery_system
Used module:         $paramod$a20ae5745ae84b48c322aca758b64eafb30b6529\tvp7002_boot
Used module:     $paramod$262101cb2ab80648ec6462bebbfb63ce206bdc07\gowin_video_pll
Used module:     \configuration_reset
Parameter \H_SAMPLES = 1816
Parameter \HS_WIDTH = 4
Parameter \X_START = 6
Parameter \X_END = 1812
Parameter \Y_START = 8
Parameter \Y_END = 617

18.4.11. Executing AST frontend in derive mode using pre-parsed AST for module `\video_core'.
Parameter \H_SAMPLES = 1816
Parameter \HS_WIDTH = 4
Parameter \X_START = 6
Parameter \X_END = 1812
Parameter \Y_START = 8
Parameter \Y_END = 617
Generating RTLIL representation for module `$paramod$b17e92aa74298494ca60ee5ffe44e63e7ce92bb6\video_core'.
Parameter \H_SAMPLES = 1816
Parameter \VS_ALIGN_CYCLES = 31
Parameter \MIN_FIELD_HALF_LINES = 500
Parameter \MAX_FIELD_HALF_LINES = 660

18.4.12. Executing AST frontend in derive mode using pre-parsed AST for module `\stream_sync_frontend'.
Parameter \H_SAMPLES = 1816
Parameter \VS_ALIGN_CYCLES = 31
Parameter \MIN_FIELD_HALF_LINES = 500
Parameter \MAX_FIELD_HALF_LINES = 660
Generating RTLIL representation for module `$paramod$748af6f67175525805c5981cb14c29e092fe9ea4\stream_sync_frontend'.

18.4.13. Executing AST frontend in derive mode using pre-parsed AST for module `\video_clock_guard'.
Generating RTLIL representation for module `\video_clock_guard'.
Parameter \GOOD_INTERVALS = 8
Parameter \RESET_HOLD_CYCLES = 270
Parameter \LOCK_TIMEOUT_CYCLES = 270000

18.4.14. Executing AST frontend in derive mode using pre-parsed AST for module `\pll_restart_control'.
Parameter \GOOD_INTERVALS = 8
Parameter \RESET_HOLD_CYCLES = 270
Parameter \LOCK_TIMEOUT_CYCLES = 270000
Generating RTLIL representation for module `$paramod$683e8f5232cafaff99ac6963759532f7c096f897\pll_restart_control'.
Parameter \HALF_CYCLES = 135
Parameter \TIMEOUT_CYCLES = 270000

18.4.15. Executing AST frontend in derive mode using pre-parsed AST for module `\i2c_register_write'.
Parameter \HALF_CYCLES = 135
Parameter \TIMEOUT_CYCLES = 270000
Generating RTLIL representation for module `$paramod$ca4b7a37322eebe282ffca1ddbda4aa8d3e4aedf\i2c_register_write'.
Warning: Replacing memory \bytes with list of registers. See rtl/i2c_register_write.sv:50
Parameter \POWER_WAIT_CYCLES = 135000
Parameter \RESET_CYCLES = 270
Parameter \SETTLE_CYCLES = 27000

18.4.16. Executing AST frontend in derive mode using pre-parsed AST for module `\adc_power_sequence'.
Parameter \POWER_WAIT_CYCLES = 135000
Parameter \RESET_CYCLES = 270
Parameter \SETTLE_CYCLES = 27000
Generating RTLIL representation for module `$paramod$59e5d031c668cf41650225ca3253dc21d29dbc00\adc_power_sequence'.

18.4.17. Analyzing design hierarchy..
Top module:  \amiga_board_top
Used module:     $paramod$2922f3bb373b574eaf7a12e6647b6d2c40223301\amiga_logic_core
Used module:         $paramod$2922f3bb373b574eaf7a12e6647b6d2c40223301\stream_input_video
Used module:             $paramod$b17e92aa74298494ca60ee5ffe44e63e7ce92bb6\video_core
Used module:             $paramod$748af6f67175525805c5981cb14c29e092fe9ea4\stream_sync_frontend
Used module:         \adc_rgb_capture
Used module:         $paramod$683e8f5232cafaff99ac6963759532f7c096f897\clock_recovery_system
Used module:             \video_clock_guard
Used module:             $paramod$683e8f5232cafaff99ac6963759532f7c096f897\pll_restart_control
Used module:         $paramod$a20ae5745ae84b48c322aca758b64eafb30b6529\tvp7002_boot
Used module:             $paramod$ca4b7a37322eebe282ffca1ddbda4aa8d3e4aedf\i2c_register_write
Used module:             $paramod$59e5d031c668cf41650225ca3253dc21d29dbc00\adc_power_sequence
Used module:     $paramod$262101cb2ab80648ec6462bebbfb63ce206bdc07\gowin_video_pll
Used module:     \configuration_reset
Parameter \H_SAMPLES = 1816
Parameter \VS_LINES = 5

18.4.18. Executing AST frontend in derive mode using pre-parsed AST for module `\field_sync'.
Parameter \H_SAMPLES = 1816
Parameter \VS_LINES = 5
Generating RTLIL representation for module `$paramod$d6dee0bcd04703285f7c7a34827e153f96219042\field_sync'.
Parameter \H_SAMPLES = 1816

18.4.19. Executing AST frontend in derive mode using pre-parsed AST for module `\line_double'.
Parameter \H_SAMPLES = 1816
Generating RTLIL representation for module `$paramod\line_double\H_SAMPLES=s32'00000000000000000000011100011000'.

18.4.20. Analyzing design hierarchy..
Top module:  \amiga_board_top
Used module:     $paramod$2922f3bb373b574eaf7a12e6647b6d2c40223301\amiga_logic_core
Used module:         $paramod$2922f3bb373b574eaf7a12e6647b6d2c40223301\stream_input_video
Used module:             $paramod$b17e92aa74298494ca60ee5ffe44e63e7ce92bb6\video_core
Used module:                 $paramod$d6dee0bcd04703285f7c7a34827e153f96219042\field_sync
Used module:                 $paramod\line_double\H_SAMPLES=s32'00000000000000000000011100011000
Used module:             $paramod$748af6f67175525805c5981cb14c29e092fe9ea4\stream_sync_frontend
Used module:         \adc_rgb_capture
Used module:         $paramod$683e8f5232cafaff99ac6963759532f7c096f897\clock_recovery_system
Used module:             \video_clock_guard
Used module:             $paramod$683e8f5232cafaff99ac6963759532f7c096f897\pll_restart_control
Used module:         $paramod$a20ae5745ae84b48c322aca758b64eafb30b6529\tvp7002_boot
Used module:             $paramod$ca4b7a37322eebe282ffca1ddbda4aa8d3e4aedf\i2c_register_write
Used module:             $paramod$59e5d031c668cf41650225ca3253dc21d29dbc00\adc_power_sequence
Used module:     $paramod$262101cb2ab80648ec6462bebbfb63ce206bdc07\gowin_video_pll
Used module:     \configuration_reset

18.4.21. Analyzing design hierarchy..
Top module:  \amiga_board_top
Used module:     $paramod$2922f3bb373b574eaf7a12e6647b6d2c40223301\amiga_logic_core
Used module:         $paramod$2922f3bb373b574eaf7a12e6647b6d2c40223301\stream_input_video
Used module:             $paramod$b17e92aa74298494ca60ee5ffe44e63e7ce92bb6\video_core
Used module:                 $paramod$d6dee0bcd04703285f7c7a34827e153f96219042\field_sync
Used module:                 $paramod\line_double\H_SAMPLES=s32'00000000000000000000011100011000
Used module:             $paramod$748af6f67175525805c5981cb14c29e092fe9ea4\stream_sync_frontend
Used module:         \adc_rgb_capture
Used module:         $paramod$683e8f5232cafaff99ac6963759532f7c096f897\clock_recovery_system
Used module:             \video_clock_guard
Used module:             $paramod$683e8f5232cafaff99ac6963759532f7c096f897\pll_restart_control
Used module:         $paramod$a20ae5745ae84b48c322aca758b64eafb30b6529\tvp7002_boot
Used module:             $paramod$ca4b7a37322eebe282ffca1ddbda4aa8d3e4aedf\i2c_register_write
Used module:             $paramod$59e5d031c668cf41650225ca3253dc21d29dbc00\adc_power_sequence
Used module:     $paramod$262101cb2ab80648ec6462bebbfb63ce206bdc07\gowin_video_pll
Used module:     \configuration_reset
Removing unused module `$abstract\amiga_board_top'.
Removing unused module `$abstract\gowin_video_pll'.
Removing unused module `$abstract\configuration_reset'.
Removing unused module `$abstract\amiga_logic_core'.
Removing unused module `$abstract\stream_input_video'.
Removing unused module `$abstract\stream_sync_frontend'.
Removing unused module `$abstract\adc_rgb_capture'.
Removing unused module `$abstract\clock_recovery_system'.
Removing unused module `$abstract\pll_restart_control'.
Removing unused module `$abstract\video_clock_guard'.
Removing unused module `$abstract\tvp7002_boot'.
Removing unused module `$abstract\adc_power_sequence'.
Removing unused module `$abstract\i2c_register_write'.
Removing unused module `$abstract\video_core'.
Removing unused module `$abstract\field_sync'.
Removing unused module `$abstract\line_double'.
Removed 16 unused modules.

18.5. Executing PROC pass (convert processes to netlists).

18.5.1. Executing PROC_CLEAN pass (remove empty switches from decision trees).
Found and cleaned up 1 empty switch in `$paramod\line_double\H_SAMPLES=s32'00000000000000000000011100011000.$proc$rtl/line_double.sv:45$719'.
Removing empty process `$paramod\line_double\H_SAMPLES=s32'00000000000000000000011100011000.$proc$rtl/line_double.sv:45$719'.
Found and cleaned up 1 empty switch in `$paramod$59e5d031c668cf41650225ca3253dc21d29dbc00\adc_power_sequence.$proc$rtl/adc_power_sequence.sv:27$646'.
Removing empty process `$paramod$59e5d031c668cf41650225ca3253dc21d29dbc00\adc_power_sequence.$proc$rtl/adc_power_sequence.sv:27$646'.
Found and cleaned up 1 empty switch in `$paramod$ca4b7a37322eebe282ffca1ddbda4aa8d3e4aedf\i2c_register_write.$proc$rtl/i2c_register_write.sv:34$631'.
Removing empty process `$paramod$ca4b7a37322eebe282ffca1ddbda4aa8d3e4aedf\i2c_register_write.$proc$rtl/i2c_register_write.sv:34$631'.
Found and cleaned up 1 empty switch in `$paramod$683e8f5232cafaff99ac6963759532f7c096f897\pll_restart_control.$proc$rtl/pll_restart_control.sv:30$558'.
Removing empty process `$paramod$683e8f5232cafaff99ac6963759532f7c096f897\pll_restart_control.$proc$rtl/pll_restart_control.sv:30$558'.
Found and cleaned up 1 empty switch in `\video_clock_guard.$proc$rtl/video_clock_guard.sv:19$499'.
Removing empty process `video_clock_guard.$proc$rtl/video_clock_guard.sv:19$499'.
Found and cleaned up 1 empty switch in `$paramod$748af6f67175525805c5981cb14c29e092fe9ea4\stream_sync_frontend.$proc$rtl/stream_sync_frontend.sv:42$466'.
Removing empty process `$paramod$748af6f67175525805c5981cb14c29e092fe9ea4\stream_sync_frontend.$proc$rtl/stream_sync_frontend.sv:42$466'.
Found and cleaned up 1 empty switch in `$paramod$748af6f67175525805c5981cb14c29e092fe9ea4\stream_sync_frontend.$proc$rtl/stream_sync_frontend.sv:53$442'.
Found and cleaned up 1 empty switch in `$paramod$b17e92aa74298494ca60ee5ffe44e63e7ce92bb6\video_core.$proc$rtl/video_core.sv:31$419'.
Removing empty process `$paramod$b17e92aa74298494ca60ee5ffe44e63e7ce92bb6\video_core.$proc$rtl/video_core.sv:31$419'.
Found and cleaned up 1 empty switch in `$paramod$a20ae5745ae84b48c322aca758b64eafb30b6529\tvp7002_boot.$proc$rtl/tvp7002_boot.sv:31$396'.
Removing empty process `$paramod$a20ae5745ae84b48c322aca758b64eafb30b6529\tvp7002_boot.$proc$rtl/tvp7002_boot.sv:31$396'.
Found and cleaned up 1 empty switch in `\configuration_reset.$proc$rtl/configuration_reset.sv:8$356'.
Removing empty process `configuration_reset.$proc$rtl/configuration_reset.sv:8$356'.
Found and cleaned up 1 empty switch in `$paramod$262101cb2ab80648ec6462bebbfb63ce206bdc07\gowin_video_pll.$proc$rtl/gowin_video_pll.sv:14$352'.
Removing empty process `$paramod$262101cb2ab80648ec6462bebbfb63ce206bdc07\gowin_video_pll.$proc$rtl/gowin_video_pll.sv:14$352'.
Cleaned up 11 empty switches.

18.5.2. Executing PROC_RMDEAD pass (remove dead branches from decision trees).
Marked 5 switch rules as full_case in process $proc$rtl/line_double.sv:50$688 in module $paramod\line_double\H_SAMPLES=s32'00000000000000000000011100011000.
Marked 2 switch rules as full_case in process $proc$rtl/line_double.sv:37$668 in module $paramod\line_double\H_SAMPLES=s32'00000000000000000000011100011000.
Marked 5 switch rules as full_case in process $proc$rtl/field_sync.sv:19$649 in module $paramod$d6dee0bcd04703285f7c7a34827e153f96219042\field_sync.
Marked 7 switch rules as full_case in process $proc$rtl/adc_power_sequence.sv:35$638 in module $paramod$59e5d031c668cf41650225ca3253dc21d29dbc00\adc_power_sequence.
Marked 1 switch rules as full_case in process $proc$rtl/adc_power_sequence.sv:31$637 in module $paramod$59e5d031c668cf41650225ca3253dc21d29dbc00\adc_power_sequence.
Marked 19 switch rules as full_case in process $proc$rtl/i2c_register_write.sv:46$569 in module $paramod$ca4b7a37322eebe282ffca1ddbda4aa8d3e4aedf\i2c_register_write.
Marked 1 switch rules as full_case in process $proc$rtl/i2c_register_write.sv:38$568 in module $paramod$ca4b7a37322eebe282ffca1ddbda4aa8d3e4aedf\i2c_register_write.
Removed 1 dead cases from process $proc$rtl/pll_restart_control.sv:57$543 in module $paramod$683e8f5232cafaff99ac6963759532f7c096f897\pll_restart_control.
Marked 7 switch rules as full_case in process $proc$rtl/pll_restart_control.sv:57$543 in module $paramod$683e8f5232cafaff99ac6963759532f7c096f897\pll_restart_control.
Marked 4 switch rules as full_case in process $proc$rtl/pll_restart_control.sv:42$530 in module $paramod$683e8f5232cafaff99ac6963759532f7c096f897\pll_restart_control.
Marked 1 switch rules as full_case in process $proc$rtl/pll_restart_control.sv:38$529 in module $paramod$683e8f5232cafaff99ac6963759532f7c096f897\pll_restart_control.
Marked 1 switch rules as full_case in process $proc$rtl/pll_restart_control.sv:36$527 in module $paramod$683e8f5232cafaff99ac6963759532f7c096f897\pll_restart_control.
Marked 1 switch rules as full_case in process $proc$rtl/video_clock_guard.sv:76$497 in module video_clock_guard.
Marked 1 switch rules as full_case in process $proc$rtl/video_clock_guard.sv:70$492 in module video_clock_guard.
Marked 5 switch rules as full_case in process $proc$rtl/video_clock_guard.sv:45$475 in module video_clock_guard.
Marked 1 switch rules as full_case in process $proc$rtl/video_clock_guard.sv:41$474 in module video_clock_guard.
Marked 1 switch rules as full_case in process $proc$rtl/video_clock_guard.sv:37$472 in module video_clock_guard.
Marked 1 switch rules as full_case in process $proc$rtl/video_clock_guard.sv:27$467 in module video_clock_guard.
Marked 10 switch rules as full_case in process $proc$rtl/stream_sync_frontend.sv:53$442 in module $paramod$748af6f67175525805c5981cb14c29e092fe9ea4\stream_sync_frontend.
Marked 1 switch rules as full_case in process $proc$rtl/stream_sync_frontend.sv:49$441 in module $paramod$748af6f67175525805c5981cb14c29e092fe9ea4\stream_sync_frontend.
Marked 3 switch rules as full_case in process $proc$rtl/video_core.sv:51$398 in module $paramod$b17e92aa74298494ca60ee5ffe44e63e7ce92bb6\video_core.
Marked 1 switch rules as full_case in process $proc$rtl/video_core.sv:43$397 in module $paramod$b17e92aa74298494ca60ee5ffe44e63e7ce92bb6\video_core.
Marked 6 switch rules as full_case in process $proc$rtl/tvp7002_boot.sv:91$389 in module $paramod$a20ae5745ae84b48c322aca758b64eafb30b6529\tvp7002_boot.
Marked 1 switch rules as full_case in process $proc$rtl/tvp7002_boot.sv:38$378 in module $paramod$a20ae5745ae84b48c322aca758b64eafb30b6529\tvp7002_boot.
Marked 1 switch rules as full_case in process $proc$rtl/adc_rgb_capture.sv:28$368 in module adc_rgb_capture.
Marked 1 switch rules as full_case in process $proc$rtl/adc_rgb_capture.sv:19$364 in module adc_rgb_capture.
Marked 1 switch rules as full_case in process $proc$rtl/adc_rgb_capture.sv:14$363 in module adc_rgb_capture.
Marked 1 switch rules as full_case in process $proc$rtl/amiga_logic_core.sv:29$345 in module $paramod$2922f3bb373b574eaf7a12e6647b6d2c40223301\amiga_logic_core.
Removed a total of 1 dead cases.

18.5.3. Executing PROC_PRUNE pass (remove redundant assignments in processes).
Removed 52 redundant assignments.
Promoted 15 assignments to connections.

18.5.4. Executing PROC_INIT pass (extract init attributes).
Found init rule in `\configuration_reset.$proc$rtl/configuration_reset.sv:7$355'.
  Set init value: \released = 0

18.5.5. Executing PROC_ARST pass (detect async resets in processes).
Found async reset \reset in `$paramod$683e8f5232cafaff99ac6963759532f7c096f897\pll_restart_control.$proc$rtl/pll_restart_control.sv:36$527'.
Found async reset \prerequisites in `\video_clock_guard.$proc$rtl/video_clock_guard.sv:76$497'.
Found async reset \permit in `\video_clock_guard.$proc$rtl/video_clock_guard.sv:70$492'.
Found async reset \prerequisites in `\video_clock_guard.$proc$rtl/video_clock_guard.sv:45$475'.
Found async reset \reset in `\video_clock_guard.$proc$rtl/video_clock_guard.sv:41$474'.
Found async reset \prerequisites in `\video_clock_guard.$proc$rtl/video_clock_guard.sv:37$472'.
Found async reset \reset in `\video_clock_guard.$proc$rtl/video_clock_guard.sv:27$467'.
Found async reset \reset in `\adc_rgb_capture.$proc$rtl/adc_rgb_capture.sv:28$368'.
Found async reset \reset in `\adc_rgb_capture.$proc$rtl/adc_rgb_capture.sv:19$364'.
Found async reset \reset in `\adc_rgb_capture.$proc$rtl/adc_rgb_capture.sv:14$363'.
Found async reset \reset_video in `$paramod$2922f3bb373b574eaf7a12e6647b6d2c40223301\amiga_logic_core.$proc$rtl/amiga_logic_core.sv:29$345'.

18.5.6. Executing PROC_ROM pass (convert switches to ROMs).
Converted 1 switch.
<suppressed ~117 debug messages>

18.5.7. Executing PROC_MUX pass (convert decision trees to multiplexers).
Creating decoders for process `$paramod\line_double\H_SAMPLES=s32'00000000000000000000011100011000.$proc$rtl/line_double.sv:50$688'.
     1/12: $0\out_sol[0:0]
     2/12: $0\pixel_valid[0:0]
     3/12: $0\previous_ce[0:0]
     4/12: $0\elapsed[12:0]
     5/12: $0\read_x[10:0]
     6/12: $0\written[11:0]
     7/12: $0\reading[0:0]
     8/12: $0\read_bank[0:0]
     9/12: $0\write_bank[0:0]
    10/12: $0\started[0:0]
    11/12: $0\out_x[10:0]
    12/12: $0\protocol_error[0:0]
Creating decoders for process `$paramod\line_double\H_SAMPLES=s32'00000000000000000000011100011000.$proc$rtl/line_double.sv:37$668'.
     1/6: $1$memwr$\bank1$rtl/line_double.sv:41$656_EN[23:0]$685
     2/6: $1$memwr$\bank1$rtl/line_double.sv:41$656_DATA[23:0]$684
     3/6: $1$memwr$\bank1$rtl/line_double.sv:41$656_ADDR[10:0]$683
     4/6: $1$memwr$\bank0$rtl/line_double.sv:40$655_EN[23:0]$681
     5/6: $1$memwr$\bank0$rtl/line_double.sv:40$655_DATA[23:0]$680
     6/6: $1$memwr$\bank0$rtl/line_double.sv:40$655_ADDR[10:0]$679
Creating decoders for process `$paramod$d6dee0bcd04703285f7c7a34827e153f96219042\field_sync.$proc$rtl/field_sync.sv:19$649'.
     1/6: $0\frame_start[0:0]
     2/6: $0\remaining[31:0]
     3/6: $0\pending[0:0]
     4/6: $0\delay_active[0:0]
     5/6: $0\delay_count[11:0]
     6/6: $0\vs_n[0:0]
Creating decoders for process `$paramod$59e5d031c668cf41650225ca3253dc21d29dbc00\adc_power_sequence.$proc$rtl/adc_power_sequence.sv:35$638'.
     1/6: $0\count[17:0]
     2/6: $0\config_allowed[0:0]
     3/6: $0\state[2:0]
     4/6: $0\fault[0:0]
     5/6: $0\adc_pwdn[0:0]
     6/6: $0\adc_reset_n[0:0]
Creating decoders for process `$paramod$59e5d031c668cf41650225ca3253dc21d29dbc00\adc_power_sequence.$proc$rtl/adc_power_sequence.sv:31$637'.
     1/2: $0\pg_sync[0:0]
     2/2: $0\pg_meta[0:0]
Creating decoders for process `$paramod$ca4b7a37322eebe282ffca1ddbda4aa8d3e4aedf\i2c_register_write.$proc$rtl/i2c_register_write.sv:46$569'.
     1/37: $7$mem2reg_rd$\bytes$rtl/i2c_register_write.sv:97$560_DATA[7:0]$622
     2/37: $6$mem2reg_rd$\bytes$rtl/i2c_register_write.sv:97$560_DATA[7:0]$619
     3/37: $6$mem2reg_rd$\bytes$rtl/i2c_register_write.sv:97$560_ADDR[1:0]$618
     4/37: $5$mem2reg_rd$\bytes$rtl/i2c_register_write.sv:97$560_DATA[7:0]$615
     5/37: $5$mem2reg_rd$\bytes$rtl/i2c_register_write.sv:97$560_ADDR[1:0]$614
     6/37: $4$mem2reg_rd$\bytes$rtl/i2c_register_write.sv:97$560_DATA[7:0]$613
     7/37: $4$mem2reg_rd$\bytes$rtl/i2c_register_write.sv:97$560_ADDR[1:0]$612
     8/37: $6$mem2reg_rd$\bytes$rtl/i2c_register_write.sv:83$559_DATA[7:0]$604
     9/37: $5$mem2reg_rd$\bytes$rtl/i2c_register_write.sv:83$559_DATA[7:0]$602
    10/37: $5$mem2reg_rd$\bytes$rtl/i2c_register_write.sv:83$559_ADDR[1:0]$601
    11/37: $4$mem2reg_rd$\bytes$rtl/i2c_register_write.sv:83$559_DATA[7:0]$599
    12/37: $4$mem2reg_rd$\bytes$rtl/i2c_register_write.sv:83$559_ADDR[1:0]$598
    13/37: $3$mem2reg_rd$\bytes$rtl/i2c_register_write.sv:97$560_DATA[7:0]$588
    14/37: $3$mem2reg_rd$\bytes$rtl/i2c_register_write.sv:97$560_ADDR[1:0]$587
    15/37: $3$mem2reg_rd$\bytes$rtl/i2c_register_write.sv:83$559_DATA[7:0]$586
    16/37: $3$mem2reg_rd$\bytes$rtl/i2c_register_write.sv:83$559_ADDR[1:0]$585
    17/37: $2$mem2reg_rd$\bytes$rtl/i2c_register_write.sv:97$560_DATA[7:0]$584
    18/37: $2$mem2reg_rd$\bytes$rtl/i2c_register_write.sv:97$560_ADDR[1:0]$583
    19/37: $2$mem2reg_rd$\bytes$rtl/i2c_register_write.sv:83$559_DATA[7:0]$582
    20/37: $2$mem2reg_rd$\bytes$rtl/i2c_register_write.sv:83$559_ADDR[1:0]$581
    21/37: $0\watchdog[18:0]
    22/37: $0\done[0:0]
    23/37: $1$mem2reg_rd$\bytes$rtl/i2c_register_write.sv:97$560_DATA[7:0]$577
    24/37: $1$mem2reg_rd$\bytes$rtl/i2c_register_write.sv:97$560_ADDR[1:0]$576
    25/37: $1$mem2reg_rd$\bytes$rtl/i2c_register_write.sv:83$559_DATA[7:0]$575
    26/37: $1$mem2reg_rd$\bytes$rtl/i2c_register_write.sv:83$559_ADDR[1:0]$574
    27/37: $0\bytes[2][7:0]
    28/37: $0\bytes[1][7:0]
    29/37: $0\bytes[0][7:0]
    30/37: $0\bit_index[2:0]
    31/37: $0\byte_index[1:0]
    32/37: $0\count[7:0]
    33/37: $0\error[2:0]
    34/37: $0\busy[0:0]
    35/37: $0\state[3:0]
    36/37: $0\sda_low[0:0]
    37/37: $0\scl_low[0:0]
Creating decoders for process `$paramod$ca4b7a37322eebe282ffca1ddbda4aa8d3e4aedf\i2c_register_write.$proc$rtl/i2c_register_write.sv:38$568'.
     1/4: $0\sda_sync[0:0]
     2/4: $0\sda_meta[0:0]
     3/4: $0\scl_sync[0:0]
     4/4: $0\scl_meta[0:0]
Creating decoders for process `$paramod$683e8f5232cafaff99ac6963759532f7c096f897\pll_restart_control.$proc$rtl/pll_restart_control.sv:57$543'.
     1/6: $0\fault_history[2:0] [2]
     2/6: $0\fault_history[2:0] [1]
     3/6: $0\fault_history[2:0] [0]
     4/6: $0\lock_was_low[0:0]
     5/6: $0\state[1:0]
     6/6: $0\count[18:0]
Creating decoders for process `$paramod$683e8f5232cafaff99ac6963759532f7c096f897\pll_restart_control.$proc$rtl/pll_restart_control.sv:42$530'.
     1/6: $0\age[7:0]
     2/6: $0\last_hb[0:0]
     3/6: $0\period_last[7:0]
     4/6: $0\stable[0:0]
     5/6: $0\good[3:0]
     6/6: $0\seen_edge[0:0]
Creating decoders for process `$paramod$683e8f5232cafaff99ac6963759532f7c096f897\pll_restart_control.$proc$rtl/pll_restart_control.sv:38$529'.
     1/2: $0\lock_sync[1:0]
     2/2: $0\hb_sync[1:0]
Creating decoders for process `$paramod$683e8f5232cafaff99ac6963759532f7c096f897\pll_restart_control.$proc$rtl/pll_restart_control.sv:36$527'.
     1/1: $0\heartbeat[7:0]
Creating decoders for process `\video_clock_guard.$proc$rtl/video_clock_guard.sv:76$497'.
     1/1: $0\ready_sync[1:0]
Creating decoders for process `\video_clock_guard.$proc$rtl/video_clock_guard.sv:70$492'.
     1/1: $0\release_pipe[2:0]
Creating decoders for process `\video_clock_guard.$proc$rtl/video_clock_guard.sv:45$475'.
     1/5: $0\age[6:0]
     2/5: $0\heartbeat_last[0:0]
     3/5: $0\good[2:0]
     4/5: $0\healthy[0:0]
     5/5: $0\seen_edge[0:0]
Creating decoders for process `\video_clock_guard.$proc$rtl/video_clock_guard.sv:41$474'.
     1/1: $0\heartbeat_sync[1:0]
Creating decoders for process `\video_clock_guard.$proc$rtl/video_clock_guard.sv:37$472'.
     1/1: $0\prerequisites_sync[1:0]
Creating decoders for process `\video_clock_guard.$proc$rtl/video_clock_guard.sv:27$467'.
     1/1: $0\heartbeat_count[7:0]
Creating decoders for process `$paramod$748af6f67175525805c5981cb14c29e092fe9ea4\stream_sync_frontend.$proc$rtl/stream_sync_frontend.sv:53$442'.
     1/21: $0\fault_history[2:0] [2]
     2/21: $0\fault_history[2:0] [1]
     3/21: $0\fault_history[2:0] [0]
     4/21: $0\vs_count[2:0]
     5/21: $0\rgb_out[23:0]
     6/21: $0\line_start[0:0]
     7/21: $0\sample_ce_out[0:0]
     8/21: $0\ce_seen[0:0]
     9/21: $0\previous_ce[0:0]
    10/21: $0\vs_delay[4:0]
    11/21: $0\v_age[20:0]
    12/21: $0\vs_pending[0:0]
    13/21: $0\v_locked[0:0]
    14/21: $0\have_vs[0:0]
    15/21: $0\vs_level[0:0]
    16/21: $0\h_good[1:0]
    17/21: $0\h_age[11:0]
    18/21: $0\h_locked[0:0]
    19/21: $0\have_hs[0:0]
    20/21: $0\previous_hs[0:0]
    21/21: $0\field_start[0:0]
Creating decoders for process `$paramod$748af6f67175525805c5981cb14c29e092fe9ea4\stream_sync_frontend.$proc$rtl/stream_sync_frontend.sv:49$441'.
     1/1: $0\vs_sync[1:0]
Creating decoders for process `$paramod$b17e92aa74298494ca60ee5ffe44e63e7ce92bb6\video_core.$proc$rtl/video_core.sv:51$398'.
     1/13: $0\vs_n[0:0]
     2/13: $0\hs_n[0:0]
     3/13: $0\frame_start[0:0]
     4/13: $0\out_sol[0:0]
     5/13: $0\out_x[10:0]
     6/13: $0\x1[10:0]
     7/13: $0\sol1[0:0]
     8/13: $0\valid2[0:0]
     9/13: $0\valid1[0:0]
    10/13: $0\rgb2[23:0]
    11/13: $0\rgb1[23:0]
    12/13: $0\have_frame[0:0]
    13/13: $0\out_y[11:0]
Creating decoders for process `$paramod$b17e92aa74298494ca60ee5ffe44e63e7ce92bb6\video_core.$proc$rtl/video_core.sv:43$397'.
     1/1: $0\field_delayed[0:0]
Creating decoders for process `$paramod$a20ae5745ae84b48c322aca758b64eafb30b6529\tvp7002_boot.$proc$rtl/tvp7002_boot.sv:91$389'.
     1/8: $0\start[0:0]
     2/8: $0\config_error[0:0]
     3/8: $0\config_done[0:0]
     4/8: $0\wait_count[19:0]
     5/8: $0\index[5:0]
     6/8: $0\state[2:0]
     7/8: $0\failed_register[7:0]
     8/8: $0\write_error[2:0]
Creating decoders for process `$paramod$a20ae5745ae84b48c322aca758b64eafb30b6529\tvp7002_boot.$proc$rtl/tvp7002_boot.sv:38$378'.
     1/1: $1\entry[15:0]
Creating decoders for process `\adc_rgb_capture.$proc$rtl/adc_rgb_capture.sv:28$368'.
     1/6: $0\last_tag[0:0]
     2/6: $0\tag2[0:0]
     3/6: $0\tag1[0:0]
     4/6: $0\stage2[24:0]
     5/6: $0\stage1[24:0]
     6/6: $0\started[0:0]
Creating decoders for process `\adc_rgb_capture.$proc$rtl/adc_rgb_capture.sv:19$364'.
     1/2: $0\token[0:0]
     2/2: $0\captured[24:0]
Creating decoders for process `\adc_rgb_capture.$proc$rtl/adc_rgb_capture.sv:14$363'.
     1/1: $0\adc_release[2:0]
Creating decoders for process `\configuration_reset.$proc$rtl/configuration_reset.sv:7$355'.
Creating decoders for process `\configuration_reset.$proc$rtl/configuration_reset.sv:9$353'.
Creating decoders for process `$paramod$2922f3bb373b574eaf7a12e6647b6d2c40223301\amiga_logic_core.$proc$rtl/amiga_logic_core.sv:29$345'.
     1/1: $0\video_sync[1:0]

18.5.8. Executing PROC_DLATCH pass (convert process syncs to latches).
No latch inferred for signal `$paramod$a20ae5745ae84b48c322aca758b64eafb30b6529\tvp7002_boot.\entry' from process `$paramod$a20ae5745ae84b48c322aca758b64eafb30b6529\tvp7002_boot.$proc$rtl/tvp7002_boot.sv:38$378'.

18.5.9. Executing PROC_DFF pass (convert process syncs to FFs).
Creating register for signal `$paramod\line_double\H_SAMPLES=s32'00000000000000000000011100011000.\protocol_error' using process `$paramod\line_double\H_SAMPLES=s32'00000000000000000000011100011000.$proc$rtl/line_double.sv:50$688'.
  created $dff cell `$procdff$2565' with positive edge clock.
Creating register for signal `$paramod\line_double\H_SAMPLES=s32'00000000000000000000011100011000.\out_sol' using process `$paramod\line_double\H_SAMPLES=s32'00000000000000000000011100011000.$proc$rtl/line_double.sv:50$688'.
  created $dff cell `$procdff$2566' with positive edge clock.
Creating register for signal `$paramod\line_double\H_SAMPLES=s32'00000000000000000000011100011000.\out_x' using process `$paramod\line_double\H_SAMPLES=s32'00000000000000000000011100011000.$proc$rtl/line_double.sv:50$688'.
  created $dff cell `$procdff$2567' with positive edge clock.
Creating register for signal `$paramod\line_double\H_SAMPLES=s32'00000000000000000000011100011000.\started' using process `$paramod\line_double\H_SAMPLES=s32'00000000000000000000011100011000.$proc$rtl/line_double.sv:50$688'.
  created $dff cell `$procdff$2568' with positive edge clock.
Creating register for signal `$paramod\line_double\H_SAMPLES=s32'00000000000000000000011100011000.\pixel_valid' using process `$paramod\line_double\H_SAMPLES=s32'00000000000000000000011100011000.$proc$rtl/line_double.sv:50$688'.
  created $dff cell `$procdff$2569' with positive edge clock.
Creating register for signal `$paramod\line_double\H_SAMPLES=s32'00000000000000000000011100011000.\previous_ce' using process `$paramod\line_double\H_SAMPLES=s32'00000000000000000000011100011000.$proc$rtl/line_double.sv:50$688'.
  created $dff cell `$procdff$2570' with positive edge clock.
Creating register for signal `$paramod\line_double\H_SAMPLES=s32'00000000000000000000011100011000.\write_bank' using process `$paramod\line_double\H_SAMPLES=s32'00000000000000000000011100011000.$proc$rtl/line_double.sv:50$688'.
  created $dff cell `$procdff$2571' with positive edge clock.
Creating register for signal `$paramod\line_double\H_SAMPLES=s32'00000000000000000000011100011000.\read_bank' using process `$paramod\line_double\H_SAMPLES=s32'00000000000000000000011100011000.$proc$rtl/line_double.sv:50$688'.
  created $dff cell `$procdff$2572' with positive edge clock.
Creating register for signal `$paramod\line_double\H_SAMPLES=s32'00000000000000000000011100011000.\reading' using process `$paramod\line_double\H_SAMPLES=s32'00000000000000000000011100011000.$proc$rtl/line_double.sv:50$688'.
  created $dff cell `$procdff$2573' with positive edge clock.
Creating register for signal `$paramod\line_double\H_SAMPLES=s32'00000000000000000000011100011000.\written' using process `$paramod\line_double\H_SAMPLES=s32'00000000000000000000011100011000.$proc$rtl/line_double.sv:50$688'.
  created $dff cell `$procdff$2574' with positive edge clock.
Creating register for signal `$paramod\line_double\H_SAMPLES=s32'00000000000000000000011100011000.\read_x' using process `$paramod\line_double\H_SAMPLES=s32'00000000000000000000011100011000.$proc$rtl/line_double.sv:50$688'.
  created $dff cell `$procdff$2575' with positive edge clock.
Creating register for signal `$paramod\line_double\H_SAMPLES=s32'00000000000000000000011100011000.\elapsed' using process `$paramod\line_double\H_SAMPLES=s32'00000000000000000000011100011000.$proc$rtl/line_double.sv:50$688'.
  created $dff cell `$procdff$2576' with positive edge clock.
Creating register for signal `$paramod\line_double\H_SAMPLES=s32'00000000000000000000011100011000.\bank0_q' using process `$paramod\line_double\H_SAMPLES=s32'00000000000000000000011100011000.$proc$rtl/line_double.sv:37$668'.
  created $dff cell `$procdff$2577' with positive edge clock.
Creating register for signal `$paramod\line_double\H_SAMPLES=s32'00000000000000000000011100011000.\bank1_q' using process `$paramod\line_double\H_SAMPLES=s32'00000000000000000000011100011000.$proc$rtl/line_double.sv:37$668'.
  created $dff cell `$procdff$2578' with positive edge clock.
Creating register for signal `$paramod\line_double\H_SAMPLES=s32'00000000000000000000011100011000.$memwr$\bank0$rtl/line_double.sv:40$655_ADDR' using process `$paramod\line_double\H_SAMPLES=s32'00000000000000000000011100011000.$proc$rtl/line_double.sv:37$668'.
  created $dff cell `$procdff$2579' with positive edge clock.
Creating register for signal `$paramod\line_double\H_SAMPLES=s32'00000000000000000000011100011000.$memwr$\bank0$rtl/line_double.sv:40$655_DATA' using process `$paramod\line_double\H_SAMPLES=s32'00000000000000000000011100011000.$proc$rtl/line_double.sv:37$668'.
  created $dff cell `$procdff$2580' with positive edge clock.
Creating register for signal `$paramod\line_double\H_SAMPLES=s32'00000000000000000000011100011000.$memwr$\bank0$rtl/line_double.sv:40$655_EN' using process `$paramod\line_double\H_SAMPLES=s32'00000000000000000000011100011000.$proc$rtl/line_double.sv:37$668'.
  created $dff cell `$procdff$2581' with positive edge clock.
Creating register for signal `$paramod\line_double\H_SAMPLES=s32'00000000000000000000011100011000.$memwr$\bank1$rtl/line_double.sv:41$656_ADDR' using process `$paramod\line_double\H_SAMPLES=s32'00000000000000000000011100011000.$proc$rtl/line_double.sv:37$668'.
  created $dff cell `$procdff$2582' with positive edge clock.
Creating register for signal `$paramod\line_double\H_SAMPLES=s32'00000000000000000000011100011000.$memwr$\bank1$rtl/line_double.sv:41$656_DATA' using process `$paramod\line_double\H_SAMPLES=s32'00000000000000000000011100011000.$proc$rtl/line_double.sv:37$668'.
  created $dff cell `$procdff$2583' with positive edge clock.
Creating register for signal `$paramod\line_double\H_SAMPLES=s32'00000000000000000000011100011000.$memwr$\bank1$rtl/line_double.sv:41$656_EN' using process `$paramod\line_double\H_SAMPLES=s32'00000000000000000000011100011000.$proc$rtl/line_double.sv:37$668'.
  created $dff cell `$procdff$2584' with positive edge clock.
Creating register for signal `$paramod$d6dee0bcd04703285f7c7a34827e153f96219042\field_sync.\vs_n' using process `$paramod$d6dee0bcd04703285f7c7a34827e153f96219042\field_sync.$proc$rtl/field_sync.sv:19$649'.
  created $dff cell `$procdff$2585' with positive edge clock.
Creating register for signal `$paramod$d6dee0bcd04703285f7c7a34827e153f96219042\field_sync.\frame_start' using process `$paramod$d6dee0bcd04703285f7c7a34827e153f96219042\field_sync.$proc$rtl/field_sync.sv:19$649'.
  created $dff cell `$procdff$2586' with positive edge clock.
Creating register for signal `$paramod$d6dee0bcd04703285f7c7a34827e153f96219042\field_sync.\delay_count' using process `$paramod$d6dee0bcd04703285f7c7a34827e153f96219042\field_sync.$proc$rtl/field_sync.sv:19$649'.
  created $dff cell `$procdff$2587' with positive edge clock.
Creating register for signal `$paramod$d6dee0bcd04703285f7c7a34827e153f96219042\field_sync.\delay_active' using process `$paramod$d6dee0bcd04703285f7c7a34827e153f96219042\field_sync.$proc$rtl/field_sync.sv:19$649'.
  created $dff cell `$procdff$2588' with positive edge clock.
Creating register for signal `$paramod$d6dee0bcd04703285f7c7a34827e153f96219042\field_sync.\pending' using process `$paramod$d6dee0bcd04703285f7c7a34827e153f96219042\field_sync.$proc$rtl/field_sync.sv:19$649'.
  created $dff cell `$procdff$2589' with positive edge clock.
Creating register for signal `$paramod$d6dee0bcd04703285f7c7a34827e153f96219042\field_sync.\remaining' using process `$paramod$d6dee0bcd04703285f7c7a34827e153f96219042\field_sync.$proc$rtl/field_sync.sv:19$649'.
  created $dff cell `$procdff$2590' with positive edge clock.
Creating register for signal `$paramod$59e5d031c668cf41650225ca3253dc21d29dbc00\adc_power_sequence.\adc_reset_n' using process `$paramod$59e5d031c668cf41650225ca3253dc21d29dbc00\adc_power_sequence.$proc$rtl/adc_power_sequence.sv:35$638'.
  created $dff cell `$procdff$2591' with positive edge clock.
Creating register for signal `$paramod$59e5d031c668cf41650225ca3253dc21d29dbc00\adc_power_sequence.\adc_pwdn' using process `$paramod$59e5d031c668cf41650225ca3253dc21d29dbc00\adc_power_sequence.$proc$rtl/adc_power_sequence.sv:35$638'.
  created $dff cell `$procdff$2592' with positive edge clock.
Creating register for signal `$paramod$59e5d031c668cf41650225ca3253dc21d29dbc00\adc_power_sequence.\fault' using process `$paramod$59e5d031c668cf41650225ca3253dc21d29dbc00\adc_power_sequence.$proc$rtl/adc_power_sequence.sv:35$638'.
  created $dff cell `$procdff$2593' with positive edge clock.
Creating register for signal `$paramod$59e5d031c668cf41650225ca3253dc21d29dbc00\adc_power_sequence.\state' using process `$paramod$59e5d031c668cf41650225ca3253dc21d29dbc00\adc_power_sequence.$proc$rtl/adc_power_sequence.sv:35$638'.
  created $dff cell `$procdff$2594' with positive edge clock.
Creating register for signal `$paramod$59e5d031c668cf41650225ca3253dc21d29dbc00\adc_power_sequence.\config_allowed' using process `$paramod$59e5d031c668cf41650225ca3253dc21d29dbc00\adc_power_sequence.$proc$rtl/adc_power_sequence.sv:35$638'.
  created $dff cell `$procdff$2595' with positive edge clock.
Creating register for signal `$paramod$59e5d031c668cf41650225ca3253dc21d29dbc00\adc_power_sequence.\count' using process `$paramod$59e5d031c668cf41650225ca3253dc21d29dbc00\adc_power_sequence.$proc$rtl/adc_power_sequence.sv:35$638'.
  created $dff cell `$procdff$2596' with positive edge clock.
Creating register for signal `$paramod$59e5d031c668cf41650225ca3253dc21d29dbc00\adc_power_sequence.\pg_meta' using process `$paramod$59e5d031c668cf41650225ca3253dc21d29dbc00\adc_power_sequence.$proc$rtl/adc_power_sequence.sv:31$637'.
  created $dff cell `$procdff$2597' with positive edge clock.
Creating register for signal `$paramod$59e5d031c668cf41650225ca3253dc21d29dbc00\adc_power_sequence.\pg_sync' using process `$paramod$59e5d031c668cf41650225ca3253dc21d29dbc00\adc_power_sequence.$proc$rtl/adc_power_sequence.sv:31$637'.
  created $dff cell `$procdff$2598' with positive edge clock.
Creating register for signal `$paramod$ca4b7a37322eebe282ffca1ddbda4aa8d3e4aedf\i2c_register_write.\scl_low' using process `$paramod$ca4b7a37322eebe282ffca1ddbda4aa8d3e4aedf\i2c_register_write.$proc$rtl/i2c_register_write.sv:46$569'.
  created $dff cell `$procdff$2599' with positive edge clock.
Creating register for signal `$paramod$ca4b7a37322eebe282ffca1ddbda4aa8d3e4aedf\i2c_register_write.\sda_low' using process `$paramod$ca4b7a37322eebe282ffca1ddbda4aa8d3e4aedf\i2c_register_write.$proc$rtl/i2c_register_write.sv:46$569'.
  created $dff cell `$procdff$2600' with positive edge clock.
Creating register for signal `$paramod$ca4b7a37322eebe282ffca1ddbda4aa8d3e4aedf\i2c_register_write.\state' using process `$paramod$ca4b7a37322eebe282ffca1ddbda4aa8d3e4aedf\i2c_register_write.$proc$rtl/i2c_register_write.sv:46$569'.
  created $dff cell `$procdff$2601' with positive edge clock.
Creating register for signal `$paramod$ca4b7a37322eebe282ffca1ddbda4aa8d3e4aedf\i2c_register_write.\busy' using process `$paramod$ca4b7a37322eebe282ffca1ddbda4aa8d3e4aedf\i2c_register_write.$proc$rtl/i2c_register_write.sv:46$569'.
  created $dff cell `$procdff$2602' with positive edge clock.
Creating register for signal `$paramod$ca4b7a37322eebe282ffca1ddbda4aa8d3e4aedf\i2c_register_write.\done' using process `$paramod$ca4b7a37322eebe282ffca1ddbda4aa8d3e4aedf\i2c_register_write.$proc$rtl/i2c_register_write.sv:46$569'.
  created $dff cell `$procdff$2603' with positive edge clock.
Creating register for signal `$paramod$ca4b7a37322eebe282ffca1ddbda4aa8d3e4aedf\i2c_register_write.\error' using process `$paramod$ca4b7a37322eebe282ffca1ddbda4aa8d3e4aedf\i2c_register_write.$proc$rtl/i2c_register_write.sv:46$569'.
  created $dff cell `$procdff$2604' with positive edge clock.
Creating register for signal `$paramod$ca4b7a37322eebe282ffca1ddbda4aa8d3e4aedf\i2c_register_write.\count' using process `$paramod$ca4b7a37322eebe282ffca1ddbda4aa8d3e4aedf\i2c_register_write.$proc$rtl/i2c_register_write.sv:46$569'.
  created $dff cell `$procdff$2605' with positive edge clock.
Creating register for signal `$paramod$ca4b7a37322eebe282ffca1ddbda4aa8d3e4aedf\i2c_register_write.\byte_index' using process `$paramod$ca4b7a37322eebe282ffca1ddbda4aa8d3e4aedf\i2c_register_write.$proc$rtl/i2c_register_write.sv:46$569'.
  created $dff cell `$procdff$2606' with positive edge clock.
Creating register for signal `$paramod$ca4b7a37322eebe282ffca1ddbda4aa8d3e4aedf\i2c_register_write.\bit_index' using process `$paramod$ca4b7a37322eebe282ffca1ddbda4aa8d3e4aedf\i2c_register_write.$proc$rtl/i2c_register_write.sv:46$569'.
  created $dff cell `$procdff$2607' with positive edge clock.
Creating register for signal `$paramod$ca4b7a37322eebe282ffca1ddbda4aa8d3e4aedf\i2c_register_write.\watchdog' using process `$paramod$ca4b7a37322eebe282ffca1ddbda4aa8d3e4aedf\i2c_register_write.$proc$rtl/i2c_register_write.sv:46$569'.
  created $dff cell `$procdff$2608' with positive edge clock.
Creating register for signal `$paramod$ca4b7a37322eebe282ffca1ddbda4aa8d3e4aedf\i2c_register_write.\bytes[0]' using process `$paramod$ca4b7a37322eebe282ffca1ddbda4aa8d3e4aedf\i2c_register_write.$proc$rtl/i2c_register_write.sv:46$569'.
  created $dff cell `$procdff$2609' with positive edge clock.
Creating register for signal `$paramod$ca4b7a37322eebe282ffca1ddbda4aa8d3e4aedf\i2c_register_write.\bytes[1]' using process `$paramod$ca4b7a37322eebe282ffca1ddbda4aa8d3e4aedf\i2c_register_write.$proc$rtl/i2c_register_write.sv:46$569'.
  created $dff cell `$procdff$2610' with positive edge clock.
Creating register for signal `$paramod$ca4b7a37322eebe282ffca1ddbda4aa8d3e4aedf\i2c_register_write.\bytes[2]' using process `$paramod$ca4b7a37322eebe282ffca1ddbda4aa8d3e4aedf\i2c_register_write.$proc$rtl/i2c_register_write.sv:46$569'.
  created $dff cell `$procdff$2611' with positive edge clock.
Creating register for signal `$paramod$ca4b7a37322eebe282ffca1ddbda4aa8d3e4aedf\i2c_register_write.$mem2reg_rd$\bytes$rtl/i2c_register_write.sv:83$559_ADDR' using process `$paramod$ca4b7a37322eebe282ffca1ddbda4aa8d3e4aedf\i2c_register_write.$proc$rtl/i2c_register_write.sv:46$569'.
  created $dff cell `$procdff$2612' with positive edge clock.
Creating register for signal `$paramod$ca4b7a37322eebe282ffca1ddbda4aa8d3e4aedf\i2c_register_write.$mem2reg_rd$\bytes$rtl/i2c_register_write.sv:83$559_DATA' using process `$paramod$ca4b7a37322eebe282ffca1ddbda4aa8d3e4aedf\i2c_register_write.$proc$rtl/i2c_register_write.sv:46$569'.
  created $dff cell `$procdff$2613' with positive edge clock.
Creating register for signal `$paramod$ca4b7a37322eebe282ffca1ddbda4aa8d3e4aedf\i2c_register_write.$mem2reg_rd$\bytes$rtl/i2c_register_write.sv:97$560_ADDR' using process `$paramod$ca4b7a37322eebe282ffca1ddbda4aa8d3e4aedf\i2c_register_write.$proc$rtl/i2c_register_write.sv:46$569'.
  created $dff cell `$procdff$2614' with positive edge clock.
Creating register for signal `$paramod$ca4b7a37322eebe282ffca1ddbda4aa8d3e4aedf\i2c_register_write.$mem2reg_rd$\bytes$rtl/i2c_register_write.sv:97$560_DATA' using process `$paramod$ca4b7a37322eebe282ffca1ddbda4aa8d3e4aedf\i2c_register_write.$proc$rtl/i2c_register_write.sv:46$569'.
  created $dff cell `$procdff$2615' with positive edge clock.
Creating register for signal `$paramod$ca4b7a37322eebe282ffca1ddbda4aa8d3e4aedf\i2c_register_write.\scl_meta' using process `$paramod$ca4b7a37322eebe282ffca1ddbda4aa8d3e4aedf\i2c_register_write.$proc$rtl/i2c_register_write.sv:38$568'.
  created $dff cell `$procdff$2616' with positive edge clock.
Creating register for signal `$paramod$ca4b7a37322eebe282ffca1ddbda4aa8d3e4aedf\i2c_register_write.\scl_sync' using process `$paramod$ca4b7a37322eebe282ffca1ddbda4aa8d3e4aedf\i2c_register_write.$proc$rtl/i2c_register_write.sv:38$568'.
  created $dff cell `$procdff$2617' with positive edge clock.
Creating register for signal `$paramod$ca4b7a37322eebe282ffca1ddbda4aa8d3e4aedf\i2c_register_write.\sda_meta' using process `$paramod$ca4b7a37322eebe282ffca1ddbda4aa8d3e4aedf\i2c_register_write.$proc$rtl/i2c_register_write.sv:38$568'.
  created $dff cell `$procdff$2618' with positive edge clock.
Creating register for signal `$paramod$ca4b7a37322eebe282ffca1ddbda4aa8d3e4aedf\i2c_register_write.\sda_sync' using process `$paramod$ca4b7a37322eebe282ffca1ddbda4aa8d3e4aedf\i2c_register_write.$proc$rtl/i2c_register_write.sv:38$568'.
  created $dff cell `$procdff$2619' with positive edge clock.
Creating register for signal `$paramod$683e8f5232cafaff99ac6963759532f7c096f897\pll_restart_control.\fault_history' using process `$paramod$683e8f5232cafaff99ac6963759532f7c096f897\pll_restart_control.$proc$rtl/pll_restart_control.sv:57$543'.
  created $dff cell `$procdff$2620' with positive edge clock.
Creating register for signal `$paramod$683e8f5232cafaff99ac6963759532f7c096f897\pll_restart_control.\state' using process `$paramod$683e8f5232cafaff99ac6963759532f7c096f897\pll_restart_control.$proc$rtl/pll_restart_control.sv:57$543'.
  created $dff cell `$procdff$2621' with positive edge clock.
Creating register for signal `$paramod$683e8f5232cafaff99ac6963759532f7c096f897\pll_restart_control.\lock_was_low' using process `$paramod$683e8f5232cafaff99ac6963759532f7c096f897\pll_restart_control.$proc$rtl/pll_restart_control.sv:57$543'.
  created $dff cell `$procdff$2622' with positive edge clock.
Creating register for signal `$paramod$683e8f5232cafaff99ac6963759532f7c096f897\pll_restart_control.\count' using process `$paramod$683e8f5232cafaff99ac6963759532f7c096f897\pll_restart_control.$proc$rtl/pll_restart_control.sv:57$543'.
  created $dff cell `$procdff$2623' with positive edge clock.
Creating register for signal `$paramod$683e8f5232cafaff99ac6963759532f7c096f897\pll_restart_control.\seen_edge' using process `$paramod$683e8f5232cafaff99ac6963759532f7c096f897\pll_restart_control.$proc$rtl/pll_restart_control.sv:42$530'.
  created $dff cell `$procdff$2624' with positive edge clock.
Creating register for signal `$paramod$683e8f5232cafaff99ac6963759532f7c096f897\pll_restart_control.\age' using process `$paramod$683e8f5232cafaff99ac6963759532f7c096f897\pll_restart_control.$proc$rtl/pll_restart_control.sv:42$530'.
  created $dff cell `$procdff$2625' with positive edge clock.
Creating register for signal `$paramod$683e8f5232cafaff99ac6963759532f7c096f897\pll_restart_control.\good' using process `$paramod$683e8f5232cafaff99ac6963759532f7c096f897\pll_restart_control.$proc$rtl/pll_restart_control.sv:42$530'.
  created $dff cell `$procdff$2626' with positive edge clock.
Creating register for signal `$paramod$683e8f5232cafaff99ac6963759532f7c096f897\pll_restart_control.\last_hb' using process `$paramod$683e8f5232cafaff99ac6963759532f7c096f897\pll_restart_control.$proc$rtl/pll_restart_control.sv:42$530'.
  created $dff cell `$procdff$2627' with positive edge clock.
Creating register for signal `$paramod$683e8f5232cafaff99ac6963759532f7c096f897\pll_restart_control.\stable' using process `$paramod$683e8f5232cafaff99ac6963759532f7c096f897\pll_restart_control.$proc$rtl/pll_restart_control.sv:42$530'.
  created $dff cell `$procdff$2628' with positive edge clock.
Creating register for signal `$paramod$683e8f5232cafaff99ac6963759532f7c096f897\pll_restart_control.\period_last' using process `$paramod$683e8f5232cafaff99ac6963759532f7c096f897\pll_restart_control.$proc$rtl/pll_restart_control.sv:42$530'.
  created $dff cell `$procdff$2629' with positive edge clock.
Creating register for signal `$paramod$683e8f5232cafaff99ac6963759532f7c096f897\pll_restart_control.\hb_sync' using process `$paramod$683e8f5232cafaff99ac6963759532f7c096f897\pll_restart_control.$proc$rtl/pll_restart_control.sv:38$529'.
  created $dff cell `$procdff$2630' with positive edge clock.
Creating register for signal `$paramod$683e8f5232cafaff99ac6963759532f7c096f897\pll_restart_control.\lock_sync' using process `$paramod$683e8f5232cafaff99ac6963759532f7c096f897\pll_restart_control.$proc$rtl/pll_restart_control.sv:38$529'.
  created $dff cell `$procdff$2631' with positive edge clock.
Creating register for signal `$paramod$683e8f5232cafaff99ac6963759532f7c096f897\pll_restart_control.\heartbeat' using process `$paramod$683e8f5232cafaff99ac6963759532f7c096f897\pll_restart_control.$proc$rtl/pll_restart_control.sv:36$527'.
  created $adff cell `$procdff$2634' with positive edge clock and positive level reset.
Creating register for signal `\video_clock_guard.\ready_sync' using process `\video_clock_guard.$proc$rtl/video_clock_guard.sv:76$497'.
  created $adff cell `$procdff$2639' with positive edge clock and positive level reset.
Creating register for signal `\video_clock_guard.\release_pipe' using process `\video_clock_guard.$proc$rtl/video_clock_guard.sv:70$492'.
  created $adff cell `$procdff$2644' with positive edge clock and positive level reset.
Creating register for signal `\video_clock_guard.\heartbeat_last' using process `\video_clock_guard.$proc$rtl/video_clock_guard.sv:45$475'.
  created $adff cell `$procdff$2649' with positive edge clock and positive level reset.
Creating register for signal `\video_clock_guard.\seen_edge' using process `\video_clock_guard.$proc$rtl/video_clock_guard.sv:45$475'.
  created $adff cell `$procdff$2654' with positive edge clock and positive level reset.
Creating register for signal `\video_clock_guard.\healthy' using process `\video_clock_guard.$proc$rtl/video_clock_guard.sv:45$475'.
  created $adff cell `$procdff$2659' with positive edge clock and positive level reset.
Creating register for signal `\video_clock_guard.\age' using process `\video_clock_guard.$proc$rtl/video_clock_guard.sv:45$475'.
  created $adff cell `$procdff$2664' with positive edge clock and positive level reset.
Creating register for signal `\video_clock_guard.\good' using process `\video_clock_guard.$proc$rtl/video_clock_guard.sv:45$475'.
  created $adff cell `$procdff$2669' with positive edge clock and positive level reset.
Creating register for signal `\video_clock_guard.\heartbeat_sync' using process `\video_clock_guard.$proc$rtl/video_clock_guard.sv:41$474'.
  created $adff cell `$procdff$2672' with positive edge clock and positive level reset.
Creating register for signal `\video_clock_guard.\prerequisites_sync' using process `\video_clock_guard.$proc$rtl/video_clock_guard.sv:37$472'.
  created $adff cell `$procdff$2677' with positive edge clock and positive level reset.
Creating register for signal `\video_clock_guard.\heartbeat_count' using process `\video_clock_guard.$proc$rtl/video_clock_guard.sv:27$467'.
  created $adff cell `$procdff$2680' with positive edge clock and positive level reset.
Creating register for signal `$paramod$748af6f67175525805c5981cb14c29e092fe9ea4\stream_sync_frontend.\fault_history' using process `$paramod$748af6f67175525805c5981cb14c29e092fe9ea4\stream_sync_frontend.$proc$rtl/stream_sync_frontend.sv:53$442'.
  created $dff cell `$procdff$2681' with positive edge clock.
Creating register for signal `$paramod$748af6f67175525805c5981cb14c29e092fe9ea4\stream_sync_frontend.\sample_ce_out' using process `$paramod$748af6f67175525805c5981cb14c29e092fe9ea4\stream_sync_frontend.$proc$rtl/stream_sync_frontend.sv:53$442'.
  created $dff cell `$procdff$2682' with positive edge clock.
Creating register for signal `$paramod$748af6f67175525805c5981cb14c29e092fe9ea4\stream_sync_frontend.\line_start' using process `$paramod$748af6f67175525805c5981cb14c29e092fe9ea4\stream_sync_frontend.$proc$rtl/stream_sync_frontend.sv:53$442'.
  created $dff cell `$procdff$2683' with positive edge clock.
Creating register for signal `$paramod$748af6f67175525805c5981cb14c29e092fe9ea4\stream_sync_frontend.\field_start' using process `$paramod$748af6f67175525805c5981cb14c29e092fe9ea4\stream_sync_frontend.$proc$rtl/stream_sync_frontend.sv:53$442'.
  created $dff cell `$procdff$2684' with positive edge clock.
Creating register for signal `$paramod$748af6f67175525805c5981cb14c29e092fe9ea4\stream_sync_frontend.\rgb_out' using process `$paramod$748af6f67175525805c5981cb14c29e092fe9ea4\stream_sync_frontend.$proc$rtl/stream_sync_frontend.sv:53$442'.
  created $dff cell `$procdff$2685' with positive edge clock.
Creating register for signal `$paramod$748af6f67175525805c5981cb14c29e092fe9ea4\stream_sync_frontend.\previous_ce' using process `$paramod$748af6f67175525805c5981cb14c29e092fe9ea4\stream_sync_frontend.$proc$rtl/stream_sync_frontend.sv:53$442'.
  created $dff cell `$procdff$2686' with positive edge clock.
Creating register for signal `$paramod$748af6f67175525805c5981cb14c29e092fe9ea4\stream_sync_frontend.\ce_seen' using process `$paramod$748af6f67175525805c5981cb14c29e092fe9ea4\stream_sync_frontend.$proc$rtl/stream_sync_frontend.sv:53$442'.
  created $dff cell `$procdff$2687' with positive edge clock.
Creating register for signal `$paramod$748af6f67175525805c5981cb14c29e092fe9ea4\stream_sync_frontend.\previous_hs' using process `$paramod$748af6f67175525805c5981cb14c29e092fe9ea4\stream_sync_frontend.$proc$rtl/stream_sync_frontend.sv:53$442'.
  created $dff cell `$procdff$2688' with positive edge clock.
Creating register for signal `$paramod$748af6f67175525805c5981cb14c29e092fe9ea4\stream_sync_frontend.\have_hs' using process `$paramod$748af6f67175525805c5981cb14c29e092fe9ea4\stream_sync_frontend.$proc$rtl/stream_sync_frontend.sv:53$442'.
  created $dff cell `$procdff$2689' with positive edge clock.
Creating register for signal `$paramod$748af6f67175525805c5981cb14c29e092fe9ea4\stream_sync_frontend.\h_locked' using process `$paramod$748af6f67175525805c5981cb14c29e092fe9ea4\stream_sync_frontend.$proc$rtl/stream_sync_frontend.sv:53$442'.
  created $dff cell `$procdff$2690' with positive edge clock.
Creating register for signal `$paramod$748af6f67175525805c5981cb14c29e092fe9ea4\stream_sync_frontend.\h_age' using process `$paramod$748af6f67175525805c5981cb14c29e092fe9ea4\stream_sync_frontend.$proc$rtl/stream_sync_frontend.sv:53$442'.
  created $dff cell `$procdff$2691' with positive edge clock.
Creating register for signal `$paramod$748af6f67175525805c5981cb14c29e092fe9ea4\stream_sync_frontend.\h_good' using process `$paramod$748af6f67175525805c5981cb14c29e092fe9ea4\stream_sync_frontend.$proc$rtl/stream_sync_frontend.sv:53$442'.
  created $dff cell `$procdff$2692' with positive edge clock.
Creating register for signal `$paramod$748af6f67175525805c5981cb14c29e092fe9ea4\stream_sync_frontend.\vs_level' using process `$paramod$748af6f67175525805c5981cb14c29e092fe9ea4\stream_sync_frontend.$proc$rtl/stream_sync_frontend.sv:53$442'.
  created $dff cell `$procdff$2693' with positive edge clock.
Creating register for signal `$paramod$748af6f67175525805c5981cb14c29e092fe9ea4\stream_sync_frontend.\have_vs' using process `$paramod$748af6f67175525805c5981cb14c29e092fe9ea4\stream_sync_frontend.$proc$rtl/stream_sync_frontend.sv:53$442'.
  created $dff cell `$procdff$2694' with positive edge clock.
Creating register for signal `$paramod$748af6f67175525805c5981cb14c29e092fe9ea4\stream_sync_frontend.\v_locked' using process `$paramod$748af6f67175525805c5981cb14c29e092fe9ea4\stream_sync_frontend.$proc$rtl/stream_sync_frontend.sv:53$442'.
  created $dff cell `$procdff$2695' with positive edge clock.
Creating register for signal `$paramod$748af6f67175525805c5981cb14c29e092fe9ea4\stream_sync_frontend.\vs_pending' using process `$paramod$748af6f67175525805c5981cb14c29e092fe9ea4\stream_sync_frontend.$proc$rtl/stream_sync_frontend.sv:53$442'.
  created $dff cell `$procdff$2696' with positive edge clock.
Creating register for signal `$paramod$748af6f67175525805c5981cb14c29e092fe9ea4\stream_sync_frontend.\vs_count' using process `$paramod$748af6f67175525805c5981cb14c29e092fe9ea4\stream_sync_frontend.$proc$rtl/stream_sync_frontend.sv:53$442'.
  created $dff cell `$procdff$2697' with positive edge clock.
Creating register for signal `$paramod$748af6f67175525805c5981cb14c29e092fe9ea4\stream_sync_frontend.\v_age' using process `$paramod$748af6f67175525805c5981cb14c29e092fe9ea4\stream_sync_frontend.$proc$rtl/stream_sync_frontend.sv:53$442'.
  created $dff cell `$procdff$2698' with positive edge clock.
Creating register for signal `$paramod$748af6f67175525805c5981cb14c29e092fe9ea4\stream_sync_frontend.\vs_delay' using process `$paramod$748af6f67175525805c5981cb14c29e092fe9ea4\stream_sync_frontend.$proc$rtl/stream_sync_frontend.sv:53$442'.
  created $dff cell `$procdff$2699' with positive edge clock.
Creating register for signal `$paramod$748af6f67175525805c5981cb14c29e092fe9ea4\stream_sync_frontend.\vs_sync' using process `$paramod$748af6f67175525805c5981cb14c29e092fe9ea4\stream_sync_frontend.$proc$rtl/stream_sync_frontend.sv:49$441'.
  created $dff cell `$procdff$2700' with positive edge clock.
Creating register for signal `$paramod$b17e92aa74298494ca60ee5ffe44e63e7ce92bb6\video_core.\hs_n' using process `$paramod$b17e92aa74298494ca60ee5ffe44e63e7ce92bb6\video_core.$proc$rtl/video_core.sv:51$398'.
  created $dff cell `$procdff$2701' with positive edge clock.
Creating register for signal `$paramod$b17e92aa74298494ca60ee5ffe44e63e7ce92bb6\video_core.\vs_n' using process `$paramod$b17e92aa74298494ca60ee5ffe44e63e7ce92bb6\video_core.$proc$rtl/video_core.sv:51$398'.
  created $dff cell `$procdff$2702' with positive edge clock.
Creating register for signal `$paramod$b17e92aa74298494ca60ee5ffe44e63e7ce92bb6\video_core.\out_sol' using process `$paramod$b17e92aa74298494ca60ee5ffe44e63e7ce92bb6\video_core.$proc$rtl/video_core.sv:51$398'.
  created $dff cell `$procdff$2703' with positive edge clock.
Creating register for signal `$paramod$b17e92aa74298494ca60ee5ffe44e63e7ce92bb6\video_core.\frame_start' using process `$paramod$b17e92aa74298494ca60ee5ffe44e63e7ce92bb6\video_core.$proc$rtl/video_core.sv:51$398'.
  created $dff cell `$procdff$2704' with positive edge clock.
Creating register for signal `$paramod$b17e92aa74298494ca60ee5ffe44e63e7ce92bb6\video_core.\out_x' using process `$paramod$b17e92aa74298494ca60ee5ffe44e63e7ce92bb6\video_core.$proc$rtl/video_core.sv:51$398'.
  created $dff cell `$procdff$2705' with positive edge clock.
Creating register for signal `$paramod$b17e92aa74298494ca60ee5ffe44e63e7ce92bb6\video_core.\out_y' using process `$paramod$b17e92aa74298494ca60ee5ffe44e63e7ce92bb6\video_core.$proc$rtl/video_core.sv:51$398'.
  created $dff cell `$procdff$2706' with positive edge clock.
Creating register for signal `$paramod$b17e92aa74298494ca60ee5ffe44e63e7ce92bb6\video_core.\rgb1' using process `$paramod$b17e92aa74298494ca60ee5ffe44e63e7ce92bb6\video_core.$proc$rtl/video_core.sv:51$398'.
  created $dff cell `$procdff$2707' with positive edge clock.
Creating register for signal `$paramod$b17e92aa74298494ca60ee5ffe44e63e7ce92bb6\video_core.\rgb2' using process `$paramod$b17e92aa74298494ca60ee5ffe44e63e7ce92bb6\video_core.$proc$rtl/video_core.sv:51$398'.
  created $dff cell `$procdff$2708' with positive edge clock.
Creating register for signal `$paramod$b17e92aa74298494ca60ee5ffe44e63e7ce92bb6\video_core.\valid1' using process `$paramod$b17e92aa74298494ca60ee5ffe44e63e7ce92bb6\video_core.$proc$rtl/video_core.sv:51$398'.
  created $dff cell `$procdff$2709' with positive edge clock.
Creating register for signal `$paramod$b17e92aa74298494ca60ee5ffe44e63e7ce92bb6\video_core.\valid2' using process `$paramod$b17e92aa74298494ca60ee5ffe44e63e7ce92bb6\video_core.$proc$rtl/video_core.sv:51$398'.
  created $dff cell `$procdff$2710' with positive edge clock.
Creating register for signal `$paramod$b17e92aa74298494ca60ee5ffe44e63e7ce92bb6\video_core.\sol1' using process `$paramod$b17e92aa74298494ca60ee5ffe44e63e7ce92bb6\video_core.$proc$rtl/video_core.sv:51$398'.
  created $dff cell `$procdff$2711' with positive edge clock.
Creating register for signal `$paramod$b17e92aa74298494ca60ee5ffe44e63e7ce92bb6\video_core.\have_frame' using process `$paramod$b17e92aa74298494ca60ee5ffe44e63e7ce92bb6\video_core.$proc$rtl/video_core.sv:51$398'.
  created $dff cell `$procdff$2712' with positive edge clock.
Creating register for signal `$paramod$b17e92aa74298494ca60ee5ffe44e63e7ce92bb6\video_core.\x1' using process `$paramod$b17e92aa74298494ca60ee5ffe44e63e7ce92bb6\video_core.$proc$rtl/video_core.sv:51$398'.
  created $dff cell `$procdff$2713' with positive edge clock.
Creating register for signal `$paramod$b17e92aa74298494ca60ee5ffe44e63e7ce92bb6\video_core.\field_delayed' using process `$paramod$b17e92aa74298494ca60ee5ffe44e63e7ce92bb6\video_core.$proc$rtl/video_core.sv:43$397'.
  created $dff cell `$procdff$2714' with positive edge clock.
Creating register for signal `$paramod$a20ae5745ae84b48c322aca758b64eafb30b6529\tvp7002_boot.\write_error' using process `$paramod$a20ae5745ae84b48c322aca758b64eafb30b6529\tvp7002_boot.$proc$rtl/tvp7002_boot.sv:91$389'.
  created $dff cell `$procdff$2715' with positive edge clock.
Creating register for signal `$paramod$a20ae5745ae84b48c322aca758b64eafb30b6529\tvp7002_boot.\failed_register' using process `$paramod$a20ae5745ae84b48c322aca758b64eafb30b6529\tvp7002_boot.$proc$rtl/tvp7002_boot.sv:91$389'.
  created $dff cell `$procdff$2716' with positive edge clock.
Creating register for signal `$paramod$a20ae5745ae84b48c322aca758b64eafb30b6529\tvp7002_boot.\state' using process `$paramod$a20ae5745ae84b48c322aca758b64eafb30b6529\tvp7002_boot.$proc$rtl/tvp7002_boot.sv:91$389'.
  created $dff cell `$procdff$2717' with positive edge clock.
Creating register for signal `$paramod$a20ae5745ae84b48c322aca758b64eafb30b6529\tvp7002_boot.\index' using process `$paramod$a20ae5745ae84b48c322aca758b64eafb30b6529\tvp7002_boot.$proc$rtl/tvp7002_boot.sv:91$389'.
  created $dff cell `$procdff$2718' with positive edge clock.
Creating register for signal `$paramod$a20ae5745ae84b48c322aca758b64eafb30b6529\tvp7002_boot.\wait_count' using process `$paramod$a20ae5745ae84b48c322aca758b64eafb30b6529\tvp7002_boot.$proc$rtl/tvp7002_boot.sv:91$389'.
  created $dff cell `$procdff$2719' with positive edge clock.
Creating register for signal `$paramod$a20ae5745ae84b48c322aca758b64eafb30b6529\tvp7002_boot.\start' using process `$paramod$a20ae5745ae84b48c322aca758b64eafb30b6529\tvp7002_boot.$proc$rtl/tvp7002_boot.sv:91$389'.
  created $dff cell `$procdff$2720' with positive edge clock.
Creating register for signal `$paramod$a20ae5745ae84b48c322aca758b64eafb30b6529\tvp7002_boot.\config_done' using process `$paramod$a20ae5745ae84b48c322aca758b64eafb30b6529\tvp7002_boot.$proc$rtl/tvp7002_boot.sv:91$389'.
  created $dff cell `$procdff$2721' with positive edge clock.
Creating register for signal `$paramod$a20ae5745ae84b48c322aca758b64eafb30b6529\tvp7002_boot.\config_error' using process `$paramod$a20ae5745ae84b48c322aca758b64eafb30b6529\tvp7002_boot.$proc$rtl/tvp7002_boot.sv:91$389'.
  created $dff cell `$procdff$2722' with positive edge clock.
Creating register for signal `\adc_rgb_capture.\stage1' using process `\adc_rgb_capture.$proc$rtl/adc_rgb_capture.sv:28$368'.
  created $adff cell `$procdff$2725' with positive edge clock and positive level reset.
Creating register for signal `\adc_rgb_capture.\stage2' using process `\adc_rgb_capture.$proc$rtl/adc_rgb_capture.sv:28$368'.
  created $adff cell `$procdff$2728' with positive edge clock and positive level reset.
Creating register for signal `\adc_rgb_capture.\tag1' using process `\adc_rgb_capture.$proc$rtl/adc_rgb_capture.sv:28$368'.
  created $adff cell `$procdff$2731' with positive edge clock and positive level reset.
Creating register for signal `\adc_rgb_capture.\tag2' using process `\adc_rgb_capture.$proc$rtl/adc_rgb_capture.sv:28$368'.
  created $adff cell `$procdff$2734' with positive edge clock and positive level reset.
Creating register for signal `\adc_rgb_capture.\last_tag' using process `\adc_rgb_capture.$proc$rtl/adc_rgb_capture.sv:28$368'.
  created $adff cell `$procdff$2737' with positive edge clock and positive level reset.
Creating register for signal `\adc_rgb_capture.\started' using process `\adc_rgb_capture.$proc$rtl/adc_rgb_capture.sv:28$368'.
  created $adff cell `$procdff$2740' with positive edge clock and positive level reset.
Creating register for signal `\adc_rgb_capture.\captured' using process `\adc_rgb_capture.$proc$rtl/adc_rgb_capture.sv:19$364'.
  created $adff cell `$procdff$2743' with negative edge clock and positive level reset.
Creating register for signal `\adc_rgb_capture.\token' using process `\adc_rgb_capture.$proc$rtl/adc_rgb_capture.sv:19$364'.
  created $adff cell `$procdff$2746' with negative edge clock and positive level reset.
Creating register for signal `\adc_rgb_capture.\adc_release' using process `\adc_rgb_capture.$proc$rtl/adc_rgb_capture.sv:14$363'.
  created $adff cell `$procdff$2749' with negative edge clock and positive level reset.
Creating register for signal `\configuration_reset.\released' using process `\configuration_reset.$proc$rtl/configuration_reset.sv:9$353'.
  created $dff cell `$procdff$2750' with positive edge clock.
Creating register for signal `$paramod$2922f3bb373b574eaf7a12e6647b6d2c40223301\amiga_logic_core.\video_sync' using process `$paramod$2922f3bb373b574eaf7a12e6647b6d2c40223301\amiga_logic_core.$proc$rtl/amiga_logic_core.sv:29$345'.
  created $adff cell `$procdff$2753' with positive edge clock and positive level reset.

18.5.10. Executing PROC_MEMWR pass (convert process memory writes to cells).

18.5.11. Executing PROC_CLEAN pass (remove empty switches from decision trees).
Found and cleaned up 12 empty switches in `$paramod\line_double\H_SAMPLES=s32'00000000000000000000011100011000.$proc$rtl/line_double.sv:50$688'.
Removing empty process `$paramod\line_double\H_SAMPLES=s32'00000000000000000000011100011000.$proc$rtl/line_double.sv:50$688'.
Found and cleaned up 2 empty switches in `$paramod\line_double\H_SAMPLES=s32'00000000000000000000011100011000.$proc$rtl/line_double.sv:37$668'.
Removing empty process `$paramod\line_double\H_SAMPLES=s32'00000000000000000000011100011000.$proc$rtl/line_double.sv:37$668'.
Found and cleaned up 7 empty switches in `$paramod$d6dee0bcd04703285f7c7a34827e153f96219042\field_sync.$proc$rtl/field_sync.sv:19$649'.
Removing empty process `$paramod$d6dee0bcd04703285f7c7a34827e153f96219042\field_sync.$proc$rtl/field_sync.sv:19$649'.
Found and cleaned up 9 empty switches in `$paramod$59e5d031c668cf41650225ca3253dc21d29dbc00\adc_power_sequence.$proc$rtl/adc_power_sequence.sv:35$638'.
Removing empty process `$paramod$59e5d031c668cf41650225ca3253dc21d29dbc00\adc_power_sequence.$proc$rtl/adc_power_sequence.sv:35$638'.
Found and cleaned up 1 empty switch in `$paramod$59e5d031c668cf41650225ca3253dc21d29dbc00\adc_power_sequence.$proc$rtl/adc_power_sequence.sv:31$637'.
Removing empty process `$paramod$59e5d031c668cf41650225ca3253dc21d29dbc00\adc_power_sequence.$proc$rtl/adc_power_sequence.sv:31$637'.
Found and cleaned up 23 empty switches in `$paramod$ca4b7a37322eebe282ffca1ddbda4aa8d3e4aedf\i2c_register_write.$proc$rtl/i2c_register_write.sv:46$569'.
Removing empty process `$paramod$ca4b7a37322eebe282ffca1ddbda4aa8d3e4aedf\i2c_register_write.$proc$rtl/i2c_register_write.sv:46$569'.
Found and cleaned up 1 empty switch in `$paramod$ca4b7a37322eebe282ffca1ddbda4aa8d3e4aedf\i2c_register_write.$proc$rtl/i2c_register_write.sv:38$568'.
Removing empty process `$paramod$ca4b7a37322eebe282ffca1ddbda4aa8d3e4aedf\i2c_register_write.$proc$rtl/i2c_register_write.sv:38$568'.
Found and cleaned up 11 empty switches in `$paramod$683e8f5232cafaff99ac6963759532f7c096f897\pll_restart_control.$proc$rtl/pll_restart_control.sv:57$543'.
Removing empty process `$paramod$683e8f5232cafaff99ac6963759532f7c096f897\pll_restart_control.$proc$rtl/pll_restart_control.sv:57$543'.
Found and cleaned up 6 empty switches in `$paramod$683e8f5232cafaff99ac6963759532f7c096f897\pll_restart_control.$proc$rtl/pll_restart_control.sv:42$530'.
Removing empty process `$paramod$683e8f5232cafaff99ac6963759532f7c096f897\pll_restart_control.$proc$rtl/pll_restart_control.sv:42$530'.
Found and cleaned up 1 empty switch in `$paramod$683e8f5232cafaff99ac6963759532f7c096f897\pll_restart_control.$proc$rtl/pll_restart_control.sv:38$529'.
Removing empty process `$paramod$683e8f5232cafaff99ac6963759532f7c096f897\pll_restart_control.$proc$rtl/pll_restart_control.sv:38$529'.
Removing empty process `$paramod$683e8f5232cafaff99ac6963759532f7c096f897\pll_restart_control.$proc$rtl/pll_restart_control.sv:36$527'.
Removing empty process `video_clock_guard.$proc$rtl/video_clock_guard.sv:76$497'.
Removing empty process `video_clock_guard.$proc$rtl/video_clock_guard.sv:70$492'.
Found and cleaned up 6 empty switches in `\video_clock_guard.$proc$rtl/video_clock_guard.sv:45$475'.
Removing empty process `video_clock_guard.$proc$rtl/video_clock_guard.sv:45$475'.
Removing empty process `video_clock_guard.$proc$rtl/video_clock_guard.sv:41$474'.
Removing empty process `video_clock_guard.$proc$rtl/video_clock_guard.sv:37$472'.
Removing empty process `video_clock_guard.$proc$rtl/video_clock_guard.sv:27$467'.
Found and cleaned up 20 empty switches in `$paramod$748af6f67175525805c5981cb14c29e092fe9ea4\stream_sync_frontend.$proc$rtl/stream_sync_frontend.sv:53$442'.
Removing empty process `$paramod$748af6f67175525805c5981cb14c29e092fe9ea4\stream_sync_frontend.$proc$rtl/stream_sync_frontend.sv:53$442'.
Found and cleaned up 1 empty switch in `$paramod$748af6f67175525805c5981cb14c29e092fe9ea4\stream_sync_frontend.$proc$rtl/stream_sync_frontend.sv:49$441'.
Removing empty process `$paramod$748af6f67175525805c5981cb14c29e092fe9ea4\stream_sync_frontend.$proc$rtl/stream_sync_frontend.sv:49$441'.
Found and cleaned up 5 empty switches in `$paramod$b17e92aa74298494ca60ee5ffe44e63e7ce92bb6\video_core.$proc$rtl/video_core.sv:51$398'.
Removing empty process `$paramod$b17e92aa74298494ca60ee5ffe44e63e7ce92bb6\video_core.$proc$rtl/video_core.sv:51$398'.
Found and cleaned up 1 empty switch in `$paramod$b17e92aa74298494ca60ee5ffe44e63e7ce92bb6\video_core.$proc$rtl/video_core.sv:43$397'.
Removing empty process `$paramod$b17e92aa74298494ca60ee5ffe44e63e7ce92bb6\video_core.$proc$rtl/video_core.sv:43$397'.
Found and cleaned up 9 empty switches in `$paramod$a20ae5745ae84b48c322aca758b64eafb30b6529\tvp7002_boot.$proc$rtl/tvp7002_boot.sv:91$389'.
Removing empty process `$paramod$a20ae5745ae84b48c322aca758b64eafb30b6529\tvp7002_boot.$proc$rtl/tvp7002_boot.sv:91$389'.
Found and cleaned up 1 empty switch in `$paramod$a20ae5745ae84b48c322aca758b64eafb30b6529\tvp7002_boot.$proc$rtl/tvp7002_boot.sv:38$378'.
Removing empty process `$paramod$a20ae5745ae84b48c322aca758b64eafb30b6529\tvp7002_boot.$proc$rtl/tvp7002_boot.sv:38$378'.
Found and cleaned up 1 empty switch in `\adc_rgb_capture.$proc$rtl/adc_rgb_capture.sv:28$368'.
Removing empty process `adc_rgb_capture.$proc$rtl/adc_rgb_capture.sv:28$368'.
Found and cleaned up 1 empty switch in `\adc_rgb_capture.$proc$rtl/adc_rgb_capture.sv:19$364'.
Removing empty process `adc_rgb_capture.$proc$rtl/adc_rgb_capture.sv:19$364'.
Removing empty process `adc_rgb_capture.$proc$rtl/adc_rgb_capture.sv:14$363'.
Removing empty process `configuration_reset.$proc$rtl/configuration_reset.sv:7$355'.
Removing empty process `configuration_reset.$proc$rtl/configuration_reset.sv:9$353'.
Removing empty process `$paramod$2922f3bb373b574eaf7a12e6647b6d2c40223301\amiga_logic_core.$proc$rtl/amiga_logic_core.sv:29$345'.
Cleaned up 118 empty switches.

18.5.12. Executing OPT_EXPR pass (perform const folding).
Optimizing module $paramod\line_double\H_SAMPLES=s32'00000000000000000000011100011000.
<suppressed ~1 debug messages>
Optimizing module $paramod$d6dee0bcd04703285f7c7a34827e153f96219042\field_sync.
<suppressed ~2 debug messages>
Optimizing module $paramod$59e5d031c668cf41650225ca3253dc21d29dbc00\adc_power_sequence.
<suppressed ~11 debug messages>
Optimizing module $paramod$ca4b7a37322eebe282ffca1ddbda4aa8d3e4aedf\i2c_register_write.
<suppressed ~16 debug messages>
Optimizing module $paramod$683e8f5232cafaff99ac6963759532f7c096f897\pll_restart_control.
<suppressed ~20 debug messages>
Optimizing module video_clock_guard.
<suppressed ~22 debug messages>
Optimizing module $paramod$748af6f67175525805c5981cb14c29e092fe9ea4\stream_sync_frontend.
<suppressed ~1 debug messages>
Optimizing module $paramod$b17e92aa74298494ca60ee5ffe44e63e7ce92bb6\video_core.
Optimizing module $paramod$a20ae5745ae84b48c322aca758b64eafb30b6529\tvp7002_boot.
<suppressed ~8 debug messages>
Optimizing module $paramod$683e8f5232cafaff99ac6963759532f7c096f897\clock_recovery_system.
Optimizing module adc_rgb_capture.
<suppressed ~11 debug messages>
Optimizing module $paramod$2922f3bb373b574eaf7a12e6647b6d2c40223301\stream_input_video.
Optimizing module configuration_reset.
Optimizing module $paramod$262101cb2ab80648ec6462bebbfb63ce206bdc07\gowin_video_pll.
Optimizing module $paramod$2922f3bb373b574eaf7a12e6647b6d2c40223301\amiga_logic_core.
<suppressed ~1 debug messages>
Optimizing module amiga_board_top.

18.6. Executing CHECK pass (checking for obvious problems).
Checking module $paramod\line_double\H_SAMPLES=s32'00000000000000000000011100011000...
Checking module $paramod$d6dee0bcd04703285f7c7a34827e153f96219042\field_sync...
Checking module $paramod$59e5d031c668cf41650225ca3253dc21d29dbc00\adc_power_sequence...
Checking module $paramod$ca4b7a37322eebe282ffca1ddbda4aa8d3e4aedf\i2c_register_write...
Checking module $paramod$683e8f5232cafaff99ac6963759532f7c096f897\pll_restart_control...
Checking module video_clock_guard...
Checking module $paramod$748af6f67175525805c5981cb14c29e092fe9ea4\stream_sync_frontend...
Checking module $paramod$b17e92aa74298494ca60ee5ffe44e63e7ce92bb6\video_core...
Checking module $paramod$a20ae5745ae84b48c322aca758b64eafb30b6529\tvp7002_boot...
Checking module $paramod$683e8f5232cafaff99ac6963759532f7c096f897\clock_recovery_system...
Checking module adc_rgb_capture...
Checking module $paramod$2922f3bb373b574eaf7a12e6647b6d2c40223301\stream_input_video...
Checking module configuration_reset...
Checking module $paramod$262101cb2ab80648ec6462bebbfb63ce206bdc07\gowin_video_pll...
Checking module $paramod$2922f3bb373b574eaf7a12e6647b6d2c40223301\amiga_logic_core...
Checking module amiga_board_top...
Found and reported 0 problems.

18.7. Executing FLATTEN pass (flatten design).
Deleting now unused module $paramod\line_double\H_SAMPLES=s32'00000000000000000000011100011000.
Deleting now unused module $paramod$d6dee0bcd04703285f7c7a34827e153f96219042\field_sync.
Deleting now unused module $paramod$59e5d031c668cf41650225ca3253dc21d29dbc00\adc_power_sequence.
Deleting now unused module $paramod$ca4b7a37322eebe282ffca1ddbda4aa8d3e4aedf\i2c_register_write.
Deleting now unused module $paramod$683e8f5232cafaff99ac6963759532f7c096f897\pll_restart_control.
Deleting now unused module video_clock_guard.
Deleting now unused module $paramod$748af6f67175525805c5981cb14c29e092fe9ea4\stream_sync_frontend.
Deleting now unused module $paramod$b17e92aa74298494ca60ee5ffe44e63e7ce92bb6\video_core.
Deleting now unused module $paramod$a20ae5745ae84b48c322aca758b64eafb30b6529\tvp7002_boot.
Deleting now unused module $paramod$683e8f5232cafaff99ac6963759532f7c096f897\clock_recovery_system.
Deleting now unused module adc_rgb_capture.
Deleting now unused module $paramod$2922f3bb373b574eaf7a12e6647b6d2c40223301\stream_input_video.
Deleting now unused module configuration_reset.
Deleting now unused module $paramod$262101cb2ab80648ec6462bebbfb63ce206bdc07\gowin_video_pll.
Deleting now unused module $paramod$2922f3bb373b574eaf7a12e6647b6d2c40223301\amiga_logic_core.
<suppressed ~15 debug messages>

18.8. Executing TRIBUF pass.

18.9. Executing DEMINOUT pass (demote inout ports to input or output).

18.10. Executing OPT_EXPR pass (perform const folding).
Optimizing module amiga_board_top.
<suppressed ~30 debug messages>

18.11. Executing OPT_CLEAN pass (remove unused cells and wires).
Finding unused cells or wires in module \amiga_board_top..
Removed 183 unused cells and 926 unused wires.
<suppressed ~208 debug messages>

18.12. Executing CHECK pass (checking for obvious problems).
Checking module amiga_board_top...
Found and reported 0 problems.

18.13. Executing OPT pass (performing simple optimizations).

18.13.1. Executing OPT_EXPR pass (perform const folding).
Optimizing module amiga_board_top.

18.13.2. Executing OPT_MERGE pass (detect identical cells).
Finding identical cells in module `\amiga_board_top'.
Computing hashes of 1004 cells of `\amiga_board_top'.
Finding duplicate cells in `\amiga_board_top'.
Computing hashes of 828 cells of `\amiga_board_top'.
Finding duplicate cells in `\amiga_board_top'.
Computing hashes of 827 cells of `\amiga_board_top'.
Finding duplicate cells in `\amiga_board_top'.
<suppressed ~531 debug messages>
Removed a total of 177 cells.

18.13.3. Executing OPT_MUXTREE pass (detect dead branches in mux trees).
Running muxtree optimizer on module \amiga_board_top..
  Creating internal representation of mux trees.
  Evaluating internal representation of mux trees.
      Replacing known input bits on port A of cell $flatten\logic_core.\video.\core.\fields.$procmux$914: \logic_core.video.core.fields.delay_active -> 1'0
      Replacing known input bits on port B of cell $flatten\logic_core.\video.\core.\fields.$procmux$912: \logic_core.video.core.fields.delay_active -> 1'1
      Replacing known input bits on port A of cell $flatten\logic_core.\video.\front.$procmux$2249: \logic_core.video.front.have_vs -> 1'0
      Replacing known input bits on port A of cell $flatten\logic_core.\video.\front.$procmux$2247: \logic_core.video.front.have_vs -> 1'1
  Analyzing evaluation results.
Removed 0 multiplexer ports.
<suppressed ~590 debug messages>

18.13.4. Executing OPT_REDUCE pass (consolidate $*mux and $reduce_* inputs).
  Optimizing cells in module \amiga_board_top.
    New ctrl vector for $pmux cell $flatten\logic_core.\boot.\writer.$procmux$1660: { $auto$opt_reduce.cc:137:opt_pmux$2772 $flatten\logic_core.\boot.\writer.$procmux$1558_CMP $flatten\logic_core.\boot.\writer.$procmux$1490_CMP }
    New ctrl vector for $pmux cell $flatten\logic_core.\boot.\power_sequence.$procmux$969: { $auto$opt_reduce.cc:137:opt_pmux$2774 $flatten\logic_core.\boot.\power_sequence.$procmux$976_CMP $flatten\logic_core.\boot.\power_sequence.$procmux$952_CMP }
    New ctrl vector for $pmux cell $flatten\logic_core.\boot.\power_sequence.$procmux$1020: { $auto$opt_reduce.cc:137:opt_pmux$2776 $flatten\logic_core.\boot.\power_sequence.$procmux$970_CMP $flatten\logic_core.\boot.\power_sequence.$procmux$976_CMP }
    New ctrl vector for $pmux cell $flatten\logic_core.\boot.\writer.$procmux$1692: { $flatten\logic_core.\boot.\writer.$procmux$1605_CMP $auto$opt_reduce.cc:137:opt_pmux$2778 $flatten\logic_core.\boot.\writer.$procmux$1490_CMP }
    New ctrl vector for $pmux cell $flatten\logic_core.\boot.\writer.$procmux$1442: { $flatten\logic_core.\boot.\writer.$procmux$1605_CMP $auto$opt_reduce.cc:137:opt_pmux$2780 }
    New ctrl vector for $pmux cell $flatten\logic_core.\boot.$procmux$2490: { $auto$opt_reduce.cc:137:opt_pmux$2782 $flatten\logic_core.\boot.$procmux$2496_CMP $flatten\logic_core.\boot.$procmux$2505_CMP $flatten\logic_core.\boot.$procmux$2508_CMP $flatten\logic_core.\boot.$procmux$2511_CMP }
    New ctrl vector for $pmux cell $flatten\logic_core.\boot.$procmux$2411: { $auto$opt_reduce.cc:137:opt_pmux$2784 $flatten\logic_core.\boot.$procmux$2505_CMP }
    New ctrl vector for $pmux cell $flatten\logic_core.\boot.\writer.$procmux$1783: { $auto$opt_reduce.cc:137:opt_pmux$2786 $flatten\logic_core.\boot.\writer.$procmux$1609_CMP $flatten\logic_core.\boot.\writer.$procmux$1558_CMP $flatten\logic_core.\boot.\writer.$procmux$1565_CMP $flatten\logic_core.\boot.\writer.$procmux$1642_CMP $flatten\logic_core.\boot.\writer.$procmux$1649_CMP }
    Consolidated identical input bits for $mux cell $flatten\logic_core.\video.\core.\lines.$procmux$868:
      Old ports: A=24'000000000000000000000000, B=24'111111111111111111111111, Y=$flatten\logic_core.\video.\core.\lines.$0$memwr$\bank0$rtl/line_double.sv:40$655_EN[23:0]$671
      New ports: A=1'0, B=1'1, Y=$flatten\logic_core.\video.\core.\lines.$0$memwr$\bank0$rtl/line_double.sv:40$655_EN[23:0]$671 [0]
      New connections: $flatten\logic_core.\video.\core.\lines.$0$memwr$\bank0$rtl/line_double.sv:40$655_EN[23:0]$671 [23:1] = { $flatten\logic_core.\video.\core.\lines.$0$memwr$\bank0$rtl/line_double.sv:40$655_EN[23:0]$671 [0] $flatten\logic_core.\video.\core.\lines.$0$memwr$\bank0$rtl/line_double.sv:40$655_EN[23:0]$671 [0] $flatten\logic_core.\video.\core.\lines.$0$memwr$\bank0$rtl/line_double.sv:40$655_EN[23:0]$671 [0] $flatten\logic_core.\video.\core.\lines.$0$memwr$\bank0$rtl/line_double.sv:40$655_EN[23:0]$671 [0] $flatten\logic_core.\video.\core.\lines.$0$memwr$\bank0$rtl/line_double.sv:40$655_EN[23:0]$671 [0] $flatten\logic_core.\video.\core.\lines.$0$memwr$\bank0$rtl/line_double.sv:40$655_EN[23:0]$671 [0] $flatten\logic_core.\video.\core.\lines.$0$memwr$\bank0$rtl/line_double.sv:40$655_EN[23:0]$671 [0] $flatten\logic_core.\video.\core.\lines.$0$memwr$\bank0$rtl/line_double.sv:40$655_EN[23:0]$671 [0] $flatten\logic_core.\video.\core.\lines.$0$memwr$\bank0$rtl/line_double.sv:40$655_EN[23:0]$671 [0] $flatten\logic_core.\video.\core.\lines.$0$memwr$\bank0$rtl/line_double.sv:40$655_EN[23:0]$671 [0] $flatten\logic_core.\video.\core.\lines.$0$memwr$\bank0$rtl/line_double.sv:40$655_EN[23:0]$671 [0] $flatten\logic_core.\video.\core.\lines.$0$memwr$\bank0$rtl/line_double.sv:40$655_EN[23:0]$671 [0] $flatten\logic_core.\video.\core.\lines.$0$memwr$\bank0$rtl/line_double.sv:40$655_EN[23:0]$671 [0] $flatten\logic_core.\video.\core.\lines.$0$memwr$\bank0$rtl/line_double.sv:40$655_EN[23:0]$671 [0] $flatten\logic_core.\video.\core.\lines.$0$memwr$\bank0$rtl/line_double.sv:40$655_EN[23:0]$671 [0] $flatten\logic_core.\video.\core.\lines.$0$memwr$\bank0$rtl/line_double.sv:40$655_EN[23:0]$671 [0] $flatten\logic_core.\video.\core.\lines.$0$memwr$\bank0$rtl/line_double.sv:40$655_EN[23:0]$671 [0] $flatten\logic_core.\video.\core.\lines.$0$memwr$\bank0$rtl/line_double.sv:40$655_EN[23:0]$671 [0] $flatten\logic_core.\video.\core.\lines.$0$memwr$\bank0$rtl/line_double.sv:40$655_EN[23:0]$671 [0] $flatten\logic_core.\video.\core.\lines.$0$memwr$\bank0$rtl/line_double.sv:40$655_EN[23:0]$671 [0] $flatten\logic_core.\video.\core.\lines.$0$memwr$\bank0$rtl/line_double.sv:40$655_EN[23:0]$671 [0] $flatten\logic_core.\video.\core.\lines.$0$memwr$\bank0$rtl/line_double.sv:40$655_EN[23:0]$671 [0] $flatten\logic_core.\video.\core.\lines.$0$memwr$\bank0$rtl/line_double.sv:40$655_EN[23:0]$671 [0] }
    Consolidated identical input bits for $mux cell $flatten\logic_core.\video.\core.\lines.$procmux$859:
      Old ports: A=24'000000000000000000000000, B=24'111111111111111111111111, Y=$flatten\logic_core.\video.\core.\lines.$0$memwr$\bank1$rtl/line_double.sv:41$656_EN[23:0]$674
      New ports: A=1'0, B=1'1, Y=$flatten\logic_core.\video.\core.\lines.$0$memwr$\bank1$rtl/line_double.sv:41$656_EN[23:0]$674 [0]
      New connections: $flatten\logic_core.\video.\core.\lines.$0$memwr$\bank1$rtl/line_double.sv:41$656_EN[23:0]$674 [23:1] = { $flatten\logic_core.\video.\core.\lines.$0$memwr$\bank1$rtl/line_double.sv:41$656_EN[23:0]$674 [0] $flatten\logic_core.\video.\core.\lines.$0$memwr$\bank1$rtl/line_double.sv:41$656_EN[23:0]$674 [0] $flatten\logic_core.\video.\core.\lines.$0$memwr$\bank1$rtl/line_double.sv:41$656_EN[23:0]$674 [0] $flatten\logic_core.\video.\core.\lines.$0$memwr$\bank1$rtl/line_double.sv:41$656_EN[23:0]$674 [0] $flatten\logic_core.\video.\core.\lines.$0$memwr$\bank1$rtl/line_double.sv:41$656_EN[23:0]$674 [0] $flatten\logic_core.\video.\core.\lines.$0$memwr$\bank1$rtl/line_double.sv:41$656_EN[23:0]$674 [0] $flatten\logic_core.\video.\core.\lines.$0$memwr$\bank1$rtl/line_double.sv:41$656_EN[23:0]$674 [0] $flatten\logic_core.\video.\core.\lines.$0$memwr$\bank1$rtl/line_double.sv:41$656_EN[23:0]$674 [0] $flatten\logic_core.\video.\core.\lines.$0$memwr$\bank1$rtl/line_double.sv:41$656_EN[23:0]$674 [0] $flatten\logic_core.\video.\core.\lines.$0$memwr$\bank1$rtl/line_double.sv:41$656_EN[23:0]$674 [0] $flatten\logic_core.\video.\core.\lines.$0$memwr$\bank1$rtl/line_double.sv:41$656_EN[23:0]$674 [0] $flatten\logic_core.\video.\core.\lines.$0$memwr$\bank1$rtl/line_double.sv:41$656_EN[23:0]$674 [0] $flatten\logic_core.\video.\core.\lines.$0$memwr$\bank1$rtl/line_double.sv:41$656_EN[23:0]$674 [0] $flatten\logic_core.\video.\core.\lines.$0$memwr$\bank1$rtl/line_double.sv:41$656_EN[23:0]$674 [0] $flatten\logic_core.\video.\core.\lines.$0$memwr$\bank1$rtl/line_double.sv:41$656_EN[23:0]$674 [0] $flatten\logic_core.\video.\core.\lines.$0$memwr$\bank1$rtl/line_double.sv:41$656_EN[23:0]$674 [0] $flatten\logic_core.\video.\core.\lines.$0$memwr$\bank1$rtl/line_double.sv:41$656_EN[23:0]$674 [0] $flatten\logic_core.\video.\core.\lines.$0$memwr$\bank1$rtl/line_double.sv:41$656_EN[23:0]$674 [0] $flatten\logic_core.\video.\core.\lines.$0$memwr$\bank1$rtl/line_double.sv:41$656_EN[23:0]$674 [0] $flatten\logic_core.\video.\core.\lines.$0$memwr$\bank1$rtl/line_double.sv:41$656_EN[23:0]$674 [0] $flatten\logic_core.\video.\core.\lines.$0$memwr$\bank1$rtl/line_double.sv:41$656_EN[23:0]$674 [0] $flatten\logic_core.\video.\core.\lines.$0$memwr$\bank1$rtl/line_double.sv:41$656_EN[23:0]$674 [0] $flatten\logic_core.\video.\core.\lines.$0$memwr$\bank1$rtl/line_double.sv:41$656_EN[23:0]$674 [0] }
    New ctrl vector for $pmux cell $flatten\logic_core.\boot.\writer.$procmux$1831: { $auto$opt_reduce.cc:137:opt_pmux$2788 $flatten\logic_core.\boot.\writer.$procmux$1616_CMP $flatten\logic_core.\boot.\writer.$procmux$1558_CMP $flatten\logic_core.\boot.\writer.$procmux$1627_CMP $flatten\logic_core.\boot.\writer.$procmux$1565_CMP $flatten\logic_core.\boot.\writer.$procmux$1638_CMP $flatten\logic_core.\boot.\writer.$procmux$1642_CMP }
  Optimizing cells in module \amiga_board_top.
Performed a total of 11 changes.

18.13.5. Executing OPT_MERGE pass (detect identical cells).
Finding identical cells in module `\amiga_board_top'.
Computing hashes of 836 cells of `\amiga_board_top'.
Finding duplicate cells in `\amiga_board_top'.
Computing hashes of 812 cells of `\amiga_board_top'.
Finding duplicate cells in `\amiga_board_top'.
Computing hashes of 810 cells of `\amiga_board_top'.
Finding duplicate cells in `\amiga_board_top'.
<suppressed ~78 debug messages>
Removed a total of 26 cells.

18.13.6. Executing OPT_DFF pass (perform DFF optimizations).

18.13.7. Executing OPT_CLEAN pass (remove unused cells and wires).
Finding unused cells or wires in module \amiga_board_top..
Removed 0 unused cells and 202 unused wires.
<suppressed ~1 debug messages>

18.13.8. Executing OPT_EXPR pass (perform const folding).
Optimizing module amiga_board_top.

18.13.9. Rerunning OPT passes. (Maybe there is more to do..)

18.13.10. Executing OPT_MUXTREE pass (detect dead branches in mux trees).
Running muxtree optimizer on module \amiga_board_top..
  Creating internal representation of mux trees.
  Evaluating internal representation of mux trees.
  Analyzing evaluation results.
Removed 0 multiplexer ports.
<suppressed ~603 debug messages>

18.13.11. Executing OPT_REDUCE pass (consolidate $*mux and $reduce_* inputs).
  Optimizing cells in module \amiga_board_top.
    New ctrl vector for $pmux cell $flatten\logic_core.\boot.\power_sequence.$procmux$1020: { $auto$opt_reduce.cc:137:opt_pmux$2790 $auto$opt_reduce.cc:137:opt_pmux$2776 }
    New ctrl vector for $pmux cell $flatten\logic_core.\boot.\writer.$procmux$1412: { $auto$opt_reduce.cc:137:opt_pmux$2792 $flatten\logic_core.\boot.\writer.$eq$rtl/i2c_register_write.sv:33$561_Y $flatten\logic_core.\boot.\writer.$procmux$1431_CMP }
    New ctrl vector for $pmux cell $flatten\logic_core.\boot.\writer.$procmux$1604: { $auto$opt_reduce.cc:137:opt_pmux$2796 $auto$opt_reduce.cc:137:opt_pmux$2794 $flatten\logic_core.\boot.\writer.$eq$rtl/i2c_register_write.sv:33$561_Y $flatten\logic_core.\boot.\writer.$procmux$1431_CMP }
    New ctrl vector for $pmux cell $flatten\logic_core.\boot.\writer.$procmux$1831: { $auto$opt_reduce.cc:137:opt_pmux$2800 $auto$opt_reduce.cc:137:opt_pmux$2798 $auto$opt_reduce.cc:137:opt_pmux$2788 }
  Optimizing cells in module \amiga_board_top.
Performed a total of 4 changes.

18.13.12. Executing OPT_MERGE pass (detect identical cells).
Finding identical cells in module `\amiga_board_top'.
Computing hashes of 816 cells of `\amiga_board_top'.
Finding duplicate cells in `\amiga_board_top'.
Computing hashes of 815 cells of `\amiga_board_top'.
Finding duplicate cells in `\amiga_board_top'.
<suppressed ~3 debug messages>
Removed a total of 1 cells.

18.13.13. Executing OPT_DFF pass (perform DFF optimizations).

18.13.14. Executing OPT_CLEAN pass (remove unused cells and wires).
Finding unused cells or wires in module \amiga_board_top..
Removed 0 unused cells and 1 unused wires.
<suppressed ~1 debug messages>

18.13.15. Executing OPT_EXPR pass (perform const folding).
Optimizing module amiga_board_top.

18.13.16. Rerunning OPT passes. (Maybe there is more to do..)

18.13.17. Executing OPT_MUXTREE pass (detect dead branches in mux trees).
Running muxtree optimizer on module \amiga_board_top..
  Creating internal representation of mux trees.
  Evaluating internal representation of mux trees.
  Analyzing evaluation results.
Removed 0 multiplexer ports.
<suppressed ~577 debug messages>

18.13.18. Executing OPT_REDUCE pass (consolidate $*mux and $reduce_* inputs).
  Optimizing cells in module \amiga_board_top.
Performed a total of 0 changes.

18.13.19. Executing OPT_MERGE pass (detect identical cells).
Finding identical cells in module `\amiga_board_top'.
Computing hashes of 815 cells of `\amiga_board_top'.
Finding duplicate cells in `\amiga_board_top'.
Removed a total of 0 cells.

18.13.20. Executing OPT_DFF pass (perform DFF optimizations).

18.13.21. Executing OPT_CLEAN pass (remove unused cells and wires).
Finding unused cells or wires in module \amiga_board_top..

18.13.22. Executing OPT_EXPR pass (perform const folding).
Optimizing module amiga_board_top.

18.13.23. Finished fast OPT passes. (There is nothing left to do.)

18.14. Executing FSM pass (extract and optimize FSM).

18.14.1. Executing FSM_DETECT pass (finding FSMs in design).
Found FSM state register amiga_board_top.logic_core.clocks.restart.state.
Found FSM state register amiga_board_top.logic_core.boot.power_sequence.state.
Found FSM state register amiga_board_top.logic_core.boot.state.
Not marking amiga_board_top.logic_core.boot.writer.bytes[0] as FSM state register:
    Users of register don't seem to benefit from recoding.
Found FSM state register amiga_board_top.logic_core.boot.writer.state.

18.14.2. Executing FSM_EXTRACT pass (extracting FSM from design).
Extracting FSM `\logic_core.clocks.restart.state' from module `\amiga_board_top'.
  found $dff cell for state register: $flatten\logic_core.\clocks.\restart.$procdff$2621
  root of input selection tree: $flatten\logic_core.\clocks.\restart.$0\state[1:0]
  found reset state: 2'00 (guessed from mux tree)
  found ctrl input: \startup.released [31]
  found state code: 2'00
  found ctrl input: \logic_core.clocks.qualified_ref
  found ctrl input: \logic_core.clocks.restart.stable
  found ctrl input: $flatten\logic_core.\clocks.\restart.$procmux$1926_CMP
  found ctrl input: $flatten\logic_core.\clocks.\restart.$procmux$1935_CMP
  found ctrl input: $flatten\logic_core.\clocks.\restart.$eq$rtl/pll_restart_control.sv:28$522_Y
  found ctrl input: $flatten\logic_core.\clocks.\restart.$eq$rtl/pll_restart_control.sv:28$520_Y
  found ctrl input: $flatten\logic_core.\clocks.\restart.$logic_or$rtl/pll_restart_control.sv:77$557_Y
  found state code: 2'01
  found ctrl input: $flatten\logic_core.\clocks.\restart.$logic_and$rtl/pll_restart_control.sv:72$552_Y
  found ctrl input: $flatten\logic_core.\clocks.\restart.$eq$rtl/pll_restart_control.sv:73$553_Y
  found state code: 2'11
  found ctrl input: $flatten\logic_core.\clocks.\restart.$eq$rtl/pll_restart_control.sv:67$548_Y
  found state code: 2'10
  found ctrl output: $flatten\logic_core.\clocks.\restart.$procmux$1935_CMP
  found ctrl output: $flatten\logic_core.\clocks.\restart.$procmux$1926_CMP
  found ctrl output: $flatten\logic_core.\clocks.\restart.$eq$rtl/pll_restart_control.sv:28$522_Y
  found ctrl output: $flatten\logic_core.\clocks.\restart.$eq$rtl/pll_restart_control.sv:28$520_Y
  ctrl inputs: { \logic_core.clocks.restart.stable $flatten\logic_core.\clocks.\restart.$eq$rtl/pll_restart_control.sv:67$548_Y $flatten\logic_core.\clocks.\restart.$logic_and$rtl/pll_restart_control.sv:72$552_Y $flatten\logic_core.\clocks.\restart.$eq$rtl/pll_restart_control.sv:73$553_Y $flatten\logic_core.\clocks.\restart.$logic_or$rtl/pll_restart_control.sv:77$557_Y \logic_core.clocks.qualified_ref \startup.released [31] }
  ctrl outputs: { $flatten\logic_core.\clocks.\restart.$eq$rtl/pll_restart_control.sv:28$520_Y $flatten\logic_core.\clocks.\restart.$eq$rtl/pll_restart_control.sv:28$522_Y $flatten\logic_core.\clocks.\restart.$0\state[1:0] $flatten\logic_core.\clocks.\restart.$procmux$1926_CMP $flatten\logic_core.\clocks.\restart.$procmux$1935_CMP }
  transition:       2'00 7'------0 ->       2'00 6'100000
  transition:       2'00 7'-----01 ->       2'00 6'100000
  transition:       2'00 7'0----11 ->       2'00 6'100000
  transition:       2'00 7'1----11 ->       2'01 6'100100
  transition:       2'10 7'------0 ->       2'00 6'000001
  transition:       2'10 7'-----01 ->       2'00 6'000001
  transition:       2'10 7'0----11 ->       2'00 6'000001
  transition:       2'10 7'1-00-11 ->       2'10 6'001001
  transition:       2'10 7'1-01-11 ->       2'01 6'000101
  transition:       2'10 7'1-1--11 ->       2'11 6'001101
  transition:       2'01 7'------0 ->       2'00 6'010000
  transition:       2'01 7'-----01 ->       2'00 6'010000
  transition:       2'01 7'0----11 ->       2'00 6'010000
  transition:       2'01 7'10---11 ->       2'01 6'010100
  transition:       2'01 7'11---11 ->       2'10 6'011000
  transition:       2'11 7'------0 ->       2'00 6'000010
  transition:       2'11 7'-----01 ->       2'00 6'000010
  transition:       2'11 7'0----11 ->       2'00 6'000010
  transition:       2'11 7'1---011 ->       2'11 6'001110
  transition:       2'11 7'1---111 ->       2'01 6'000110
Extracting FSM `\logic_core.boot.power_sequence.state' from module `\amiga_board_top'.
  found $dff cell for state register: $flatten\logic_core.\boot.\power_sequence.$procdff$2594
  root of input selection tree: $flatten\logic_core.\boot.\power_sequence.$0\state[2:0]
  found reset state: 3'000 (guessed from mux tree)
  found ctrl input: \startup.released [31]
  found state code: 3'000
  found ctrl input: \logic_core.boot.power_sequence.pg_sync
  found ctrl input: $flatten\logic_core.\boot.\power_sequence.$procmux$1021_CMP
  found ctrl input: $flatten\logic_core.\boot.\power_sequence.$procmux$1024_CMP
  found ctrl input: $flatten\logic_core.\boot.\power_sequence.$procmux$1000_CMP
  found ctrl input: $flatten\logic_core.\boot.\power_sequence.$procmux$1004_CMP
  found ctrl input: $flatten\logic_core.\boot.\power_sequence.$procmux$1008_CMP
  found ctrl input: $flatten\logic_core.\boot.\power_sequence.$procmux$1012_CMP
  found state code: 3'101
  found ctrl input: \logic_core.boot.config_error
  found ctrl input: \logic_core.boot.config_done
  found state code: 3'100
  found ctrl input: $flatten\logic_core.\boot.\power_sequence.$eq$rtl/adc_power_sequence.sv:50$644_Y
  found state code: 3'011
  found ctrl input: $flatten\logic_core.\boot.\power_sequence.$eq$rtl/adc_power_sequence.sv:47$642_Y
  found state code: 3'010
  found ctrl input: $flatten\logic_core.\boot.\power_sequence.$eq$rtl/adc_power_sequence.sv:44$640_Y
  found state code: 3'001
  found ctrl output: $flatten\logic_core.\boot.\power_sequence.$procmux$1021_CMP
  found ctrl output: $flatten\logic_core.\boot.\power_sequence.$procmux$1000_CMP
  found ctrl output: $flatten\logic_core.\boot.\power_sequence.$procmux$1024_CMP
  found ctrl output: $flatten\logic_core.\boot.\power_sequence.$procmux$1012_CMP
  found ctrl output: $flatten\logic_core.\boot.\power_sequence.$procmux$1008_CMP
  found ctrl output: $flatten\logic_core.\boot.\power_sequence.$procmux$1004_CMP
  ctrl inputs: { \logic_core.boot.power_sequence.pg_sync $flatten\logic_core.\boot.\power_sequence.$eq$rtl/adc_power_sequence.sv:44$640_Y $flatten\logic_core.\boot.\power_sequence.$eq$rtl/adc_power_sequence.sv:47$642_Y $flatten\logic_core.\boot.\power_sequence.$eq$rtl/adc_power_sequence.sv:50$644_Y \logic_core.boot.config_error \logic_core.boot.config_done \startup.released [31] }
  ctrl outputs: { $flatten\logic_core.\boot.\power_sequence.$0\state[2:0] $flatten\logic_core.\boot.\power_sequence.$procmux$1000_CMP $flatten\logic_core.\boot.\power_sequence.$procmux$1004_CMP $flatten\logic_core.\boot.\power_sequence.$procmux$1008_CMP $flatten\logic_core.\boot.\power_sequence.$procmux$1012_CMP $flatten\logic_core.\boot.\power_sequence.$procmux$1021_CMP $flatten\logic_core.\boot.\power_sequence.$procmux$1024_CMP }
  transition:      3'000 7'------0 ->      3'000 9'000000100
  transition:      3'000 7'0-----1 ->      3'000 9'000000100
  transition:      3'000 7'10----1 ->      3'000 9'000000100
  transition:      3'000 7'11----1 ->      3'001 9'001000100
  transition:      3'100 7'------0 ->      3'000 9'000000001
  transition:      3'100 7'0-----1 ->      3'000 9'000000001
  transition:      3'100 7'1---0-1 ->      3'100 9'100000001
  transition:      3'100 7'1---1-1 ->      3'101 9'101000001
  transition:      3'010 7'------0 ->      3'000 9'000010000
  transition:      3'010 7'0-----1 ->      3'000 9'000010000
  transition:      3'010 7'1--0--1 ->      3'010 9'010010000
  transition:      3'010 7'1--1--1 ->      3'011 9'011010000
  transition:      3'001 7'------0 ->      3'000 9'000001000
  transition:      3'001 7'0-----1 ->      3'000 9'000001000
  transition:      3'001 7'1-0---1 ->      3'001 9'001001000
  transition:      3'001 7'1-1---1 ->      3'010 9'010001000
  transition:      3'101 7'------0 ->      3'000 9'000000010
  transition:      3'101 7'0-----1 ->      3'000 9'000000010
  transition:      3'101 7'1-----1 ->      3'101 9'101000010
  transition:      3'011 7'------0 ->      3'000 9'000100000
  transition:      3'011 7'0-----1 ->      3'000 9'000100000
  transition:      3'011 7'1---001 ->      3'011 9'011100000
  transition:      3'011 7'1---011 ->      3'100 9'100100000
  transition:      3'011 7'1---1-1 ->      3'101 9'101100000
Extracting FSM `\logic_core.boot.state' from module `\amiga_board_top'.
  found $dff cell for state register: $flatten\logic_core.\boot.$procdff$2717
  root of input selection tree: $flatten\logic_core.\boot.$0\state[2:0]
  found reset state: 3'000 (guessed from mux tree)
  found ctrl input: \startup.released [31]
  found state code: 3'000
  found ctrl input: \logic_core.boot.transaction_reset
  found ctrl input: $flatten\logic_core.\boot.$procmux$2422_CMP
  found ctrl input: $flatten\logic_core.\boot.$procmux$2403_CMP
  found ctrl input: $flatten\logic_core.\boot.$procmux$2420_CMP
  found ctrl input: $flatten\logic_core.\boot.$procmux$2414_CMP
  found ctrl input: $auto$opt_reduce.cc:137:opt_pmux$2782
  found state code: 3'101
  found ctrl input: \logic_core.boot.power_sequence.config_allowed
  found state code: 3'001
  found ctrl input: \logic_core.boot.writer.busy
  found state code: 3'010
  found ctrl input: \logic_core.boot.writer.done
  found ctrl input: $flatten\logic_core.\boot.$ne$rtl/tvp7002_boot.sv:106$391_Y
  found ctrl input: $flatten\logic_core.\boot.$eq$rtl/tvp7002_boot.sv:109$392_Y
  found state code: 3'011
  found ctrl input: $flatten\logic_core.\boot.$eq$rtl/tvp7002_boot.sv:112$394_Y
  found state code: 3'100
  found ctrl output: $flatten\logic_core.\boot.$procmux$2412_CMP
  found ctrl output: $flatten\logic_core.\boot.$procmux$2413_CMP
  found ctrl output: $flatten\logic_core.\boot.$procmux$2414_CMP
  found ctrl output: $flatten\logic_core.\boot.$procmux$2420_CMP
  found ctrl output: $flatten\logic_core.\boot.$procmux$2403_CMP
  found ctrl output: $flatten\logic_core.\boot.$procmux$2422_CMP
  ctrl inputs: { \logic_core.boot.writer.busy \logic_core.boot.writer.done \logic_core.boot.power_sequence.config_allowed $flatten\logic_core.\boot.$eq$rtl/tvp7002_boot.sv:112$394_Y $flatten\logic_core.\boot.$eq$rtl/tvp7002_boot.sv:109$392_Y $flatten\logic_core.\boot.$ne$rtl/tvp7002_boot.sv:106$391_Y \logic_core.boot.transaction_reset \startup.released [31] $auto$opt_reduce.cc:137:opt_pmux$2782 }
  ctrl outputs: { $flatten\logic_core.\boot.$procmux$2422_CMP $flatten\logic_core.\boot.$procmux$2420_CMP $flatten\logic_core.\boot.$procmux$2414_CMP $flatten\logic_core.\boot.$procmux$2413_CMP $flatten\logic_core.\boot.$procmux$2412_CMP $flatten\logic_core.\boot.$procmux$2403_CMP $flatten\logic_core.\boot.$0\state[2:0] }
  transition:      3'000 9'-------0- ->      3'000 9'100000000
  transition:      3'000 9'--0---01- ->      3'000 9'100000000
  transition:      3'000 9'--1---01- ->      3'001 9'100000001
  transition:      3'000 9'------11- ->      3'000 9'100000000
  transition:      3'100 9'-------0- ->      3'000 9'000100000
  transition:      3'100 9'------01- ->      3'100 9'000100100
  transition:      3'100 9'------11- ->      3'000 9'000100000
  transition:      3'010 9'-------0- ->      3'000 9'010000000
  transition:      3'010 9'-0----01- ->      3'010 9'010000010
  transition:      3'010 9'-1--0001- ->      3'001 9'010000001
  transition:      3'010 9'-1--1001- ->      3'011 9'010000011
  transition:      3'010 9'-1---101- ->      3'101 9'010000101
  transition:      3'010 9'------11- ->      3'000 9'010000000
  transition:      3'001 9'-------0- ->      3'000 9'000001000
  transition:      3'001 9'0-----01- ->      3'010 9'000001010
  transition:      3'001 9'1-----01- ->      3'001 9'000001001
  transition:      3'001 9'------11- ->      3'000 9'000001000
  transition:      3'101 9'-------0- ->      3'000 9'000010000
  transition:      3'101 9'------01- ->      3'101 9'000010101
  transition:      3'101 9'------11- ->      3'000 9'000010000
  transition:      3'011 9'-------0- ->      3'000 9'001000000
  transition:      3'011 9'---0--01- ->      3'011 9'001000011
  transition:      3'011 9'---1--01- ->      3'100 9'001000100
  transition:      3'011 9'------11- ->      3'000 9'001000000
Extracting FSM `\logic_core.boot.writer.state' from module `\amiga_board_top'.
  found $dff cell for state register: $flatten\logic_core.\boot.\writer.$procdff$2601
  root of input selection tree: $flatten\logic_core.\boot.\writer.$0\state[3:0]
  found reset state: 4'0000 (guessed from mux tree)
  found ctrl input: \logic_core.boot.transaction_reset
  found ctrl input: $flatten\logic_core.\boot.\writer.$logic_and$rtl/i2c_register_write.sv:55$580_Y
  found ctrl input: $flatten\logic_core.\boot.\writer.$procmux$1443_CMP
  found ctrl input: $flatten\logic_core.\boot.\writer.$procmux$1444_CMP
  found ctrl input: $flatten\logic_core.\boot.\writer.$eq$rtl/i2c_register_write.sv:33$566_Y
  found ctrl input: $flatten\logic_core.\boot.\writer.$procmux$1413_CMP
  found ctrl input: $flatten\logic_core.\boot.\writer.$procmux$1090_CMP
  found ctrl input: $flatten\logic_core.\boot.\writer.$eq$rtl/i2c_register_write.sv:33$564_Y
  found ctrl input: $flatten\logic_core.\boot.\writer.$procmux$1417_CMP
  found ctrl input: $flatten\logic_core.\boot.\writer.$procmux$1231_CMP
  found ctrl input: $flatten\logic_core.\boot.\writer.$eq$rtl/i2c_register_write.sv:33$562_Y
  found ctrl input: $flatten\logic_core.\boot.\writer.$procmux$1421_CMP
  found ctrl input: $flatten\logic_core.\boot.\writer.$procmux$1453_CMP
  found ctrl input: $flatten\logic_core.\boot.\writer.$eq$rtl/i2c_register_write.sv:33$561_Y
  found ctrl input: $flatten\logic_core.\boot.\writer.$procmux$1431_CMP
  found state code: 4'0000
  found ctrl input: $flatten\logic_core.\boot.\writer.$eq$rtl/i2c_register_write.sv:100$625_Y
  found state code: 4'1100
  found ctrl input: \logic_core.boot.writer.scl_sync
  found state code: 4'1011
  found state code: 4'1010
  found ctrl input: \logic_core.boot.writer.sda_sync
  found ctrl input: $flatten\logic_core.\boot.\writer.$eq$rtl/i2c_register_write.sv:94$617_Y
  found state code: 4'0011
  found state code: 4'1001
  found state code: 4'1000
  found state code: 4'0111
  found ctrl input: $flatten\logic_core.\boot.\writer.$eq$rtl/i2c_register_write.sv:80$600_Y
  found state code: 4'0110
  found state code: 4'0101
  found state code: 4'0100
  found ctrl input: $flatten\logic_core.\boot.\writer.$logic_and$rtl/i2c_register_write.sv:65$589_Y
  found state code: 4'0010
  found ctrl input: \logic_core.boot.start
  found state code: 4'0001
  found ctrl output: $flatten\logic_core.\boot.\writer.$eq$rtl/i2c_register_write.sv:33$561_Y
  found ctrl output: $flatten\logic_core.\boot.\writer.$procmux$1453_CMP
  found ctrl output: $flatten\logic_core.\boot.\writer.$procmux$1421_CMP
  found ctrl output: $flatten\logic_core.\boot.\writer.$eq$rtl/i2c_register_write.sv:33$562_Y
  found ctrl output: $flatten\logic_core.\boot.\writer.$procmux$1417_CMP
  found ctrl output: $flatten\logic_core.\boot.\writer.$eq$rtl/i2c_register_write.sv:33$564_Y
  found ctrl output: $flatten\logic_core.\boot.\writer.$procmux$1413_CMP
  found ctrl output: $flatten\logic_core.\boot.\writer.$eq$rtl/i2c_register_write.sv:33$566_Y
  found ctrl output: $flatten\logic_core.\boot.\writer.$procmux$1444_CMP
  found ctrl output: $flatten\logic_core.\boot.\writer.$procmux$1443_CMP
  found ctrl output: $flatten\logic_core.\boot.\writer.$procmux$1231_CMP
  found ctrl output: $flatten\logic_core.\boot.\writer.$procmux$1090_CMP
  found ctrl output: $flatten\logic_core.\boot.\writer.$procmux$1431_CMP
  ctrl inputs: { \logic_core.boot.writer.scl_sync \logic_core.boot.writer.sda_sync $flatten\logic_core.\boot.\writer.$logic_and$rtl/i2c_register_write.sv:55$580_Y $flatten\logic_core.\boot.\writer.$logic_and$rtl/i2c_register_write.sv:65$589_Y $flatten\logic_core.\boot.\writer.$eq$rtl/i2c_register_write.sv:80$600_Y $flatten\logic_core.\boot.\writer.$eq$rtl/i2c_register_write.sv:94$617_Y $flatten\logic_core.\boot.\writer.$eq$rtl/i2c_register_write.sv:100$625_Y \logic_core.boot.transaction_reset \logic_core.boot.start }
  ctrl outputs: { $flatten\logic_core.\boot.\writer.$eq$rtl/i2c_register_write.sv:33$561_Y $flatten\logic_core.\boot.\writer.$eq$rtl/i2c_register_write.sv:33$562_Y $flatten\logic_core.\boot.\writer.$eq$rtl/i2c_register_write.sv:33$564_Y $flatten\logic_core.\boot.\writer.$eq$rtl/i2c_register_write.sv:33$566_Y $flatten\logic_core.\boot.\writer.$0\state[3:0] $flatten\logic_core.\boot.\writer.$procmux$1090_CMP $flatten\logic_core.\boot.\writer.$procmux$1231_CMP $flatten\logic_core.\boot.\writer.$procmux$1413_CMP $flatten\logic_core.\boot.\writer.$procmux$1417_CMP $flatten\logic_core.\boot.\writer.$procmux$1421_CMP $flatten\logic_core.\boot.\writer.$procmux$1431_CMP $flatten\logic_core.\boot.\writer.$procmux$1443_CMP $flatten\logic_core.\boot.\writer.$procmux$1444_CMP $flatten\logic_core.\boot.\writer.$procmux$1453_CMP }
  transition:     4'0000 9'--0----00 ->     4'0000 17'00000000000001000
  transition:     4'0000 9'--0----01 ->     4'0001 17'00000001000001000
  transition:     4'0000 9'--1----0- ->     4'0000 17'00000000000001000
  transition:     4'0000 9'-------1- ->     4'0000 17'00000000000001000
  transition:     4'1000 9'--0---00- ->     4'1000 17'00001000100000000
  transition:     4'1000 9'-00--010- ->     4'0011 17'00000011100000000
  transition:     4'1000 9'-00--110- ->     4'1001 17'00001001100000000
  transition:     4'1000 9'-10---10- ->     4'1001 17'00001001100000000
  transition:     4'1000 9'--1----0- ->     4'0000 17'00000000100000000
  transition:     4'1000 9'-------1- ->     4'0000 17'00000000100000000
  transition:     4'0100 9'0-0----0- ->     4'0100 17'01000100000000000
  transition:     4'0100 9'1-0----0- ->     4'0101 17'01000101000000000
  transition:     4'0100 9'--1----0- ->     4'0000 17'01000000000000000
  transition:     4'0100 9'-------1- ->     4'0000 17'01000000000000000
  transition:     4'1100 9'--0---00- ->     4'1100 17'00001100000000100
  transition:     4'1100 9'--0---10- ->     4'0000 17'00000000000000100
  transition:     4'1100 9'--1----0- ->     4'0000 17'00000000000000100
  transition:     4'1100 9'-------1- ->     4'0000 17'00000000000000100
  transition:     4'0010 9'--0---00- ->     4'0010 17'00000010000000001
  transition:     4'0010 9'--0---10- ->     4'0011 17'00000011000000001
  transition:     4'0010 9'--1----0- ->     4'0000 17'00000000000000001
  transition:     4'0010 9'-------1- ->     4'0000 17'00000000000000001
  transition:     4'1010 9'0-0----0- ->     4'1010 17'00011010000000000
  transition:     4'1010 9'1-0----0- ->     4'1011 17'00011011000000000
  transition:     4'1010 9'--1----0- ->     4'0000 17'00010000000000000
  transition:     4'1010 9'-------1- ->     4'0000 17'00010000000000000
  transition:     4'0110 9'--0---00- ->     4'0110 17'00000110000100000
  transition:     4'0110 9'--0---10- ->     4'0111 17'00000111000100000
  transition:     4'0110 9'--1----0- ->     4'0000 17'00000000000100000
  transition:     4'0110 9'-------1- ->     4'0000 17'00000000000100000
  transition:     4'0001 9'--00---0- ->     4'0001 17'10000001000000000
  transition:     4'0001 9'--01--00- ->     4'0001 17'10000001000000000
  transition:     4'0001 9'--01--10- ->     4'0010 17'10000010000000000
  transition:     4'0001 9'--1----0- ->     4'0000 17'10000000000000000
  transition:     4'0001 9'-------1- ->     4'0000 17'10000000000000000
  transition:     4'1001 9'--0---00- ->     4'1001 17'00001001001000000
  transition:     4'1001 9'--0---10- ->     4'1010 17'00001010001000000
  transition:     4'1001 9'--1----0- ->     4'0000 17'00000000001000000
  transition:     4'1001 9'-------1- ->     4'0000 17'00000000001000000
  transition:     4'0101 9'--0---00- ->     4'0101 17'00000101010000000
  transition:     4'0101 9'--0-0-10- ->     4'0011 17'00000011010000000
  transition:     4'0101 9'--0-1-10- ->     4'0110 17'00000110010000000
  transition:     4'0101 9'--1----0- ->     4'0000 17'00000000010000000
  transition:     4'0101 9'-------1- ->     4'0000 17'00000000010000000
  transition:     4'0011 9'--0---00- ->     4'0011 17'00000011000010000
  transition:     4'0011 9'--0---10- ->     4'0100 17'00000100000010000
  transition:     4'0011 9'--1----0- ->     4'0000 17'00000000000010000
  transition:     4'0011 9'-------1- ->     4'0000 17'00000000000010000
  transition:     4'1011 9'--0---00- ->     4'1011 17'00001011000000010
  transition:     4'1011 9'--0---10- ->     4'1100 17'00001100000000010
  transition:     4'1011 9'--1----0- ->     4'0000 17'00000000000000010
  transition:     4'1011 9'-------1- ->     4'0000 17'00000000000000010
  transition:     4'0111 9'0-0----0- ->     4'0111 17'00100111000000000
  transition:     4'0111 9'1-0----0- ->     4'1000 17'00101000000000000
  transition:     4'0111 9'--1----0- ->     4'0000 17'00100000000000000
  transition:     4'0111 9'-------1- ->     4'0000 17'00100000000000000

18.14.3. Executing FSM_OPT pass (simple optimizations of FSMs).
Optimizing FSM `$fsm$\logic_core.boot.writer.state$2823' from module `\amiga_board_top'.
Optimizing FSM `$fsm$\logic_core.boot.state$2815' from module `\amiga_board_top'.
  Removing unused input signal $auto$opt_reduce.cc:137:opt_pmux$2782.
Optimizing FSM `$fsm$\logic_core.boot.power_sequence.state$2807' from module `\amiga_board_top'.
Optimizing FSM `$fsm$\logic_core.clocks.restart.state$2801' from module `\amiga_board_top'.

18.14.4. Executing OPT_CLEAN pass (remove unused cells and wires).
Finding unused cells or wires in module \amiga_board_top..
Removed 80 unused cells and 80 unused wires.
<suppressed ~81 debug messages>

18.14.5. Executing FSM_OPT pass (simple optimizations of FSMs).
Optimizing FSM `$fsm$\logic_core.boot.writer.state$2823' from module `\amiga_board_top'.
  Removing unused output signal $flatten\logic_core.\boot.\writer.$0\state[3:0] [0].
  Removing unused output signal $flatten\logic_core.\boot.\writer.$0\state[3:0] [1].
  Removing unused output signal $flatten\logic_core.\boot.\writer.$0\state[3:0] [2].
  Removing unused output signal $flatten\logic_core.\boot.\writer.$0\state[3:0] [3].
Optimizing FSM `$fsm$\logic_core.clocks.restart.state$2801' from module `\amiga_board_top'.
  Removing unused output signal $flatten\logic_core.\clocks.\restart.$0\state[1:0] [0].
  Removing unused output signal $flatten\logic_core.\clocks.\restart.$0\state[1:0] [1].
Optimizing FSM `$fsm$\logic_core.boot.power_sequence.state$2807' from module `\amiga_board_top'.
  Removing unused output signal $flatten\logic_core.\boot.\power_sequence.$0\state[2:0] [0].
  Removing unused output signal $flatten\logic_core.\boot.\power_sequence.$0\state[2:0] [1].
  Removing unused output signal $flatten\logic_core.\boot.\power_sequence.$0\state[2:0] [2].
Optimizing FSM `$fsm$\logic_core.boot.state$2815' from module `\amiga_board_top'.
  Removing unused output signal $flatten\logic_core.\boot.$0\state[2:0] [0].
  Removing unused output signal $flatten\logic_core.\boot.$0\state[2:0] [1].
  Removing unused output signal $flatten\logic_core.\boot.$0\state[2:0] [2].

18.14.6. Executing FSM_RECODE pass (re-assigning FSM state encoding).
Recoding FSM `$fsm$\logic_core.boot.writer.state$2823' from module `\amiga_board_top' using `auto' encoding:
  mapping auto encoding to `one-hot` for this FSM.
  0000 -> ------------1
  1000 -> -----------1-
  0100 -> ----------1--
  1100 -> ---------1---
  0010 -> --------1----
  1010 -> -------1-----
  0110 -> ------1------
  0001 -> -----1-------
  1001 -> ----1--------
  0101 -> ---1---------
  0011 -> --1----------
  1011 -> -1-----------
  0111 -> 1------------
Recoding FSM `$fsm$\logic_core.clocks.restart.state$2801' from module `\amiga_board_top' using `auto' encoding:
  mapping auto encoding to `one-hot` for this FSM.
  00 -> ---1
  10 -> --1-
  01 -> -1--
  11 -> 1---
Recoding FSM `$fsm$\logic_core.boot.power_sequence.state$2807' from module `\amiga_board_top' using `auto' encoding:
  mapping auto encoding to `one-hot` for this FSM.
  000 -> -----1
  100 -> ----1-
  010 -> ---1--
  001 -> --1---
  101 -> -1----
  011 -> 1-----
Recoding FSM `$fsm$\logic_core.boot.state$2815' from module `\amiga_board_top' using `auto' encoding:
  mapping auto encoding to `one-hot` for this FSM.
  000 -> -----1
  100 -> ----1-
  010 -> ---1--
  001 -> --1---
  101 -> -1----
  011 -> 1-----

18.14.7. Executing FSM_INFO pass (dumping all available information on FSM cells).

FSM `$fsm$\logic_core.boot.writer.state$2823' from module `amiga_board_top':
-------------------------------------

  Information on FSM $fsm$\logic_core.boot.writer.state$2823 (\logic_core.boot.writer.state):

  Number of input signals:    9
  Number of output signals:  13
  Number of state bits:      13

  Input signals:
    0: \logic_core.boot.start
    1: \logic_core.boot.transaction_reset
    2: $flatten\logic_core.\boot.\writer.$eq$rtl/i2c_register_write.sv:100$625_Y
    3: $flatten\logic_core.\boot.\writer.$eq$rtl/i2c_register_write.sv:94$617_Y
    4: $flatten\logic_core.\boot.\writer.$eq$rtl/i2c_register_write.sv:80$600_Y
    5: $flatten\logic_core.\boot.\writer.$logic_and$rtl/i2c_register_write.sv:65$589_Y
    6: $flatten\logic_core.\boot.\writer.$logic_and$rtl/i2c_register_write.sv:55$580_Y
    7: \logic_core.boot.writer.sda_sync
    8: \logic_core.boot.writer.scl_sync

  Output signals:
    0: $flatten\logic_core.\boot.\writer.$procmux$1453_CMP
    1: $flatten\logic_core.\boot.\writer.$procmux$1444_CMP
    2: $flatten\logic_core.\boot.\writer.$procmux$1443_CMP
    3: $flatten\logic_core.\boot.\writer.$procmux$1431_CMP
    4: $flatten\logic_core.\boot.\writer.$procmux$1421_CMP
    5: $flatten\logic_core.\boot.\writer.$procmux$1417_CMP
    6: $flatten\logic_core.\boot.\writer.$procmux$1413_CMP
    7: $flatten\logic_core.\boot.\writer.$procmux$1231_CMP
    8: $flatten\logic_core.\boot.\writer.$procmux$1090_CMP
    9: $flatten\logic_core.\boot.\writer.$eq$rtl/i2c_register_write.sv:33$566_Y
   10: $flatten\logic_core.\boot.\writer.$eq$rtl/i2c_register_write.sv:33$564_Y
   11: $flatten\logic_core.\boot.\writer.$eq$rtl/i2c_register_write.sv:33$562_Y
   12: $flatten\logic_core.\boot.\writer.$eq$rtl/i2c_register_write.sv:33$561_Y

  State encoding:
    0: 13'------------1  <RESET STATE>
    1: 13'-----------1-
    2: 13'----------1--
    3: 13'---------1---
    4: 13'--------1----
    5: 13'-------1-----
    6: 13'------1------
    7: 13'-----1-------
    8: 13'----1--------
    9: 13'---1---------
   10: 13'--1----------
   11: 13'-1-----------
   12: 13'1------------

  Transition Table (state_in, ctrl_in, state_out, ctrl_out):
      0:     0 9'--0----00   ->     0 13'0000000001000
      1:     0 9'--1----0-   ->     0 13'0000000001000
      2:     0 9'-------1-   ->     0 13'0000000001000
      3:     0 9'--0----01   ->     7 13'0000000001000
      4:     1 9'--1----0-   ->     0 13'0000100000000
      5:     1 9'-------1-   ->     0 13'0000100000000
      6:     1 9'--0---00-   ->     1 13'0000100000000
      7:     1 9'-00--110-   ->     8 13'0000100000000
      8:     1 9'-10---10-   ->     8 13'0000100000000
      9:     1 9'-00--010-   ->    10 13'0000100000000
     10:     2 9'--1----0-   ->     0 13'0100000000000
     11:     2 9'-------1-   ->     0 13'0100000000000
     12:     2 9'0-0----0-   ->     2 13'0100000000000
     13:     2 9'1-0----0-   ->     9 13'0100000000000
     14:     3 9'--0---10-   ->     0 13'0000000000100
     15:     3 9'--1----0-   ->     0 13'0000000000100
     16:     3 9'-------1-   ->     0 13'0000000000100
     17:     3 9'--0---00-   ->     3 13'0000000000100
     18:     4 9'--1----0-   ->     0 13'0000000000001
     19:     4 9'-------1-   ->     0 13'0000000000001
     20:     4 9'--0---00-   ->     4 13'0000000000001
     21:     4 9'--0---10-   ->    10 13'0000000000001
     22:     5 9'--1----0-   ->     0 13'0001000000000
     23:     5 9'-------1-   ->     0 13'0001000000000
     24:     5 9'0-0----0-   ->     5 13'0001000000000
     25:     5 9'1-0----0-   ->    11 13'0001000000000
     26:     6 9'--1----0-   ->     0 13'0000000100000
     27:     6 9'-------1-   ->     0 13'0000000100000
     28:     6 9'--0---00-   ->     6 13'0000000100000
     29:     6 9'--0---10-   ->    12 13'0000000100000
     30:     7 9'--1----0-   ->     0 13'1000000000000
     31:     7 9'-------1-   ->     0 13'1000000000000
     32:     7 9'--01--10-   ->     4 13'1000000000000
     33:     7 9'--01--00-   ->     7 13'1000000000000
     34:     7 9'--00---0-   ->     7 13'1000000000000
     35:     8 9'--1----0-   ->     0 13'0000001000000
     36:     8 9'-------1-   ->     0 13'0000001000000
     37:     8 9'--0---10-   ->     5 13'0000001000000
     38:     8 9'--0---00-   ->     8 13'0000001000000
     39:     9 9'--1----0-   ->     0 13'0000010000000
     40:     9 9'-------1-   ->     0 13'0000010000000
     41:     9 9'--0-1-10-   ->     6 13'0000010000000
     42:     9 9'--0---00-   ->     9 13'0000010000000
     43:     9 9'--0-0-10-   ->    10 13'0000010000000
     44:    10 9'--1----0-   ->     0 13'0000000010000
     45:    10 9'-------1-   ->     0 13'0000000010000
     46:    10 9'--0---10-   ->     2 13'0000000010000
     47:    10 9'--0---00-   ->    10 13'0000000010000
     48:    11 9'--1----0-   ->     0 13'0000000000010
     49:    11 9'-------1-   ->     0 13'0000000000010
     50:    11 9'--0---10-   ->     3 13'0000000000010
     51:    11 9'--0---00-   ->    11 13'0000000000010
     52:    12 9'--1----0-   ->     0 13'0010000000000
     53:    12 9'-------1-   ->     0 13'0010000000000
     54:    12 9'1-0----0-   ->     1 13'0010000000000
     55:    12 9'0-0----0-   ->    12 13'0010000000000

-------------------------------------

FSM `$fsm$\logic_core.clocks.restart.state$2801' from module `amiga_board_top':
-------------------------------------

  Information on FSM $fsm$\logic_core.clocks.restart.state$2801 (\logic_core.clocks.restart.state):

  Number of input signals:    7
  Number of output signals:   4
  Number of state bits:       4

  Input signals:
    0: \startup.released [31]
    1: \logic_core.clocks.qualified_ref
    2: $flatten\logic_core.\clocks.\restart.$logic_or$rtl/pll_restart_control.sv:77$557_Y
    3: $flatten\logic_core.\clocks.\restart.$eq$rtl/pll_restart_control.sv:73$553_Y
    4: $flatten\logic_core.\clocks.\restart.$logic_and$rtl/pll_restart_control.sv:72$552_Y
    5: $flatten\logic_core.\clocks.\restart.$eq$rtl/pll_restart_control.sv:67$548_Y
    6: \logic_core.clocks.restart.stable

  Output signals:
    0: $flatten\logic_core.\clocks.\restart.$procmux$1935_CMP
    1: $flatten\logic_core.\clocks.\restart.$procmux$1926_CMP
    2: $flatten\logic_core.\clocks.\restart.$eq$rtl/pll_restart_control.sv:28$522_Y
    3: $flatten\logic_core.\clocks.\restart.$eq$rtl/pll_restart_control.sv:28$520_Y

  State encoding:
    0:     4'---1  <RESET STATE>
    1:     4'--1-
    2:     4'-1--
    3:     4'1---

  Transition Table (state_in, ctrl_in, state_out, ctrl_out):
      0:     0 7'------0   ->     0 4'1000
      1:     0 7'-----01   ->     0 4'1000
      2:     0 7'0----11   ->     0 4'1000
      3:     0 7'1----11   ->     2 4'1000
      4:     1 7'------0   ->     0 4'0001
      5:     1 7'-----01   ->     0 4'0001
      6:     1 7'0----11   ->     0 4'0001
      7:     1 7'1-00-11   ->     1 4'0001
      8:     1 7'1-01-11   ->     2 4'0001
      9:     1 7'1-1--11   ->     3 4'0001
     10:     2 7'------0   ->     0 4'0100
     11:     2 7'-----01   ->     0 4'0100
     12:     2 7'0----11   ->     0 4'0100
     13:     2 7'11---11   ->     1 4'0100
     14:     2 7'10---11   ->     2 4'0100
     15:     3 7'------0   ->     0 4'0010
     16:     3 7'-----01   ->     0 4'0010
     17:     3 7'0----11   ->     0 4'0010
     18:     3 7'1---111   ->     2 4'0010
     19:     3 7'1---011   ->     3 4'0010

-------------------------------------

FSM `$fsm$\logic_core.boot.power_sequence.state$2807' from module `amiga_board_top':
-------------------------------------

  Information on FSM $fsm$\logic_core.boot.power_sequence.state$2807 (\logic_core.boot.power_sequence.state):

  Number of input signals:    7
  Number of output signals:   6
  Number of state bits:       6

  Input signals:
    0: \startup.released [31]
    1: \logic_core.boot.config_done
    2: \logic_core.boot.config_error
    3: $flatten\logic_core.\boot.\power_sequence.$eq$rtl/adc_power_sequence.sv:50$644_Y
    4: $flatten\logic_core.\boot.\power_sequence.$eq$rtl/adc_power_sequence.sv:47$642_Y
    5: $flatten\logic_core.\boot.\power_sequence.$eq$rtl/adc_power_sequence.sv:44$640_Y
    6: \logic_core.boot.power_sequence.pg_sync

  Output signals:
    0: $flatten\logic_core.\boot.\power_sequence.$procmux$1024_CMP
    1: $flatten\logic_core.\boot.\power_sequence.$procmux$1021_CMP
    2: $flatten\logic_core.\boot.\power_sequence.$procmux$1012_CMP
    3: $flatten\logic_core.\boot.\power_sequence.$procmux$1008_CMP
    4: $flatten\logic_core.\boot.\power_sequence.$procmux$1004_CMP
    5: $flatten\logic_core.\boot.\power_sequence.$procmux$1000_CMP

  State encoding:
    0:   6'-----1  <RESET STATE>
    1:   6'----1-
    2:   6'---1--
    3:   6'--1---
    4:   6'-1----
    5:   6'1-----

  Transition Table (state_in, ctrl_in, state_out, ctrl_out):
      0:     0 7'------0   ->     0 6'000100
      1:     0 7'10----1   ->     0 6'000100
      2:     0 7'0-----1   ->     0 6'000100
      3:     0 7'11----1   ->     3 6'000100
      4:     1 7'------0   ->     0 6'000001
      5:     1 7'0-----1   ->     0 6'000001
      6:     1 7'1---0-1   ->     1 6'000001
      7:     1 7'1---1-1   ->     4 6'000001
      8:     2 7'------0   ->     0 6'010000
      9:     2 7'0-----1   ->     0 6'010000
     10:     2 7'1--0--1   ->     2 6'010000
     11:     2 7'1--1--1   ->     5 6'010000
     12:     3 7'------0   ->     0 6'001000
     13:     3 7'0-----1   ->     0 6'001000
     14:     3 7'1-1---1   ->     2 6'001000
     15:     3 7'1-0---1   ->     3 6'001000
     16:     4 7'------0   ->     0 6'000010
     17:     4 7'0-----1   ->     0 6'000010
     18:     4 7'1-----1   ->     4 6'000010
     19:     5 7'------0   ->     0 6'100000
     20:     5 7'0-----1   ->     0 6'100000
     21:     5 7'1---011   ->     1 6'100000
     22:     5 7'1---1-1   ->     4 6'100000
     23:     5 7'1---001   ->     5 6'100000

-------------------------------------

FSM `$fsm$\logic_core.boot.state$2815' from module `amiga_board_top':
-------------------------------------

  Information on FSM $fsm$\logic_core.boot.state$2815 (\logic_core.boot.state):

  Number of input signals:    8
  Number of output signals:   6
  Number of state bits:       6

  Input signals:
    0: \startup.released [31]
    1: \logic_core.boot.transaction_reset
    2: $flatten\logic_core.\boot.$ne$rtl/tvp7002_boot.sv:106$391_Y
    3: $flatten\logic_core.\boot.$eq$rtl/tvp7002_boot.sv:109$392_Y
    4: $flatten\logic_core.\boot.$eq$rtl/tvp7002_boot.sv:112$394_Y
    5: \logic_core.boot.power_sequence.config_allowed
    6: \logic_core.boot.writer.done
    7: \logic_core.boot.writer.busy

  Output signals:
    0: $flatten\logic_core.\boot.$procmux$2403_CMP
    1: $flatten\logic_core.\boot.$procmux$2412_CMP
    2: $flatten\logic_core.\boot.$procmux$2413_CMP
    3: $flatten\logic_core.\boot.$procmux$2414_CMP
    4: $flatten\logic_core.\boot.$procmux$2420_CMP
    5: $flatten\logic_core.\boot.$procmux$2422_CMP

  State encoding:
    0:   6'-----1  <RESET STATE>
    1:   6'----1-
    2:   6'---1--
    3:   6'--1---
    4:   6'-1----
    5:   6'1-----

  Transition Table (state_in, ctrl_in, state_out, ctrl_out):
      0:     0 8'-------0   ->     0 6'100000
      1:     0 8'--0---01   ->     0 6'100000
      2:     0 8'------11   ->     0 6'100000
      3:     0 8'--1---01   ->     3 6'100000
      4:     1 8'-------0   ->     0 6'000100
      5:     1 8'------11   ->     0 6'000100
      6:     1 8'------01   ->     1 6'000100
      7:     2 8'-------0   ->     0 6'010000
      8:     2 8'------11   ->     0 6'010000
      9:     2 8'-0----01   ->     2 6'010000
     10:     2 8'-1--0001   ->     3 6'010000
     11:     2 8'-1---101   ->     4 6'010000
     12:     2 8'-1--1001   ->     5 6'010000
     13:     3 8'-------0   ->     0 6'000001
     14:     3 8'------11   ->     0 6'000001
     15:     3 8'0-----01   ->     2 6'000001
     16:     3 8'1-----01   ->     3 6'000001
     17:     4 8'-------0   ->     0 6'000010
     18:     4 8'------11   ->     0 6'000010
     19:     4 8'------01   ->     4 6'000010
     20:     5 8'-------0   ->     0 6'001000
     21:     5 8'------11   ->     0 6'001000
     22:     5 8'---1--01   ->     1 6'001000
     23:     5 8'---0--01   ->     5 6'001000

-------------------------------------

18.14.8. Executing FSM_MAP pass (mapping FSMs to basic logic).
Mapping FSM `$fsm$\logic_core.boot.writer.state$2823' from module `\amiga_board_top'.
Mapping FSM `$fsm$\logic_core.clocks.restart.state$2801' from module `\amiga_board_top'.
Mapping FSM `$fsm$\logic_core.boot.power_sequence.state$2807' from module `\amiga_board_top'.
Mapping FSM `$fsm$\logic_core.boot.state$2815' from module `\amiga_board_top'.

18.15. Executing OPT pass (performing simple optimizations).

18.15.1. Executing OPT_EXPR pass (perform const folding).
Optimizing module amiga_board_top.
<suppressed ~17 debug messages>

18.15.2. Executing OPT_MERGE pass (detect identical cells).
Finding identical cells in module `\amiga_board_top'.
Computing hashes of 899 cells of `\amiga_board_top'.
Finding duplicate cells in `\amiga_board_top'.
Computing hashes of 879 cells of `\amiga_board_top'.
Finding duplicate cells in `\amiga_board_top'.
<suppressed ~60 debug messages>
Removed a total of 20 cells.

18.15.3. Executing OPT_MUXTREE pass (detect dead branches in mux trees).
Running muxtree optimizer on module \amiga_board_top..
  Creating internal representation of mux trees.
  Evaluating internal representation of mux trees.
  Analyzing evaluation results.
Removed 0 multiplexer ports.
<suppressed ~527 debug messages>

18.15.4. Executing OPT_REDUCE pass (consolidate $*mux and $reduce_* inputs).
  Optimizing cells in module \amiga_board_top.
Performed a total of 0 changes.

18.15.5. Executing OPT_MERGE pass (detect identical cells).
Finding identical cells in module `\amiga_board_top'.
Computing hashes of 879 cells of `\amiga_board_top'.
Finding duplicate cells in `\amiga_board_top'.
Removed a total of 0 cells.

18.15.6. Executing OPT_DFF pass (perform DFF optimizations).
Adding SRST signal on $flatten\logic_core.\video.\front.$procdff$2700 ($dff) from module amiga_board_top (D = { \logic_core.video.front.vs_sync [0] \ADC_VS }, Q = \logic_core.video.front.vs_sync, rval = 2'11).
Adding SRST signal on $flatten\logic_core.\video.\front.$procdff$2699 ($dff) from module amiga_board_top (D = $flatten\logic_core.\video.\front.$procmux$2188_Y, Q = \logic_core.video.front.vs_delay, rval = 5'00000).
Adding EN signal on $auto$ff.cc:337:slice$3148 ($sdff) from module amiga_board_top (D = $flatten\logic_core.\video.\front.$procmux$2185_Y, Q = \logic_core.video.front.vs_delay).
Adding SRST signal on $flatten\logic_core.\video.\front.$procdff$2698 ($dff) from module amiga_board_top (D = $flatten\logic_core.\video.\front.$procmux$2196_Y, Q = \logic_core.video.front.v_age, rval = 21'000000000000000000000).
Adding EN signal on $auto$ff.cc:337:slice$3160 ($sdff) from module amiga_board_top (D = $flatten\logic_core.\video.\front.$add$rtl/stream_sync_frontend.sv:102$463_Y, Q = \logic_core.video.front.v_age).
Adding SRST signal on $flatten\logic_core.\video.\front.$procdff$2697 ($dff) from module amiga_board_top (D = $flatten\logic_core.\video.\front.$add$rtl/stream_sync_frontend.sv:82$452_Y, Q = \logic_core.video.front.vs_count, rval = 3'000).
Adding SRST signal on $flatten\logic_core.\video.\front.$procdff$2696 ($dff) from module amiga_board_top (D = $flatten\logic_core.\video.\front.$procmux$2221_Y, Q = \logic_core.video.front.vs_pending, rval = 1'0).
Adding SRST signal on $flatten\logic_core.\video.\front.$procdff$2695 ($dff) from module amiga_board_top (D = $flatten\logic_core.\video.\front.$procmux$2238_Y, Q = \logic_core.video.front.v_locked, rval = 1'0).
Adding EN signal on $auto$ff.cc:337:slice$3174 ($sdff) from module amiga_board_top (D = $flatten\logic_core.\video.\front.$procmux$2238_Y, Q = \logic_core.video.front.v_locked).
Adding SRST signal on $flatten\logic_core.\video.\front.$procdff$2694 ($dff) from module amiga_board_top (D = $flatten\logic_core.\video.\front.$procmux$2252_Y, Q = \logic_core.video.front.have_vs, rval = 1'0).
Adding SRST signal on $flatten\logic_core.\video.\front.$procdff$2693 ($dff) from module amiga_board_top (D = $flatten\logic_core.\video.\front.$procmux$2264_Y, Q = \logic_core.video.front.vs_level, rval = 1'1).
Adding EN signal on $auto$ff.cc:337:slice$3187 ($sdff) from module amiga_board_top (D = \logic_core.video.front.vs_sync [1], Q = \logic_core.video.front.vs_level).
Adding SRST signal on $flatten\logic_core.\video.\front.$procdff$2692 ($dff) from module amiga_board_top (D = $flatten\logic_core.\video.\front.$procmux$2274_Y, Q = \logic_core.video.front.h_good, rval = 2'00).
Adding EN signal on $auto$ff.cc:337:slice$3193 ($sdff) from module amiga_board_top (D = $flatten\logic_core.\video.\front.$add$rtl/stream_sync_frontend.sv:74$447_Y, Q = \logic_core.video.front.h_good).
Adding SRST signal on $flatten\logic_core.\video.\front.$procdff$2691 ($dff) from module amiga_board_top (D = $flatten\logic_core.\video.\front.$procmux$2282_Y, Q = \logic_core.video.front.h_age, rval = 12'000000000000).
Adding EN signal on $auto$ff.cc:337:slice$3199 ($sdff) from module amiga_board_top (D = $flatten\logic_core.\video.\front.$add$rtl/stream_sync_frontend.sv:77$449_Y, Q = \logic_core.video.front.h_age).
Adding SRST signal on $flatten\logic_core.\video.\front.$procdff$2690 ($dff) from module amiga_board_top (D = $flatten\logic_core.\video.\front.$procmux$2298_Y, Q = \logic_core.video.front.h_locked, rval = 1'0).
Adding EN signal on $auto$ff.cc:337:slice$3203 ($sdff) from module amiga_board_top (D = 1'1, Q = \logic_core.video.front.h_locked).
Adding SRST signal on $flatten\logic_core.\video.\front.$procdff$2689 ($dff) from module amiga_board_top (D = $flatten\logic_core.\video.\front.$procmux$2310_Y, Q = \logic_core.video.front.have_hs, rval = 1'0).
Adding EN signal on $auto$ff.cc:337:slice$3209 ($sdff) from module amiga_board_top (D = $flatten\logic_core.\video.\front.$procmux$2310_Y, Q = \logic_core.video.front.have_hs).
Adding SRST signal on $flatten\logic_core.\video.\front.$procdff$2688 ($dff) from module amiga_board_top (D = $flatten\logic_core.\video.\front.$procmux$2315_Y, Q = \logic_core.video.front.previous_hs, rval = 1'1).
Adding EN signal on $auto$ff.cc:337:slice$3213 ($sdff) from module amiga_board_top (D = \logic_core.capture.stage2 [24], Q = \logic_core.video.front.previous_hs).
Adding SRST signal on $flatten\logic_core.\boot.\writer.$procdff$2599 ($dff) from module amiga_board_top (D = $flatten\logic_core.\boot.\writer.$procmux$1831_Y, Q = \logic_core.boot.writer.scl_low, rval = 1'0).
Adding EN signal on $auto$ff.cc:337:slice$3215 ($sdff) from module amiga_board_top (D = $flatten\logic_core.\boot.\writer.$procmux$1831_Y, Q = \logic_core.boot.writer.scl_low).
Adding SRST signal on $flatten\logic_core.\video.\front.$procdff$2685 ($dff) from module amiga_board_top (D = \logic_core.capture.stage2 [23:0], Q = \logic_core.video.front.rgb_out, rval = 24'000000000000000000000000).
Adding SRST signal on $flatten\logic_core.\video.\front.$procdff$2684 ($dff) from module amiga_board_top (D = $flatten\logic_core.\video.\front.$procmux$2321_Y, Q = \logic_core.video.front.field_start, rval = 1'0).
Adding SRST signal on $flatten\logic_core.\video.\front.$procdff$2683 ($dff) from module amiga_board_top (D = $flatten\logic_core.\video.\front.$procmux$2155_Y, Q = \logic_core.video.front.line_start, rval = 1'0).
Adding SRST signal on $flatten\logic_core.\video.\front.$procdff$2682 ($dff) from module amiga_board_top (D = \logic_core.video.front.sample_ce, Q = \logic_core.video.front.sample_ce_out, rval = 1'0).
Adding SRST signal on $flatten\logic_core.\video.\core.\fields.$procdff$2585 ($dff) from module amiga_board_top (D = $flatten\logic_core.\video.\core.\fields.$procmux$939_Y, Q = \logic_core.video.core.fields.vs_n, rval = 1'1).
Adding EN signal on $auto$ff.cc:337:slice$3241 ($sdff) from module amiga_board_top (D = $flatten\logic_core.\video.\core.\fields.$procmux$937_Y, Q = \logic_core.video.core.fields.vs_n).
Adding SRST signal on $flatten\logic_core.\video.\core.\fields.$procdff$2586 ($dff) from module amiga_board_top (D = $flatten\logic_core.\video.\core.\fields.$procmux$877_Y, Q = \logic_core.video.core.fields.frame_start, rval = 1'0).
Adding SRST signal on $flatten\logic_core.\video.\core.\fields.$procdff$2587 ($dff) from module amiga_board_top (D = { $flatten\logic_core.\video.\core.\fields.$procmux$928_Y [11:9] $flatten\logic_core.\video.\core.\fields.$procmux$928_Y [5] $flatten\logic_core.\video.\core.\fields.$procmux$928_Y [3:0] }, Q = { \logic_core.video.core.fields.delay_count [11:9] \logic_core.video.core.fields.delay_count [5] \logic_core.video.core.fields.delay_count [3:0] }, rval = 8'00000000).
Adding SRST signal on $flatten\logic_core.\video.\core.\fields.$procdff$2587 ($dff) from module amiga_board_top (D = { $flatten\logic_core.\video.\core.\fields.$procmux$925_Y [8:6] $flatten\logic_core.\video.\core.\fields.$procmux$925_Y [4] }, Q = { \logic_core.video.core.fields.delay_count [8:6] \logic_core.video.core.fields.delay_count [4] }, rval = 4'0000).
Adding EN signal on $auto$ff.cc:337:slice$3253 ($sdff) from module amiga_board_top (D = { $flatten\logic_core.\video.\core.\fields.$sub$rtl/field_sync.sv:29$651_Y [8:6] $flatten\logic_core.\video.\core.\fields.$sub$rtl/field_sync.sv:29$651_Y [4] }, Q = { \logic_core.video.core.fields.delay_count [8:6] \logic_core.video.core.fields.delay_count [4] }).
Adding EN signal on $auto$ff.cc:337:slice$3252 ($sdff) from module amiga_board_top (D = { $flatten\logic_core.\video.\core.\fields.$procmux$928_Y [11:9] $flatten\logic_core.\video.\core.\fields.$procmux$928_Y [5] $flatten\logic_core.\video.\core.\fields.$procmux$928_Y [3:0] }, Q = { \logic_core.video.core.fields.delay_count [11:9] \logic_core.video.core.fields.delay_count [5] \logic_core.video.core.fields.delay_count [3:0] }).
Adding SRST signal on $flatten\logic_core.\video.\core.\fields.$procdff$2588 ($dff) from module amiga_board_top (D = $flatten\logic_core.\video.\core.\fields.$procmux$917_Y, Q = \logic_core.video.core.fields.delay_active, rval = 1'0).
Adding SRST signal on $flatten\logic_core.\video.\core.\fields.$procdff$2589 ($dff) from module amiga_board_top (D = $flatten\logic_core.\video.\core.\fields.$procmux$906_Y, Q = \logic_core.video.core.fields.pending, rval = 1'0).
Adding SRST signal on $flatten\logic_core.\video.\core.\fields.$procdff$2590 ($dff) from module amiga_board_top (D = $flatten\logic_core.\video.\core.\fields.$procmux$890_Y, Q = \logic_core.video.core.fields.remaining, rval = 0).
Adding EN signal on $auto$ff.cc:337:slice$3268 ($sdff) from module amiga_board_top (D = $flatten\logic_core.\video.\core.\fields.$procmux$888_Y, Q = \logic_core.video.core.fields.remaining).
Adding SRST signal on $flatten\logic_core.\video.\core.\lines.$procdff$2565 ($dff) from module amiga_board_top (D = $flatten\logic_core.\video.\core.\lines.$procmux$853_Y, Q = \logic_core.video.core.lines.protocol_error, rval = 1'0).
Adding SRST signal on $flatten\logic_core.\video.\core.\lines.$procdff$2566 ($dff) from module amiga_board_top (D = $flatten\logic_core.\video.\core.\lines.$procmux$732_Y, Q = \logic_core.video.core.lines.out_sol, rval = 1'0).
Adding SRST signal on $flatten\logic_core.\video.\core.\lines.$procdff$2567 ($dff) from module amiga_board_top (D = $flatten\logic_core.\video.\core.\lines.$procmux$836_Y, Q = \logic_core.video.core.lines.out_x, rval = 11'00000000000).
Adding EN signal on $auto$ff.cc:337:slice$3272 ($sdff) from module amiga_board_top (D = $flatten\logic_core.\video.\core.\lines.$procmux$836_Y, Q = \logic_core.video.core.lines.out_x).
Adding SRST signal on $flatten\logic_core.\video.\core.\lines.$procdff$2568 ($dff) from module amiga_board_top (D = $flatten\logic_core.\video.\core.\lines.$procmux$823_Y, Q = \logic_core.video.core.lines.started, rval = 1'0).
Adding EN signal on $auto$ff.cc:337:slice$3282 ($sdff) from module amiga_board_top (D = 1'1, Q = \logic_core.video.core.lines.started).
Adding SRST signal on $flatten\logic_core.\video.\core.\lines.$procdff$2569 ($dff) from module amiga_board_top (D = $flatten\logic_core.\video.\core.\lines.$procmux$745_Y, Q = \logic_core.video.core.lines.pixel_valid, rval = 1'0).
Adding SRST signal on $flatten\logic_core.\video.\core.\lines.$procdff$2570 ($dff) from module amiga_board_top (D = \logic_core.video.front.sample_ce_out, Q = \logic_core.video.core.lines.previous_ce, rval = 1'0).
Adding SRST signal on $flatten\logic_core.\video.\core.\lines.$procdff$2571 ($dff) from module amiga_board_top (D = \logic_core.video.core.lines.ram_write_bank, Q = \logic_core.video.core.lines.write_bank, rval = 1'0).
Adding SRST signal on $flatten\logic_core.\video.\core.\lines.$procdff$2572 ($dff) from module amiga_board_top (D = $flatten\logic_core.\video.\core.\lines.$procmux$808_Y, Q = \logic_core.video.core.lines.read_bank, rval = 1'0).
Adding EN signal on $auto$ff.cc:337:slice$3287 ($sdff) from module amiga_board_top (D = \logic_core.video.core.lines.write_bank, Q = \logic_core.video.core.lines.read_bank).
Adding SRST signal on $flatten\logic_core.\video.\core.\lines.$procdff$2573 ($dff) from module amiga_board_top (D = $flatten\logic_core.\video.\core.\lines.$procmux$799_Y, Q = \logic_core.video.core.lines.reading, rval = 1'0).
Adding SRST signal on $flatten\logic_core.\video.\core.\lines.$procdff$2574 ($dff) from module amiga_board_top (D = $flatten\logic_core.\video.\core.\lines.$procmux$784_Y, Q = \logic_core.video.core.lines.written, rval = 12'000000000000).
Adding EN signal on $auto$ff.cc:337:slice$3292 ($sdff) from module amiga_board_top (D = $flatten\logic_core.\video.\core.\lines.$procmux$784_Y, Q = \logic_core.video.core.lines.written).
Adding SRST signal on $flatten\logic_core.\video.\core.\lines.$procdff$2575 ($dff) from module amiga_board_top (D = $flatten\logic_core.\video.\core.\lines.$procmux$774_Y, Q = \logic_core.video.core.lines.read_x, rval = 11'00000000000).
Adding EN signal on $auto$ff.cc:337:slice$3300 ($sdff) from module amiga_board_top (D = $flatten\logic_core.\video.\core.\lines.$procmux$774_Y, Q = \logic_core.video.core.lines.read_x).
Adding SRST signal on $flatten\logic_core.\video.\core.\lines.$procdff$2576 ($dff) from module amiga_board_top (D = $flatten\logic_core.\video.\core.\lines.$procmux$755_Y, Q = \logic_core.video.core.lines.elapsed, rval = 13'0000000000000).
Adding EN signal on $auto$ff.cc:337:slice$3310 ($sdff) from module amiga_board_top (D = $flatten\logic_core.\video.\core.\lines.$add$rtl/line_double.sv:78$705_Y, Q = \logic_core.video.core.lines.elapsed).
Adding SRST signal on $flatten\logic_core.\video.\core.$procdff$2714 ($dff) from module amiga_board_top (D = \logic_core.video.front.field_start, Q = \logic_core.video.core.field_delayed, rval = 1'0).
Adding SRST signal on $flatten\logic_core.\video.\core.$procdff$2713 ($dff) from module amiga_board_top (D = \logic_core.video.core.lines.out_x, Q = \logic_core.video.core.x1, rval = 11'00000000000).
Adding SRST signal on $flatten\logic_core.\video.\core.$procdff$2712 ($dff) from module amiga_board_top (D = $flatten\logic_core.\video.\core.$procmux$2371_Y, Q = \logic_core.video.core.have_frame, rval = 1'0).
Adding EN signal on $auto$ff.cc:337:slice$3318 ($sdff) from module amiga_board_top (D = 1'1, Q = \logic_core.video.core.have_frame).
Adding SRST signal on $flatten\logic_core.\video.\core.$procdff$2711 ($dff) from module amiga_board_top (D = \logic_core.video.core.lines.out_sol, Q = \logic_core.video.core.sol1, rval = 1'0).
Adding SRST signal on $flatten\logic_core.\video.\core.$procdff$2710 ($dff) from module amiga_board_top (D = \logic_core.video.core.valid1, Q = \logic_core.video.core.valid2, rval = 1'0).
Adding SRST signal on $flatten\logic_core.\video.\core.$procdff$2709 ($dff) from module amiga_board_top (D = \logic_core.video.core.lines.pixel_valid, Q = \logic_core.video.core.valid1, rval = 1'0).
Adding SRST signal on $flatten\logic_core.\video.\core.$procdff$2708 ($dff) from module amiga_board_top (D = \logic_core.video.core.rgb1, Q = \logic_core.video.core.rgb2, rval = 24'000000000000000000000000).
Adding SRST signal on $flatten\logic_core.\video.\core.$procdff$2707 ($dff) from module amiga_board_top (D = $flatten\logic_core.\video.\core.\lines.$ternary$rtl/line_double.sv:43$686_Y, Q = \logic_core.video.core.rgb1, rval = 24'000000000000000000000000).
Adding SRST signal on $flatten\logic_core.\video.\core.$procdff$2706 ($dff) from module amiga_board_top (D = $flatten\logic_core.\video.\core.$procmux$2387_Y, Q = \logic_core.video.core.out_y, rval = 12'000000000000).
Adding EN signal on $auto$ff.cc:337:slice$3331 ($sdff) from module amiga_board_top (D = $flatten\logic_core.\video.\core.$procmux$2384_Y, Q = \logic_core.video.core.out_y).
Adding SRST signal on $flatten\logic_core.\video.\core.$procdff$2705 ($dff) from module amiga_board_top (D = \logic_core.video.core.x1, Q = \logic_core.video.core.out_x, rval = 11'00000000000).
Adding SRST signal on $flatten\logic_core.\video.\core.$procdff$2702 ($dff) from module amiga_board_top (D = \logic_core.video.core.fields.vs_n, Q = \logic_core.video.core.vs_n, rval = 1'1).
Adding SRST signal on $flatten\logic_core.\video.\core.$procdff$2701 ($dff) from module amiga_board_top (D = $flatten\logic_core.\video.\core.$logic_not$rtl/video_core.sv:59$401_Y, Q = \logic_core.video.core.hs_n, rval = 1'1).
Adding EN signal on $flatten\logic_core.\capture.$procdff$2740 ($adff) from module amiga_board_top (D = 1'1, Q = \logic_core.capture.started).
Adding EN signal on $flatten\logic_core.\capture.$procdff$2746 ($adff) from module amiga_board_top (D = $flatten\logic_core.\capture.$logic_not$rtl/adc_rgb_capture.sv:21$367_Y, Q = \logic_core.capture.token).
Adding EN signal on $flatten\logic_core.\capture.$procdff$2743 ($adff) from module amiga_board_top (D = { \ADC_HS \ADC_R \ADC_G \ADC_B }, Q = \logic_core.capture.captured).
Adding SRST signal on $flatten\logic_core.\clocks.\restart.$procdff$2631 ($dff) from module amiga_board_top (D = { \logic_core.clocks.restart.lock_sync [0] \clocks.locked }, Q = \logic_core.clocks.restart.lock_sync, rval = 2'00).
Adding SRST signal on $flatten\logic_core.\clocks.\restart.$procdff$2630 ($dff) from module amiga_board_top (D = { \logic_core.clocks.restart.hb_sync [0] \logic_core.clocks.restart.heartbeat [7] }, Q = \logic_core.clocks.restart.hb_sync, rval = 2'00).
Adding SRST signal on $flatten\logic_core.\clocks.\restart.$procdff$2629 ($dff) from module amiga_board_top (D = $flatten\logic_core.\clocks.\restart.$procmux$2011_Y, Q = \logic_core.clocks.restart.period_last, rval = 8'00000000).
Adding EN signal on $auto$ff.cc:337:slice$3349 ($sdff) from module amiga_board_top (D = $flatten\logic_core.\clocks.\restart.$add$rtl/pll_restart_control.sv:25$501_Y [7:0], Q = \logic_core.clocks.restart.period_last).
Adding SRST signal on $flatten\logic_core.\clocks.\restart.$procdff$2628 ($dff) from module amiga_board_top (D = $flatten\logic_core.\clocks.\restart.$procmux$2025_Y, Q = \logic_core.clocks.restart.stable, rval = 1'0).
Adding EN signal on $auto$ff.cc:337:slice$3351 ($sdff) from module amiga_board_top (D = $flatten\logic_core.\clocks.\restart.$procmux$2025_Y, Q = \logic_core.clocks.restart.stable).
Adding SRST signal on $flatten\logic_core.\clocks.\restart.$procdff$2626 ($dff) from module amiga_board_top (D = $flatten\logic_core.\clocks.\restart.$procmux$2039_Y, Q = \logic_core.clocks.restart.good, rval = 4'0000).
Adding EN signal on $auto$ff.cc:337:slice$3359 ($sdff) from module amiga_board_top (D = $flatten\logic_core.\clocks.\restart.$procmux$2039_Y, Q = \logic_core.clocks.restart.good).
Adding SRST signal on $flatten\logic_core.\clocks.\restart.$procdff$2625 ($dff) from module amiga_board_top (D = { $flatten\logic_core.\clocks.\restart.$add$rtl/pll_restart_control.sv:54$542_Y [6] $flatten\logic_core.\clocks.\restart.$add$rtl/pll_restart_control.sv:54$542_Y [4] $flatten\logic_core.\clocks.\restart.$add$rtl/pll_restart_control.sv:54$542_Y [2] $flatten\logic_core.\clocks.\restart.$add$rtl/pll_restart_control.sv:54$542_Y [0] }, Q = { \logic_core.clocks.restart.age [6] \logic_core.clocks.restart.age [4] \logic_core.clocks.restart.age [2] \logic_core.clocks.restart.age [0] }, rval = 4'0000).
Adding SRST signal on $flatten\logic_core.\clocks.\restart.$procdff$2625 ($dff) from module amiga_board_top (D = { $flatten\logic_core.\clocks.\restart.$procmux$2000_Y [7] $flatten\logic_core.\clocks.\restart.$procmux$2000_Y [5] $flatten\logic_core.\clocks.\restart.$procmux$2000_Y [3] $flatten\logic_core.\clocks.\restart.$procmux$2000_Y [1] }, Q = { \logic_core.clocks.restart.age [7] \logic_core.clocks.restart.age [5] \logic_core.clocks.restart.age [3] \logic_core.clocks.restart.age [1] }, rval = 4'0000).
Adding SRST signal on $flatten\logic_core.\clocks.\restart.$procdff$2624 ($dff) from module amiga_board_top (D = $flatten\logic_core.\clocks.\restart.$procmux$2048_Y, Q = \logic_core.clocks.restart.seen_edge, rval = 1'0).
Adding EN signal on $auto$ff.cc:337:slice$3373 ($sdff) from module amiga_board_top (D = $flatten\logic_core.\clocks.\restart.$procmux$2048_Y, Q = \logic_core.clocks.restart.seen_edge).
Adding SRST signal on $flatten\logic_core.\clocks.\restart.$procdff$2623 ($dff) from module amiga_board_top (D = $flatten\logic_core.\clocks.\restart.$procmux$1976_Y, Q = \logic_core.clocks.restart.count, rval = 19'0000000000000000000).
Adding EN signal on $auto$ff.cc:337:slice$3377 ($sdff) from module amiga_board_top (D = $flatten\logic_core.\clocks.\restart.$procmux$1976_Y, Q = \logic_core.clocks.restart.count).
Adding SRST signal on $flatten\logic_core.\clocks.\restart.$procdff$2622 ($dff) from module amiga_board_top (D = $flatten\logic_core.\clocks.\restart.$procmux$1925_Y, Q = \logic_core.clocks.restart.lock_was_low, rval = 1'0).
Adding EN signal on $auto$ff.cc:337:slice$3387 ($sdff) from module amiga_board_top (D = $flatten\logic_core.\clocks.\restart.$procmux$1925_Y, Q = \logic_core.clocks.restart.lock_was_low).
Adding SRST signal on $flatten\logic_core.\boot.\writer.$procdff$2600 ($dff) from module amiga_board_top (D = $flatten\logic_core.\boot.\writer.$procmux$1783_Y, Q = \logic_core.boot.writer.sda_low, rval = 1'0).
Adding EN signal on $auto$ff.cc:337:slice$3397 ($sdff) from module amiga_board_top (D = $flatten\logic_core.\boot.\writer.$procmux$1783_Y, Q = \logic_core.boot.writer.sda_low).
Adding SRST signal on $flatten\logic_core.\boot.\writer.$procdff$2602 ($dff) from module amiga_board_top (D = $flatten\logic_core.\boot.\writer.$procmux$1692_Y, Q = \logic_core.boot.writer.busy, rval = 1'0).
Adding EN signal on $auto$ff.cc:337:slice$3417 ($sdff) from module amiga_board_top (D = $flatten\logic_core.\boot.\writer.$procmux$1692_Y, Q = \logic_core.boot.writer.busy).
Adding SRST signal on $flatten\logic_core.\boot.\writer.$procdff$2603 ($dff) from module amiga_board_top (D = $flatten\logic_core.\boot.\writer.$procmux$1457_Y, Q = \logic_core.boot.writer.done, rval = 1'0).
Adding SRST signal on $flatten\logic_core.\boot.\writer.$procdff$2604 ($dff) from module amiga_board_top (D = $flatten\logic_core.\boot.\writer.$procmux$1683_Y [2], Q = \logic_core.boot.writer.error [2], rval = 1'0).
Adding SRST signal on $flatten\logic_core.\boot.\writer.$procdff$2604 ($dff) from module amiga_board_top (D = $flatten\logic_core.\boot.\writer.$procmux$1660_Y [1:0], Q = \logic_core.boot.writer.error [1:0], rval = 2'00).
Adding EN signal on $auto$ff.cc:337:slice$3431 ($sdff) from module amiga_board_top (D = $flatten\logic_core.\boot.\writer.$procmux$1660_Y [1:0], Q = \logic_core.boot.writer.error [1:0]).
Adding EN signal on $auto$ff.cc:337:slice$3430 ($sdff) from module amiga_board_top (D = $flatten\logic_core.\boot.\writer.$procmux$1683_Y [2], Q = \logic_core.boot.writer.error [2]).
Adding EN signal on $flatten\logic_core.\clocks.\guard.$procdff$2659 ($adff) from module amiga_board_top (D = $flatten\logic_core.\clocks.\guard.$0\healthy[0:0], Q = \logic_core.clocks.guard.healthy).
Adding EN signal on $flatten\logic_core.\clocks.\guard.$procdff$2654 ($adff) from module amiga_board_top (D = $flatten\logic_core.\clocks.\guard.$0\seen_edge[0:0], Q = \logic_core.clocks.guard.seen_edge).
Adding EN signal on $flatten\logic_core.\clocks.\guard.$procdff$2669 ($adff) from module amiga_board_top (D = $flatten\logic_core.\clocks.\guard.$0\good[2:0], Q = \logic_core.clocks.guard.good).
Adding SRST signal on $flatten\logic_core.\boot.\writer.$procdff$2605 ($dff) from module amiga_board_top (D = $flatten\logic_core.\boot.\writer.$procmux$1604_Y, Q = \logic_core.boot.writer.count, rval = 8'00000000).
Adding EN signal on $auto$ff.cc:337:slice$3473 ($sdff) from module amiga_board_top (D = $flatten\logic_core.\boot.\writer.$procmux$1604_Y, Q = \logic_core.boot.writer.count).
Adding SRST signal on $flatten\logic_core.\boot.\writer.$procdff$2606 ($dff) from module amiga_board_top (D = $flatten\logic_core.\boot.\writer.$procmux$1595_Y, Q = \logic_core.boot.writer.byte_index, rval = 2'00).
Adding EN signal on $auto$ff.cc:337:slice$3485 ($sdff) from module amiga_board_top (D = $flatten\logic_core.\boot.\writer.$procmux$1589_Y, Q = \logic_core.boot.writer.byte_index).
Adding SRST signal on $flatten\logic_core.\boot.\writer.$procdff$2607 ($dff) from module amiga_board_top (D = $flatten\logic_core.\boot.\writer.$procmux$1570_Y, Q = \logic_core.boot.writer.bit_index, rval = 3'111).
Adding EN signal on $auto$ff.cc:337:slice$3501 ($sdff) from module amiga_board_top (D = $flatten\logic_core.\boot.\writer.$procmux$1557_Y, Q = \logic_core.boot.writer.bit_index).
Adding SRST signal on $flatten\logic_core.\boot.\writer.$procdff$2608 ($dff) from module amiga_board_top (D = $flatten\logic_core.\boot.\writer.$procmux$1412_Y, Q = \logic_core.boot.writer.watchdog, rval = 19'0000000000000000000).
Adding SRST signal on $flatten\logic_core.\boot.\writer.$procdff$2609 ($dff) from module amiga_board_top (D = $flatten\logic_core.\boot.\writer.$procmux$1538_Y, Q = \logic_core.boot.writer.bytes[0], rval = 8'00000000).
Adding EN signal on $auto$ff.cc:337:slice$3524 ($sdff) from module amiga_board_top (D = 8'10111000, Q = \logic_core.boot.writer.bytes[0]).
Adding SRST signal on $flatten\logic_core.\boot.\writer.$procdff$2610 ($dff) from module amiga_board_top (D = $flatten\logic_core.\boot.\writer.$procmux$1515_Y, Q = \logic_core.boot.writer.bytes[1], rval = 8'00000000).
Adding EN signal on $auto$ff.cc:337:slice$3530 ($sdff) from module amiga_board_top (D = \logic_core.boot.entry [15:8], Q = \logic_core.boot.writer.bytes[1]).
Adding SRST signal on $flatten\logic_core.\boot.\writer.$procdff$2611 ($dff) from module amiga_board_top (D = $flatten\logic_core.\boot.\writer.$procmux$1492_Y, Q = \logic_core.boot.writer.bytes[2], rval = 8'00000000).
Adding EN signal on $auto$ff.cc:337:slice$3536 ($sdff) from module amiga_board_top (D = \logic_core.boot.entry [7:0], Q = \logic_core.boot.writer.bytes[2]).
Adding SRST signal on $flatten\logic_core.\boot.\writer.$procdff$2616 ($dff) from module amiga_board_top (D = \I2C_SCL, Q = \logic_core.boot.writer.scl_meta, rval = 1'1).
Adding SRST signal on $flatten\logic_core.\boot.\writer.$procdff$2617 ($dff) from module amiga_board_top (D = \logic_core.boot.writer.scl_meta, Q = \logic_core.boot.writer.scl_sync, rval = 1'1).
Adding SRST signal on $flatten\logic_core.\boot.\writer.$procdff$2618 ($dff) from module amiga_board_top (D = \I2C_SDA, Q = \logic_core.boot.writer.sda_meta, rval = 1'1).
Adding SRST signal on $flatten\logic_core.\boot.\writer.$procdff$2619 ($dff) from module amiga_board_top (D = \logic_core.boot.writer.sda_meta, Q = \logic_core.boot.writer.sda_sync, rval = 1'1).
Adding SRST signal on $flatten\logic_core.\boot.$procdff$2718 ($dff) from module amiga_board_top (D = $flatten\logic_core.\boot.$procmux$2478_Y, Q = \logic_core.boot.index, rval = 6'000000).
Adding EN signal on $auto$ff.cc:337:slice$3546 ($sdff) from module amiga_board_top (D = $flatten\logic_core.\boot.$procmux$2478_Y, Q = \logic_core.boot.index).
Adding SRST signal on $flatten\logic_core.\boot.$procdff$2719 ($dff) from module amiga_board_top (D = $flatten\logic_core.\boot.$procmux$2449_Y, Q = \logic_core.boot.wait_count, rval = 20'00000000000000000000).
Adding EN signal on $auto$ff.cc:337:slice$3564 ($sdff) from module amiga_board_top (D = $flatten\logic_core.\boot.$procmux$2449_Y, Q = \logic_core.boot.wait_count).
Adding SRST signal on $flatten\logic_core.\boot.$procdff$2720 ($dff) from module amiga_board_top (D = $flatten\logic_core.\boot.$procmux$2400_Y, Q = \logic_core.boot.start, rval = 1'0).
Adding SRST signal on $flatten\logic_core.\boot.$procdff$2721 ($dff) from module amiga_board_top (D = $flatten\logic_core.\boot.$procmux$2435_Y, Q = \logic_core.boot.config_done, rval = 1'0).
Adding EN signal on $auto$ff.cc:337:slice$3589 ($sdff) from module amiga_board_top (D = 1'1, Q = \logic_core.boot.config_done).
Adding SRST signal on $flatten\logic_core.\boot.$procdff$2722 ($dff) from module amiga_board_top (D = $flatten\logic_core.\boot.$procmux$2411_Y, Q = \logic_core.boot.config_error, rval = 1'0).
Adding EN signal on $auto$ff.cc:337:slice$3597 ($sdff) from module amiga_board_top (D = $flatten\logic_core.\boot.$procmux$2411_Y, Q = \logic_core.boot.config_error).
Adding SRST signal on $flatten\logic_core.\boot.\power_sequence.$procdff$2598 ($dff) from module amiga_board_top (D = \logic_core.boot.power_sequence.pg_meta, Q = \logic_core.boot.power_sequence.pg_sync, rval = 1'0).
Adding SRST signal on $flatten\logic_core.\boot.\power_sequence.$procdff$2597 ($dff) from module amiga_board_top (D = \POWER_GOOD, Q = \logic_core.boot.power_sequence.pg_meta, rval = 1'0).
Adding SRST signal on $flatten\logic_core.\boot.\power_sequence.$procdff$2596 ($dff) from module amiga_board_top (D = $flatten\logic_core.\boot.\power_sequence.$procmux$951_Y, Q = \logic_core.boot.power_sequence.count, rval = 18'000000000000000000).
Adding EN signal on $auto$ff.cc:337:slice$3613 ($sdff) from module amiga_board_top (D = $flatten\logic_core.\boot.\power_sequence.$procmux$951_Y, Q = \logic_core.boot.power_sequence.count).
Adding SRST signal on $flatten\logic_core.\boot.\power_sequence.$procdff$2595 ($dff) from module amiga_board_top (D = $flatten\logic_core.\boot.\power_sequence.$procmux$969_Y, Q = \logic_core.boot.power_sequence.config_allowed, rval = 1'0).
Adding EN signal on $auto$ff.cc:337:slice$3619 ($sdff) from module amiga_board_top (D = $flatten\logic_core.\boot.\power_sequence.$procmux$969_Y, Q = \logic_core.boot.power_sequence.config_allowed).
Adding SRST signal on $flatten\logic_core.\boot.\power_sequence.$procdff$2593 ($dff) from module amiga_board_top (D = $flatten\logic_core.\boot.\power_sequence.$procmux$1020_Y, Q = \logic_core.boot.power_sequence.fault, rval = 1'0).
Adding EN signal on $auto$ff.cc:337:slice$3631 ($sdff) from module amiga_board_top (D = $flatten\logic_core.\boot.\power_sequence.$procmux$1020_Y, Q = \logic_core.boot.power_sequence.fault).
Adding SRST signal on $flatten\logic_core.\boot.\power_sequence.$procdff$2592 ($dff) from module amiga_board_top (D = $flatten\logic_core.\boot.\power_sequence.$procmux$1039_Y, Q = \logic_core.boot.power_sequence.adc_pwdn, rval = 1'1).
Adding EN signal on $auto$ff.cc:337:slice$3641 ($sdff) from module amiga_board_top (D = $flatten\logic_core.\boot.\power_sequence.$procmux$1039_Y, Q = \logic_core.boot.power_sequence.adc_pwdn).
Adding SRST signal on $flatten\logic_core.\boot.\power_sequence.$procdff$2591 ($dff) from module amiga_board_top (D = $flatten\logic_core.\boot.\power_sequence.$procmux$1052_Y, Q = \logic_core.boot.power_sequence.adc_reset_n, rval = 1'0).
Adding EN signal on $auto$ff.cc:337:slice$3651 ($sdff) from module amiga_board_top (D = $flatten\logic_core.\boot.\power_sequence.$procmux$1052_Y, Q = \logic_core.boot.power_sequence.adc_reset_n).
Setting constant 0-bit at position 0 on $auto$ff.cc:337:slice$3525 ($sdffe) from module amiga_board_top.
Setting constant 0-bit at position 1 on $auto$ff.cc:337:slice$3525 ($sdffe) from module amiga_board_top.
Setting constant 0-bit at position 2 on $auto$ff.cc:337:slice$3525 ($sdffe) from module amiga_board_top.
Setting constant 0-bit at position 6 on $auto$ff.cc:337:slice$3525 ($sdffe) from module amiga_board_top.

18.15.7. Executing OPT_CLEAN pass (remove unused cells and wires).
Finding unused cells or wires in module \amiga_board_top..
Removed 165 unused cells and 228 unused wires.
<suppressed ~168 debug messages>

18.15.8. Executing OPT_EXPR pass (perform const folding).
Optimizing module amiga_board_top.
<suppressed ~34 debug messages>

18.15.9. Rerunning OPT passes. (Maybe there is more to do..)

18.15.10. Executing OPT_MUXTREE pass (detect dead branches in mux trees).
Running muxtree optimizer on module \amiga_board_top..
  Creating internal representation of mux trees.
  Evaluating internal representation of mux trees.
  Analyzing evaluation results.
Removed 0 multiplexer ports.
<suppressed ~322 debug messages>

18.15.11. Executing OPT_REDUCE pass (consolidate $*mux and $reduce_* inputs).
  Optimizing cells in module \amiga_board_top.
Performed a total of 0 changes.

18.15.12. Executing OPT_MERGE pass (detect identical cells).
Finding identical cells in module `\amiga_board_top'.
Computing hashes of 904 cells of `\amiga_board_top'.
Finding duplicate cells in `\amiga_board_top'.
Computing hashes of 854 cells of `\amiga_board_top'.
Finding duplicate cells in `\amiga_board_top'.
Computing hashes of 847 cells of `\amiga_board_top'.
Finding duplicate cells in `\amiga_board_top'.
<suppressed ~171 debug messages>
Removed a total of 57 cells.

18.15.13. Executing OPT_DFF pass (perform DFF optimizations).

18.15.14. Executing OPT_CLEAN pass (remove unused cells and wires).
Finding unused cells or wires in module \amiga_board_top..
Removed 0 unused cells and 57 unused wires.
<suppressed ~1 debug messages>

18.15.15. Executing OPT_EXPR pass (perform const folding).
Optimizing module amiga_board_top.

18.15.16. Rerunning OPT passes. (Maybe there is more to do..)

18.15.17. Executing OPT_MUXTREE pass (detect dead branches in mux trees).
Running muxtree optimizer on module \amiga_board_top..
  Creating internal representation of mux trees.
  Evaluating internal representation of mux trees.
  Analyzing evaluation results.
Removed 0 multiplexer ports.
<suppressed ~330 debug messages>

18.15.18. Executing OPT_REDUCE pass (consolidate $*mux and $reduce_* inputs).
  Optimizing cells in module \amiga_board_top.
Performed a total of 0 changes.

18.15.19. Executing OPT_MERGE pass (detect identical cells).
Finding identical cells in module `\amiga_board_top'.
Computing hashes of 847 cells of `\amiga_board_top'.
Finding duplicate cells in `\amiga_board_top'.
Removed a total of 0 cells.

18.15.20. Executing OPT_DFF pass (perform DFF optimizations).

18.15.21. Executing OPT_CLEAN pass (remove unused cells and wires).
Finding unused cells or wires in module \amiga_board_top..

18.15.22. Executing OPT_EXPR pass (perform const folding).
Optimizing module amiga_board_top.

18.15.23. Finished fast OPT passes. (There is nothing left to do.)

18.16. Executing WREDUCE pass (reducing word size of cells).
Removed top 26 address bits (of 32) from memory init port amiga_board_top.$flatten\logic_core.\boot.$auto$mem.cc:351:emit$723 ($flatten\logic_core.\boot.$auto$proc_rom.cc:155:do_switch$721).
Removed top 3 bits (of 4) from FF cell amiga_board_top.$auto$ff.cc:337:slice$3661 ($sdffe).
Removed top 1 bits (of 2) from port B of cell amiga_board_top.$auto$simple.cc:194:make_patterns_logic$3636 ($ne).
Removed top 1 bits (of 2) from port B of cell amiga_board_top.$auto$simple.cc:194:make_patterns_logic$3606 ($ne).
Removed top 1 bits (of 2) from port B of cell amiga_board_top.$auto$simple.cc:194:make_patterns_logic$3575 ($ne).
Removed top 1 bits (of 2) from port B of cell amiga_board_top.$auto$simple.cc:194:make_patterns_logic$3561 ($ne).
Removed top 1 bits (of 2) from port B of cell amiga_board_top.$auto$simple.cc:194:make_patterns_logic$3555 ($ne).
Removed top 1 bits (of 2) from port B of cell amiga_board_top.$auto$simple.cc:194:make_patterns_logic$3480 ($ne).
Removed top 1 bits (of 2) from port B of cell amiga_board_top.$auto$simple.cc:194:make_patterns_logic$3447 ($ne).
Removed top 1 bits (of 2) from port B of cell amiga_board_top.$auto$simple.cc:194:make_patterns_logic$3279 ($ne).
Removed top 1 bits (of 2) from port B of cell amiga_board_top.$auto$simple.cc:194:make_patterns_logic$3222 ($ne).
Removed top 1 bits (of 2) from port B of cell amiga_board_top.$auto$simple.cc:194:make_patterns_logic$3220 ($ne).
Removed top 1 bits (of 2) from port B of cell amiga_board_top.$auto$simple.cc:194:make_patterns_logic$3151 ($ne).
Removed top 2 bits (of 3) from port B of cell amiga_board_top.$auto$fsm_map.cc:77:implement_pattern_cache$3143 ($eq).
Removed top 1 bits (of 2) from port B of cell amiga_board_top.$auto$fsm_map.cc:77:implement_pattern_cache$3134 ($eq).
Removed top 2 bits (of 3) from port B of cell amiga_board_top.$auto$fsm_map.cc:77:implement_pattern_cache$3112 ($eq).
Removed top 2 bits (of 3) from port B of cell amiga_board_top.$auto$fsm_map.cc:77:implement_pattern_cache$3108 ($eq).
Removed top 2 bits (of 3) from port B of cell amiga_board_top.$auto$fsm_map.cc:77:implement_pattern_cache$3092 ($eq).
Removed top 1 bits (of 2) from port B of cell amiga_board_top.$auto$fsm_map.cc:77:implement_pattern_cache$3036 ($eq).
Removed top 1 bits (of 3) from port B of cell amiga_board_top.$auto$fsm_map.cc:77:implement_pattern_cache$2988 ($eq).
Removed top 1 bits (of 2) from port B of cell amiga_board_top.$auto$fsm_map.cc:77:implement_pattern_cache$2986 ($eq).
Removed top 1 bits (of 3) from port B of cell amiga_board_top.$auto$fsm_map.cc:77:implement_pattern_cache$2971 ($eq).
Removed top 2 bits (of 4) from port B of cell amiga_board_top.$auto$fsm_map.cc:77:implement_pattern_cache$2953 ($eq).
Removed top 3 bits (of 5) from port B of cell amiga_board_top.$auto$fsm_map.cc:77:implement_pattern_cache$2949 ($eq).
Removed top 2 bits (of 5) from port B of cell amiga_board_top.$auto$fsm_map.cc:77:implement_pattern_cache$2927 ($eq).
Removed top 1 bits (of 4) from port B of cell amiga_board_top.$auto$fsm_map.cc:77:implement_pattern_cache$2914 ($eq).
Removed top 2 bits (of 3) from port B of cell amiga_board_top.$auto$fsm_map.cc:77:implement_pattern_cache$2910 ($eq).
Removed top 1 bits (of 4) from port B of cell amiga_board_top.$auto$fsm_map.cc:77:implement_pattern_cache$2905 ($eq).
Removed top 1 bits (of 4) from port B of cell amiga_board_top.$auto$fsm_map.cc:77:implement_pattern_cache$2887 ($eq).
Removed top 11 bits (of 32) from port B of cell amiga_board_top.$flatten\logic_core.\video.\front.$ge$rtl/stream_sync_frontend.sv:100$462 ($ge).
Removed top 11 bits (of 32) from port B of cell amiga_board_top.$flatten\logic_core.\video.\front.$le$rtl/stream_sync_frontend.sv:90$460 ($le).
Removed top 12 bits (of 32) from port B of cell amiga_board_top.$flatten\logic_core.\video.\front.$ge$rtl/stream_sync_frontend.sv:90$457 ($ge).
Removed top 31 bits (of 32) from port B of cell amiga_board_top.$flatten\logic_core.\video.\front.$add$rtl/stream_sync_frontend.sv:90$456 ($add).
Removed top 10 bits (of 32) from port Y of cell amiga_board_top.$flatten\logic_core.\video.\front.$add$rtl/stream_sync_frontend.sv:90$456 ($add).
Removed top 30 bits (of 32) from port B of cell amiga_board_top.$flatten\logic_core.\video.\front.$ge$rtl/stream_sync_frontend.sv:75$448 ($ge).
Removed top 30 bits (of 32) from port B of cell amiga_board_top.$flatten\logic_core.\video.\front.$lt$rtl/stream_sync_frontend.sv:74$446 ($lt).
Removed top 1 bits (of 3) from port B of cell amiga_board_top.$flatten\logic_core.\video.\front.$eq$rtl/stream_sync_frontend.sv:39$434 ($eq).
Removed top 20 bits (of 32) from port B of cell amiga_board_top.$flatten\logic_core.\video.\front.$ge$rtl/stream_sync_frontend.sv:38$428 ($ge).
Removed top 30 bits (of 32) from port B of cell amiga_board_top.$flatten\logic_core.\video.\core.\fields.$gt$rtl/field_sync.sv:36$653 ($gt).
Removed top 30 bits (of 32) from port B of cell amiga_board_top.$flatten\logic_core.\video.\core.\fields.$sub$rtl/field_sync.sv:36$654 ($sub).
Removed top 1 bits (of 12) from port B of cell amiga_board_top.$flatten\logic_core.\video.\core.\lines.$eq$rtl/line_double.sv:65$692 ($eq).
Removed top 1 bits (of 13) from port B of cell amiga_board_top.$flatten\logic_core.\video.\core.\lines.$eq$rtl/line_double.sv:66$694 ($eq).
Removed top 31 bits (of 32) from mux cell amiga_board_top.$flatten\logic_core.\video.\core.\lines.$ternary$rtl/line_double.sv:76$703 ($mux).
Removed top 20 bits (of 32) from port B of cell amiga_board_top.$flatten\logic_core.\video.\core.\lines.$lt$rtl/line_double.sv:78$704 ($lt).
Removed top 21 bits (of 32) from port B of cell amiga_board_top.$flatten\logic_core.\video.\core.\lines.$lt$rtl/line_double.sv:79$706 ($lt).
Removed top 20 bits (of 32) from port B of cell amiga_board_top.$flatten\logic_core.\video.\core.\lines.$lt$rtl/line_double.sv:82$711 ($lt).
Removed top 20 bits (of 32) from port B of cell amiga_board_top.$flatten\logic_core.\video.\core.\lines.$ge$rtl/line_double.sv:88$718 ($ge).
Removed top 22 bits (of 32) from port B of cell amiga_board_top.$flatten\logic_core.\video.\core.$lt$rtl/video_core.sv:70$416 ($lt).
Removed top 28 bits (of 32) from port B of cell amiga_board_top.$flatten\logic_core.\video.\core.$ge$rtl/video_core.sv:70$414 ($ge).
Removed top 21 bits (of 32) from port B of cell amiga_board_top.$flatten\logic_core.\video.\core.$lt$rtl/video_core.sv:70$412 ($lt).
Removed top 29 bits (of 32) from port B of cell amiga_board_top.$flatten\logic_core.\video.\core.$ge$rtl/video_core.sv:70$410 ($ge).
Removed top 29 bits (of 32) from port B of cell amiga_board_top.$flatten\logic_core.\video.\core.$lt$rtl/video_core.sv:59$399 ($lt).
Removed top 10 bits (of 19) from port B of cell amiga_board_top.$flatten\logic_core.\clocks.\restart.$eq$rtl/pll_restart_control.sv:67$548 ($eq).
Removed top 24 bits (of 32) from port B of cell amiga_board_top.$flatten\logic_core.\clocks.\restart.$ge$rtl/pll_restart_control.sv:53$541 ($ge).
Removed top 29 bits (of 32) from port B of cell amiga_board_top.$flatten\logic_core.\clocks.\restart.$ge$rtl/pll_restart_control.sv:51$540 ($ge).
Removed top 28 bits (of 32) from port B of cell amiga_board_top.$flatten\logic_core.\clocks.\restart.$lt$rtl/pll_restart_control.sv:50$538 ($lt).
Removed top 30 bits (of 32) from port B of cell amiga_board_top.$flatten\logic_core.\clocks.\restart.$add$rtl/pll_restart_control.sv:26$510 ($add).
Removed top 23 bits (of 32) from port Y of cell amiga_board_top.$flatten\logic_core.\clocks.\restart.$add$rtl/pll_restart_control.sv:26$510 ($add).
Removed top 30 bits (of 32) from port B of cell amiga_board_top.$flatten\logic_core.\clocks.\restart.$add$rtl/pll_restart_control.sv:26$507 ($add).
Removed top 24 bits (of 32) from port B of cell amiga_board_top.$flatten\logic_core.\clocks.\restart.$le$rtl/pll_restart_control.sv:25$504 ($le).
Removed top 25 bits (of 32) from port B of cell amiga_board_top.$flatten\logic_core.\clocks.\restart.$ge$rtl/pll_restart_control.sv:25$502 ($ge).
Removed top 31 bits (of 32) from port B of cell amiga_board_top.$flatten\logic_core.\clocks.\restart.$add$rtl/pll_restart_control.sv:25$501 ($add).
Removed top 23 bits (of 32) from port Y of cell amiga_board_top.$flatten\logic_core.\clocks.\restart.$add$rtl/pll_restart_control.sv:25$501 ($add).
Removed top 25 bits (of 32) from port B of cell amiga_board_top.$flatten\logic_core.\clocks.\guard.$ge$rtl/video_clock_guard.sv:59$488 ($ge).
Removed top 30 bits (of 32) from port B of cell amiga_board_top.$flatten\logic_core.\clocks.\guard.$ge$rtl/video_clock_guard.sv:57$487 ($ge).
Removed top 29 bits (of 32) from port B of cell amiga_board_top.$flatten\logic_core.\clocks.\guard.$lt$rtl/video_clock_guard.sv:56$485 ($lt).
Removed top 25 bits (of 32) from port B of cell amiga_board_top.$flatten\logic_core.\clocks.\guard.$le$rtl/video_clock_guard.sv:55$483 ($le).
Removed top 26 bits (of 32) from port B of cell amiga_board_top.$flatten\logic_core.\clocks.\guard.$ge$rtl/video_clock_guard.sv:55$480 ($ge).
Removed top 31 bits (of 32) from port B of cell amiga_board_top.$flatten\logic_core.\clocks.\guard.$add$rtl/video_clock_guard.sv:55$479 ($add).
Removed top 24 bits (of 32) from port Y of cell amiga_board_top.$flatten\logic_core.\clocks.\guard.$add$rtl/video_clock_guard.sv:55$479 ($add).
Removed top 3 bits (of 18) from port B of cell amiga_board_top.$flatten\logic_core.\boot.\power_sequence.$eq$rtl/adc_power_sequence.sv:50$644 ($eq).
Removed top 9 bits (of 18) from port B of cell amiga_board_top.$flatten\logic_core.\boot.\power_sequence.$eq$rtl/adc_power_sequence.sv:47$642 ($eq).
Removed top 1 bits (of 2) from port B of cell amiga_board_top.$flatten\logic_core.\boot.\writer.$procmux$1223_CMP0 ($eq).
Removed top 1 bits (of 2) from port B of cell amiga_board_top.$flatten\logic_core.\boot.\writer.$procmux$1079_CMP0 ($eq).
Removed top 1 bits (of 3) from port A of cell amiga_board_top.$flatten\logic_core.\boot.\writer.$add$rtl/i2c_register_write.sv:93$616 ($add).
Removed top 2 bits (of 3) from port B of cell amiga_board_top.$flatten\logic_core.\boot.\writer.$add$rtl/i2c_register_write.sv:93$616 ($add).
Removed top 23 bits (of 32) from wire amiga_board_top.$flatten\logic_core.\clocks.\restart.$add$rtl/pll_restart_control.sv:25$501_Y.
Removed top 23 bits (of 32) from wire amiga_board_top.$flatten\logic_core.\clocks.\restart.$add$rtl/pll_restart_control.sv:26$510_Y.
Removed top 24 bits (of 32) from wire amiga_board_top.$flatten\logic_core.\clocks.\guard.$add$rtl/video_clock_guard.sv:55$479_Y.
Removed top 31 bits (of 32) from wire amiga_board_top.$flatten\logic_core.\video.\core.\lines.$ternary$rtl/line_double.sv:76$703_Y.
Removed top 10 bits (of 32) from wire amiga_board_top.$flatten\logic_core.\video.\front.$add$rtl/stream_sync_frontend.sv:90$456_Y.

18.17. Executing PEEPOPT pass (run peephole optimizers).

18.18. Executing OPT_CLEAN pass (remove unused cells and wires).
Finding unused cells or wires in module \amiga_board_top..
Removed 0 unused cells and 5 unused wires.
<suppressed ~1 debug messages>

18.19. Executing SHARE pass (SAT-based resource sharing).

18.20. Executing TECHMAP pass (map to technology primitives).

18.20.1. Executing Verilog-2005 frontend: /share/mul2dsp.v
Parsing Verilog input from `/share/mul2dsp.v' to AST representation.
Generating RTLIL representation for module `\_80_mul'.
Generating RTLIL representation for module `\_90_soft_mul'.
Successfully finished Verilog frontend.

18.20.2. Continuing TECHMAP pass.
No more expansions possible.
<suppressed ~4 debug messages>

18.21. Executing TECHMAP pass (map to technology primitives).

18.21.1. Executing Verilog-2005 frontend: /share/mul2dsp.v
Parsing Verilog input from `/share/mul2dsp.v' to AST representation.
Generating RTLIL representation for module `\_80_mul'.
Generating RTLIL representation for module `\_90_soft_mul'.
Successfully finished Verilog frontend.

18.21.2. Continuing TECHMAP pass.
No more expansions possible.
<suppressed ~4 debug messages>

18.22. Executing TECHMAP pass (map to technology primitives).

18.22.1. Executing Verilog-2005 frontend: /share/mul2dsp.v
Parsing Verilog input from `/share/mul2dsp.v' to AST representation.
Generating RTLIL representation for module `\_80_mul'.
Generating RTLIL representation for module `\_90_soft_mul'.
Successfully finished Verilog frontend.

18.22.2. Continuing TECHMAP pass.
No more expansions possible.
<suppressed ~4 debug messages>

18.23. Executing TECHMAP pass (map to technology primitives).

18.23.1. Executing Verilog-2005 frontend: /share/mul2dsp.v
Parsing Verilog input from `/share/mul2dsp.v' to AST representation.
Generating RTLIL representation for module `\_80_mul'.
Generating RTLIL representation for module `\_90_soft_mul'.
Successfully finished Verilog frontend.

18.23.2. Continuing TECHMAP pass.
No more expansions possible.
<suppressed ~4 debug messages>

18.24. Executing TECHMAP pass (map to technology primitives).

18.24.1. Executing Verilog-2005 frontend: /share/gowin/dsp_map.v
Parsing Verilog input from `/share/gowin/dsp_map.v' to AST representation.
Generating RTLIL representation for module `$__MUL9X9'.
Generating RTLIL representation for module `$__MUL18X18'.
Generating RTLIL representation for module `$__MUL36X36'.
Successfully finished Verilog frontend.

18.24.2. Continuing TECHMAP pass.
No more expansions possible.
<suppressed ~5 debug messages>

18.25. Executing ALUMACC pass (create $alu and $macc cells).
Extracting $alu and $macc cells in module amiga_board_top:
  creating $macc model for $flatten\logic_core.\boot.\power_sequence.$add$rtl/adc_power_sequence.sv:46$641 ($add).
  creating $macc model for $flatten\logic_core.\boot.$add$rtl/tvp7002_boot.sv:114$395 ($add).
  creating $macc model for $flatten\logic_core.\boot.$add$rtl/tvp7002_boot.sv:110$393 ($add).
  creating $macc model for $flatten\logic_core.\clocks.\guard.$add$rtl/video_clock_guard.sv:55$479 ($add).
  creating $macc model for $flatten\logic_core.\clocks.\guard.$add$rtl/video_clock_guard.sv:56$486 ($add).
  creating $macc model for $flatten\logic_core.\clocks.\guard.$add$rtl/video_clock_guard.sv:61$489 ($add).
  creating $macc model for $flatten\logic_core.\clocks.\restart.$add$rtl/pll_restart_control.sv:25$501 ($add).
  creating $macc model for $flatten\logic_core.\clocks.\restart.$add$rtl/pll_restart_control.sv:26$507 ($add).
  creating $macc model for $flatten\logic_core.\clocks.\restart.$add$rtl/pll_restart_control.sv:26$510 ($add).
  creating $macc model for $flatten\logic_core.\boot.\writer.$add$rtl/i2c_register_write.sv:109$630 ($add).
  creating $macc model for $flatten\logic_core.\clocks.\restart.$add$rtl/pll_restart_control.sv:37$528 ($add).
  creating $macc model for $flatten\logic_core.\clocks.\restart.$add$rtl/pll_restart_control.sv:50$539 ($add).
  creating $macc model for $flatten\logic_core.\clocks.\restart.$add$rtl/pll_restart_control.sv:54$542 ($add).
  creating $macc model for $flatten\logic_core.\clocks.\restart.$add$rtl/pll_restart_control.sv:68$549 ($add).
  creating $macc model for $flatten\logic_core.\boot.\writer.$add$rtl/i2c_register_write.sv:97$621 ($add).
  creating $macc model for $flatten\logic_core.\boot.\writer.$add$rtl/i2c_register_write.sv:93$616 ($add).
  creating $macc model for $flatten\logic_core.\boot.\writer.$sub$rtl/i2c_register_write.sv:83$605 ($sub).
  creating $macc model for $flatten\logic_core.\clocks.\guard.$add$rtl/video_clock_guard.sv:29$468 ($add).
  creating $macc model for $flatten\logic_core.\video.\core.$add$rtl/video_core.sv:65$404 ($add).
  creating $macc model for $flatten\logic_core.\boot.\writer.$add$rtl/i2c_register_write.sv:53$578 ($add).
  creating $macc model for $flatten\logic_core.\video.\core.\lines.$add$rtl/line_double.sv:86$717 ($add).
  creating $macc model for $flatten\logic_core.\video.\core.\lines.$add$rtl/line_double.sv:80$708 ($add).
  creating $macc model for $flatten\logic_core.\video.\core.\lines.$add$rtl/line_double.sv:78$705 ($add).
  creating $macc model for $flatten\logic_core.\video.\core.\fields.$sub$rtl/field_sync.sv:36$654 ($sub).
  creating $macc model for $flatten\logic_core.\video.\core.\fields.$sub$rtl/field_sync.sv:29$651 ($sub).
  creating $macc model for $flatten\logic_core.\video.\front.$add$rtl/stream_sync_frontend.sv:74$447 ($add).
  creating $macc model for $flatten\logic_core.\video.\front.$add$rtl/stream_sync_frontend.sv:77$449 ($add).
  creating $macc model for $flatten\logic_core.\video.\front.$add$rtl/stream_sync_frontend.sv:82$452 ($add).
  creating $macc model for $flatten\logic_core.\video.\front.$add$rtl/stream_sync_frontend.sv:90$456 ($add).
  creating $macc model for $flatten\logic_core.\video.\front.$add$rtl/stream_sync_frontend.sv:102$463 ($add).
  creating $macc model for $flatten\logic_core.\video.\front.$sub$rtl/stream_sync_frontend.sv:106$465 ($sub).
  creating $alu model for $macc $flatten\logic_core.\video.\front.$sub$rtl/stream_sync_frontend.sv:106$465.
  creating $alu model for $macc $flatten\logic_core.\video.\front.$add$rtl/stream_sync_frontend.sv:102$463.
  creating $alu model for $macc $flatten\logic_core.\video.\front.$add$rtl/stream_sync_frontend.sv:90$456.
  creating $alu model for $macc $flatten\logic_core.\video.\front.$add$rtl/stream_sync_frontend.sv:82$452.
  creating $alu model for $macc $flatten\logic_core.\video.\front.$add$rtl/stream_sync_frontend.sv:77$449.
  creating $alu model for $macc $flatten\logic_core.\video.\front.$add$rtl/stream_sync_frontend.sv:74$447.
  creating $alu model for $macc $flatten\logic_core.\video.\core.\fields.$sub$rtl/field_sync.sv:29$651.
  creating $alu model for $macc $flatten\logic_core.\video.\core.\fields.$sub$rtl/field_sync.sv:36$654.
  creating $alu model for $macc $flatten\logic_core.\video.\core.\lines.$add$rtl/line_double.sv:78$705.
  creating $alu model for $macc $flatten\logic_core.\video.\core.\lines.$add$rtl/line_double.sv:80$708.
  creating $alu model for $macc $flatten\logic_core.\video.\core.\lines.$add$rtl/line_double.sv:86$717.
  creating $alu model for $macc $flatten\logic_core.\boot.\writer.$add$rtl/i2c_register_write.sv:53$578.
  creating $alu model for $macc $flatten\logic_core.\video.\core.$add$rtl/video_core.sv:65$404.
  creating $alu model for $macc $flatten\logic_core.\clocks.\guard.$add$rtl/video_clock_guard.sv:29$468.
  creating $alu model for $macc $flatten\logic_core.\boot.\writer.$sub$rtl/i2c_register_write.sv:83$605.
  creating $alu model for $macc $flatten\logic_core.\boot.\writer.$add$rtl/i2c_register_write.sv:93$616.
  creating $alu model for $macc $flatten\logic_core.\boot.\writer.$add$rtl/i2c_register_write.sv:97$621.
  creating $alu model for $macc $flatten\logic_core.\clocks.\restart.$add$rtl/pll_restart_control.sv:68$549.
  creating $alu model for $macc $flatten\logic_core.\clocks.\restart.$add$rtl/pll_restart_control.sv:54$542.
  creating $alu model for $macc $flatten\logic_core.\clocks.\restart.$add$rtl/pll_restart_control.sv:50$539.
  creating $alu model for $macc $flatten\logic_core.\clocks.\restart.$add$rtl/pll_restart_control.sv:37$528.
  creating $alu model for $macc $flatten\logic_core.\boot.\writer.$add$rtl/i2c_register_write.sv:109$630.
  creating $alu model for $macc $flatten\logic_core.\clocks.\restart.$add$rtl/pll_restart_control.sv:26$510.
  creating $alu model for $macc $flatten\logic_core.\clocks.\restart.$add$rtl/pll_restart_control.sv:26$507.
  creating $alu model for $macc $flatten\logic_core.\clocks.\restart.$add$rtl/pll_restart_control.sv:25$501.
  creating $alu model for $macc $flatten\logic_core.\clocks.\guard.$add$rtl/video_clock_guard.sv:61$489.
  creating $alu model for $macc $flatten\logic_core.\clocks.\guard.$add$rtl/video_clock_guard.sv:56$486.
  creating $alu model for $macc $flatten\logic_core.\clocks.\guard.$add$rtl/video_clock_guard.sv:55$479.
  creating $alu model for $macc $flatten\logic_core.\boot.$add$rtl/tvp7002_boot.sv:110$393.
  creating $alu model for $macc $flatten\logic_core.\boot.$add$rtl/tvp7002_boot.sv:114$395.
  creating $alu model for $macc $flatten\logic_core.\boot.\power_sequence.$add$rtl/adc_power_sequence.sv:46$641.
  creating $alu model for $flatten\logic_core.\clocks.\guard.$ge$rtl/video_clock_guard.sv:55$480 ($ge): new $alu
  creating $alu model for $flatten\logic_core.\clocks.\guard.$le$rtl/video_clock_guard.sv:55$483 ($le): new $alu
  creating $alu model for $flatten\logic_core.\clocks.\guard.$lt$rtl/video_clock_guard.sv:56$485 ($lt): new $alu
  creating $alu model for $flatten\logic_core.\clocks.\guard.$ge$rtl/video_clock_guard.sv:57$487 ($ge): new $alu
  creating $alu model for $flatten\logic_core.\clocks.\guard.$ge$rtl/video_clock_guard.sv:59$488 ($ge): new $alu
  creating $alu model for $flatten\logic_core.\clocks.\restart.$ge$rtl/pll_restart_control.sv:25$502 ($ge): new $alu
  creating $alu model for $flatten\logic_core.\clocks.\restart.$le$rtl/pll_restart_control.sv:25$504 ($le): new $alu
  creating $alu model for $flatten\logic_core.\clocks.\restart.$ge$rtl/pll_restart_control.sv:26$508 ($ge): new $alu
  creating $alu model for $flatten\logic_core.\clocks.\restart.$le$rtl/pll_restart_control.sv:26$511 ($le): new $alu
  creating $alu model for $flatten\logic_core.\clocks.\restart.$lt$rtl/pll_restart_control.sv:50$538 ($lt): new $alu
  creating $alu model for $flatten\logic_core.\clocks.\restart.$ge$rtl/pll_restart_control.sv:51$540 ($ge): new $alu
  creating $alu model for $flatten\logic_core.\clocks.\restart.$ge$rtl/pll_restart_control.sv:53$541 ($ge): new $alu
  creating $alu model for $flatten\logic_core.\video.\core.$lt$rtl/video_core.sv:59$399 ($lt): new $alu
  creating $alu model for $flatten\logic_core.\video.\core.$ge$rtl/video_core.sv:70$410 ($ge): new $alu
  creating $alu model for $flatten\logic_core.\video.\core.$lt$rtl/video_core.sv:70$412 ($lt): new $alu
  creating $alu model for $flatten\logic_core.\video.\core.$ge$rtl/video_core.sv:70$414 ($ge): new $alu
  creating $alu model for $flatten\logic_core.\video.\core.$lt$rtl/video_core.sv:70$416 ($lt): new $alu
  creating $alu model for $flatten\logic_core.\video.\core.\lines.$ge$rtl/line_double.sv:88$718 ($ge): new $alu
  creating $alu model for $flatten\logic_core.\video.\core.\lines.$lt$rtl/line_double.sv:82$711 ($lt): merged with $flatten\logic_core.\video.\core.\lines.$ge$rtl/line_double.sv:88$718.
  creating $alu model for $flatten\logic_core.\video.\core.\lines.$lt$rtl/line_double.sv:79$706 ($lt): new $alu
  creating $alu model for $flatten\logic_core.\video.\core.\lines.$lt$rtl/line_double.sv:78$704 ($lt): new $alu
  creating $alu model for $flatten\logic_core.\video.\core.\fields.$gt$rtl/field_sync.sv:36$653 ($gt): merged with $flatten\logic_core.\video.\core.\fields.$sub$rtl/field_sync.sv:36$654.
  creating $alu model for $flatten\logic_core.\video.\front.$ge$rtl/stream_sync_frontend.sv:38$428 ($ge): new $alu
  creating $alu model for $flatten\logic_core.\video.\front.$lt$rtl/stream_sync_frontend.sv:74$446 ($lt): new $alu
  creating $alu model for $flatten\logic_core.\video.\front.$ge$rtl/stream_sync_frontend.sv:75$448 ($ge): new $alu
  creating $alu model for $flatten\logic_core.\video.\front.$ge$rtl/stream_sync_frontend.sv:90$457 ($ge): new $alu
  creating $alu model for $flatten\logic_core.\video.\front.$le$rtl/stream_sync_frontend.sv:90$460 ($le): new $alu
  creating $alu model for $flatten\logic_core.\video.\front.$ge$rtl/stream_sync_frontend.sv:100$462 ($ge): new $alu
  creating $alu model for $flatten\logic_core.\video.\core.\lines.$eq$rtl/line_double.sv:66$694 ($eq): merged with $flatten\logic_core.\video.\core.\lines.$ge$rtl/line_double.sv:88$718.
  creating $alu model for $flatten\logic_core.\video.\core.\lines.$eq$rtl/line_double.sv:65$692 ($eq): merged with $flatten\logic_core.\video.\core.\lines.$lt$rtl/line_double.sv:79$706.
  creating $alu model for $flatten\logic_core.\video.\front.$ne$rtl/stream_sync_frontend.sv:37$425 ($ne): merged with $flatten\logic_core.\video.\front.$ge$rtl/stream_sync_frontend.sv:38$428.
  creating $alu cell for $flatten\logic_core.\video.\front.$ge$rtl/stream_sync_frontend.sv:100$462: $auto$alumacc.cc:548:replace_alu$3693
  creating $alu cell for $flatten\logic_core.\video.\front.$le$rtl/stream_sync_frontend.sv:90$460: $auto$alumacc.cc:548:replace_alu$3706
  creating $alu cell for $flatten\logic_core.\video.\front.$ge$rtl/stream_sync_frontend.sv:90$457: $auto$alumacc.cc:548:replace_alu$3715
  creating $alu cell for $flatten\logic_core.\video.\front.$ge$rtl/stream_sync_frontend.sv:75$448: $auto$alumacc.cc:548:replace_alu$3728
  creating $alu cell for $flatten\logic_core.\video.\front.$lt$rtl/stream_sync_frontend.sv:74$446: $auto$alumacc.cc:548:replace_alu$3741
  creating $alu cell for $flatten\logic_core.\video.\front.$ge$rtl/stream_sync_frontend.sv:38$428, $flatten\logic_core.\video.\front.$ne$rtl/stream_sync_frontend.sv:37$425: $auto$alumacc.cc:548:replace_alu$3746
  creating $alu cell for $flatten\logic_core.\video.\core.\lines.$lt$rtl/line_double.sv:78$704: $auto$alumacc.cc:548:replace_alu$3761
  creating $alu cell for $flatten\logic_core.\video.\core.\lines.$lt$rtl/line_double.sv:79$706, $flatten\logic_core.\video.\core.\lines.$eq$rtl/line_double.sv:65$692: $auto$alumacc.cc:548:replace_alu$3766
  creating $alu cell for $flatten\logic_core.\video.\core.\lines.$ge$rtl/line_double.sv:88$718, $flatten\logic_core.\video.\core.\lines.$lt$rtl/line_double.sv:82$711, $flatten\logic_core.\video.\core.\lines.$eq$rtl/line_double.sv:66$694: $auto$alumacc.cc:548:replace_alu$3773
  creating $alu cell for $flatten\logic_core.\video.\core.$lt$rtl/video_core.sv:70$416: $auto$alumacc.cc:548:replace_alu$3786
  creating $alu cell for $flatten\logic_core.\video.\core.$ge$rtl/video_core.sv:70$414: $auto$alumacc.cc:548:replace_alu$3791
  creating $alu cell for $flatten\logic_core.\video.\core.$lt$rtl/video_core.sv:70$412: $auto$alumacc.cc:548:replace_alu$3804
  creating $alu cell for $flatten\logic_core.\video.\core.$ge$rtl/video_core.sv:70$410: $auto$alumacc.cc:548:replace_alu$3809
  creating $alu cell for $flatten\logic_core.\video.\core.$lt$rtl/video_core.sv:59$399: $auto$alumacc.cc:548:replace_alu$3822
  creating $alu cell for $flatten\logic_core.\clocks.\restart.$ge$rtl/pll_restart_control.sv:53$541: $auto$alumacc.cc:548:replace_alu$3827
  creating $alu cell for $flatten\logic_core.\clocks.\restart.$ge$rtl/pll_restart_control.sv:51$540: $auto$alumacc.cc:548:replace_alu$3840
  creating $alu cell for $flatten\logic_core.\clocks.\restart.$lt$rtl/pll_restart_control.sv:50$538: $auto$alumacc.cc:548:replace_alu$3853
  creating $alu cell for $flatten\logic_core.\clocks.\restart.$le$rtl/pll_restart_control.sv:26$511: $auto$alumacc.cc:548:replace_alu$3858
  creating $alu cell for $flatten\logic_core.\clocks.\restart.$ge$rtl/pll_restart_control.sv:26$508: $auto$alumacc.cc:548:replace_alu$3867
  creating $alu cell for $flatten\logic_core.\clocks.\restart.$le$rtl/pll_restart_control.sv:25$504: $auto$alumacc.cc:548:replace_alu$3880
  creating $alu cell for $flatten\logic_core.\clocks.\restart.$ge$rtl/pll_restart_control.sv:25$502: $auto$alumacc.cc:548:replace_alu$3889
  creating $alu cell for $flatten\logic_core.\clocks.\guard.$ge$rtl/video_clock_guard.sv:59$488: $auto$alumacc.cc:548:replace_alu$3902
  creating $alu cell for $flatten\logic_core.\clocks.\guard.$ge$rtl/video_clock_guard.sv:57$487: $auto$alumacc.cc:548:replace_alu$3915
  creating $alu cell for $flatten\logic_core.\clocks.\guard.$lt$rtl/video_clock_guard.sv:56$485: $auto$alumacc.cc:548:replace_alu$3928
  creating $alu cell for $flatten\logic_core.\clocks.\guard.$le$rtl/video_clock_guard.sv:55$483: $auto$alumacc.cc:548:replace_alu$3933
  creating $alu cell for $flatten\logic_core.\clocks.\guard.$ge$rtl/video_clock_guard.sv:55$480: $auto$alumacc.cc:548:replace_alu$3942
  creating $alu cell for $flatten\logic_core.\boot.\power_sequence.$add$rtl/adc_power_sequence.sv:46$641: $auto$alumacc.cc:548:replace_alu$3955
  creating $alu cell for $flatten\logic_core.\boot.$add$rtl/tvp7002_boot.sv:114$395: $auto$alumacc.cc:548:replace_alu$3958
  creating $alu cell for $flatten\logic_core.\boot.$add$rtl/tvp7002_boot.sv:110$393: $auto$alumacc.cc:548:replace_alu$3961
  creating $alu cell for $flatten\logic_core.\clocks.\guard.$add$rtl/video_clock_guard.sv:56$486: $auto$alumacc.cc:548:replace_alu$3964
  creating $alu cell for $flatten\logic_core.\clocks.\guard.$add$rtl/video_clock_guard.sv:55$479: $auto$alumacc.cc:548:replace_alu$3967
  creating $alu cell for $flatten\logic_core.\clocks.\guard.$add$rtl/video_clock_guard.sv:61$489: $auto$alumacc.cc:548:replace_alu$3970
  creating $alu cell for $flatten\logic_core.\clocks.\restart.$add$rtl/pll_restart_control.sv:26$507: $auto$alumacc.cc:548:replace_alu$3973
  creating $alu cell for $flatten\logic_core.\clocks.\restart.$add$rtl/pll_restart_control.sv:26$510: $auto$alumacc.cc:548:replace_alu$3976
  creating $alu cell for $flatten\logic_core.\boot.\writer.$add$rtl/i2c_register_write.sv:109$630: $auto$alumacc.cc:548:replace_alu$3979
  creating $alu cell for $flatten\logic_core.\clocks.\restart.$add$rtl/pll_restart_control.sv:37$528: $auto$alumacc.cc:548:replace_alu$3982
  creating $alu cell for $flatten\logic_core.\clocks.\restart.$add$rtl/pll_restart_control.sv:50$539: $auto$alumacc.cc:548:replace_alu$3985
  creating $alu cell for $flatten\logic_core.\clocks.\restart.$add$rtl/pll_restart_control.sv:25$501: $auto$alumacc.cc:548:replace_alu$3988
  creating $alu cell for $flatten\logic_core.\clocks.\restart.$add$rtl/pll_restart_control.sv:54$542: $auto$alumacc.cc:548:replace_alu$3991
  creating $alu cell for $flatten\logic_core.\clocks.\restart.$add$rtl/pll_restart_control.sv:68$549: $auto$alumacc.cc:548:replace_alu$3994
  creating $alu cell for $flatten\logic_core.\boot.\writer.$add$rtl/i2c_register_write.sv:97$621: $auto$alumacc.cc:548:replace_alu$3997
  creating $alu cell for $flatten\logic_core.\boot.\writer.$add$rtl/i2c_register_write.sv:93$616: $auto$alumacc.cc:548:replace_alu$4000
  creating $alu cell for $flatten\logic_core.\boot.\writer.$sub$rtl/i2c_register_write.sv:83$605: $auto$alumacc.cc:548:replace_alu$4003
  creating $alu cell for $flatten\logic_core.\clocks.\guard.$add$rtl/video_clock_guard.sv:29$468: $auto$alumacc.cc:548:replace_alu$4006
  creating $alu cell for $flatten\logic_core.\video.\core.$add$rtl/video_core.sv:65$404: $auto$alumacc.cc:548:replace_alu$4009
  creating $alu cell for $flatten\logic_core.\boot.\writer.$add$rtl/i2c_register_write.sv:53$578: $auto$alumacc.cc:548:replace_alu$4012
  creating $alu cell for $flatten\logic_core.\video.\core.\lines.$add$rtl/line_double.sv:86$717: $auto$alumacc.cc:548:replace_alu$4015
  creating $alu cell for $flatten\logic_core.\video.\core.\lines.$add$rtl/line_double.sv:80$708: $auto$alumacc.cc:548:replace_alu$4018
  creating $alu cell for $flatten\logic_core.\video.\core.\lines.$add$rtl/line_double.sv:78$705: $auto$alumacc.cc:548:replace_alu$4021
  creating $alu cell for $flatten\logic_core.\video.\core.\fields.$sub$rtl/field_sync.sv:36$654, $flatten\logic_core.\video.\core.\fields.$gt$rtl/field_sync.sv:36$653: $auto$alumacc.cc:548:replace_alu$4024
  creating $alu cell for $flatten\logic_core.\video.\core.\fields.$sub$rtl/field_sync.sv:29$651: $auto$alumacc.cc:548:replace_alu$4037
  creating $alu cell for $flatten\logic_core.\video.\front.$add$rtl/stream_sync_frontend.sv:74$447: $auto$alumacc.cc:548:replace_alu$4040
  creating $alu cell for $flatten\logic_core.\video.\front.$add$rtl/stream_sync_frontend.sv:77$449: $auto$alumacc.cc:548:replace_alu$4043
  creating $alu cell for $flatten\logic_core.\video.\front.$add$rtl/stream_sync_frontend.sv:82$452: $auto$alumacc.cc:548:replace_alu$4046
  creating $alu cell for $flatten\logic_core.\video.\front.$add$rtl/stream_sync_frontend.sv:90$456: $auto$alumacc.cc:548:replace_alu$4049
  creating $alu cell for $flatten\logic_core.\video.\front.$add$rtl/stream_sync_frontend.sv:102$463: $auto$alumacc.cc:548:replace_alu$4052
  creating $alu cell for $flatten\logic_core.\video.\front.$sub$rtl/stream_sync_frontend.sv:106$465: $auto$alumacc.cc:548:replace_alu$4055
  created 57 $alu and 0 $macc cells.

18.26. Executing OPT pass (performing simple optimizations).

18.26.1. Executing OPT_EXPR pass (perform const folding).
Optimizing module amiga_board_top.
<suppressed ~4 debug messages>

18.26.2. Executing OPT_MERGE pass (detect identical cells).
Finding identical cells in module `\amiga_board_top'.
Computing hashes of 939 cells of `\amiga_board_top'.
Finding duplicate cells in `\amiga_board_top'.
Removed a total of 0 cells.

18.26.3. Executing OPT_MUXTREE pass (detect dead branches in mux trees).
Running muxtree optimizer on module \amiga_board_top..
  Creating internal representation of mux trees.
  Evaluating internal representation of mux trees.
  Analyzing evaluation results.
Removed 0 multiplexer ports.
<suppressed ~330 debug messages>

18.26.4. Executing OPT_REDUCE pass (consolidate $*mux and $reduce_* inputs).
  Optimizing cells in module \amiga_board_top.
    New input vector for $reduce_or cell $auto$simple.cc:236:combine_resets$3369: { \logic_core.clocks.restart.edge_seen $flatten\logic_core.\clocks.\restart.$logic_or$rtl/pll_restart_control.sv:28$517_Y $auto$rtlil.cc:3254:ReduceAnd$3833 $auto$rtlil.cc:3251:Not$3837 }
  Optimizing cells in module \amiga_board_top.
Performed a total of 1 changes.

18.26.5. Executing OPT_MERGE pass (detect identical cells).
Finding identical cells in module `\amiga_board_top'.
Computing hashes of 939 cells of `\amiga_board_top'.
Finding duplicate cells in `\amiga_board_top'.
Removed a total of 0 cells.

18.26.6. Executing OPT_DFF pass (perform DFF optimizations).

18.26.7. Executing OPT_CLEAN pass (remove unused cells and wires).
Finding unused cells or wires in module \amiga_board_top..
Removed 0 unused cells and 31 unused wires.
<suppressed ~1 debug messages>

18.26.8. Executing OPT_EXPR pass (perform const folding).
Optimizing module amiga_board_top.

18.26.9. Rerunning OPT passes. (Maybe there is more to do..)

18.26.10. Executing OPT_MUXTREE pass (detect dead branches in mux trees).
Running muxtree optimizer on module \amiga_board_top..
  Creating internal representation of mux trees.
  Evaluating internal representation of mux trees.
  Analyzing evaluation results.
Removed 0 multiplexer ports.
<suppressed ~330 debug messages>

18.26.11. Executing OPT_REDUCE pass (consolidate $*mux and $reduce_* inputs).
  Optimizing cells in module \amiga_board_top.
Performed a total of 0 changes.

18.26.12. Executing OPT_MERGE pass (detect identical cells).
Finding identical cells in module `\amiga_board_top'.
Computing hashes of 939 cells of `\amiga_board_top'.
Finding duplicate cells in `\amiga_board_top'.
Removed a total of 0 cells.

18.26.13. Executing OPT_DFF pass (perform DFF optimizations).

18.26.14. Executing OPT_CLEAN pass (remove unused cells and wires).
Finding unused cells or wires in module \amiga_board_top..

18.26.15. Executing OPT_EXPR pass (perform const folding).
Optimizing module amiga_board_top.

18.26.16. Finished fast OPT passes. (There is nothing left to do.)

18.27. Executing MEMORY pass.

18.27.1. Executing OPT_MEM pass (optimize memories).
amiga_board_top.$flatten\logic_core.\boot.$auto$proc_rom.cc:155:do_switch$721: removing const-0 lane 14
amiga_board_top.$flatten\logic_core.\boot.$auto$proc_rom.cc:155:do_switch$721: removing const-0 lane 15
Performed a total of 1 transformations.

18.27.2. Executing OPT_MEM_PRIORITY pass (removing unnecessary memory write priority relations).
Performed a total of 0 transformations.

18.27.3. Executing OPT_MEM_FEEDBACK pass (finding memory read-to-write feedback paths).
  Analyzing amiga_board_top.logic_core.video.core.lines.bank1 write port 0.
  Analyzing amiga_board_top.logic_core.video.core.lines.bank0 write port 0.

18.27.4. Executing MEMORY_BMUX2ROM pass (converting muxes to ROMs).

18.27.5. Executing MEMORY_DFF pass (merging $dff cells to $memrd).
Checking read port `$flatten\logic_core.\boot.$auto$proc_rom.cc:155:do_switch$721'[0] in module `\amiga_board_top': merging output FF to cell.
Checking read port `\logic_core.video.core.lines.bank1'[0] in module `\amiga_board_top': merging output FF to cell.
    Write port 0: non-transparent.
Checking read port `\logic_core.video.core.lines.bank0'[0] in module `\amiga_board_top': merging output FF to cell.
    Write port 0: non-transparent.

18.27.6. Executing OPT_CLEAN pass (remove unused cells and wires).
Finding unused cells or wires in module \amiga_board_top..
Removed 3 unused cells and 58 unused wires.
<suppressed ~4 debug messages>

18.27.7. Executing MEMORY_SHARE pass (consolidating $memrd/$memwr cells).

18.27.8. Executing OPT_MEM_WIDEN pass (optimize memories where all ports are wide).
Performed a total of 0 transformations.

18.27.9. Executing OPT_CLEAN pass (remove unused cells and wires).
Finding unused cells or wires in module \amiga_board_top..

18.27.10. Executing MEMORY_COLLECT pass (generating $mem cells).

18.28. Executing OPT_CLEAN pass (remove unused cells and wires).
Finding unused cells or wires in module \amiga_board_top..

18.29. Executing MEMORY_LIBMAP pass (mapping memories to cells).
using FF mapping for memory amiga_board_top.$flatten\logic_core.\boot.$auto$proc_rom.cc:155:do_switch$721
found attribute 'ram_style = block' on memory amiga_board_top.logic_core.video.core.lines.bank1, forced mapping to block RAM
mapping memory amiga_board_top.logic_core.video.core.lines.bank1 via $__GOWIN_DP_
found attribute 'ram_style = block' on memory amiga_board_top.logic_core.video.core.lines.bank0, forced mapping to block RAM
mapping memory amiga_board_top.logic_core.video.core.lines.bank0 via $__GOWIN_DP_
<suppressed ~701 debug messages>

18.30. Executing TECHMAP pass (map to technology primitives).

18.30.1. Executing Verilog-2005 frontend: /share/gowin/lutrams_map.v
Parsing Verilog input from `/share/gowin/lutrams_map.v' to AST representation.
Generating RTLIL representation for module `$__GOWIN_LUTRAM_'.
Successfully finished Verilog frontend.

18.30.2. Executing Verilog-2005 frontend: /share/gowin/brams_map.v
Parsing Verilog input from `/share/gowin/brams_map.v' to AST representation.
Generating RTLIL representation for module `$__GOWIN_SP_'.
Generating RTLIL representation for module `$__GOWIN_DP_'.
Generating RTLIL representation for module `$__GOWIN_SDP_'.
Successfully finished Verilog frontend.

18.30.3. Continuing TECHMAP pass.
Using template $paramod$7548bd16310fb138f374a81d2580786f44d367d5$__GOWIN_DP_ for cells of type $__GOWIN_DP_.
No more expansions possible.
<suppressed ~35 debug messages>

18.31. Executing OPT pass (performing simple optimizations).

18.31.1. Executing OPT_EXPR pass (perform const folding).
Optimizing module amiga_board_top.
<suppressed ~237 debug messages>

18.31.2. Executing OPT_MERGE pass (detect identical cells).
Finding identical cells in module `\amiga_board_top'.
Computing hashes of 903 cells of `\amiga_board_top'.
Finding duplicate cells in `\amiga_board_top'.
Computing hashes of 890 cells of `\amiga_board_top'.
Finding duplicate cells in `\amiga_board_top'.
Computing hashes of 888 cells of `\amiga_board_top'.
Finding duplicate cells in `\amiga_board_top'.
<suppressed ~45 debug messages>
Removed a total of 15 cells.

18.31.3. Executing OPT_DFF pass (perform DFF optimizations).
Removing always-active EN on $auto$mem.cc:1169:emulate_transparency$4130 ($dffe) from module amiga_board_top.
Setting constant 0-bit at position 0 on $auto$ff.cc:337:slice$3531 ($sdffe) from module amiga_board_top.
Setting constant 0-bit at position 1 on $auto$ff.cc:337:slice$3531 ($sdffe) from module amiga_board_top.
Setting constant 0-bit at position 2 on $auto$ff.cc:337:slice$3531 ($sdffe) from module amiga_board_top.
Setting constant 0-bit at position 3 on $auto$ff.cc:337:slice$3531 ($sdffe) from module amiga_board_top.
Setting constant 0-bit at position 4 on $auto$ff.cc:337:slice$3531 ($sdffe) from module amiga_board_top.
Setting constant 0-bit at position 5 on $auto$ff.cc:337:slice$3531 ($sdffe) from module amiga_board_top.
Setting constant 0-bit at position 6 on $auto$ff.cc:337:slice$3531 ($sdffe) from module amiga_board_top.
Setting constant 0-bit at position 7 on $auto$ff.cc:337:slice$3531 ($sdffe) from module amiga_board_top.

18.31.4. Executing OPT_CLEAN pass (remove unused cells and wires).
Finding unused cells or wires in module \amiga_board_top..
Removed 14 unused cells and 325 unused wires.
<suppressed ~15 debug messages>

18.31.5. Rerunning OPT passes. (Removed registers in this run.)

18.31.6. Executing OPT_EXPR pass (perform const folding).
Optimizing module amiga_board_top.
<suppressed ~5 debug messages>

18.31.7. Executing OPT_MERGE pass (detect identical cells).
Finding identical cells in module `\amiga_board_top'.
Computing hashes of 868 cells of `\amiga_board_top'.
Finding duplicate cells in `\amiga_board_top'.
Removed a total of 0 cells.

18.31.8. Executing OPT_DFF pass (perform DFF optimizations).
Adding SRST signal on $auto$mem.cc:1647:emulate_read_first$4127 ($dff) from module amiga_board_top (D = \logic_core.video.core.lines.written [10:0], Q = $auto$mem.cc:1643:emulate_read_first$4124, rval = 11'00000000000).

18.31.9. Executing OPT_CLEAN pass (remove unused cells and wires).
Finding unused cells or wires in module \amiga_board_top..
Removed 1 unused cells and 6 unused wires.
<suppressed ~3 debug messages>

18.31.10. Rerunning OPT passes. (Removed registers in this run.)

18.31.11. Executing OPT_EXPR pass (perform const folding).
Optimizing module amiga_board_top.

18.31.12. Executing OPT_MERGE pass (detect identical cells).
Finding identical cells in module `\amiga_board_top'.
Computing hashes of 867 cells of `\amiga_board_top'.
Finding duplicate cells in `\amiga_board_top'.
Removed a total of 0 cells.

18.31.13. Executing OPT_DFF pass (perform DFF optimizations).

18.31.14. Executing OPT_CLEAN pass (remove unused cells and wires).
Finding unused cells or wires in module \amiga_board_top..

18.31.15. Finished fast OPT passes.

18.32. Executing MEMORY_MAP pass (converting memories to logic and flip-flops).
Mapping memory $flatten\logic_core.\boot.$auto$proc_rom.cc:155:do_switch$721 in module \amiga_board_top:
  created 64 $dff cells and 0 static cells of width 14.
Extracted data FF from read port 0 of amiga_board_top.$flatten\logic_core.\boot.$auto$proc_rom.cc:155:do_switch$721: $$flatten\logic_core.\boot.$auto$proc_rom.cc:155:do_switch$721$rdreg[0]
  read interface: 1 $dff and 63 $mux cells.
  write interface: 0 write mux blocks.

18.33. Executing OPT pass (performing simple optimizations).

18.33.1. Executing OPT_EXPR pass (perform const folding).
Optimizing module amiga_board_top.
<suppressed ~25 debug messages>

18.33.2. Executing OPT_MERGE pass (detect identical cells).
Finding identical cells in module `\amiga_board_top'.
Computing hashes of 905 cells of `\amiga_board_top'.
Finding duplicate cells in `\amiga_board_top'.
Removed a total of 0 cells.

18.33.3. Executing OPT_MUXTREE pass (detect dead branches in mux trees).
Running muxtree optimizer on module \amiga_board_top..
  Creating internal representation of mux trees.
  Evaluating internal representation of mux trees.
  Analyzing evaluation results.
Removed 0 multiplexer ports.
<suppressed ~234 debug messages>

18.33.4. Executing OPT_REDUCE pass (consolidate $*mux and $reduce_* inputs).
  Optimizing cells in module \amiga_board_top.
    Consolidated identical input bits for $mux cell $memory$flatten\logic_core.\boot.$auto$proc_rom.cc:155:do_switch$721$rdmux[0][5][5]$4692:
      Old ports: A=14'00001100010000, B=14'00010000000000, Y=$memory$flatten\logic_core.\boot.$auto$proc_rom.cc:155:do_switch$721$rdmux[0][4][2]$b$4637
      New ports: A=2'01, B=2'10, Y={ $memory$flatten\logic_core.\boot.$auto$proc_rom.cc:155:do_switch$721$rdmux[0][4][2]$b$4637 [10] $memory$flatten\logic_core.\boot.$auto$proc_rom.cc:155:do_switch$721$rdmux[0][4][2]$b$4637 [4] }
      New connections: { $memory$flatten\logic_core.\boot.$auto$proc_rom.cc:155:do_switch$721$rdmux[0][4][2]$b$4637 [13:11] $memory$flatten\logic_core.\boot.$auto$proc_rom.cc:155:do_switch$721$rdmux[0][4][2]$b$4637 [9:5] $memory$flatten\logic_core.\boot.$auto$proc_rom.cc:155:do_switch$721$rdmux[0][4][2]$b$4637 [3:0] } = { 3'000 $memory$flatten\logic_core.\boot.$auto$proc_rom.cc:155:do_switch$721$rdmux[0][4][2]$b$4637 [4] $memory$flatten\logic_core.\boot.$auto$proc_rom.cc:155:do_switch$721$rdmux[0][4][2]$b$4637 [4] 7'0000000 }
    Consolidated identical input bits for $mux cell $memory$flatten\logic_core.\boot.$auto$proc_rom.cc:155:do_switch$721$rdmux[0][5][4]$4689:
      Old ports: A=14'00000101110001, B=14'00001010000000, Y=$memory$flatten\logic_core.\boot.$auto$proc_rom.cc:155:do_switch$721$rdmux[0][4][2]$a$4636
      New ports: A=2'01, B=2'10, Y={ $memory$flatten\logic_core.\boot.$auto$proc_rom.cc:155:do_switch$721$rdmux[0][4][2]$a$4636 [7] $memory$flatten\logic_core.\boot.$auto$proc_rom.cc:155:do_switch$721$rdmux[0][4][2]$a$4636 [0] }
      New connections: { $memory$flatten\logic_core.\boot.$auto$proc_rom.cc:155:do_switch$721$rdmux[0][4][2]$a$4636 [13:8] $memory$flatten\logic_core.\boot.$auto$proc_rom.cc:155:do_switch$721$rdmux[0][4][2]$a$4636 [6:1] } = { 4'0000 $memory$flatten\logic_core.\boot.$auto$proc_rom.cc:155:do_switch$721$rdmux[0][4][2]$a$4636 [7] $memory$flatten\logic_core.\boot.$auto$proc_rom.cc:155:do_switch$721$rdmux[0][4][2]$a$4636 [0] $memory$flatten\logic_core.\boot.$auto$proc_rom.cc:155:do_switch$721$rdmux[0][4][2]$a$4636 [0] $memory$flatten\logic_core.\boot.$auto$proc_rom.cc:155:do_switch$721$rdmux[0][4][2]$a$4636 [0] $memory$flatten\logic_core.\boot.$auto$proc_rom.cc:155:do_switch$721$rdmux[0][4][2]$a$4636 [0] 3'000 }
    Consolidated identical input bits for $mux cell $memory$flatten\logic_core.\boot.$auto$proc_rom.cc:155:do_switch$721$rdmux[0][5][3]$4686:
      Old ports: A=14'01010100000000, B=14'01100000000000, Y=$memory$flatten\logic_core.\boot.$auto$proc_rom.cc:155:do_switch$721$rdmux[0][4][1]$b$4634
      New ports: A=2'01, B=2'10, Y={ $memory$flatten\logic_core.\boot.$auto$proc_rom.cc:155:do_switch$721$rdmux[0][4][1]$b$4634 [11] $memory$flatten\logic_core.\boot.$auto$proc_rom.cc:155:do_switch$721$rdmux[0][4][1]$b$4634 [8] }
      New connections: { $memory$flatten\logic_core.\boot.$auto$proc_rom.cc:155:do_switch$721$rdmux[0][4][1]$b$4634 [13:12] $memory$flatten\logic_core.\boot.$auto$proc_rom.cc:155:do_switch$721$rdmux[0][4][1]$b$4634 [10:9] $memory$flatten\logic_core.\boot.$auto$proc_rom.cc:155:do_switch$721$rdmux[0][4][1]$b$4634 [7:0] } = { 2'01 $memory$flatten\logic_core.\boot.$auto$proc_rom.cc:155:do_switch$721$rdmux[0][4][1]$b$4634 [8] 9'000000000 }
    Consolidated identical input bits for $mux cell $memory$flatten\logic_core.\boot.$auto$proc_rom.cc:155:do_switch$721$rdmux[0][5][2]$4683:
      Old ports: A=14'00111100101110, B=14'01000001011000, Y=$memory$flatten\logic_core.\boot.$auto$proc_rom.cc:155:do_switch$721$rdmux[0][4][1]$a$4633
      New ports: A=2'01, B=2'10, Y={ $memory$flatten\logic_core.\boot.$auto$proc_rom.cc:155:do_switch$721$rdmux[0][4][1]$a$4633 [4] $memory$flatten\logic_core.\boot.$auto$proc_rom.cc:155:do_switch$721$rdmux[0][4][1]$a$4633 [1] }
      New connections: { $memory$flatten\logic_core.\boot.$auto$proc_rom.cc:155:do_switch$721$rdmux[0][4][1]$a$4633 [13:5] $memory$flatten\logic_core.\boot.$auto$proc_rom.cc:155:do_switch$721$rdmux[0][4][1]$a$4633 [3:2] $memory$flatten\logic_core.\boot.$auto$proc_rom.cc:155:do_switch$721$rdmux[0][4][1]$a$4633 [0] } = { 1'0 $memory$flatten\logic_core.\boot.$auto$proc_rom.cc:155:do_switch$721$rdmux[0][4][1]$a$4633 [4] $memory$flatten\logic_core.\boot.$auto$proc_rom.cc:155:do_switch$721$rdmux[0][4][1]$a$4633 [1] $memory$flatten\logic_core.\boot.$auto$proc_rom.cc:155:do_switch$721$rdmux[0][4][1]$a$4633 [1] $memory$flatten\logic_core.\boot.$auto$proc_rom.cc:155:do_switch$721$rdmux[0][4][1]$a$4633 [1] $memory$flatten\logic_core.\boot.$auto$proc_rom.cc:155:do_switch$721$rdmux[0][4][1]$a$4633 [1] 1'0 $memory$flatten\logic_core.\boot.$auto$proc_rom.cc:155:do_switch$721$rdmux[0][4][1]$a$4633 [4] $memory$flatten\logic_core.\boot.$auto$proc_rom.cc:155:do_switch$721$rdmux[0][4][1]$a$4633 [1] 1'1 $memory$flatten\logic_core.\boot.$auto$proc_rom.cc:155:do_switch$721$rdmux[0][4][1]$a$4633 [1] 1'0 }
    Consolidated identical input bits for $mux cell $memory$flatten\logic_core.\boot.$auto$proc_rom.cc:155:do_switch$721$rdmux[0][5][1]$4680:
      Old ports: A=14'01101011001010, B=14'00111000010010, Y=$memory$flatten\logic_core.\boot.$auto$proc_rom.cc:155:do_switch$721$rdmux[0][4][0]$b$4631
      New ports: A=2'01, B=2'10, Y=$memory$flatten\logic_core.\boot.$auto$proc_rom.cc:155:do_switch$721$rdmux[0][4][0]$b$4631 [4:3]
      New connections: { $memory$flatten\logic_core.\boot.$auto$proc_rom.cc:155:do_switch$721$rdmux[0][4][0]$b$4631 [13:5] $memory$flatten\logic_core.\boot.$auto$proc_rom.cc:155:do_switch$721$rdmux[0][4][0]$b$4631 [2:0] } = { 1'0 $memory$flatten\logic_core.\boot.$auto$proc_rom.cc:155:do_switch$721$rdmux[0][4][0]$b$4631 [3] 1'1 $memory$flatten\logic_core.\boot.$auto$proc_rom.cc:155:do_switch$721$rdmux[0][4][0]$b$4631 [4] 2'10 $memory$flatten\logic_core.\boot.$auto$proc_rom.cc:155:do_switch$721$rdmux[0][4][0]$b$4631 [3] $memory$flatten\logic_core.\boot.$auto$proc_rom.cc:155:do_switch$721$rdmux[0][4][0]$b$4631 [3] 4'0010 }
    Consolidated identical input bits for $mux cell $memory$flatten\logic_core.\boot.$auto$proc_rom.cc:155:do_switch$721$rdmux[0][5][0]$4677:
      Old ports: A=14'01011100000011, B=14'01100100000000, Y=$memory$flatten\logic_core.\boot.$auto$proc_rom.cc:155:do_switch$721$rdmux[0][4][0]$a$4630
      New ports: A=2'01, B=2'10, Y={ $memory$flatten\logic_core.\boot.$auto$proc_rom.cc:155:do_switch$721$rdmux[0][4][0]$a$4630 [11] $memory$flatten\logic_core.\boot.$auto$proc_rom.cc:155:do_switch$721$rdmux[0][4][0]$a$4630 [0] }
      New connections: { $memory$flatten\logic_core.\boot.$auto$proc_rom.cc:155:do_switch$721$rdmux[0][4][0]$a$4630 [13:12] $memory$flatten\logic_core.\boot.$auto$proc_rom.cc:155:do_switch$721$rdmux[0][4][0]$a$4630 [10:1] } = { 2'01 $memory$flatten\logic_core.\boot.$auto$proc_rom.cc:155:do_switch$721$rdmux[0][4][0]$a$4630 [0] $memory$flatten\logic_core.\boot.$auto$proc_rom.cc:155:do_switch$721$rdmux[0][4][0]$a$4630 [0] 7'1000000 $memory$flatten\logic_core.\boot.$auto$proc_rom.cc:155:do_switch$721$rdmux[0][4][0]$a$4630 [0] }
    Consolidated identical input bits for $mux cell $memory$flatten\logic_core.\boot.$auto$proc_rom.cc:155:do_switch$721$rdmux[0][5][16]$4725:
      Old ports: A=14'10101000000111, B=14'10110100000000, Y=$memory$flatten\logic_core.\boot.$auto$proc_rom.cc:155:do_switch$721$rdmux[0][4][8]$a$4654
      New ports: A=2'01, B=2'10, Y={ $memory$flatten\logic_core.\boot.$auto$proc_rom.cc:155:do_switch$721$rdmux[0][4][8]$a$4654 [8] $memory$flatten\logic_core.\boot.$auto$proc_rom.cc:155:do_switch$721$rdmux[0][4][8]$a$4654 [0] }
      New connections: { $memory$flatten\logic_core.\boot.$auto$proc_rom.cc:155:do_switch$721$rdmux[0][4][8]$a$4654 [13:9] $memory$flatten\logic_core.\boot.$auto$proc_rom.cc:155:do_switch$721$rdmux[0][4][8]$a$4654 [7:1] } = { 3'101 $memory$flatten\logic_core.\boot.$auto$proc_rom.cc:155:do_switch$721$rdmux[0][4][8]$a$4654 [8] $memory$flatten\logic_core.\boot.$auto$proc_rom.cc:155:do_switch$721$rdmux[0][4][8]$a$4654 [0] 5'00000 $memory$flatten\logic_core.\boot.$auto$proc_rom.cc:155:do_switch$721$rdmux[0][4][8]$a$4654 [0] $memory$flatten\logic_core.\boot.$auto$proc_rom.cc:155:do_switch$721$rdmux[0][4][8]$a$4654 [0] }
    Consolidated identical input bits for $mux cell $memory$flatten\logic_core.\boot.$auto$proc_rom.cc:155:do_switch$721$rdmux[0][5][15]$4722:
      Old ports: A=14'10011010000000, B=14'10100000110011, Y=$memory$flatten\logic_core.\boot.$auto$proc_rom.cc:155:do_switch$721$rdmux[0][4][7]$b$4652
      New ports: A=2'10, B=2'01, Y={ $memory$flatten\logic_core.\boot.$auto$proc_rom.cc:155:do_switch$721$rdmux[0][4][7]$b$4652 [7] $memory$flatten\logic_core.\boot.$auto$proc_rom.cc:155:do_switch$721$rdmux[0][4][7]$b$4652 [0] }
      New connections: { $memory$flatten\logic_core.\boot.$auto$proc_rom.cc:155:do_switch$721$rdmux[0][4][7]$b$4652 [13:8] $memory$flatten\logic_core.\boot.$auto$proc_rom.cc:155:do_switch$721$rdmux[0][4][7]$b$4652 [6:1] } = { 2'10 $memory$flatten\logic_core.\boot.$auto$proc_rom.cc:155:do_switch$721$rdmux[0][4][7]$b$4652 [0] $memory$flatten\logic_core.\boot.$auto$proc_rom.cc:155:do_switch$721$rdmux[0][4][7]$b$4652 [7] $memory$flatten\logic_core.\boot.$auto$proc_rom.cc:155:do_switch$721$rdmux[0][4][7]$b$4652 [7] 2'00 $memory$flatten\logic_core.\boot.$auto$proc_rom.cc:155:do_switch$721$rdmux[0][4][7]$b$4652 [0] $memory$flatten\logic_core.\boot.$auto$proc_rom.cc:155:do_switch$721$rdmux[0][4][7]$b$4652 [0] 2'00 $memory$flatten\logic_core.\boot.$auto$proc_rom.cc:155:do_switch$721$rdmux[0][4][7]$b$4652 [0] }
    Consolidated identical input bits for $mux cell $memory$flatten\logic_core.\boot.$auto$proc_rom.cc:155:do_switch$721$rdmux[0][5][14]$4719:
      Old ports: A=14'01111100010000, B=14'10000000010000, Y=$memory$flatten\logic_core.\boot.$auto$proc_rom.cc:155:do_switch$721$rdmux[0][4][7]$a$4651
      New ports: A=2'01, B=2'10, Y={ $memory$flatten\logic_core.\boot.$auto$proc_rom.cc:155:do_switch$721$rdmux[0][4][7]$a$4651 [13] $memory$flatten\logic_core.\boot.$auto$proc_rom.cc:155:do_switch$721$rdmux[0][4][7]$a$4651 [8] }
      New connections: { $memory$flatten\logic_core.\boot.$auto$proc_rom.cc:155:do_switch$721$rdmux[0][4][7]$a$4651 [12:9] $memory$flatten\logic_core.\boot.$auto$proc_rom.cc:155:do_switch$721$rdmux[0][4][7]$a$4651 [7:0] } = { $memory$flatten\logic_core.\boot.$auto$proc_rom.cc:155:do_switch$721$rdmux[0][4][7]$a$4651 [8] $memory$flatten\logic_core.\boot.$auto$proc_rom.cc:155:do_switch$721$rdmux[0][4][7]$a$4651 [8] $memory$flatten\logic_core.\boot.$auto$proc_rom.cc:155:do_switch$721$rdmux[0][4][7]$a$4651 [8] $memory$flatten\logic_core.\boot.$auto$proc_rom.cc:155:do_switch$721$rdmux[0][4][7]$a$4651 [8] 8'00010000 }
    Consolidated identical input bits for $mux cell $memory$flatten\logic_core.\boot.$auto$proc_rom.cc:155:do_switch$721$rdmux[0][5][13]$4716:
      Old ports: A=14'01110100000000, B=14'01111000010000, Y=$memory$flatten\logic_core.\boot.$auto$proc_rom.cc:155:do_switch$721$rdmux[0][4][6]$b$4649
      New ports: A=2'10, B=2'01, Y={ $memory$flatten\logic_core.\boot.$auto$proc_rom.cc:155:do_switch$721$rdmux[0][4][6]$b$4649 [8] $memory$flatten\logic_core.\boot.$auto$proc_rom.cc:155:do_switch$721$rdmux[0][4][6]$b$4649 [4] }
      New connections: { $memory$flatten\logic_core.\boot.$auto$proc_rom.cc:155:do_switch$721$rdmux[0][4][6]$b$4649 [13:9] $memory$flatten\logic_core.\boot.$auto$proc_rom.cc:155:do_switch$721$rdmux[0][4][6]$b$4649 [7:5] $memory$flatten\logic_core.\boot.$auto$proc_rom.cc:155:do_switch$721$rdmux[0][4][6]$b$4649 [3:0] } = { 4'0111 $memory$flatten\logic_core.\boot.$auto$proc_rom.cc:155:do_switch$721$rdmux[0][4][6]$b$4649 [4] 7'0000000 }
    Consolidated identical input bits for $mux cell $memory$flatten\logic_core.\boot.$auto$proc_rom.cc:155:do_switch$721$rdmux[0][5][12]$4713:
      Old ports: A=14'00110010000000, B=14'00110110000000, Y=$memory$flatten\logic_core.\boot.$auto$proc_rom.cc:155:do_switch$721$rdmux[0][4][6]$a$4648
      New ports: A=1'0, B=1'1, Y=$memory$flatten\logic_core.\boot.$auto$proc_rom.cc:155:do_switch$721$rdmux[0][4][6]$a$4648 [8]
      New connections: { $memory$flatten\logic_core.\boot.$auto$proc_rom.cc:155:do_switch$721$rdmux[0][4][6]$a$4648 [13:9] $memory$flatten\logic_core.\boot.$auto$proc_rom.cc:155:do_switch$721$rdmux[0][4][6]$a$4648 [7:0] } = 13'0011010000000
    Consolidated identical input bits for $mux cell $memory$flatten\logic_core.\boot.$auto$proc_rom.cc:155:do_switch$721$rdmux[0][5][11]$4710:
      Old ports: A=14'00101000011001, B=14'00101110000000, Y=$memory$flatten\logic_core.\boot.$auto$proc_rom.cc:155:do_switch$721$rdmux[0][4][5]$b$4646
      New ports: A=2'01, B=2'10, Y={ $memory$flatten\logic_core.\boot.$auto$proc_rom.cc:155:do_switch$721$rdmux[0][4][5]$b$4646 [7] $memory$flatten\logic_core.\boot.$auto$proc_rom.cc:155:do_switch$721$rdmux[0][4][5]$b$4646 [0] }
      New connections: { $memory$flatten\logic_core.\boot.$auto$proc_rom.cc:155:do_switch$721$rdmux[0][4][5]$b$4646 [13:8] $memory$flatten\logic_core.\boot.$auto$proc_rom.cc:155:do_switch$721$rdmux[0][4][5]$b$4646 [6:1] } = { 5'00101 $memory$flatten\logic_core.\boot.$auto$proc_rom.cc:155:do_switch$721$rdmux[0][4][5]$b$4646 [7] 2'00 $memory$flatten\logic_core.\boot.$auto$proc_rom.cc:155:do_switch$721$rdmux[0][4][5]$b$4646 [0] $memory$flatten\logic_core.\boot.$auto$proc_rom.cc:155:do_switch$721$rdmux[0][4][5]$b$4646 [0] 2'00 }
    Consolidated identical input bits for $mux cell $memory$flatten\logic_core.\boot.$auto$proc_rom.cc:155:do_switch$721$rdmux[0][5][10]$4707:
      Old ports: A=14'00100000011001, B=14'00100100011001, Y=$memory$flatten\logic_core.\boot.$auto$proc_rom.cc:155:do_switch$721$rdmux[0][4][5]$a$4645
      New ports: A=1'0, B=1'1, Y=$memory$flatten\logic_core.\boot.$auto$proc_rom.cc:155:do_switch$721$rdmux[0][4][5]$a$4645 [8]
      New connections: { $memory$flatten\logic_core.\boot.$auto$proc_rom.cc:155:do_switch$721$rdmux[0][4][5]$a$4645 [13:9] $memory$flatten\logic_core.\boot.$auto$proc_rom.cc:155:do_switch$721$rdmux[0][4][5]$a$4645 [7:0] } = 13'0010000011001
    Consolidated identical input bits for $mux cell $memory$flatten\logic_core.\boot.$auto$proc_rom.cc:155:do_switch$721$rdmux[0][5][9]$4704:
      Old ports: A=14'01101110001000, B=14'01110000001000, Y=$memory$flatten\logic_core.\boot.$auto$proc_rom.cc:155:do_switch$721$rdmux[0][4][4]$b$4643
      New ports: A=2'01, B=2'10, Y={ $memory$flatten\logic_core.\boot.$auto$proc_rom.cc:155:do_switch$721$rdmux[0][4][4]$b$4643 [10] $memory$flatten\logic_core.\boot.$auto$proc_rom.cc:155:do_switch$721$rdmux[0][4][4]$b$4643 [7] }
      New connections: { $memory$flatten\logic_core.\boot.$auto$proc_rom.cc:155:do_switch$721$rdmux[0][4][4]$b$4643 [13:11] $memory$flatten\logic_core.\boot.$auto$proc_rom.cc:155:do_switch$721$rdmux[0][4][4]$b$4643 [9:8] $memory$flatten\logic_core.\boot.$auto$proc_rom.cc:155:do_switch$721$rdmux[0][4][4]$b$4643 [6:0] } = { 3'011 $memory$flatten\logic_core.\boot.$auto$proc_rom.cc:155:do_switch$721$rdmux[0][4][4]$b$4643 [7] $memory$flatten\logic_core.\boot.$auto$proc_rom.cc:155:do_switch$721$rdmux[0][4][4]$b$4643 [7] 7'0001000 }
    Consolidated identical input bits for $mux cell $memory$flatten\logic_core.\boot.$auto$proc_rom.cc:155:do_switch$721$rdmux[0][5][8]$4701:
      Old ports: A=14'10001000000100, B=14'11011000000010, Y=$memory$flatten\logic_core.\boot.$auto$proc_rom.cc:155:do_switch$721$rdmux[0][4][4]$a$4642
      New ports: A=2'10, B=2'01, Y=$memory$flatten\logic_core.\boot.$auto$proc_rom.cc:155:do_switch$721$rdmux[0][4][4]$a$4642 [2:1]
      New connections: { $memory$flatten\logic_core.\boot.$auto$proc_rom.cc:155:do_switch$721$rdmux[0][4][4]$a$4642 [13:3] $memory$flatten\logic_core.\boot.$auto$proc_rom.cc:155:do_switch$721$rdmux[0][4][4]$a$4642 [0] } = { 1'1 $memory$flatten\logic_core.\boot.$auto$proc_rom.cc:155:do_switch$721$rdmux[0][4][4]$a$4642 [1] 1'0 $memory$flatten\logic_core.\boot.$auto$proc_rom.cc:155:do_switch$721$rdmux[0][4][4]$a$4642 [1] 8'10000000 }
    Consolidated identical input bits for $mux cell $memory$flatten\logic_core.\boot.$auto$proc_rom.cc:155:do_switch$721$rdmux[0][5][7]$4698:
      Old ports: A=14'00011110000000, B=14'10000100001101, Y=$memory$flatten\logic_core.\boot.$auto$proc_rom.cc:155:do_switch$721$rdmux[0][4][3]$b$4640
      New ports: A=2'10, B=2'01, Y={ $memory$flatten\logic_core.\boot.$auto$proc_rom.cc:155:do_switch$721$rdmux[0][4][3]$b$4640 [7] $memory$flatten\logic_core.\boot.$auto$proc_rom.cc:155:do_switch$721$rdmux[0][4][3]$b$4640 [0] }
      New connections: { $memory$flatten\logic_core.\boot.$auto$proc_rom.cc:155:do_switch$721$rdmux[0][4][3]$b$4640 [13:8] $memory$flatten\logic_core.\boot.$auto$proc_rom.cc:155:do_switch$721$rdmux[0][4][3]$b$4640 [6:1] } = { $memory$flatten\logic_core.\boot.$auto$proc_rom.cc:155:do_switch$721$rdmux[0][4][3]$b$4640 [0] 2'00 $memory$flatten\logic_core.\boot.$auto$proc_rom.cc:155:do_switch$721$rdmux[0][4][3]$b$4640 [7] $memory$flatten\logic_core.\boot.$auto$proc_rom.cc:155:do_switch$721$rdmux[0][4][3]$b$4640 [7] 4'1000 $memory$flatten\logic_core.\boot.$auto$proc_rom.cc:155:do_switch$721$rdmux[0][4][3]$b$4640 [0] $memory$flatten\logic_core.\boot.$auto$proc_rom.cc:155:do_switch$721$rdmux[0][4][3]$b$4640 [0] 1'0 }
    Consolidated identical input bits for $mux cell $memory$flatten\logic_core.\boot.$auto$proc_rom.cc:155:do_switch$721$rdmux[0][5][6]$4695:
      Old ports: A=14'00010100000110, B=14'00011000010000, Y=$memory$flatten\logic_core.\boot.$auto$proc_rom.cc:155:do_switch$721$rdmux[0][4][3]$a$4639
      New ports: A=2'01, B=2'10, Y={ $memory$flatten\logic_core.\boot.$auto$proc_rom.cc:155:do_switch$721$rdmux[0][4][3]$a$4639 [4] $memory$flatten\logic_core.\boot.$auto$proc_rom.cc:155:do_switch$721$rdmux[0][4][3]$a$4639 [1] }
      New connections: { $memory$flatten\logic_core.\boot.$auto$proc_rom.cc:155:do_switch$721$rdmux[0][4][3]$a$4639 [13:5] $memory$flatten\logic_core.\boot.$auto$proc_rom.cc:155:do_switch$721$rdmux[0][4][3]$a$4639 [3:2] $memory$flatten\logic_core.\boot.$auto$proc_rom.cc:155:do_switch$721$rdmux[0][4][3]$a$4639 [0] } = { 4'0001 $memory$flatten\logic_core.\boot.$auto$proc_rom.cc:155:do_switch$721$rdmux[0][4][3]$a$4639 [4] $memory$flatten\logic_core.\boot.$auto$proc_rom.cc:155:do_switch$721$rdmux[0][4][3]$a$4639 [1] 4'0000 $memory$flatten\logic_core.\boot.$auto$proc_rom.cc:155:do_switch$721$rdmux[0][4][3]$a$4639 [1] 1'0 }
    New ctrl vector for $pmux cell $flatten\logic_core.\boot.\writer.$procmux$1692: \logic_core.boot.writer.state [0]
    New ctrl vector for $pmux cell $flatten\logic_core.\boot.\writer.$procmux$1557: \logic_core.boot.writer.state [9]
    Consolidated identical input bits for $mux cell $memory$flatten\logic_core.\boot.$auto$proc_rom.cc:155:do_switch$721$rdmux[0][5][17]$4728:
      Old ports: A=14'11000100011000, B=14'01011100000010, Y=$memory$flatten\logic_core.\boot.$auto$proc_rom.cc:155:do_switch$721$rdmux[0][4][8]$b$4655
      New ports: A=2'10, B=2'01, Y={ $memory$flatten\logic_core.\boot.$auto$proc_rom.cc:155:do_switch$721$rdmux[0][4][8]$b$4655 [3] $memory$flatten\logic_core.\boot.$auto$proc_rom.cc:155:do_switch$721$rdmux[0][4][8]$b$4655 [1] }
      New connections: { $memory$flatten\logic_core.\boot.$auto$proc_rom.cc:155:do_switch$721$rdmux[0][4][8]$b$4655 [13:4] $memory$flatten\logic_core.\boot.$auto$proc_rom.cc:155:do_switch$721$rdmux[0][4][8]$b$4655 [2] $memory$flatten\logic_core.\boot.$auto$proc_rom.cc:155:do_switch$721$rdmux[0][4][8]$b$4655 [0] } = { $memory$flatten\logic_core.\boot.$auto$proc_rom.cc:155:do_switch$721$rdmux[0][4][8]$b$4655 [3] 2'10 $memory$flatten\logic_core.\boot.$auto$proc_rom.cc:155:do_switch$721$rdmux[0][4][8]$b$4655 [1] $memory$flatten\logic_core.\boot.$auto$proc_rom.cc:155:do_switch$721$rdmux[0][4][8]$b$4655 [1] 4'1000 $memory$flatten\logic_core.\boot.$auto$proc_rom.cc:155:do_switch$721$rdmux[0][4][8]$b$4655 [3] 2'00 }
    New ctrl vector for $pmux cell $flatten\logic_core.\boot.\writer.$procmux$1604: { $auto$opt_reduce.cc:137:opt_pmux$4774 \logic_core.boot.writer.state [7] }
    New ctrl vector for $pmux cell $flatten\logic_core.\boot.\power_sequence.$procmux$969: \logic_core.boot.power_sequence.state [2]
    New ctrl vector for $pmux cell $flatten\logic_core.\boot.\writer.$procmux$1783: { \logic_core.boot.writer.state [7] \logic_core.boot.writer.state [4] \logic_core.boot.writer.state [9] \logic_core.boot.writer.state [1] }
    New ctrl vector for $pmux cell $flatten\logic_core.\clocks.\restart.$procmux$1925: { \logic_core.clocks.restart.state [1] \logic_core.clocks.restart.state [2] }
    New ctrl vector for $pmux cell $flatten\logic_core.\clocks.\restart.$procmux$1976: { \logic_core.clocks.restart.state [1] \logic_core.clocks.restart.state [2] }
    New ctrl vector for $pmux cell $flatten\logic_core.\boot.\writer.$procmux$1831: $auto$opt_reduce.cc:137:opt_pmux$2800
    New input vector for $reduce_or cell $auto$opt_reduce.cc:131:opt_pmux$4773: { \logic_core.boot.writer.state [12] \logic_core.boot.writer.state [5] \logic_core.boot.writer.state [2] \logic_core.boot.writer.state [0] }
  Optimizing cells in module \amiga_board_top.
    Consolidated identical input bits for $mux cell $memory$flatten\logic_core.\boot.$auto$proc_rom.cc:155:do_switch$721$rdmux[0][4][8]$4653:
      Old ports: A=$memory$flatten\logic_core.\boot.$auto$proc_rom.cc:155:do_switch$721$rdmux[0][4][8]$a$4654, B=$memory$flatten\logic_core.\boot.$auto$proc_rom.cc:155:do_switch$721$rdmux[0][4][8]$b$4655, Y=$memory$flatten\logic_core.\boot.$auto$proc_rom.cc:155:do_switch$721$rdmux[0][3][4]$a$4618
      New ports: A={ 3'101 $memory$flatten\logic_core.\boot.$auto$proc_rom.cc:155:do_switch$721$rdmux[0][4][8]$a$4654 [8] $memory$flatten\logic_core.\boot.$auto$proc_rom.cc:155:do_switch$721$rdmux[0][4][8]$a$4654 [8] 1'0 $memory$flatten\logic_core.\boot.$auto$proc_rom.cc:155:do_switch$721$rdmux[0][4][8]$a$4654 [0] $memory$flatten\logic_core.\boot.$auto$proc_rom.cc:155:do_switch$721$rdmux[0][4][8]$a$4654 [0] }, B={ $memory$flatten\logic_core.\boot.$auto$proc_rom.cc:155:do_switch$721$rdmux[0][4][8]$b$4655 [3] 2'10 $memory$flatten\logic_core.\boot.$auto$proc_rom.cc:155:do_switch$721$rdmux[0][4][8]$b$4655 [1] 1'1 $memory$flatten\logic_core.\boot.$auto$proc_rom.cc:155:do_switch$721$rdmux[0][4][8]$b$4655 [3] $memory$flatten\logic_core.\boot.$auto$proc_rom.cc:155:do_switch$721$rdmux[0][4][8]$b$4655 [1] 1'0 }, Y={ $memory$flatten\logic_core.\boot.$auto$proc_rom.cc:155:do_switch$721$rdmux[0][3][4]$a$4618 [13:10] $memory$flatten\logic_core.\boot.$auto$proc_rom.cc:155:do_switch$721$rdmux[0][3][4]$a$4618 [8] $memory$flatten\logic_core.\boot.$auto$proc_rom.cc:155:do_switch$721$rdmux[0][3][4]$a$4618 [3] $memory$flatten\logic_core.\boot.$auto$proc_rom.cc:155:do_switch$721$rdmux[0][3][4]$a$4618 [1:0] }
      New connections: { $memory$flatten\logic_core.\boot.$auto$proc_rom.cc:155:do_switch$721$rdmux[0][3][4]$a$4618 [9] $memory$flatten\logic_core.\boot.$auto$proc_rom.cc:155:do_switch$721$rdmux[0][3][4]$a$4618 [7:4] $memory$flatten\logic_core.\boot.$auto$proc_rom.cc:155:do_switch$721$rdmux[0][3][4]$a$4618 [2] } = { $memory$flatten\logic_core.\boot.$auto$proc_rom.cc:155:do_switch$721$rdmux[0][3][4]$a$4618 [1] 3'000 $memory$flatten\logic_core.\boot.$auto$proc_rom.cc:155:do_switch$721$rdmux[0][3][4]$a$4618 [3] $memory$flatten\logic_core.\boot.$auto$proc_rom.cc:155:do_switch$721$rdmux[0][3][4]$a$4618 [0] }
    Consolidated identical input bits for $mux cell $memory$flatten\logic_core.\boot.$auto$proc_rom.cc:155:do_switch$721$rdmux[0][4][7]$4650:
      Old ports: A=$memory$flatten\logic_core.\boot.$auto$proc_rom.cc:155:do_switch$721$rdmux[0][4][7]$a$4651, B=$memory$flatten\logic_core.\boot.$auto$proc_rom.cc:155:do_switch$721$rdmux[0][4][7]$b$4652, Y=$memory$flatten\logic_core.\boot.$auto$proc_rom.cc:155:do_switch$721$rdmux[0][3][3]$b$4616
      New ports: A={ $memory$flatten\logic_core.\boot.$auto$proc_rom.cc:155:do_switch$721$rdmux[0][4][7]$a$4651 [13] $memory$flatten\logic_core.\boot.$auto$proc_rom.cc:155:do_switch$721$rdmux[0][4][7]$a$4651 [8] $memory$flatten\logic_core.\boot.$auto$proc_rom.cc:155:do_switch$721$rdmux[0][4][7]$a$4651 [8] $memory$flatten\logic_core.\boot.$auto$proc_rom.cc:155:do_switch$721$rdmux[0][4][7]$a$4651 [8] 3'010 }, B={ 1'1 $memory$flatten\logic_core.\boot.$auto$proc_rom.cc:155:do_switch$721$rdmux[0][4][7]$b$4652 [0] $memory$flatten\logic_core.\boot.$auto$proc_rom.cc:155:do_switch$721$rdmux[0][4][7]$b$4652 [7] 1'0 $memory$flatten\logic_core.\boot.$auto$proc_rom.cc:155:do_switch$721$rdmux[0][4][7]$b$4652 [7] $memory$flatten\logic_core.\boot.$auto$proc_rom.cc:155:do_switch$721$rdmux[0][4][7]$b$4652 [0] $memory$flatten\logic_core.\boot.$auto$proc_rom.cc:155:do_switch$721$rdmux[0][4][7]$b$4652 [0] }, Y={ $memory$flatten\logic_core.\boot.$auto$proc_rom.cc:155:do_switch$721$rdmux[0][3][3]$b$4616 [13] $memory$flatten\logic_core.\boot.$auto$proc_rom.cc:155:do_switch$721$rdmux[0][3][3]$b$4616 [11] $memory$flatten\logic_core.\boot.$auto$proc_rom.cc:155:do_switch$721$rdmux[0][3][3]$b$4616 [9:7] $memory$flatten\logic_core.\boot.$auto$proc_rom.cc:155:do_switch$721$rdmux[0][3][3]$b$4616 [4] $memory$flatten\logic_core.\boot.$auto$proc_rom.cc:155:do_switch$721$rdmux[0][3][3]$b$4616 [0] }
      New connections: { $memory$flatten\logic_core.\boot.$auto$proc_rom.cc:155:do_switch$721$rdmux[0][3][3]$b$4616 [12] $memory$flatten\logic_core.\boot.$auto$proc_rom.cc:155:do_switch$721$rdmux[0][3][3]$b$4616 [10] $memory$flatten\logic_core.\boot.$auto$proc_rom.cc:155:do_switch$721$rdmux[0][3][3]$b$4616 [6:5] $memory$flatten\logic_core.\boot.$auto$proc_rom.cc:155:do_switch$721$rdmux[0][3][3]$b$4616 [3:1] } = { $memory$flatten\logic_core.\boot.$auto$proc_rom.cc:155:do_switch$721$rdmux[0][3][3]$b$4616 [8] $memory$flatten\logic_core.\boot.$auto$proc_rom.cc:155:do_switch$721$rdmux[0][3][3]$b$4616 [9] 1'0 $memory$flatten\logic_core.\boot.$auto$proc_rom.cc:155:do_switch$721$rdmux[0][3][3]$b$4616 [0] 2'00 $memory$flatten\logic_core.\boot.$auto$proc_rom.cc:155:do_switch$721$rdmux[0][3][3]$b$4616 [0] }
    Consolidated identical input bits for $mux cell $memory$flatten\logic_core.\boot.$auto$proc_rom.cc:155:do_switch$721$rdmux[0][4][6]$4647:
      Old ports: A=$memory$flatten\logic_core.\boot.$auto$proc_rom.cc:155:do_switch$721$rdmux[0][4][6]$a$4648, B=$memory$flatten\logic_core.\boot.$auto$proc_rom.cc:155:do_switch$721$rdmux[0][4][6]$b$4649, Y=$memory$flatten\logic_core.\boot.$auto$proc_rom.cc:155:do_switch$721$rdmux[0][3][3]$a$4615
      New ports: A={ 1'0 $memory$flatten\logic_core.\boot.$auto$proc_rom.cc:155:do_switch$721$rdmux[0][4][6]$a$4648 [8] 2'10 }, B={ 1'1 $memory$flatten\logic_core.\boot.$auto$proc_rom.cc:155:do_switch$721$rdmux[0][4][6]$b$4649 [8] 1'0 $memory$flatten\logic_core.\boot.$auto$proc_rom.cc:155:do_switch$721$rdmux[0][4][6]$b$4649 [4] }, Y={ $memory$flatten\logic_core.\boot.$auto$proc_rom.cc:155:do_switch$721$rdmux[0][3][3]$a$4615 [12] $memory$flatten\logic_core.\boot.$auto$proc_rom.cc:155:do_switch$721$rdmux[0][3][3]$a$4615 [8:7] $memory$flatten\logic_core.\boot.$auto$proc_rom.cc:155:do_switch$721$rdmux[0][3][3]$a$4615 [4] }
      New connections: { $memory$flatten\logic_core.\boot.$auto$proc_rom.cc:155:do_switch$721$rdmux[0][3][3]$a$4615 [13] $memory$flatten\logic_core.\boot.$auto$proc_rom.cc:155:do_switch$721$rdmux[0][3][3]$a$4615 [11:9] $memory$flatten\logic_core.\boot.$auto$proc_rom.cc:155:do_switch$721$rdmux[0][3][3]$a$4615 [6:5] $memory$flatten\logic_core.\boot.$auto$proc_rom.cc:155:do_switch$721$rdmux[0][3][3]$a$4615 [3:0] } = { 3'011 $memory$flatten\logic_core.\boot.$auto$proc_rom.cc:155:do_switch$721$rdmux[0][3][3]$a$4615 [4] 6'000000 }
    Consolidated identical input bits for $mux cell $memory$flatten\logic_core.\boot.$auto$proc_rom.cc:155:do_switch$721$rdmux[0][4][5]$4644:
      Old ports: A=$memory$flatten\logic_core.\boot.$auto$proc_rom.cc:155:do_switch$721$rdmux[0][4][5]$a$4645, B=$memory$flatten\logic_core.\boot.$auto$proc_rom.cc:155:do_switch$721$rdmux[0][4][5]$b$4646, Y=$memory$flatten\logic_core.\boot.$auto$proc_rom.cc:155:do_switch$721$rdmux[0][3][2]$b$4613
      New ports: A={ 1'0 $memory$flatten\logic_core.\boot.$auto$proc_rom.cc:155:do_switch$721$rdmux[0][4][5]$a$4645 [8] 2'01 }, B={ 1'1 $memory$flatten\logic_core.\boot.$auto$proc_rom.cc:155:do_switch$721$rdmux[0][4][5]$b$4646 [7] $memory$flatten\logic_core.\boot.$auto$proc_rom.cc:155:do_switch$721$rdmux[0][4][5]$b$4646 [7] $memory$flatten\logic_core.\boot.$auto$proc_rom.cc:155:do_switch$721$rdmux[0][4][5]$b$4646 [0] }, Y={ $memory$flatten\logic_core.\boot.$auto$proc_rom.cc:155:do_switch$721$rdmux[0][3][2]$b$4613 [9:7] $memory$flatten\logic_core.\boot.$auto$proc_rom.cc:155:do_switch$721$rdmux[0][3][2]$b$4613 [0] }
      New connections: { $memory$flatten\logic_core.\boot.$auto$proc_rom.cc:155:do_switch$721$rdmux[0][3][2]$b$4613 [13:10] $memory$flatten\logic_core.\boot.$auto$proc_rom.cc:155:do_switch$721$rdmux[0][3][2]$b$4613 [6:1] } = { 6'001000 $memory$flatten\logic_core.\boot.$auto$proc_rom.cc:155:do_switch$721$rdmux[0][3][2]$b$4613 [0] $memory$flatten\logic_core.\boot.$auto$proc_rom.cc:155:do_switch$721$rdmux[0][3][2]$b$4613 [0] 2'00 }
    Consolidated identical input bits for $mux cell $memory$flatten\logic_core.\boot.$auto$proc_rom.cc:155:do_switch$721$rdmux[0][4][4]$4641:
      Old ports: A=$memory$flatten\logic_core.\boot.$auto$proc_rom.cc:155:do_switch$721$rdmux[0][4][4]$a$4642, B=$memory$flatten\logic_core.\boot.$auto$proc_rom.cc:155:do_switch$721$rdmux[0][4][4]$b$4643, Y=$memory$flatten\logic_core.\boot.$auto$proc_rom.cc:155:do_switch$721$rdmux[0][3][2]$a$4612
      New ports: A={ 1'1 $memory$flatten\logic_core.\boot.$auto$proc_rom.cc:155:do_switch$721$rdmux[0][4][4]$a$4642 [1] $memory$flatten\logic_core.\boot.$auto$proc_rom.cc:155:do_switch$721$rdmux[0][4][4]$a$4642 [1] 3'100 $memory$flatten\logic_core.\boot.$auto$proc_rom.cc:155:do_switch$721$rdmux[0][4][4]$a$4642 [2:1] }, B={ 2'01 $memory$flatten\logic_core.\boot.$auto$proc_rom.cc:155:do_switch$721$rdmux[0][4][4]$b$4643 [10] $memory$flatten\logic_core.\boot.$auto$proc_rom.cc:155:do_switch$721$rdmux[0][4][4]$b$4643 [7] $memory$flatten\logic_core.\boot.$auto$proc_rom.cc:155:do_switch$721$rdmux[0][4][4]$b$4643 [7] 3'100 }, Y={ $memory$flatten\logic_core.\boot.$auto$proc_rom.cc:155:do_switch$721$rdmux[0][3][2]$a$4612 [13:12] $memory$flatten\logic_core.\boot.$auto$proc_rom.cc:155:do_switch$721$rdmux[0][3][2]$a$4612 [10:9] $memory$flatten\logic_core.\boot.$auto$proc_rom.cc:155:do_switch$721$rdmux[0][3][2]$a$4612 [7] $memory$flatten\logic_core.\boot.$auto$proc_rom.cc:155:do_switch$721$rdmux[0][3][2]$a$4612 [3:1] }
      New connections: { $memory$flatten\logic_core.\boot.$auto$proc_rom.cc:155:do_switch$721$rdmux[0][3][2]$a$4612 [11] $memory$flatten\logic_core.\boot.$auto$proc_rom.cc:155:do_switch$721$rdmux[0][3][2]$a$4612 [8] $memory$flatten\logic_core.\boot.$auto$proc_rom.cc:155:do_switch$721$rdmux[0][3][2]$a$4612 [6:4] $memory$flatten\logic_core.\boot.$auto$proc_rom.cc:155:do_switch$721$rdmux[0][3][2]$a$4612 [0] } = { $memory$flatten\logic_core.\boot.$auto$proc_rom.cc:155:do_switch$721$rdmux[0][3][2]$a$4612 [3] $memory$flatten\logic_core.\boot.$auto$proc_rom.cc:155:do_switch$721$rdmux[0][3][2]$a$4612 [7] 4'0000 }
    Consolidated identical input bits for $mux cell $memory$flatten\logic_core.\boot.$auto$proc_rom.cc:155:do_switch$721$rdmux[0][4][3]$4638:
      Old ports: A=$memory$flatten\logic_core.\boot.$auto$proc_rom.cc:155:do_switch$721$rdmux[0][4][3]$a$4639, B=$memory$flatten\logic_core.\boot.$auto$proc_rom.cc:155:do_switch$721$rdmux[0][4][3]$b$4640, Y=$memory$flatten\logic_core.\boot.$auto$proc_rom.cc:155:do_switch$721$rdmux[0][3][1]$b$4610
      New ports: A={ 1'1 $memory$flatten\logic_core.\boot.$auto$proc_rom.cc:155:do_switch$721$rdmux[0][4][3]$a$4639 [4] $memory$flatten\logic_core.\boot.$auto$proc_rom.cc:155:do_switch$721$rdmux[0][4][3]$a$4639 [1] 1'0 $memory$flatten\logic_core.\boot.$auto$proc_rom.cc:155:do_switch$721$rdmux[0][4][3]$a$4639 [4] $memory$flatten\logic_core.\boot.$auto$proc_rom.cc:155:do_switch$721$rdmux[0][4][3]$a$4639 [1] $memory$flatten\logic_core.\boot.$auto$proc_rom.cc:155:do_switch$721$rdmux[0][4][3]$a$4639 [1] 1'0 }, B={ $memory$flatten\logic_core.\boot.$auto$proc_rom.cc:155:do_switch$721$rdmux[0][4][3]$b$4640 [7] $memory$flatten\logic_core.\boot.$auto$proc_rom.cc:155:do_switch$721$rdmux[0][4][3]$b$4640 [7] 1'1 $memory$flatten\logic_core.\boot.$auto$proc_rom.cc:155:do_switch$721$rdmux[0][4][3]$b$4640 [7] 1'0 $memory$flatten\logic_core.\boot.$auto$proc_rom.cc:155:do_switch$721$rdmux[0][4][3]$b$4640 [0] 1'0 $memory$flatten\logic_core.\boot.$auto$proc_rom.cc:155:do_switch$721$rdmux[0][4][3]$b$4640 [0] }, Y={ $memory$flatten\logic_core.\boot.$auto$proc_rom.cc:155:do_switch$721$rdmux[0][3][1]$b$4610 [10:7] $memory$flatten\logic_core.\boot.$auto$proc_rom.cc:155:do_switch$721$rdmux[0][3][1]$b$4610 [4] $memory$flatten\logic_core.\boot.$auto$proc_rom.cc:155:do_switch$721$rdmux[0][3][1]$b$4610 [2:0] }
      New connections: { $memory$flatten\logic_core.\boot.$auto$proc_rom.cc:155:do_switch$721$rdmux[0][3][1]$b$4610 [13:11] $memory$flatten\logic_core.\boot.$auto$proc_rom.cc:155:do_switch$721$rdmux[0][3][1]$b$4610 [6:5] $memory$flatten\logic_core.\boot.$auto$proc_rom.cc:155:do_switch$721$rdmux[0][3][1]$b$4610 [3] } = { $memory$flatten\logic_core.\boot.$auto$proc_rom.cc:155:do_switch$721$rdmux[0][3][1]$b$4610 [0] 4'0000 $memory$flatten\logic_core.\boot.$auto$proc_rom.cc:155:do_switch$721$rdmux[0][3][1]$b$4610 [0] }
    Consolidated identical input bits for $mux cell $memory$flatten\logic_core.\boot.$auto$proc_rom.cc:155:do_switch$721$rdmux[0][4][2]$4635:
      Old ports: A=$memory$flatten\logic_core.\boot.$auto$proc_rom.cc:155:do_switch$721$rdmux[0][4][2]$a$4636, B=$memory$flatten\logic_core.\boot.$auto$proc_rom.cc:155:do_switch$721$rdmux[0][4][2]$b$4637, Y=$memory$flatten\logic_core.\boot.$auto$proc_rom.cc:155:do_switch$721$rdmux[0][3][1]$a$4609
      New ports: A={ 1'0 $memory$flatten\logic_core.\boot.$auto$proc_rom.cc:155:do_switch$721$rdmux[0][4][2]$a$4636 [7] $memory$flatten\logic_core.\boot.$auto$proc_rom.cc:155:do_switch$721$rdmux[0][4][2]$a$4636 [7] $memory$flatten\logic_core.\boot.$auto$proc_rom.cc:155:do_switch$721$rdmux[0][4][2]$a$4636 [0] $memory$flatten\logic_core.\boot.$auto$proc_rom.cc:155:do_switch$721$rdmux[0][4][2]$a$4636 [0] }, B={ $memory$flatten\logic_core.\boot.$auto$proc_rom.cc:155:do_switch$721$rdmux[0][4][2]$b$4637 [10] $memory$flatten\logic_core.\boot.$auto$proc_rom.cc:155:do_switch$721$rdmux[0][4][2]$b$4637 [4] 1'0 $memory$flatten\logic_core.\boot.$auto$proc_rom.cc:155:do_switch$721$rdmux[0][4][2]$b$4637 [4] 1'0 }, Y={ $memory$flatten\logic_core.\boot.$auto$proc_rom.cc:155:do_switch$721$rdmux[0][3][1]$a$4609 [10:9] $memory$flatten\logic_core.\boot.$auto$proc_rom.cc:155:do_switch$721$rdmux[0][3][1]$a$4609 [7] $memory$flatten\logic_core.\boot.$auto$proc_rom.cc:155:do_switch$721$rdmux[0][3][1]$a$4609 [4] $memory$flatten\logic_core.\boot.$auto$proc_rom.cc:155:do_switch$721$rdmux[0][3][1]$a$4609 [0] }
      New connections: { $memory$flatten\logic_core.\boot.$auto$proc_rom.cc:155:do_switch$721$rdmux[0][3][1]$a$4609 [13:11] $memory$flatten\logic_core.\boot.$auto$proc_rom.cc:155:do_switch$721$rdmux[0][3][1]$a$4609 [8] $memory$flatten\logic_core.\boot.$auto$proc_rom.cc:155:do_switch$721$rdmux[0][3][1]$a$4609 [6:5] $memory$flatten\logic_core.\boot.$auto$proc_rom.cc:155:do_switch$721$rdmux[0][3][1]$a$4609 [3:1] } = { 3'000 $memory$flatten\logic_core.\boot.$auto$proc_rom.cc:155:do_switch$721$rdmux[0][3][1]$a$4609 [4] $memory$flatten\logic_core.\boot.$auto$proc_rom.cc:155:do_switch$721$rdmux[0][3][1]$a$4609 [0] $memory$flatten\logic_core.\boot.$auto$proc_rom.cc:155:do_switch$721$rdmux[0][3][1]$a$4609 [0] 3'000 }
    Consolidated identical input bits for $mux cell $memory$flatten\logic_core.\boot.$auto$proc_rom.cc:155:do_switch$721$rdmux[0][4][1]$4632:
      Old ports: A=$memory$flatten\logic_core.\boot.$auto$proc_rom.cc:155:do_switch$721$rdmux[0][4][1]$a$4633, B=$memory$flatten\logic_core.\boot.$auto$proc_rom.cc:155:do_switch$721$rdmux[0][4][1]$b$4634, Y=$memory$flatten\logic_core.\boot.$auto$proc_rom.cc:155:do_switch$721$rdmux[0][3][0]$b$4607
      New ports: A={ $memory$flatten\logic_core.\boot.$auto$proc_rom.cc:155:do_switch$721$rdmux[0][4][1]$a$4633 [4] $memory$flatten\logic_core.\boot.$auto$proc_rom.cc:155:do_switch$721$rdmux[0][4][1]$a$4633 [1] $memory$flatten\logic_core.\boot.$auto$proc_rom.cc:155:do_switch$721$rdmux[0][4][1]$a$4633 [1] $memory$flatten\logic_core.\boot.$auto$proc_rom.cc:155:do_switch$721$rdmux[0][4][1]$a$4633 [4] 1'1 $memory$flatten\logic_core.\boot.$auto$proc_rom.cc:155:do_switch$721$rdmux[0][4][1]$a$4633 [1] }, B={ 1'1 $memory$flatten\logic_core.\boot.$auto$proc_rom.cc:155:do_switch$721$rdmux[0][4][1]$b$4634 [11] $memory$flatten\logic_core.\boot.$auto$proc_rom.cc:155:do_switch$721$rdmux[0][4][1]$b$4634 [8] 3'000 }, Y={ $memory$flatten\logic_core.\boot.$auto$proc_rom.cc:155:do_switch$721$rdmux[0][3][0]$b$4607 [12:11] $memory$flatten\logic_core.\boot.$auto$proc_rom.cc:155:do_switch$721$rdmux[0][3][0]$b$4607 [8] $memory$flatten\logic_core.\boot.$auto$proc_rom.cc:155:do_switch$721$rdmux[0][3][0]$b$4607 [4:3] $memory$flatten\logic_core.\boot.$auto$proc_rom.cc:155:do_switch$721$rdmux[0][3][0]$b$4607 [1] }
      New connections: { $memory$flatten\logic_core.\boot.$auto$proc_rom.cc:155:do_switch$721$rdmux[0][3][0]$b$4607 [13] $memory$flatten\logic_core.\boot.$auto$proc_rom.cc:155:do_switch$721$rdmux[0][3][0]$b$4607 [10:9] $memory$flatten\logic_core.\boot.$auto$proc_rom.cc:155:do_switch$721$rdmux[0][3][0]$b$4607 [7:5] $memory$flatten\logic_core.\boot.$auto$proc_rom.cc:155:do_switch$721$rdmux[0][3][0]$b$4607 [2] $memory$flatten\logic_core.\boot.$auto$proc_rom.cc:155:do_switch$721$rdmux[0][3][0]$b$4607 [0] } = { 1'0 $memory$flatten\logic_core.\boot.$auto$proc_rom.cc:155:do_switch$721$rdmux[0][3][0]$b$4607 [8] $memory$flatten\logic_core.\boot.$auto$proc_rom.cc:155:do_switch$721$rdmux[0][3][0]$b$4607 [1] 1'0 $memory$flatten\logic_core.\boot.$auto$proc_rom.cc:155:do_switch$721$rdmux[0][3][0]$b$4607 [4] $memory$flatten\logic_core.\boot.$auto$proc_rom.cc:155:do_switch$721$rdmux[0][3][0]$b$4607 [1] $memory$flatten\logic_core.\boot.$auto$proc_rom.cc:155:do_switch$721$rdmux[0][3][0]$b$4607 [1] 1'0 }
    Consolidated identical input bits for $mux cell $memory$flatten\logic_core.\boot.$auto$proc_rom.cc:155:do_switch$721$rdmux[0][4][0]$4629:
      Old ports: A=$memory$flatten\logic_core.\boot.$auto$proc_rom.cc:155:do_switch$721$rdmux[0][4][0]$a$4630, B=$memory$flatten\logic_core.\boot.$auto$proc_rom.cc:155:do_switch$721$rdmux[0][4][0]$b$4631, Y=$memory$flatten\logic_core.\boot.$auto$proc_rom.cc:155:do_switch$721$rdmux[0][3][0]$a$4606
      New ports: A={ 1'1 $memory$flatten\logic_core.\boot.$auto$proc_rom.cc:155:do_switch$721$rdmux[0][4][0]$a$4630 [11] $memory$flatten\logic_core.\boot.$auto$proc_rom.cc:155:do_switch$721$rdmux[0][4][0]$a$4630 [0] 3'100 $memory$flatten\logic_core.\boot.$auto$proc_rom.cc:155:do_switch$721$rdmux[0][4][0]$a$4630 [0] $memory$flatten\logic_core.\boot.$auto$proc_rom.cc:155:do_switch$721$rdmux[0][4][0]$a$4630 [0] }, B={ $memory$flatten\logic_core.\boot.$auto$proc_rom.cc:155:do_switch$721$rdmux[0][4][0]$b$4631 [3] 1'1 $memory$flatten\logic_core.\boot.$auto$proc_rom.cc:155:do_switch$721$rdmux[0][4][0]$b$4631 [4] 1'0 $memory$flatten\logic_core.\boot.$auto$proc_rom.cc:155:do_switch$721$rdmux[0][4][0]$b$4631 [4:3] 2'10 }, Y={ $memory$flatten\logic_core.\boot.$auto$proc_rom.cc:155:do_switch$721$rdmux[0][3][0]$a$4606 [12:10] $memory$flatten\logic_core.\boot.$auto$proc_rom.cc:155:do_switch$721$rdmux[0][3][0]$a$4606 [8] $memory$flatten\logic_core.\boot.$auto$proc_rom.cc:155:do_switch$721$rdmux[0][3][0]$a$4606 [4:3] $memory$flatten\logic_core.\boot.$auto$proc_rom.cc:155:do_switch$721$rdmux[0][3][0]$a$4606 [1:0] }
      New connections: { $memory$flatten\logic_core.\boot.$auto$proc_rom.cc:155:do_switch$721$rdmux[0][3][0]$a$4606 [13] $memory$flatten\logic_core.\boot.$auto$proc_rom.cc:155:do_switch$721$rdmux[0][3][0]$a$4606 [9] $memory$flatten\logic_core.\boot.$auto$proc_rom.cc:155:do_switch$721$rdmux[0][3][0]$a$4606 [7:5] $memory$flatten\logic_core.\boot.$auto$proc_rom.cc:155:do_switch$721$rdmux[0][3][0]$a$4606 [2] } = { 1'0 $memory$flatten\logic_core.\boot.$auto$proc_rom.cc:155:do_switch$721$rdmux[0][3][0]$a$4606 [1] $memory$flatten\logic_core.\boot.$auto$proc_rom.cc:155:do_switch$721$rdmux[0][3][0]$a$4606 [3] $memory$flatten\logic_core.\boot.$auto$proc_rom.cc:155:do_switch$721$rdmux[0][3][0]$a$4606 [3] 2'00 }
  Optimizing cells in module \amiga_board_top.
    Consolidated identical input bits for $mux cell $memory$flatten\logic_core.\boot.$auto$proc_rom.cc:155:do_switch$721$rdmux[0][3][4]$4617:
      Old ports: A=$memory$flatten\logic_core.\boot.$auto$proc_rom.cc:155:do_switch$721$rdmux[0][3][4]$a$4618, B=14'01011100000011, Y=$memory$flatten\logic_core.\boot.$auto$proc_rom.cc:155:do_switch$721$rdmux[0][2][2]$a$4600
      New ports: A={ $memory$flatten\logic_core.\boot.$auto$proc_rom.cc:155:do_switch$721$rdmux[0][3][4]$a$4618 [13:10] $memory$flatten\logic_core.\boot.$auto$proc_rom.cc:155:do_switch$721$rdmux[0][3][4]$a$4618 [8] $memory$flatten\logic_core.\boot.$auto$proc_rom.cc:155:do_switch$721$rdmux[0][3][4]$a$4618 [3] $memory$flatten\logic_core.\boot.$auto$proc_rom.cc:155:do_switch$721$rdmux[0][3][4]$a$4618 [0] $memory$flatten\logic_core.\boot.$auto$proc_rom.cc:155:do_switch$721$rdmux[0][3][4]$a$4618 [1:0] }, B=9'010110011, Y={ $memory$flatten\logic_core.\boot.$auto$proc_rom.cc:155:do_switch$721$rdmux[0][2][2]$a$4600 [13:10] $memory$flatten\logic_core.\boot.$auto$proc_rom.cc:155:do_switch$721$rdmux[0][2][2]$a$4600 [8] $memory$flatten\logic_core.\boot.$auto$proc_rom.cc:155:do_switch$721$rdmux[0][2][2]$a$4600 [3:0] }
      New connections: { $memory$flatten\logic_core.\boot.$auto$proc_rom.cc:155:do_switch$721$rdmux[0][2][2]$a$4600 [9] $memory$flatten\logic_core.\boot.$auto$proc_rom.cc:155:do_switch$721$rdmux[0][2][2]$a$4600 [7:4] } = { $memory$flatten\logic_core.\boot.$auto$proc_rom.cc:155:do_switch$721$rdmux[0][2][2]$a$4600 [1] 3'000 $memory$flatten\logic_core.\boot.$auto$proc_rom.cc:155:do_switch$721$rdmux[0][2][2]$a$4600 [3] }
    Consolidated identical input bits for $mux cell $memory$flatten\logic_core.\boot.$auto$proc_rom.cc:155:do_switch$721$rdmux[0][3][3]$4614:
      Old ports: A=$memory$flatten\logic_core.\boot.$auto$proc_rom.cc:155:do_switch$721$rdmux[0][3][3]$a$4615, B=$memory$flatten\logic_core.\boot.$auto$proc_rom.cc:155:do_switch$721$rdmux[0][3][3]$b$4616, Y=$memory$flatten\logic_core.\boot.$auto$proc_rom.cc:155:do_switch$721$rdmux[0][2][1]$b$4598
      New ports: A={ 1'0 $memory$flatten\logic_core.\boot.$auto$proc_rom.cc:155:do_switch$721$rdmux[0][3][3]$a$4615 [12] 2'11 $memory$flatten\logic_core.\boot.$auto$proc_rom.cc:155:do_switch$721$rdmux[0][3][3]$a$4615 [4] $memory$flatten\logic_core.\boot.$auto$proc_rom.cc:155:do_switch$721$rdmux[0][3][3]$a$4615 [8:7] $memory$flatten\logic_core.\boot.$auto$proc_rom.cc:155:do_switch$721$rdmux[0][3][3]$a$4615 [4] 1'0 }, B={ $memory$flatten\logic_core.\boot.$auto$proc_rom.cc:155:do_switch$721$rdmux[0][3][3]$b$4616 [13] $memory$flatten\logic_core.\boot.$auto$proc_rom.cc:155:do_switch$721$rdmux[0][3][3]$b$4616 [8] $memory$flatten\logic_core.\boot.$auto$proc_rom.cc:155:do_switch$721$rdmux[0][3][3]$b$4616 [11] $memory$flatten\logic_core.\boot.$auto$proc_rom.cc:155:do_switch$721$rdmux[0][3][3]$b$4616 [9] $memory$flatten\logic_core.\boot.$auto$proc_rom.cc:155:do_switch$721$rdmux[0][3][3]$b$4616 [9:7] $memory$flatten\logic_core.\boot.$auto$proc_rom.cc:155:do_switch$721$rdmux[0][3][3]$b$4616 [4] $memory$flatten\logic_core.\boot.$auto$proc_rom.cc:155:do_switch$721$rdmux[0][3][3]$b$4616 [0] }, Y={ $memory$flatten\logic_core.\boot.$auto$proc_rom.cc:155:do_switch$721$rdmux[0][2][1]$b$4598 [13:7] $memory$flatten\logic_core.\boot.$auto$proc_rom.cc:155:do_switch$721$rdmux[0][2][1]$b$4598 [4] $memory$flatten\logic_core.\boot.$auto$proc_rom.cc:155:do_switch$721$rdmux[0][2][1]$b$4598 [0] }
      New connections: { $memory$flatten\logic_core.\boot.$auto$proc_rom.cc:155:do_switch$721$rdmux[0][2][1]$b$4598 [6:5] $memory$flatten\logic_core.\boot.$auto$proc_rom.cc:155:do_switch$721$rdmux[0][2][1]$b$4598 [3:1] } = { 1'0 $memory$flatten\logic_core.\boot.$auto$proc_rom.cc:155:do_switch$721$rdmux[0][2][1]$b$4598 [0] 2'00 $memory$flatten\logic_core.\boot.$auto$proc_rom.cc:155:do_switch$721$rdmux[0][2][1]$b$4598 [0] }
    Consolidated identical input bits for $mux cell $memory$flatten\logic_core.\boot.$auto$proc_rom.cc:155:do_switch$721$rdmux[0][3][2]$4611:
      Old ports: A=$memory$flatten\logic_core.\boot.$auto$proc_rom.cc:155:do_switch$721$rdmux[0][3][2]$a$4612, B=$memory$flatten\logic_core.\boot.$auto$proc_rom.cc:155:do_switch$721$rdmux[0][3][2]$b$4613, Y=$memory$flatten\logic_core.\boot.$auto$proc_rom.cc:155:do_switch$721$rdmux[0][2][1]$a$4597
      New ports: A={ $memory$flatten\logic_core.\boot.$auto$proc_rom.cc:155:do_switch$721$rdmux[0][3][2]$a$4612 [13:12] $memory$flatten\logic_core.\boot.$auto$proc_rom.cc:155:do_switch$721$rdmux[0][3][2]$a$4612 [3] $memory$flatten\logic_core.\boot.$auto$proc_rom.cc:155:do_switch$721$rdmux[0][3][2]$a$4612 [10:9] $memory$flatten\logic_core.\boot.$auto$proc_rom.cc:155:do_switch$721$rdmux[0][3][2]$a$4612 [7] $memory$flatten\logic_core.\boot.$auto$proc_rom.cc:155:do_switch$721$rdmux[0][3][2]$a$4612 [7] $memory$flatten\logic_core.\boot.$auto$proc_rom.cc:155:do_switch$721$rdmux[0][3][2]$a$4612 [3:1] 1'0 }, B={ 4'0010 $memory$flatten\logic_core.\boot.$auto$proc_rom.cc:155:do_switch$721$rdmux[0][3][2]$b$4613 [9:7] $memory$flatten\logic_core.\boot.$auto$proc_rom.cc:155:do_switch$721$rdmux[0][3][2]$b$4613 [0] 2'00 $memory$flatten\logic_core.\boot.$auto$proc_rom.cc:155:do_switch$721$rdmux[0][3][2]$b$4613 [0] }, Y={ $memory$flatten\logic_core.\boot.$auto$proc_rom.cc:155:do_switch$721$rdmux[0][2][1]$a$4597 [13:7] $memory$flatten\logic_core.\boot.$auto$proc_rom.cc:155:do_switch$721$rdmux[0][2][1]$a$4597 [3:0] }
      New connections: $memory$flatten\logic_core.\boot.$auto$proc_rom.cc:155:do_switch$721$rdmux[0][2][1]$a$4597 [6:4] = { 2'00 $memory$flatten\logic_core.\boot.$auto$proc_rom.cc:155:do_switch$721$rdmux[0][2][1]$a$4597 [0] }
    Consolidated identical input bits for $mux cell $memory$flatten\logic_core.\boot.$auto$proc_rom.cc:155:do_switch$721$rdmux[0][3][1]$4608:
      Old ports: A=$memory$flatten\logic_core.\boot.$auto$proc_rom.cc:155:do_switch$721$rdmux[0][3][1]$a$4609, B=$memory$flatten\logic_core.\boot.$auto$proc_rom.cc:155:do_switch$721$rdmux[0][3][1]$b$4610, Y=$memory$flatten\logic_core.\boot.$auto$proc_rom.cc:155:do_switch$721$rdmux[0][2][0]$b$4595
      New ports: A={ $memory$flatten\logic_core.\boot.$auto$proc_rom.cc:155:do_switch$721$rdmux[0][3][1]$a$4609 [10:9] $memory$flatten\logic_core.\boot.$auto$proc_rom.cc:155:do_switch$721$rdmux[0][3][1]$a$4609 [4] $memory$flatten\logic_core.\boot.$auto$proc_rom.cc:155:do_switch$721$rdmux[0][3][1]$a$4609 [7] $memory$flatten\logic_core.\boot.$auto$proc_rom.cc:155:do_switch$721$rdmux[0][3][1]$a$4609 [0] $memory$flatten\logic_core.\boot.$auto$proc_rom.cc:155:do_switch$721$rdmux[0][3][1]$a$4609 [4] 3'000 $memory$flatten\logic_core.\boot.$auto$proc_rom.cc:155:do_switch$721$rdmux[0][3][1]$a$4609 [0] }, B={ $memory$flatten\logic_core.\boot.$auto$proc_rom.cc:155:do_switch$721$rdmux[0][3][1]$b$4610 [10:7] 1'0 $memory$flatten\logic_core.\boot.$auto$proc_rom.cc:155:do_switch$721$rdmux[0][3][1]$b$4610 [4] $memory$flatten\logic_core.\boot.$auto$proc_rom.cc:155:do_switch$721$rdmux[0][3][1]$b$4610 [0] $memory$flatten\logic_core.\boot.$auto$proc_rom.cc:155:do_switch$721$rdmux[0][3][1]$b$4610 [2:0] }, Y={ $memory$flatten\logic_core.\boot.$auto$proc_rom.cc:155:do_switch$721$rdmux[0][2][0]$b$4595 [10:7] $memory$flatten\logic_core.\boot.$auto$proc_rom.cc:155:do_switch$721$rdmux[0][2][0]$b$4595 [5:0] }
      New connections: { $memory$flatten\logic_core.\boot.$auto$proc_rom.cc:155:do_switch$721$rdmux[0][2][0]$b$4595 [13:11] $memory$flatten\logic_core.\boot.$auto$proc_rom.cc:155:do_switch$721$rdmux[0][2][0]$b$4595 [6] } = { $memory$flatten\logic_core.\boot.$auto$proc_rom.cc:155:do_switch$721$rdmux[0][2][0]$b$4595 [3] 2'00 $memory$flatten\logic_core.\boot.$auto$proc_rom.cc:155:do_switch$721$rdmux[0][2][0]$b$4595 [5] }
    Consolidated identical input bits for $mux cell $memory$flatten\logic_core.\boot.$auto$proc_rom.cc:155:do_switch$721$rdmux[0][3][0]$4605:
      Old ports: A=$memory$flatten\logic_core.\boot.$auto$proc_rom.cc:155:do_switch$721$rdmux[0][3][0]$a$4606, B=$memory$flatten\logic_core.\boot.$auto$proc_rom.cc:155:do_switch$721$rdmux[0][3][0]$b$4607, Y=$memory$flatten\logic_core.\boot.$auto$proc_rom.cc:155:do_switch$721$rdmux[0][2][0]$a$4594
      New ports: A={ $memory$flatten\logic_core.\boot.$auto$proc_rom.cc:155:do_switch$721$rdmux[0][3][0]$a$4606 [12:10] $memory$flatten\logic_core.\boot.$auto$proc_rom.cc:155:do_switch$721$rdmux[0][3][0]$a$4606 [8] $memory$flatten\logic_core.\boot.$auto$proc_rom.cc:155:do_switch$721$rdmux[0][3][0]$a$4606 [3] $memory$flatten\logic_core.\boot.$auto$proc_rom.cc:155:do_switch$721$rdmux[0][3][0]$a$4606 [3] $memory$flatten\logic_core.\boot.$auto$proc_rom.cc:155:do_switch$721$rdmux[0][3][0]$a$4606 [4:3] 1'0 $memory$flatten\logic_core.\boot.$auto$proc_rom.cc:155:do_switch$721$rdmux[0][3][0]$a$4606 [1:0] }, B={ $memory$flatten\logic_core.\boot.$auto$proc_rom.cc:155:do_switch$721$rdmux[0][3][0]$b$4607 [12:11] $memory$flatten\logic_core.\boot.$auto$proc_rom.cc:155:do_switch$721$rdmux[0][3][0]$b$4607 [8] $memory$flatten\logic_core.\boot.$auto$proc_rom.cc:155:do_switch$721$rdmux[0][3][0]$b$4607 [8] 1'0 $memory$flatten\logic_core.\boot.$auto$proc_rom.cc:155:do_switch$721$rdmux[0][3][0]$b$4607 [4] $memory$flatten\logic_core.\boot.$auto$proc_rom.cc:155:do_switch$721$rdmux[0][3][0]$b$4607 [4:3] $memory$flatten\logic_core.\boot.$auto$proc_rom.cc:155:do_switch$721$rdmux[0][3][0]$b$4607 [1] $memory$flatten\logic_core.\boot.$auto$proc_rom.cc:155:do_switch$721$rdmux[0][3][0]$b$4607 [1] 1'0 }, Y={ $memory$flatten\logic_core.\boot.$auto$proc_rom.cc:155:do_switch$721$rdmux[0][2][0]$a$4594 [12:10] $memory$flatten\logic_core.\boot.$auto$proc_rom.cc:155:do_switch$721$rdmux[0][2][0]$a$4594 [8:6] $memory$flatten\logic_core.\boot.$auto$proc_rom.cc:155:do_switch$721$rdmux[0][2][0]$a$4594 [4:0] }
      New connections: { $memory$flatten\logic_core.\boot.$auto$proc_rom.cc:155:do_switch$721$rdmux[0][2][0]$a$4594 [13] $memory$flatten\logic_core.\boot.$auto$proc_rom.cc:155:do_switch$721$rdmux[0][2][0]$a$4594 [9] $memory$flatten\logic_core.\boot.$auto$proc_rom.cc:155:do_switch$721$rdmux[0][2][0]$a$4594 [5] } = { 1'0 $memory$flatten\logic_core.\boot.$auto$proc_rom.cc:155:do_switch$721$rdmux[0][2][0]$a$4594 [1] $memory$flatten\logic_core.\boot.$auto$proc_rom.cc:155:do_switch$721$rdmux[0][2][0]$a$4594 [2] }
  Optimizing cells in module \amiga_board_top.
    Consolidated identical input bits for $mux cell $memory$flatten\logic_core.\boot.$auto$proc_rom.cc:155:do_switch$721$rdmux[0][2][2]$4599:
      Old ports: A=$memory$flatten\logic_core.\boot.$auto$proc_rom.cc:155:do_switch$721$rdmux[0][2][2]$a$4600, B=14'01011100000011, Y=$memory$flatten\logic_core.\boot.$auto$proc_rom.cc:155:do_switch$721$rdmux[0][1][1]$a$4591
      New ports: A={ $memory$flatten\logic_core.\boot.$auto$proc_rom.cc:155:do_switch$721$rdmux[0][2][2]$a$4600 [13:10] $memory$flatten\logic_core.\boot.$auto$proc_rom.cc:155:do_switch$721$rdmux[0][2][2]$a$4600 [8] $memory$flatten\logic_core.\boot.$auto$proc_rom.cc:155:do_switch$721$rdmux[0][2][2]$a$4600 [3:0] }, B=9'010110011, Y={ $memory$flatten\logic_core.\boot.$auto$proc_rom.cc:155:do_switch$721$rdmux[0][1][1]$a$4591 [13:10] $memory$flatten\logic_core.\boot.$auto$proc_rom.cc:155:do_switch$721$rdmux[0][1][1]$a$4591 [8] $memory$flatten\logic_core.\boot.$auto$proc_rom.cc:155:do_switch$721$rdmux[0][1][1]$a$4591 [3:0] }
      New connections: { $memory$flatten\logic_core.\boot.$auto$proc_rom.cc:155:do_switch$721$rdmux[0][1][1]$a$4591 [9] $memory$flatten\logic_core.\boot.$auto$proc_rom.cc:155:do_switch$721$rdmux[0][1][1]$a$4591 [7:4] } = { $memory$flatten\logic_core.\boot.$auto$proc_rom.cc:155:do_switch$721$rdmux[0][1][1]$a$4591 [1] 3'000 $memory$flatten\logic_core.\boot.$auto$proc_rom.cc:155:do_switch$721$rdmux[0][1][1]$a$4591 [3] }
    Consolidated identical input bits for $mux cell $memory$flatten\logic_core.\boot.$auto$proc_rom.cc:155:do_switch$721$rdmux[0][2][1]$4596:
      Old ports: A=$memory$flatten\logic_core.\boot.$auto$proc_rom.cc:155:do_switch$721$rdmux[0][2][1]$a$4597, B=$memory$flatten\logic_core.\boot.$auto$proc_rom.cc:155:do_switch$721$rdmux[0][2][1]$b$4598, Y=$memory$flatten\logic_core.\boot.$auto$proc_rom.cc:155:do_switch$721$rdmux[0][1][0]$b$4589
      New ports: A={ $memory$flatten\logic_core.\boot.$auto$proc_rom.cc:155:do_switch$721$rdmux[0][2][1]$a$4597 [13:7] 1'0 $memory$flatten\logic_core.\boot.$auto$proc_rom.cc:155:do_switch$721$rdmux[0][2][1]$a$4597 [0] $memory$flatten\logic_core.\boot.$auto$proc_rom.cc:155:do_switch$721$rdmux[0][2][1]$a$4597 [3:0] }, B={ $memory$flatten\logic_core.\boot.$auto$proc_rom.cc:155:do_switch$721$rdmux[0][2][1]$b$4598 [13:7] $memory$flatten\logic_core.\boot.$auto$proc_rom.cc:155:do_switch$721$rdmux[0][2][1]$b$4598 [0] $memory$flatten\logic_core.\boot.$auto$proc_rom.cc:155:do_switch$721$rdmux[0][2][1]$b$4598 [4] 2'00 $memory$flatten\logic_core.\boot.$auto$proc_rom.cc:155:do_switch$721$rdmux[0][2][1]$b$4598 [0] $memory$flatten\logic_core.\boot.$auto$proc_rom.cc:155:do_switch$721$rdmux[0][2][1]$b$4598 [0] }, Y={ $memory$flatten\logic_core.\boot.$auto$proc_rom.cc:155:do_switch$721$rdmux[0][1][0]$b$4589 [13:7] $memory$flatten\logic_core.\boot.$auto$proc_rom.cc:155:do_switch$721$rdmux[0][1][0]$b$4589 [5:0] }
      New connections: $memory$flatten\logic_core.\boot.$auto$proc_rom.cc:155:do_switch$721$rdmux[0][1][0]$b$4589 [6] = 1'0
  Optimizing cells in module \amiga_board_top.
    Consolidated identical input bits for $mux cell $memory$flatten\logic_core.\boot.$auto$proc_rom.cc:155:do_switch$721$rdmux[0][1][1]$4590:
      Old ports: A=$memory$flatten\logic_core.\boot.$auto$proc_rom.cc:155:do_switch$721$rdmux[0][1][1]$a$4591, B=14'01011100000011, Y=$memory$flatten\logic_core.\boot.$auto$proc_rom.cc:155:do_switch$721$rdmux[0][0][0]$b$4586
      New ports: A={ $memory$flatten\logic_core.\boot.$auto$proc_rom.cc:155:do_switch$721$rdmux[0][1][1]$a$4591 [13:10] $memory$flatten\logic_core.\boot.$auto$proc_rom.cc:155:do_switch$721$rdmux[0][1][1]$a$4591 [8] $memory$flatten\logic_core.\boot.$auto$proc_rom.cc:155:do_switch$721$rdmux[0][1][1]$a$4591 [3:0] }, B=9'010110011, Y={ $memory$flatten\logic_core.\boot.$auto$proc_rom.cc:155:do_switch$721$rdmux[0][0][0]$b$4586 [13:10] $memory$flatten\logic_core.\boot.$auto$proc_rom.cc:155:do_switch$721$rdmux[0][0][0]$b$4586 [8] $memory$flatten\logic_core.\boot.$auto$proc_rom.cc:155:do_switch$721$rdmux[0][0][0]$b$4586 [3:0] }
      New connections: { $memory$flatten\logic_core.\boot.$auto$proc_rom.cc:155:do_switch$721$rdmux[0][0][0]$b$4586 [9] $memory$flatten\logic_core.\boot.$auto$proc_rom.cc:155:do_switch$721$rdmux[0][0][0]$b$4586 [7:4] } = { $memory$flatten\logic_core.\boot.$auto$proc_rom.cc:155:do_switch$721$rdmux[0][0][0]$b$4586 [1] 3'000 $memory$flatten\logic_core.\boot.$auto$proc_rom.cc:155:do_switch$721$rdmux[0][0][0]$b$4586 [3] }
  Optimizing cells in module \amiga_board_top.
Performed a total of 44 changes.

18.33.5. Executing OPT_MERGE pass (detect identical cells).
Finding identical cells in module `\amiga_board_top'.
Computing hashes of 906 cells of `\amiga_board_top'.
Finding duplicate cells in `\amiga_board_top'.
Computing hashes of 891 cells of `\amiga_board_top'.
Finding duplicate cells in `\amiga_board_top'.
<suppressed ~45 debug messages>
Removed a total of 15 cells.

18.33.6. Executing OPT_DFF pass (perform DFF optimizations).

18.33.7. Executing OPT_CLEAN pass (remove unused cells and wires).
Finding unused cells or wires in module \amiga_board_top..
Removed 0 unused cells and 104 unused wires.
<suppressed ~1 debug messages>

18.33.8. Executing OPT_EXPR pass (perform const folding).
Optimizing module amiga_board_top.

18.33.9. Rerunning OPT passes. (Maybe there is more to do..)

18.33.10. Executing OPT_MUXTREE pass (detect dead branches in mux trees).
Running muxtree optimizer on module \amiga_board_top..
  Creating internal representation of mux trees.
  Evaluating internal representation of mux trees.
  Analyzing evaluation results.
Removed 0 multiplexer ports.
<suppressed ~240 debug messages>

18.33.11. Executing OPT_REDUCE pass (consolidate $*mux and $reduce_* inputs).
  Optimizing cells in module \amiga_board_top.
    Consolidated identical input bits for $mux cell $memory$flatten\logic_core.\boot.$auto$proc_rom.cc:155:do_switch$721$rdmux[0][4][2]$4635:
      Old ports: A={ 1'0 $memory$flatten\logic_core.\boot.$auto$proc_rom.cc:155:do_switch$721$rdmux[0][4][0]$a$4630 [11] $memory$flatten\logic_core.\boot.$auto$proc_rom.cc:155:do_switch$721$rdmux[0][4][0]$a$4630 [11] $memory$flatten\logic_core.\boot.$auto$proc_rom.cc:155:do_switch$721$rdmux[0][4][0]$a$4630 [0] $memory$flatten\logic_core.\boot.$auto$proc_rom.cc:155:do_switch$721$rdmux[0][4][0]$a$4630 [0] }, B={ $memory$flatten\logic_core.\boot.$auto$proc_rom.cc:155:do_switch$721$rdmux[0][4][0]$a$4630 [11] $memory$flatten\logic_core.\boot.$auto$proc_rom.cc:155:do_switch$721$rdmux[0][4][0]$a$4630 [0] 1'0 $memory$flatten\logic_core.\boot.$auto$proc_rom.cc:155:do_switch$721$rdmux[0][4][0]$a$4630 [0] 1'0 }, Y={ $memory$flatten\logic_core.\boot.$auto$proc_rom.cc:155:do_switch$721$rdmux[0][3][1]$a$4609 [10:9] $memory$flatten\logic_core.\boot.$auto$proc_rom.cc:155:do_switch$721$rdmux[0][3][1]$a$4609 [7] $memory$flatten\logic_core.\boot.$auto$proc_rom.cc:155:do_switch$721$rdmux[0][3][1]$a$4609 [4] $memory$flatten\logic_core.\boot.$auto$proc_rom.cc:155:do_switch$721$rdmux[0][3][1]$a$4609 [0] }
      New ports: A={ 1'0 $memory$flatten\logic_core.\boot.$auto$proc_rom.cc:155:do_switch$721$rdmux[0][4][0]$a$4630 [11] $memory$flatten\logic_core.\boot.$auto$proc_rom.cc:155:do_switch$721$rdmux[0][4][0]$a$4630 [11] $memory$flatten\logic_core.\boot.$auto$proc_rom.cc:155:do_switch$721$rdmux[0][4][0]$a$4630 [0] }, B={ $memory$flatten\logic_core.\boot.$auto$proc_rom.cc:155:do_switch$721$rdmux[0][4][0]$a$4630 [11] $memory$flatten\logic_core.\boot.$auto$proc_rom.cc:155:do_switch$721$rdmux[0][4][0]$a$4630 [0] 2'00 }, Y={ $memory$flatten\logic_core.\boot.$auto$proc_rom.cc:155:do_switch$721$rdmux[0][3][1]$a$4609 [10:9] $memory$flatten\logic_core.\boot.$auto$proc_rom.cc:155:do_switch$721$rdmux[0][3][1]$a$4609 [7] $memory$flatten\logic_core.\boot.$auto$proc_rom.cc:155:do_switch$721$rdmux[0][3][1]$a$4609 [0] }
      New connections: $memory$flatten\logic_core.\boot.$auto$proc_rom.cc:155:do_switch$721$rdmux[0][3][1]$a$4609 [4] = $memory$flatten\logic_core.\boot.$auto$proc_rom.cc:155:do_switch$721$rdmux[0][4][0]$a$4630 [0]
    Consolidated identical input bits for $mux cell $memory$flatten\logic_core.\boot.$auto$proc_rom.cc:155:do_switch$721$rdmux[0][4][1]$4632:
      Old ports: A={ $memory$flatten\logic_core.\boot.$auto$proc_rom.cc:155:do_switch$721$rdmux[0][4][0]$a$4630 [11] $memory$flatten\logic_core.\boot.$auto$proc_rom.cc:155:do_switch$721$rdmux[0][4][0]$a$4630 [0] $memory$flatten\logic_core.\boot.$auto$proc_rom.cc:155:do_switch$721$rdmux[0][4][0]$a$4630 [0] $memory$flatten\logic_core.\boot.$auto$proc_rom.cc:155:do_switch$721$rdmux[0][4][0]$a$4630 [11] 1'1 $memory$flatten\logic_core.\boot.$auto$proc_rom.cc:155:do_switch$721$rdmux[0][4][0]$a$4630 [0] }, B={ 1'1 $memory$flatten\logic_core.\boot.$auto$proc_rom.cc:155:do_switch$721$rdmux[0][4][0]$a$4630 [11] $memory$flatten\logic_core.\boot.$auto$proc_rom.cc:155:do_switch$721$rdmux[0][4][0]$a$4630 [0] 3'000 }, Y={ $memory$flatten\logic_core.\boot.$auto$proc_rom.cc:155:do_switch$721$rdmux[0][3][0]$b$4607 [12:11] $memory$flatten\logic_core.\boot.$auto$proc_rom.cc:155:do_switch$721$rdmux[0][3][0]$b$4607 [8] $memory$flatten\logic_core.\boot.$auto$proc_rom.cc:155:do_switch$721$rdmux[0][3][0]$b$4607 [4:3] $memory$flatten\logic_core.\boot.$auto$proc_rom.cc:155:do_switch$721$rdmux[0][3][0]$b$4607 [1] }
      New ports: A={ $memory$flatten\logic_core.\boot.$auto$proc_rom.cc:155:do_switch$721$rdmux[0][4][0]$a$4630 [11] $memory$flatten\logic_core.\boot.$auto$proc_rom.cc:155:do_switch$721$rdmux[0][4][0]$a$4630 [0] $memory$flatten\logic_core.\boot.$auto$proc_rom.cc:155:do_switch$721$rdmux[0][4][0]$a$4630 [11] 1'1 $memory$flatten\logic_core.\boot.$auto$proc_rom.cc:155:do_switch$721$rdmux[0][4][0]$a$4630 [0] }, B={ 1'1 $memory$flatten\logic_core.\boot.$auto$proc_rom.cc:155:do_switch$721$rdmux[0][4][0]$a$4630 [11] 3'000 }, Y={ $memory$flatten\logic_core.\boot.$auto$proc_rom.cc:155:do_switch$721$rdmux[0][3][0]$b$4607 [12:11] $memory$flatten\logic_core.\boot.$auto$proc_rom.cc:155:do_switch$721$rdmux[0][3][0]$b$4607 [4:3] $memory$flatten\logic_core.\boot.$auto$proc_rom.cc:155:do_switch$721$rdmux[0][3][0]$b$4607 [1] }
      New connections: $memory$flatten\logic_core.\boot.$auto$proc_rom.cc:155:do_switch$721$rdmux[0][3][0]$b$4607 [8] = $memory$flatten\logic_core.\boot.$auto$proc_rom.cc:155:do_switch$721$rdmux[0][4][0]$a$4630 [0]
  Optimizing cells in module \amiga_board_top.
Performed a total of 2 changes.

18.33.12. Executing OPT_MERGE pass (detect identical cells).
Finding identical cells in module `\amiga_board_top'.
Computing hashes of 891 cells of `\amiga_board_top'.
Finding duplicate cells in `\amiga_board_top'.
Removed a total of 0 cells.

18.33.13. Executing OPT_DFF pass (perform DFF optimizations).

18.33.14. Executing OPT_CLEAN pass (remove unused cells and wires).
Finding unused cells or wires in module \amiga_board_top..

18.33.15. Executing OPT_EXPR pass (perform const folding).
Optimizing module amiga_board_top.

18.33.16. Rerunning OPT passes. (Maybe there is more to do..)

18.33.17. Executing OPT_MUXTREE pass (detect dead branches in mux trees).
Running muxtree optimizer on module \amiga_board_top..
  Creating internal representation of mux trees.
  Evaluating internal representation of mux trees.
  Analyzing evaluation results.
Removed 0 multiplexer ports.
<suppressed ~238 debug messages>

18.33.18. Executing OPT_REDUCE pass (consolidate $*mux and $reduce_* inputs).
  Optimizing cells in module \amiga_board_top.
Performed a total of 0 changes.

18.33.19. Executing OPT_MERGE pass (detect identical cells).
Finding identical cells in module `\amiga_board_top'.
Computing hashes of 891 cells of `\amiga_board_top'.
Finding duplicate cells in `\amiga_board_top'.
Removed a total of 0 cells.

18.33.20. Executing OPT_DFF pass (perform DFF optimizations).

18.33.21. Executing OPT_CLEAN pass (remove unused cells and wires).
Finding unused cells or wires in module \amiga_board_top..

18.33.22. Executing OPT_EXPR pass (perform const folding).
Optimizing module amiga_board_top.

18.33.23. Finished fast OPT passes. (There is nothing left to do.)

18.34. Executing TECHMAP pass (map to technology primitives).

18.34.1. Executing Verilog-2005 frontend: /share/techmap.v
Parsing Verilog input from `/share/techmap.v' to AST representation.
Generating RTLIL representation for module `\_90_simplemap_bool_ops'.
Generating RTLIL representation for module `\_90_simplemap_reduce_ops'.
Generating RTLIL representation for module `\_90_simplemap_logic_ops'.
Generating RTLIL representation for module `\_90_simplemap_compare_ops'.
Generating RTLIL representation for module `\_90_simplemap_various'.
Generating RTLIL representation for module `\_90_simplemap_registers'.
Generating RTLIL representation for module `\_90_shift_ops_shr_shl_sshl_sshr'.
Generating RTLIL representation for module `\_90_shift_shiftx'.
Generating RTLIL representation for module `\_90_fa'.
Generating RTLIL representation for module `\_90_lcu_brent_kung'.
Generating RTLIL representation for module `\_90_alu'.
Generating RTLIL representation for module `\_90_macc'.
Generating RTLIL representation for module `\_90_alumacc'.
Generating RTLIL representation for module `$__div_mod_u'.
Generating RTLIL representation for module `$__div_mod_trunc'.
Generating RTLIL representation for module `\_90_div'.
Generating RTLIL representation for module `\_90_mod'.
Generating RTLIL representation for module `$__div_mod_floor'.
Generating RTLIL representation for module `\_90_divfloor'.
Generating RTLIL representation for module `\_90_modfloor'.
Generating RTLIL representation for module `\_90_pow'.
Generating RTLIL representation for module `\_90_demux'.
Generating RTLIL representation for module `\_90_lut'.
Generating RTLIL representation for module `$connect'.
Generating RTLIL representation for module `$input_port'.
Successfully finished Verilog frontend.

18.34.2. Executing Verilog-2005 frontend: /share/gowin/arith_map.v
Parsing Verilog input from `/share/gowin/arith_map.v' to AST representation.
Generating RTLIL representation for module `\_80_gw1n_alu'.
Successfully finished Verilog frontend.

18.34.3. Continuing TECHMAP pass.
Using extmapper simplemap for cells of type $reduce_or.
Using extmapper simplemap for cells of type $sdff.
Using extmapper simplemap for cells of type $not.
Using template $paramod$a2af9b43308e3114c3b5dd3f4dc3329b2387395d\_80_gw1n_alu for cells of type $alu.
Using template $paramod$d2fa05d38998afabc6d4f34471305d0af4b8b2df\_80_gw1n_alu for cells of type $alu.
Using extmapper simplemap for cells of type $mux.
Using extmapper simplemap for cells of type $dff.
Using extmapper simplemap for cells of type $and.
Using extmapper simplemap for cells of type $eq.
Using template $paramod$dc04b7d98e503a7bab16fce2df70e6e2c5ca34d6\_80_gw1n_alu for cells of type $alu.
Using template $paramod$93b49458bab1c00eb32aff458c583f46ff61e60f\_80_gw1n_alu for cells of type $alu.
Using template $paramod$991bbe18dd1450046b50fa95ae910e30372cfafb\_80_gw1n_alu for cells of type $alu.
Using template $paramod$3ef7d3dd227da7627a99c5e5a6a4deb817573e39\_80_gw1n_alu for cells of type $alu.
Using template $paramod$8f780356cb6cdb52f6a744190131b65634639c4e\_80_gw1n_alu for cells of type $alu.
Using template $paramod$175e67c02b86e96b1288b9dc100122520d7240d8\_90_alu for cells of type $alu.
Using template $paramod$6831557730818fb92b11a295f9eb33ff8fa62af1\_80_gw1n_alu for cells of type $alu.
Using extmapper simplemap for cells of type $or.
Using extmapper simplemap for cells of type $reduce_and.
Using extmapper simplemap for cells of type $xor.
Using template $paramod$050f15daba5036a0512adf25d3c6631f629623f7\_80_gw1n_alu for cells of type $alu.
Using template $paramod$215440792383f7884e57d9c95f84e9552d0bf4ac\_80_gw1n_alu for cells of type $alu.
Using template $paramod$2f5fb04daf2da94d981bf9455fa4454c6ec8b705\_80_gw1n_alu for cells of type $alu.
Using template $paramod$20b1d0597707d55efcb9664e40f63985956d7680\_80_gw1n_alu for cells of type $alu.
Using template $paramod$c3cd1564c35d873179656addd6052d7ea8b6d991\_80_gw1n_alu for cells of type $alu.
Using template $paramod$b8c0a997bce700f23568a5ada79cc6781d1f5ca0\_80_gw1n_alu for cells of type $alu.
Using template $paramod$b3c20b05d9b1fc2c940ef2f6c917486aead042e8\_80_gw1n_alu for cells of type $alu.
Using template $paramod$32a7b7b86c07519b7537abc18e96f0331f97914d\_80_gw1n_alu for cells of type $alu.
Using template $paramod$0a77e3c00010cb33e399decd813a7380c6e25cba\_80_gw1n_alu for cells of type $alu.
Using template $paramod$103b4016182df467cceab67bcf3e18e6361ec0fd\_80_gw1n_alu for cells of type $alu.
Using template $paramod$32efbfac1c4dc57230cf86180788fdfd12e3b511\_80_gw1n_alu for cells of type $alu.
Using template $paramod$ce0ec84be7047712840b0952f343ee9e63ef75d1\_80_gw1n_alu for cells of type $alu.
Using template $paramod$ea402187f386206c0840504755479bf827f47707\_80_gw1n_alu for cells of type $alu.
Using template $paramod$8245a1deaa0ec2c7dc45508fdb710d588877745b\_80_gw1n_alu for cells of type $alu.
Using template $paramod$d67ae1273edc8874e6a00345940ea85493253e52\_80_gw1n_alu for cells of type $alu.
Using template $paramod$fc972a7a46956c1788f3cb5257b53c8f1df2d0cc\_90_alu for cells of type $alu.
Using template $paramod$2116a631f856d4d4902c2618dca73dafa3b8c9c0\_80_gw1n_alu for cells of type $alu.
Using template $paramod$dbcdc7e8aa1a4080cea2deda6fdc8772064f4d90\_80_gw1n_alu for cells of type $alu.
Using template $paramod$2248a14cf51c2d52bf82127b6b5bbf29eae4e7f9\_80_gw1n_alu for cells of type $alu.
Using template $paramod$47f54ff2f0cc9449305556c1cf611d590a7c17fb\_80_gw1n_alu for cells of type $alu.
Using template $paramod$fbc7873bff55778c0b3173955b7e4bce1d9d6834\_80_gw1n_alu for cells of type $alu.
Using template $paramod$f956edc9fe4df758d9fdb10bfc518a364c99e75e\_80_gw1n_alu for cells of type $alu.
Using template $paramod$a1bc51c02ce12ac21eb18988e83292af48ed7d72\_80_gw1n_alu for cells of type $alu.
Using template $paramod$6f67705c43e5e94c02b6ebb52209ce5aa5ade4c1\_80_gw1n_alu for cells of type $alu.
Using template $paramod$f6be9c44ab2ca5376bc6f0f45697cdb0ad470520\_80_gw1n_alu for cells of type $alu.
Using template $paramod$9156dc21c2b570fa3660be2e901b5ab03907aeb1\_80_gw1n_alu for cells of type $alu.
Using template $paramod$8441c334d863ed42b55f25e60c0d690241b4051f\_80_gw1n_alu for cells of type $alu.
Using template $paramod$cd54e322aa4265ca236096fe4bb634aaec4e39b4\_80_gw1n_alu for cells of type $alu.
Using template $paramod$ee3d784672cdb1cb32d9a801a3af776716f16b74\_80_gw1n_alu for cells of type $alu.
Using template $paramod$7e708ae28ab761f11d0fb59d3ffc72f6a4baf5d9\_90_alu for cells of type $alu.
Using template $paramod$1e1cd4b7f92ce6adb3a472b6058d686363cf195f\_80_gw1n_alu for cells of type $alu.
Using template $paramod$8ec017c28facb3695c922d937298c90ad0e99e8a\_80_gw1n_alu for cells of type $alu.
Using template $paramod$950cc9f9d9b07c09d0ee4a231126f2c8a3c4f78a\_80_gw1n_alu for cells of type $alu.
Using extmapper simplemap for cells of type $sdffe.
Using extmapper simplemap for cells of type $reduce_bool.
Using extmapper simplemap for cells of type $ne.
Using extmapper simplemap for cells of type $adffe.
Using extmapper simplemap for cells of type $logic_not.
Using extmapper simplemap for cells of type $tribuf.
Using extmapper simplemap for cells of type $logic_or.
Using extmapper simplemap for cells of type $logic_and.
Using extmapper simplemap for cells of type $adff.
Using extmapper simplemap for cells of type $pmux.
Using template $paramod$constmap:8876c1e1fa289f4793438d4e34d232728e6a9746$paramod$92adee9538f2381d8e5006822c900eb986d754e8\_90_shift_shiftx for cells of type $shiftx.
Using extmapper simplemap for cells of type $pos.
Using template $paramod\_90_fa\WIDTH=32'00000000000000000000000000000001 for cells of type $fa.
Using template $paramod\_90_lcu_brent_kung\WIDTH=32'00000000000000000000000000000001 for cells of type $lcu.
Using template $paramod\_90_fa\WIDTH=32'00000000000000000000000000000010 for cells of type $fa.
Using template $paramod\_90_lcu_brent_kung\WIDTH=32'00000000000000000000000000000010 for cells of type $lcu.
No more expansions possible.
<suppressed ~3037 debug messages>

18.35. Executing OPT pass (performing simple optimizations).

18.35.1. Executing OPT_EXPR pass (perform const folding).
Optimizing module amiga_board_top.
<suppressed ~3033 debug messages>

18.35.2. Executing OPT_MERGE pass (detect identical cells).
Finding identical cells in module `\amiga_board_top'.
Computing hashes of 4362 cells of `\amiga_board_top'.
Finding duplicate cells in `\amiga_board_top'.
Computing hashes of 4067 cells of `\amiga_board_top'.
Finding duplicate cells in `\amiga_board_top'.
Computing hashes of 4022 cells of `\amiga_board_top'.
Finding duplicate cells in `\amiga_board_top'.
Computing hashes of 4016 cells of `\amiga_board_top'.
Finding duplicate cells in `\amiga_board_top'.
Computing hashes of 4014 cells of `\amiga_board_top'.
Finding duplicate cells in `\amiga_board_top'.
<suppressed ~1044 debug messages>
Removed a total of 348 cells.

18.35.3. Executing OPT_DFF pass (perform DFF optimizations).

18.35.4. Executing OPT_CLEAN pass (remove unused cells and wires).
Finding unused cells or wires in module \amiga_board_top..
Removed 152 unused cells and 2691 unused wires.
<suppressed ~153 debug messages>

18.35.5. Finished fast OPT passes.

18.36. Executing IOPADMAP pass (mapping inputs/outputs to IO-PAD cells).
Mapping port amiga_board_top.I2C_SDA[0] using IOBUF.
Mapping port amiga_board_top.I2C_SCL[0] using IOBUF.
Mapping port amiga_board_top.V_OUT_RAW using OBUF.
Mapping port amiga_board_top.H_OUT_RAW using OBUF.
Mapping port amiga_board_top.DAC_PSAVE_N using OBUF.
Mapping port amiga_board_top.DAC_BLANK_N using OBUF.
Mapping port amiga_board_top.DAC_CLK_RAW using OBUF.
Mapping port amiga_board_top.DAC_B using OBUF.
Mapping port amiga_board_top.DAC_G using OBUF.
Mapping port amiga_board_top.DAC_R using OBUF.
Mapping port amiga_board_top.ADC_PWDN using OBUF.
Mapping port amiga_board_top.ADC_RESET_N using OBUF.
Mapping port amiga_board_top.ADC_B using IBUF.
Mapping port amiga_board_top.ADC_G using IBUF.
Mapping port amiga_board_top.ADC_R using IBUF.
Mapping port amiga_board_top.ADC_VS using IBUF.
Mapping port amiga_board_top.ADC_HS using IBUF.
Mapping port amiga_board_top.ADC_CLK using IBUF.
Mapping port amiga_board_top.POWER_GOOD using IBUF.
Mapping port amiga_board_top.REF_27M using IBUF.

18.37. Executing OPT_CLEAN pass (remove unused cells and wires).
Finding unused cells or wires in module \amiga_board_top..
Removed 0 unused cells and 19 unused wires.
<suppressed ~1 debug messages>

18.38. Executing DFFLEGALIZE pass (convert FFs and LATCHes to types supported by the target).

18.39. Executing TECHMAP pass (map to technology primitives).

18.39.1. Executing Verilog-2005 frontend: /share/gowin/cells_map.v
Parsing Verilog input from `/share/gowin/cells_map.v' to AST representation.
Generating RTLIL representation for module `$_DFF_N_'.
Generating RTLIL representation for module `$_DFF_P_'.
Generating RTLIL representation for module `$_DFFE_PP_'.
Generating RTLIL representation for module `$_DFFE_NP_'.
Generating RTLIL representation for module `$_SDFF_PP0_'.
Generating RTLIL representation for module `$_SDFF_NP0_'.
Generating RTLIL representation for module `$_SDFFE_PP0P_'.
Generating RTLIL representation for module `$_SDFFE_NP0P_'.
Generating RTLIL representation for module `$_SDFF_PP1_'.
Generating RTLIL representation for module `$_SDFF_NP1_'.
Generating RTLIL representation for module `$_SDFFE_PP1P_'.
Generating RTLIL representation for module `$_SDFFE_NP1P_'.
Generating RTLIL representation for module `$_DFF_PP1_'.
Generating RTLIL representation for module `$_DFF_NP1_'.
Generating RTLIL representation for module `$_DFF_PP0_'.
Generating RTLIL representation for module `$_DFF_NP0_'.
Generating RTLIL representation for module `$_DFFE_PP1P_'.
Generating RTLIL representation for module `$_DFFE_NP1P_'.
Generating RTLIL representation for module `$_DFFE_PP0P_'.
Generating RTLIL representation for module `$_DFFE_NP0P_'.
Generating RTLIL representation for module `$lut'.
Successfully finished Verilog frontend.

18.39.2. Continuing TECHMAP pass.
Using template $_SDFFE_PP0P_ for cells of type $_SDFFE_PP0P_.
Using template $_DFF_PP0_ for cells of type $_DFF_PP0_.
Using template $_DFF_PP1_ for cells of type $_DFF_PP1_.
Using template $_SDFF_PP0_ for cells of type $_SDFF_PP0_.
Using template $_DFF_P_ for cells of type $_DFF_P_.
Using template $_DFFE_NP0P_ for cells of type $_DFFE_NP0P_.
Using template $_DFFE_NP1P_ for cells of type $_DFFE_NP1P_.
Using template $_DFF_NP1_ for cells of type $_DFF_NP1_.
Using template $_SDFF_PP1_ for cells of type $_SDFF_PP1_.
Using template $_SDFFE_PP1P_ for cells of type $_SDFFE_PP1P_.
Using template $_DFFE_PP0P_ for cells of type $_DFFE_PP0P_.
No more expansions possible.
<suppressed ~698 debug messages>

18.40. Executing TECHMAP pass (map to technology primitives).

18.40.1. Executing Verilog-2005 frontend: /share/gowin/cells_latch.v
Parsing Verilog input from `/share/gowin/cells_latch.v' to AST representation.
Generating RTLIL representation for module `$_DLATCH_P_'.
Generating RTLIL representation for module `$_DLATCH_N_'.
Generating RTLIL representation for module `$_DLATCH_PP0_'.
Generating RTLIL representation for module `$_DLATCH_NP0_'.
Generating RTLIL representation for module `$_DLATCH_PP1_'.
Generating RTLIL representation for module `$_DLATCH_NP1_'.
Successfully finished Verilog frontend.

18.40.2. Continuing TECHMAP pass.
No more expansions possible.
<suppressed ~8 debug messages>

18.41. Executing OPT_EXPR pass (perform const folding).
Optimizing module amiga_board_top.
<suppressed ~18 debug messages>

18.42. Executing SIMPLEMAP pass (map simple cells to gate primitives).

18.43. Executing SORT pass.

18.44. Executing Verilog-2005 frontend: /share/abc9_model.v
Parsing Verilog input from `/share/abc9_model.v' to AST representation.
Generating RTLIL representation for module `$__ABC9_DELAY'.
Generating RTLIL representation for module `$__ABC9_SCC_BREAKER'.
Generating RTLIL representation for module `$__DFF_N__$abc9_flop'.
Generating RTLIL representation for module `$__DFF_P__$abc9_flop'.
Successfully finished Verilog frontend.

18.45. Executing ABC9 pass.

18.45.1. Executing ABC9_OPS pass (helper functions for ABC9).

18.45.2. Executing ABC9_OPS pass (helper functions for ABC9).

18.45.3. Executing PROC pass (convert processes to netlists).

18.45.3.1. Executing PROC_CLEAN pass (remove empty switches from decision trees).
Found and cleaned up 1 empty switch in `$paramod\ALU\ALU_MODE=s32'00000000000000000000000000000010.$proc$/share/gowin/cells_sim.v:1064$14923'.
Cleaned up 1 empty switch.

18.45.3.2. Executing PROC_RMDEAD pass (remove dead branches from decision trees).
Removed a total of 0 dead cases.

18.45.3.3. Executing PROC_PRUNE pass (remove redundant assignments in processes).
Removed 0 redundant assignments.
Promoted 4 assignments to connections.

18.45.3.4. Executing PROC_INIT pass (extract init attributes).

18.45.3.5. Executing PROC_ARST pass (detect async resets in processes).

18.45.3.6. Executing PROC_ROM pass (convert switches to ROMs).
Converted 0 switches.

18.45.3.7. Executing PROC_MUX pass (convert decision trees to multiplexers).
Creating decoders for process `$paramod\ALU\ALU_MODE=s32'00000000000000000000000000000010.$proc$/share/gowin/cells_sim.v:1064$14923'.

18.45.3.8. Executing PROC_DLATCH pass (convert process syncs to latches).
No latch inferred for signal `$paramod\ALU\ALU_MODE=s32'00000000000000000000000000000010.\C' from process `$paramod\ALU\ALU_MODE=s32'00000000000000000000000000000010.$proc$/share/gowin/cells_sim.v:1064$14923'.
No latch inferred for signal `$paramod\ALU\ALU_MODE=s32'00000000000000000000000000000010.\S' from process `$paramod\ALU\ALU_MODE=s32'00000000000000000000000000000010.$proc$/share/gowin/cells_sim.v:1064$14923'.

18.45.3.9. Executing PROC_DFF pass (convert process syncs to FFs).

18.45.3.10. Executing PROC_MEMWR pass (convert process memory writes to cells).

18.45.3.11. Executing PROC_CLEAN pass (remove empty switches from decision trees).
Removing empty process `$paramod\ALU\ALU_MODE=s32'00000000000000000000000000000010.$proc$/share/gowin/cells_sim.v:1064$14923'.
Cleaned up 0 empty switches.

18.45.4. Executing PROC pass (convert processes to netlists).

18.45.4.1. Executing PROC_CLEAN pass (remove empty switches from decision trees).
Cleaned up 0 empty switches.

18.45.4.2. Executing PROC_RMDEAD pass (remove dead branches from decision trees).
Marked 1 switch rules as full_case in process $proc$/share/gowin/cells_sim.v:348$204 in module DFFCE.
Removed a total of 0 dead cases.

18.45.4.3. Executing PROC_PRUNE pass (remove redundant assignments in processes).
Removed 0 redundant assignments.
Promoted 1 assignment to connection.

18.45.4.4. Executing PROC_INIT pass (extract init attributes).
Found init rule in `\DFFCE.$proc$/share/gowin/cells_sim.v:339$205'.
  Set init value: \Q = 1'0

18.45.4.5. Executing PROC_ARST pass (detect async resets in processes).
Found async reset \CLEAR in `\DFFCE.$proc$/share/gowin/cells_sim.v:348$204'.

18.45.4.6. Executing PROC_ROM pass (convert switches to ROMs).
Converted 0 switches.
<suppressed ~1 debug messages>

18.45.4.7. Executing PROC_MUX pass (convert decision trees to multiplexers).
Creating decoders for process `\DFFCE.$proc$/share/gowin/cells_sim.v:339$205'.
Creating decoders for process `\DFFCE.$proc$/share/gowin/cells_sim.v:348$204'.
     1/1: $0\Q[0:0]

18.45.4.8. Executing PROC_DLATCH pass (convert process syncs to latches).

18.45.4.9. Executing PROC_DFF pass (convert process syncs to FFs).
Creating register for signal `\DFFCE.\Q' using process `\DFFCE.$proc$/share/gowin/cells_sim.v:348$204'.
  created $adff cell `$procdff$14932' with positive edge clock and positive level reset.

18.45.4.10. Executing PROC_MEMWR pass (convert process memory writes to cells).

18.45.4.11. Executing PROC_CLEAN pass (remove empty switches from decision trees).
Removing empty process `DFFCE.$proc$/share/gowin/cells_sim.v:339$205'.
Found and cleaned up 1 empty switch in `\DFFCE.$proc$/share/gowin/cells_sim.v:348$204'.
Removing empty process `DFFCE.$proc$/share/gowin/cells_sim.v:348$204'.
Cleaned up 1 empty switch.

18.45.5. Executing PROC pass (convert processes to netlists).

18.45.5.1. Executing PROC_CLEAN pass (remove empty switches from decision trees).
Cleaned up 0 empty switches.

18.45.5.2. Executing PROC_RMDEAD pass (remove dead branches from decision trees).
Marked 1 switch rules as full_case in process $proc$/share/gowin/cells_sim.v:535$224 in module DFFNCE.
Removed a total of 0 dead cases.

18.45.5.3. Executing PROC_PRUNE pass (remove redundant assignments in processes).
Removed 0 redundant assignments.
Promoted 1 assignment to connection.

18.45.5.4. Executing PROC_INIT pass (extract init attributes).
Found init rule in `\DFFNCE.$proc$/share/gowin/cells_sim.v:526$225'.
  Set init value: \Q = 1'0

18.45.5.5. Executing PROC_ARST pass (detect async resets in processes).
Found async reset \CLEAR in `\DFFNCE.$proc$/share/gowin/cells_sim.v:535$224'.

18.45.5.6. Executing PROC_ROM pass (convert switches to ROMs).
Converted 0 switches.
<suppressed ~1 debug messages>

18.45.5.7. Executing PROC_MUX pass (convert decision trees to multiplexers).
Creating decoders for process `\DFFNCE.$proc$/share/gowin/cells_sim.v:526$225'.
Creating decoders for process `\DFFNCE.$proc$/share/gowin/cells_sim.v:535$224'.
     1/1: $0\Q[0:0]

18.45.5.8. Executing PROC_DLATCH pass (convert process syncs to latches).

18.45.5.9. Executing PROC_DFF pass (convert process syncs to FFs).
Creating register for signal `\DFFNCE.\Q' using process `\DFFNCE.$proc$/share/gowin/cells_sim.v:535$224'.
  created $adff cell `$procdff$14937' with negative edge clock and positive level reset.

18.45.5.10. Executing PROC_MEMWR pass (convert process memory writes to cells).

18.45.5.11. Executing PROC_CLEAN pass (remove empty switches from decision trees).
Removing empty process `DFFNCE.$proc$/share/gowin/cells_sim.v:526$225'.
Found and cleaned up 1 empty switch in `\DFFNCE.$proc$/share/gowin/cells_sim.v:535$224'.
Removing empty process `DFFNCE.$proc$/share/gowin/cells_sim.v:535$224'.
Cleaned up 1 empty switch.

18.45.6. Executing PROC pass (convert processes to netlists).

18.45.6.1. Executing PROC_CLEAN pass (remove empty switches from decision trees).
Cleaned up 0 empty switches.

18.45.6.2. Executing PROC_RMDEAD pass (remove dead branches from decision trees).
Marked 1 switch rules as full_case in process $proc$/share/gowin/cells_sim.v:496$220 in module DFFNPE.
Removed a total of 0 dead cases.

18.45.6.3. Executing PROC_PRUNE pass (remove redundant assignments in processes).
Removed 0 redundant assignments.
Promoted 1 assignment to connection.

18.45.6.4. Executing PROC_INIT pass (extract init attributes).
Found init rule in `\DFFNPE.$proc$/share/gowin/cells_sim.v:487$221'.
  Set init value: \Q = 1'1

18.45.6.5. Executing PROC_ARST pass (detect async resets in processes).
Found async reset \PRESET in `\DFFNPE.$proc$/share/gowin/cells_sim.v:496$220'.

18.45.6.6. Executing PROC_ROM pass (convert switches to ROMs).
Converted 0 switches.
<suppressed ~1 debug messages>

18.45.6.7. Executing PROC_MUX pass (convert decision trees to multiplexers).
Creating decoders for process `\DFFNPE.$proc$/share/gowin/cells_sim.v:487$221'.
Creating decoders for process `\DFFNPE.$proc$/share/gowin/cells_sim.v:496$220'.
     1/1: $0\Q[0:0]

18.45.6.8. Executing PROC_DLATCH pass (convert process syncs to latches).

18.45.6.9. Executing PROC_DFF pass (convert process syncs to FFs).
Creating register for signal `\DFFNPE.\Q' using process `\DFFNPE.$proc$/share/gowin/cells_sim.v:496$220'.
  created $adff cell `$procdff$14942' with negative edge clock and positive level reset.

18.45.6.10. Executing PROC_MEMWR pass (convert process memory writes to cells).

18.45.6.11. Executing PROC_CLEAN pass (remove empty switches from decision trees).
Removing empty process `DFFNPE.$proc$/share/gowin/cells_sim.v:487$221'.
Found and cleaned up 1 empty switch in `\DFFNPE.$proc$/share/gowin/cells_sim.v:496$220'.
Removing empty process `DFFNPE.$proc$/share/gowin/cells_sim.v:496$220'.
Cleaned up 1 empty switch.

18.45.7. Executing PROC pass (convert processes to netlists).

18.45.7.1. Executing PROC_CLEAN pass (remove empty switches from decision trees).
Cleaned up 0 empty switches.

18.45.7.2. Executing PROC_RMDEAD pass (remove dead branches from decision trees).
Marked 1 switch rules as full_case in process $proc$/share/gowin/cells_sim.v:328$202 in module DFFC.
Removed a total of 0 dead cases.

18.45.7.3. Executing PROC_PRUNE pass (remove redundant assignments in processes).
Removed 1 redundant assignment.
Promoted 1 assignment to connection.

18.45.7.4. Executing PROC_INIT pass (extract init attributes).
Found init rule in `\DFFC.$proc$/share/gowin/cells_sim.v:320$203'.
  Set init value: \Q = 1'0

18.45.7.5. Executing PROC_ARST pass (detect async resets in processes).
Found async reset \CLEAR in `\DFFC.$proc$/share/gowin/cells_sim.v:328$202'.

18.45.7.6. Executing PROC_ROM pass (convert switches to ROMs).
Converted 0 switches.

18.45.7.7. Executing PROC_MUX pass (convert decision trees to multiplexers).
Creating decoders for process `\DFFC.$proc$/share/gowin/cells_sim.v:320$203'.
Creating decoders for process `\DFFC.$proc$/share/gowin/cells_sim.v:328$202'.
     1/1: $0\Q[0:0]

18.45.7.8. Executing PROC_DLATCH pass (convert process syncs to latches).

18.45.7.9. Executing PROC_DFF pass (convert process syncs to FFs).
Creating register for signal `\DFFC.\Q' using process `\DFFC.$proc$/share/gowin/cells_sim.v:328$202'.
  created $adff cell `$procdff$14945' with positive edge clock and positive level reset.

18.45.7.10. Executing PROC_MEMWR pass (convert process memory writes to cells).

18.45.7.11. Executing PROC_CLEAN pass (remove empty switches from decision trees).
Removing empty process `DFFC.$proc$/share/gowin/cells_sim.v:320$203'.
Removing empty process `DFFC.$proc$/share/gowin/cells_sim.v:328$202'.
Cleaned up 0 empty switches.

18.45.8. Executing PROC pass (convert processes to netlists).

18.45.8.1. Executing PROC_CLEAN pass (remove empty switches from decision trees).
Cleaned up 0 empty switches.

18.45.8.2. Executing PROC_RMDEAD pass (remove dead branches from decision trees).
Marked 1 switch rules as full_case in process $proc$/share/gowin/cells_sim.v:289$198 in module DFFP.
Removed a total of 0 dead cases.

18.45.8.3. Executing PROC_PRUNE pass (remove redundant assignments in processes).
Removed 1 redundant assignment.
Promoted 1 assignment to connection.

18.45.8.4. Executing PROC_INIT pass (extract init attributes).
Found init rule in `\DFFP.$proc$/share/gowin/cells_sim.v:281$199'.
  Set init value: \Q = 1'1

18.45.8.5. Executing PROC_ARST pass (detect async resets in processes).
Found async reset \PRESET in `\DFFP.$proc$/share/gowin/cells_sim.v:289$198'.

18.45.8.6. Executing PROC_ROM pass (convert switches to ROMs).
Converted 0 switches.

18.45.8.7. Executing PROC_MUX pass (convert decision trees to multiplexers).
Creating decoders for process `\DFFP.$proc$/share/gowin/cells_sim.v:281$199'.
Creating decoders for process `\DFFP.$proc$/share/gowin/cells_sim.v:289$198'.
     1/1: $0\Q[0:0]

18.45.8.8. Executing PROC_DLATCH pass (convert process syncs to latches).

18.45.8.9. Executing PROC_DFF pass (convert process syncs to FFs).
Creating register for signal `\DFFP.\Q' using process `\DFFP.$proc$/share/gowin/cells_sim.v:289$198'.
  created $adff cell `$procdff$14948' with positive edge clock and positive level reset.

18.45.8.10. Executing PROC_MEMWR pass (convert process memory writes to cells).

18.45.8.11. Executing PROC_CLEAN pass (remove empty switches from decision trees).
Removing empty process `DFFP.$proc$/share/gowin/cells_sim.v:281$199'.
Removing empty process `DFFP.$proc$/share/gowin/cells_sim.v:289$198'.
Cleaned up 0 empty switches.

18.45.9. Executing PROC pass (convert processes to netlists).

18.45.9.1. Executing PROC_CLEAN pass (remove empty switches from decision trees).
Cleaned up 0 empty switches.

18.45.9.2. Executing PROC_RMDEAD pass (remove dead branches from decision trees).
Marked 1 switch rules as full_case in process $proc$/share/gowin/cells_sim.v:476$218 in module DFFNP.
Removed a total of 0 dead cases.

18.45.9.3. Executing PROC_PRUNE pass (remove redundant assignments in processes).
Removed 1 redundant assignment.
Promoted 1 assignment to connection.

18.45.9.4. Executing PROC_INIT pass (extract init attributes).
Found init rule in `\DFFNP.$proc$/share/gowin/cells_sim.v:468$219'.
  Set init value: \Q = 1'1

18.45.9.5. Executing PROC_ARST pass (detect async resets in processes).
Found async reset \PRESET in `\DFFNP.$proc$/share/gowin/cells_sim.v:476$218'.

18.45.9.6. Executing PROC_ROM pass (convert switches to ROMs).
Converted 0 switches.

18.45.9.7. Executing PROC_MUX pass (convert decision trees to multiplexers).
Creating decoders for process `\DFFNP.$proc$/share/gowin/cells_sim.v:468$219'.
Creating decoders for process `\DFFNP.$proc$/share/gowin/cells_sim.v:476$218'.
     1/1: $0\Q[0:0]

18.45.9.8. Executing PROC_DLATCH pass (convert process syncs to latches).

18.45.9.9. Executing PROC_DFF pass (convert process syncs to FFs).
Creating register for signal `\DFFNP.\Q' using process `\DFFNP.$proc$/share/gowin/cells_sim.v:476$218'.
  created $adff cell `$procdff$14951' with negative edge clock and positive level reset.

18.45.9.10. Executing PROC_MEMWR pass (convert process memory writes to cells).

18.45.9.11. Executing PROC_CLEAN pass (remove empty switches from decision trees).
Removing empty process `DFFNP.$proc$/share/gowin/cells_sim.v:468$219'.
Removing empty process `DFFNP.$proc$/share/gowin/cells_sim.v:476$218'.
Cleaned up 0 empty switches.

18.45.10. Executing SCC pass (detecting logic loops).
Found 0 SCCs in module amiga_board_top.
Found 0 SCCs.

18.45.11. Executing ABC9_OPS pass (helper functions for ABC9).

18.45.12. Executing TECHMAP pass (map to technology primitives).

18.45.12.1. Executing Verilog-2005 frontend: /share/techmap.v
Parsing Verilog input from `/share/techmap.v' to AST representation.
Generating RTLIL representation for module `\_90_simplemap_bool_ops'.
Generating RTLIL representation for module `\_90_simplemap_reduce_ops'.
Generating RTLIL representation for module `\_90_simplemap_logic_ops'.
Generating RTLIL representation for module `\_90_simplemap_compare_ops'.
Generating RTLIL representation for module `\_90_simplemap_various'.
Generating RTLIL representation for module `\_90_simplemap_registers'.
Generating RTLIL representation for module `\_90_shift_ops_shr_shl_sshl_sshr'.
Generating RTLIL representation for module `\_90_shift_shiftx'.
Generating RTLIL representation for module `\_90_fa'.
Generating RTLIL representation for module `\_90_lcu_brent_kung'.
Generating RTLIL representation for module `\_90_alu'.
Generating RTLIL representation for module `\_90_macc'.
Generating RTLIL representation for module `\_90_alumacc'.
Generating RTLIL representation for module `$__div_mod_u'.
Generating RTLIL representation for module `$__div_mod_trunc'.
Generating RTLIL representation for module `\_90_div'.
Generating RTLIL representation for module `\_90_mod'.
Generating RTLIL representation for module `$__div_mod_floor'.
Generating RTLIL representation for module `\_90_divfloor'.
Generating RTLIL representation for module `\_90_modfloor'.
Generating RTLIL representation for module `\_90_pow'.
Generating RTLIL representation for module `\_90_demux'.
Generating RTLIL representation for module `\_90_lut'.
Generating RTLIL representation for module `$connect'.
Generating RTLIL representation for module `$input_port'.
Successfully finished Verilog frontend.

18.45.12.2. Continuing TECHMAP pass.
No more expansions possible.
<suppressed ~236 debug messages>

18.45.13. Executing OPT pass (performing simple optimizations).

18.45.13.1. Executing OPT_EXPR pass (perform const folding).
Optimizing module DFFCE.
Optimizing module DFFNCE.
Optimizing module DFFNPE.
Optimizing module DFFC.
Optimizing module DFFP.
Optimizing module DFFNP.

18.45.13.2. Executing OPT_MERGE pass (detect identical cells).
Finding identical cells in module `\DFFCE'.
Computing hashes of 2 cells of `\DFFCE'.
Finding duplicate cells in `\DFFCE'.
Finding identical cells in module `\DFFNCE'.
Computing hashes of 2 cells of `\DFFNCE'.
Finding duplicate cells in `\DFFNCE'.
Finding identical cells in module `\DFFNPE'.
Computing hashes of 2 cells of `\DFFNPE'.
Finding duplicate cells in `\DFFNPE'.
Finding identical cells in module `\DFFC'.
Computing hashes of 2 cells of `\DFFC'.
Finding duplicate cells in `\DFFC'.
Finding identical cells in module `\DFFP'.
Computing hashes of 2 cells of `\DFFP'.
Finding duplicate cells in `\DFFP'.
Finding identical cells in module `\DFFNP'.
Computing hashes of 2 cells of `\DFFNP'.
Finding duplicate cells in `\DFFNP'.
Removed a total of 0 cells.

18.45.13.3. Executing OPT_MUXTREE pass (detect dead branches in mux trees).
Running muxtree optimizer on module \DFFCE..
  Creating internal representation of mux trees.
  No muxes found in this module.
Running muxtree optimizer on module \DFFNCE..
  Creating internal representation of mux trees.
  No muxes found in this module.
Running muxtree optimizer on module \DFFNPE..
  Creating internal representation of mux trees.
  No muxes found in this module.
Running muxtree optimizer on module \DFFC..
  Creating internal representation of mux trees.
  No muxes found in this module.
Running muxtree optimizer on module \DFFP..
  Creating internal representation of mux trees.
  No muxes found in this module.
Running muxtree optimizer on module \DFFNP..
  Creating internal representation of mux trees.
  No muxes found in this module.
Removed 0 multiplexer ports.

18.45.13.4. Executing OPT_REDUCE pass (consolidate $*mux and $reduce_* inputs).
  Optimizing cells in module \DFFCE.
  Optimizing cells in module \DFFNCE.
  Optimizing cells in module \DFFNPE.
  Optimizing cells in module \DFFC.
  Optimizing cells in module \DFFP.
  Optimizing cells in module \DFFNP.
Performed a total of 0 changes.

18.45.13.5. Executing OPT_MERGE pass (detect identical cells).
Finding identical cells in module `\DFFCE'.
Computing hashes of 2 cells of `\DFFCE'.
Finding duplicate cells in `\DFFCE'.
Finding identical cells in module `\DFFNCE'.
Computing hashes of 2 cells of `\DFFNCE'.
Finding duplicate cells in `\DFFNCE'.
Finding identical cells in module `\DFFNPE'.
Computing hashes of 2 cells of `\DFFNPE'.
Finding duplicate cells in `\DFFNPE'.
Finding identical cells in module `\DFFC'.
Computing hashes of 2 cells of `\DFFC'.
Finding duplicate cells in `\DFFC'.
Finding identical cells in module `\DFFP'.
Computing hashes of 2 cells of `\DFFP'.
Finding duplicate cells in `\DFFP'.
Finding identical cells in module `\DFFNP'.
Computing hashes of 2 cells of `\DFFNP'.
Finding duplicate cells in `\DFFNP'.
Removed a total of 0 cells.

18.45.13.6. Executing OPT_DFF pass (perform DFF optimizations).

18.45.13.7. Executing OPT_CLEAN pass (remove unused cells and wires).
Finding unused cells or wires in module \DFFCE..
Finding unused cells or wires in module \DFFNCE..
Finding unused cells or wires in module \DFFNPE..
Finding unused cells or wires in module \DFFC..
Finding unused cells or wires in module \DFFP..
Finding unused cells or wires in module \DFFNP..

18.45.13.8. Executing OPT_EXPR pass (perform const folding).
Optimizing module DFFCE.
Optimizing module DFFNCE.
Optimizing module DFFNPE.
Optimizing module DFFC.
Optimizing module DFFP.
Optimizing module DFFNP.

18.45.13.9. Finished fast OPT passes. (There is nothing left to do.)

18.45.14. Executing TECHMAP pass (map to technology primitives).

18.45.14.1. Executing Verilog-2005 frontend: /share/abc9_map.v
Parsing Verilog input from `/share/abc9_map.v' to AST representation.
Successfully finished Verilog frontend.

18.45.14.2. Continuing TECHMAP pass.
Using template DFFC for cells of type DFFC.
Using template DFFP for cells of type DFFP.
Using template DFFNCE for cells of type DFFNCE.
Using template DFFNPE for cells of type DFFNPE.
Using template DFFNP for cells of type DFFNP.
Using template DFFCE for cells of type DFFCE.
No more expansions possible.
<suppressed ~129 debug messages>

18.45.15. Executing Verilog-2005 frontend: /share/abc9_model.v
Parsing Verilog input from `/share/abc9_model.v' to AST representation.
Replacing existing blackbox module `$__ABC9_DELAY' at /share/abc9_model.v:2.1-7.10.
Generating RTLIL representation for module `$__ABC9_DELAY'.
Replacing existing blackbox module `$__ABC9_SCC_BREAKER' at /share/abc9_model.v:9.1-11.10.
Generating RTLIL representation for module `$__ABC9_SCC_BREAKER'.
Replacing existing module `$__DFF_N__$abc9_flop' at /share/abc9_model.v:14.1-20.10.
Generating RTLIL representation for module `$__DFF_N__$abc9_flop'.
Replacing existing module `$__DFF_P__$abc9_flop' at /share/abc9_model.v:23.1-29.10.
Generating RTLIL representation for module `$__DFF_P__$abc9_flop'.
Successfully finished Verilog frontend.

18.45.16. Executing ABC9_OPS pass (helper functions for ABC9).
<suppressed ~1265 debug messages>

18.45.17. Executing ABC9_OPS pass (helper functions for ABC9).

18.45.18. Executing ABC9_OPS pass (helper functions for ABC9).
<suppressed ~2 debug messages>

18.45.19. Executing TECHMAP pass (map to technology primitives).

18.45.19.1. Executing Verilog-2005 frontend: /share/techmap.v
Parsing Verilog input from `/share/techmap.v' to AST representation.
Generating RTLIL representation for module `\_90_simplemap_bool_ops'.
Generating RTLIL representation for module `\_90_simplemap_reduce_ops'.
Generating RTLIL representation for module `\_90_simplemap_logic_ops'.
Generating RTLIL representation for module `\_90_simplemap_compare_ops'.
Generating RTLIL representation for module `\_90_simplemap_various'.
Generating RTLIL representation for module `\_90_simplemap_registers'.
Generating RTLIL representation for module `\_90_shift_ops_shr_shl_sshl_sshr'.
Generating RTLIL representation for module `\_90_shift_shiftx'.
Generating RTLIL representation for module `\_90_fa'.
Generating RTLIL representation for module `\_90_lcu_brent_kung'.
Generating RTLIL representation for module `\_90_alu'.
Generating RTLIL representation for module `\_90_macc'.
Generating RTLIL representation for module `\_90_alumacc'.
Generating RTLIL representation for module `$__div_mod_u'.
Generating RTLIL representation for module `$__div_mod_trunc'.
Generating RTLIL representation for module `\_90_div'.
Generating RTLIL representation for module `\_90_mod'.
Generating RTLIL representation for module `$__div_mod_floor'.
Generating RTLIL representation for module `\_90_divfloor'.
Generating RTLIL representation for module `\_90_modfloor'.
Generating RTLIL representation for module `\_90_pow'.
Generating RTLIL representation for module `\_90_demux'.
Generating RTLIL representation for module `\_90_lut'.
Generating RTLIL representation for module `$connect'.
Generating RTLIL representation for module `$input_port'.
Successfully finished Verilog frontend.

18.45.19.2. Continuing TECHMAP pass.
Using template $paramod\ALU\ALU_MODE=s32'00000000000000000000000000000010 for cells of type $paramod\ALU\ALU_MODE=s32'00000000000000000000000000000010.
Using extmapper simplemap for cells of type $xor.
Using extmapper simplemap for cells of type $mux.
Using extmapper simplemap for cells of type $not.
No more expansions possible.
<suppressed ~245 debug messages>

18.45.20. Executing OPT pass (performing simple optimizations).

18.45.20.1. Executing OPT_EXPR pass (perform const folding).
Optimizing module amiga_board_top.

18.45.20.2. Executing OPT_MERGE pass (detect identical cells).
Finding identical cells in module `\amiga_board_top'.
Computing hashes of 14 cells of `\amiga_board_top'.
Finding duplicate cells in `\amiga_board_top'.
Removed a total of 0 cells.

18.45.20.3. Executing OPT_MUXTREE pass (detect dead branches in mux trees).
Running muxtree optimizer on module \amiga_board_top..
  Creating internal representation of mux trees.
  No muxes found in this module.
Removed 0 multiplexer ports.

18.45.20.4. Executing OPT_REDUCE pass (consolidate $*mux and $reduce_* inputs).
  Optimizing cells in module \amiga_board_top.
Performed a total of 0 changes.

18.45.20.5. Executing OPT_MERGE pass (detect identical cells).
Finding identical cells in module `\amiga_board_top'.
Computing hashes of 14 cells of `\amiga_board_top'.
Finding duplicate cells in `\amiga_board_top'.
Removed a total of 0 cells.

18.45.20.6. Executing OPT_DFF pass (perform DFF optimizations).

18.45.20.7. Executing OPT_CLEAN pass (remove unused cells and wires).
Finding unused cells or wires in module \amiga_board_top..
Removed 0 unused cells and 16 unused wires.
<suppressed ~1 debug messages>

18.45.20.8. Executing OPT_EXPR pass (perform const folding).
Optimizing module amiga_board_top.

18.45.20.9. Rerunning OPT passes. (Maybe there is more to do..)

18.45.20.10. Executing OPT_MUXTREE pass (detect dead branches in mux trees).
Running muxtree optimizer on module \amiga_board_top..
  Creating internal representation of mux trees.
  No muxes found in this module.
Removed 0 multiplexer ports.

18.45.20.11. Executing OPT_REDUCE pass (consolidate $*mux and $reduce_* inputs).
  Optimizing cells in module \amiga_board_top.
Performed a total of 0 changes.

18.45.20.12. Executing OPT_MERGE pass (detect identical cells).
Finding identical cells in module `\amiga_board_top'.
Computing hashes of 14 cells of `\amiga_board_top'.
Finding duplicate cells in `\amiga_board_top'.
Removed a total of 0 cells.

18.45.20.13. Executing OPT_DFF pass (perform DFF optimizations).

18.45.20.14. Executing OPT_CLEAN pass (remove unused cells and wires).
Finding unused cells or wires in module \amiga_board_top..

18.45.20.15. Executing OPT_EXPR pass (perform const folding).
Optimizing module amiga_board_top.

18.45.20.16. Finished fast OPT passes. (There is nothing left to do.)

18.45.21. Executing AIGMAP pass (map logic to AIG).
Module amiga_board_top: replaced 5 cells with 35 new cells, skipped 9 cells.
  replaced 2 cell types:
       2 $_MUX_
       3 $_XOR_
  not replaced 2 cell types:
       1 $_NOT_
       8 $specify2

18.45.22. Executing AIGMAP pass (map logic to AIG).
Module amiga_board_top: replaced 1471 cells with 8422 new cells, skipped 3931 cells.
  replaced 3 cell types:
     809 $_MUX_
     625 $_OR_
      37 $_XOR_
  not replaced 29 cell types:
     581 $_AND_
     514 $_NOT_
      15 $scopeinfo
     115 DFF
      29 IBUF
       1 ODDR
       8 DFFS
       7 DFFSE
     161 DFFR
     263 DFFRE
       5 DFFP
      81 DFFC
       6 DFFCE
       3 DFFNP
     554 $paramod$__ABC9_DELAY\DELAY=32'00000000000000000000001001000000
     709 $paramod$__ABC9_DELAY\DELAY=32'00000000000000000000000000111111
       1 DFFNPE
      25 DFFNCE
      31 OBUF
       2 IOBUF
       1 rPLL
       6 DPX9B
       3 DFFNP_$abc9_byp
       5 DFFP_$abc9_byp
      81 DFFC_$abc9_byp
       1 DFFNPE_$abc9_byp
      25 DFFNCE_$abc9_byp
       6 DFFCE_$abc9_byp
     692 $paramod\ALU\ALU_MODE=s32'00000000000000000000000000000010

18.45.22.1. Executing ABC9_OPS pass (helper functions for ABC9).

18.45.22.2. Executing ABC9_OPS pass (helper functions for ABC9).

18.45.22.3. Executing XAIGER backend.
<suppressed ~686 debug messages>
Extracted 3744 AND gates and 13478 wires from module `amiga_board_top' to a netlist network with 819 inputs and 1567 outputs.

18.45.22.4. Executing ABC9_EXE pass (technology mapping using ABC9).

18.45.22.5. Executing ABC9.
Running ABC command: "/yosys-abc" -s -f <abc-temp-dir>/abc.script 2>&1

18.45.22.6. Executing AIGER frontend.
<suppressed ~11 debug messages>
Removed 2134 unused cells and 10105 unused wires.

18.45.22.7. Executing ABC_OPS_REINTEGRATE pass (reintegrate ABC mapped design into module).
ABC RESULTS:              $lut cells:      643
ABC RESULTS:   \DFFNP_$abc9_byp cells:        3
ABC RESULTS:   \DFFP_$abc9_byp cells:        5
ABC RESULTS:   \DFFC_$abc9_byp cells:       81
ABC RESULTS:   \DFFNPE_$abc9_byp cells:        1
ABC RESULTS:   \DFFNCE_$abc9_byp cells:       25
ABC RESULTS:   \DFFCE_$abc9_byp cells:        6
ABC RESULTS:   $paramod\ALU\ALU_MODE=s32'00000000000000000000000000000010 cells:      476
ABC RESULTS:           input signals:      233
ABC RESULTS:          output signals:     1384
<suppressed ~4988 debug messages>
Removing temp directory.

18.45.23. Executing TECHMAP pass (map to technology primitives).

18.45.23.1. Executing Verilog-2005 frontend: /share/abc9_unmap.v
Parsing Verilog input from `/share/abc9_unmap.v' to AST representation.
Generating RTLIL representation for module `$__DFF_x__$abc9_flop'.
Generating RTLIL representation for module `$__ABC9_SCC_BREAKER'.
Successfully finished Verilog frontend.

18.45.23.2. Continuing TECHMAP pass.
Using template DFFCE_$abc9_byp for cells of type DFFCE_$abc9_byp.
Using template DFFC_$abc9_byp for cells of type DFFC_$abc9_byp.
Using template DFFNP_$abc9_byp for cells of type DFFNP_$abc9_byp.
Using template DFFNCE_$abc9_byp for cells of type DFFNCE_$abc9_byp.
Using template $paramod\ALU\ALU_MODE=s32'00000000000000000000000000000010 for cells of type $paramod\ALU\ALU_MODE=s32'00000000000000000000000000000010.
Using template DFFP_$abc9_byp for cells of type DFFP_$abc9_byp.
Using template DFFNPE_$abc9_byp for cells of type DFFNPE_$abc9_byp.
No more expansions possible.
<suppressed ~609 debug messages>
Removed 86 unused cells and 21470 unused wires.

18.46. Executing TECHMAP pass (map to technology primitives).

18.46.1. Executing Verilog-2005 frontend: /share/gowin/cells_map.v
Parsing Verilog input from `/share/gowin/cells_map.v' to AST representation.
Generating RTLIL representation for module `$_DFF_N_'.
Generating RTLIL representation for module `$_DFF_P_'.
Generating RTLIL representation for module `$_DFFE_PP_'.
Generating RTLIL representation for module `$_DFFE_NP_'.
Generating RTLIL representation for module `$_SDFF_PP0_'.
Generating RTLIL representation for module `$_SDFF_NP0_'.
Generating RTLIL representation for module `$_SDFFE_PP0P_'.
Generating RTLIL representation for module `$_SDFFE_NP0P_'.
Generating RTLIL representation for module `$_SDFF_PP1_'.
Generating RTLIL representation for module `$_SDFF_NP1_'.
Generating RTLIL representation for module `$_SDFFE_PP1P_'.
Generating RTLIL representation for module `$_SDFFE_NP1P_'.
Generating RTLIL representation for module `$_DFF_PP1_'.
Generating RTLIL representation for module `$_DFF_NP1_'.
Generating RTLIL representation for module `$_DFF_PP0_'.
Generating RTLIL representation for module `$_DFF_NP0_'.
Generating RTLIL representation for module `$_DFFE_PP1P_'.
Generating RTLIL representation for module `$_DFFE_NP1P_'.
Generating RTLIL representation for module `$_DFFE_PP0P_'.
Generating RTLIL representation for module `$_DFFE_NP0P_'.
Generating RTLIL representation for module `$lut'.
Successfully finished Verilog frontend.

18.46.2. Continuing TECHMAP pass.
Using template $paramod$272652f6c6fbe9a75eff76e45cc7e2788835518b$lut for cells of type $lut.
Using template $paramod$e552781a541b1991ffd4c7e131a2c1c3485617fd$lut for cells of type $lut.
Using template $paramod$lut\WIDTH=32'00000000000000000000000000000011\LUT=8'11111110 for cells of type $lut.
Using template $paramod$lut\WIDTH=32'00000000000000000000000000000010\LUT=4'1000 for cells of type $lut.
Using template $paramod$lut\WIDTH=32'00000000000000000000000000000011\LUT=8'11011111 for cells of type $lut.
Using template $paramod$lut\WIDTH=32'00000000000000000000000000000010\LUT=4'1110 for cells of type $lut.
Using template $paramod$lut\WIDTH=32'00000000000000000000000000000011\LUT=8'11110111 for cells of type $lut.
Using template $paramod$68992c2d67419233a98e6f663b2f09cbc99d93fd$lut for cells of type $lut.
Using template $paramod$lut\WIDTH=32'00000000000000000000000000000011\LUT=8'00000001 for cells of type $lut.
Using template $paramod$lut\WIDTH=32'00000000000000000000000000000010\LUT=4'0001 for cells of type $lut.
Using template $paramod$07d5165d555013ea46ab28c62695fea3f7dfc96b$lut for cells of type $lut.
Using template $paramod$30305e55a780880b9c824fe3509a4d981acb0f2b$lut for cells of type $lut.
Using template $paramod$48d2b19f57c573b447f2c7e34a744be9de838482$lut for cells of type $lut.
Using template $paramod$lut\WIDTH=32'00000000000000000000000000000011\LUT=8'11110001 for cells of type $lut.
Using template $paramod$376fd8132f96d0f2ab4e647ad2f1339c87e1a0e2$lut for cells of type $lut.
Using template $paramod$eb44c10d2cdbabb044d0064c89dd6aff91c9dfea$lut for cells of type $lut.
Using template $paramod$lut\WIDTH=32'00000000000000000000000000000010\LUT=4'1101 for cells of type $lut.
Using template $paramod$lut\WIDTH=32'00000000000000000000000000000011\LUT=8'01000000 for cells of type $lut.
Using template $paramod$lut\WIDTH=32'00000000000000000000000000000010\LUT=4'0010 for cells of type $lut.
Using template $paramod$lut\WIDTH=32'00000000000000000000000000000010\LUT=4'1011 for cells of type $lut.
Using template $paramod$lut\WIDTH=32'00000000000000000000000000000011\LUT=8'01011000 for cells of type $lut.
Using template $paramod$lut\WIDTH=32'00000000000000000000000000000011\LUT=8'10010000 for cells of type $lut.
Using template $paramod$lut\WIDTH=32'00000000000000000000000000000010\LUT=4'0111 for cells of type $lut.
Using template $paramod$658b9ed803f0d3d335616d3858b53e0a2522f1e8$lut for cells of type $lut.
Using template $paramod$6d6beead1425af15cf78b27fd9b11b41b5d4bce8$lut for cells of type $lut.
Using template $paramod$364c9ffbffac467d60dfec81bba4e18476c15602$lut for cells of type $lut.
Using template $paramod$571404c0889eaf57f492cb5e37f8acb5df5852f9$lut for cells of type $lut.
Using template $paramod$lut\WIDTH=32'00000000000000000000000000000011\LUT=8'11100010 for cells of type $lut.
Using template $paramod$6e238df02989b317f10820a22773676e71120644$lut for cells of type $lut.
Using template $paramod$d6ca727e39f31d51d29072e0f33aa09c65e37336$lut for cells of type $lut.
Using template $paramod$20f3f4b8e32f8a8b038b0056872dc94926194798$lut for cells of type $lut.
Using template $paramod$lut\WIDTH=32'00000000000000000000000000000010\LUT=4'0100 for cells of type $lut.
Using template $paramod$f9813472aa48e533b3838c6f2316dc2e78c66111$lut for cells of type $lut.
Using template $paramod$8e44661def013b6bf9fe6f8b049ef2c838d749f9$lut for cells of type $lut.
Using template $paramod$6023c671e114c4eb0467aa8a0b08e183f33ec2fd$lut for cells of type $lut.
Using template $paramod$5dc745bb48e2cf535179547ba13f0fe5364d6d54$lut for cells of type $lut.
Using template $paramod$0d3ac82cf5b8a192d5ff4c23e3143360366ae882$lut for cells of type $lut.
Using template $paramod$34ccb0403abd26609d9a7a8ea9a44b40cc4b3caf$lut for cells of type $lut.
Using template $paramod$lut\WIDTH=32'00000000000000000000000000000011\LUT=8'11001110 for cells of type $lut.
Using template $paramod$lut\WIDTH=32'00000000000000000000000000000011\LUT=8'11110100 for cells of type $lut.
Using template $paramod$101238f3d8d49ab12a9b49a2f01cd503b26e9c61$lut for cells of type $lut.
Using template $paramod$lut\WIDTH=32'00000000000000000000000000000011\LUT=8'10000000 for cells of type $lut.
Using template $paramod$990f0fb2b3d003f8b16e47a6e2203c03f05c2581$lut for cells of type $lut.
Using template $paramod$0d71526c68240b02533e31105a7b53265ca26d00$lut for cells of type $lut.
Using template $paramod$8bfc0eeaaa84d2880b5de3926653cc1bb2fa4de7$lut for cells of type $lut.
Using template $paramod$b85406dbc0fdd89120b800dd189f849f98b80dd9$lut for cells of type $lut.
Using template $paramod$1843b3c15f2447d117e2d5de9b00f791ef5f9fa3$lut for cells of type $lut.
Using template $paramod$lut\WIDTH=32'00000000000000000000000000000011\LUT=8'11111000 for cells of type $lut.
Using template $paramod$lut\WIDTH=32'00000000000000000000000000000011\LUT=8'00010000 for cells of type $lut.
Using template $paramod$beae4210b922fc9ba2fcc4008a7474b475e38c50$lut for cells of type $lut.
Using template $paramod$e51a8a571bee774247b38f52d6e85fd62ae52cea$lut for cells of type $lut.
Using template $paramod$7bb6a37e65823eeb4b38c370fec30ab082759a14$lut for cells of type $lut.
Using template $paramod$47b2f5a9f58cb4be072657772748a1ab82d6819a$lut for cells of type $lut.
Using template $paramod$ef02ea28c4f9766a22068d6502e87f79cf2d9131$lut for cells of type $lut.
Using template $paramod$lut\WIDTH=32'00000000000000000000000000000010\LUT=4'0110 for cells of type $lut.
Using template $paramod$e686286c1de1415475548a2899eb5f0e6cde5163$lut for cells of type $lut.
Using template $paramod$a49ac68ca035a6ad3fb2725ab293683f6e2c78d7$lut for cells of type $lut.
Using template $paramod$123e09df37748ffec7b20c91393f63070cf9f7e6$lut for cells of type $lut.
Using template $paramod$b21409dc0687127a8eb2ed1b3b9781ba472bcce2$lut for cells of type $lut.
Using template $paramod$lut\WIDTH=32'00000000000000000000000000000011\LUT=8'11101100 for cells of type $lut.
Using template $paramod$lut\WIDTH=32'00000000000000000000000000000011\LUT=8'11011100 for cells of type $lut.
Using template $paramod$47a8214374025465e226fa66bee690ff33268a25$lut for cells of type $lut.
Using template $paramod$5e9374f44a27c3f8a1c38af244ec43ceb4fb8d4f$lut for cells of type $lut.
Using template $paramod$e7f851136dae6aeb1353273c9db475d543157f1a$lut for cells of type $lut.
Using template $paramod$eba7de026ff587370e320127e266317dae097a89$lut for cells of type $lut.
Using template $paramod$bb4fff1cc3b827238aa40993cafede1c5beecbe3$lut for cells of type $lut.
Using template $paramod$lut\WIDTH=32'00000000000000000000000000000010\LUT=4'1001 for cells of type $lut.
Using template $paramod$a3a57f9f5292059f7a0ba74e915f399f13e36df4$lut for cells of type $lut.
Using template $paramod$4c8de682f2508054a5f7f13444038e3331866a9d$lut for cells of type $lut.
Using template $paramod$1ede5303d626a4576b1695a0d405b2cdf5e35fdf$lut for cells of type $lut.
Using template $paramod$bd6c69bc5b35ecaebc852c0e33740c86577e69c5$lut for cells of type $lut.
Using template $paramod$5a04e1c4a5877b490dc1b318e62c695ed1eab374$lut for cells of type $lut.
Using template $paramod$lut\WIDTH=32'00000000000000000000000000000011\LUT=8'00101111 for cells of type $lut.
Using template $paramod$9bdc414229f06e785dc8fd97a243faa9336e164a$lut for cells of type $lut.
Using template $paramod$lut\WIDTH=32'00000000000000000000000000000011\LUT=8'00100000 for cells of type $lut.
Using template $paramod$f840a6057f1d372c3e6a8a9fa5382749feb221f5$lut for cells of type $lut.
Using template $paramod$153c6cdaaddbc43e6ef3facd06aa851de33910ae$lut for cells of type $lut.
Using template $paramod$74190755306950a81a07803293f7549508f6f157$lut for cells of type $lut.
Using template $paramod$9e45b1a8f5d89c07bcbb75a2bb1c598231b04feb$lut for cells of type $lut.
Using template $paramod$lut\WIDTH=32'00000000000000000000000000000011\LUT=8'10000010 for cells of type $lut.
Using template $paramod$db08fd84fb3c4d6a41eaec6adfffe445fb7eb17f$lut for cells of type $lut.
Using template $paramod$lut\WIDTH=32'00000000000000000000000000000011\LUT=8'01110010 for cells of type $lut.
Using template $paramod$7e7f95ad53a0e1dff96be29e757215e9b0685738$lut for cells of type $lut.
Using template $paramod$a82a699dba54b8465366aeb90aba90d3d29adde0$lut for cells of type $lut.
Using template $paramod$e653e0e211cb784452976b8d7675dccf0d75eadc$lut for cells of type $lut.
Using template $paramod$a7c07944e10969b2e1fd563a5b72f89493cb3705$lut for cells of type $lut.
Using template $paramod$c5b694ec89d7629b942ccf6a9be1d39e24f8edec$lut for cells of type $lut.
Using template $paramod$9d86735a665af3c1da46d993ca9fb8a1a8b4a873$lut for cells of type $lut.
Using template $paramod$31f0a66a4b242b524303bfb4ac95c05ad74158f8$lut for cells of type $lut.
Using template $paramod$lut\WIDTH=32'00000000000000000000000000000011\LUT=8'10110011 for cells of type $lut.
Using template $paramod$722bfd9af0ae56ca9d1d12a221cb5ede16461f26$lut for cells of type $lut.
Using template $paramod$b17642e3fe0295003a682879dde8ed665f600e7b$lut for cells of type $lut.
Using template $paramod$4834046533425f54583d6bd31e49deb63455e1a5$lut for cells of type $lut.
Using template $paramod$b4f85a6321a00b090afc4e21d68e7b99eb94d149$lut for cells of type $lut.
Using template $paramod$lut\WIDTH=32'00000000000000000000000000000001\LUT=2'01 for cells of type $lut.
Using template $paramod$lut\WIDTH=32'00000000000000000000000000000011\LUT=8'00001000 for cells of type $lut.
Using template $paramod$80a22a19fd9405c651da1928a8b6d6eca89b42fc$lut for cells of type $lut.
Using template $paramod$13cd853d8b97f0d8c9dbe32ac445830a9469923c$lut for cells of type $lut.
Using template $paramod$74e8d8ccdd295d719f8ed4afe84c7508efed6dd5$lut for cells of type $lut.
Using template $paramod$ab77c53f782537c0634b120427977fa6e7d01362$lut for cells of type $lut.
Using template $paramod$a81cf453a316218febe7a33c0cf3157f69dfa7dc$lut for cells of type $lut.
Using template $paramod$759100a26014751d76925a70834cda75535a7760$lut for cells of type $lut.
Using template $paramod$18c0af0ab239136c12d03cf9ac659374dfbe1fe6$lut for cells of type $lut.
Using template $paramod$017c535bdd2635b4a60abec257ad0fd192aabd80$lut for cells of type $lut.
Using template $paramod$f55f4b90ec8e3e648d5c29eab1fa5ddd64b3f973$lut for cells of type $lut.
Using template $paramod$4a402228615d9a7293f15ad6f0a35386fc68bd24$lut for cells of type $lut.
Using template $paramod$4de864d2bb778ac6d1365260643a46278cf06f51$lut for cells of type $lut.
Using template $paramod$562ea81f0b04ddd3b00c1db413db83cbf25c870e$lut for cells of type $lut.
Using template $paramod$d315acbf930db7c20b3f4ac2dad3b7982b1f437c$lut for cells of type $lut.
Using template $paramod$lut\WIDTH=32'00000000000000000000000000000011\LUT=8'00101010 for cells of type $lut.
Using template $paramod$lut\WIDTH=32'00000000000000000000000000000011\LUT=8'01100000 for cells of type $lut.
Using template $paramod$86d1a43c2f1d620ff2cef866448dd1258c868fad$lut for cells of type $lut.
Using template $paramod$7d35f3eb4056e6484203c99fe42cfcf1dfaba704$lut for cells of type $lut.
Using template $paramod$df196ed0a1da5c4a58c5e08a1dac304fd3fccaab$lut for cells of type $lut.
Using template $paramod$8d7a8d6e3356de09670738ba85f2c6b874f6b06d$lut for cells of type $lut.
Using template $paramod$fca001e3e0b52158a872e76e56c01ec10dfbb1de$lut for cells of type $lut.
Using template $paramod$32ccf65669c41e1e3bce1f16051f6d60ad96a2a0$lut for cells of type $lut.
Using template $paramod$8512f4fb47fa9596f76cdbe5b407a5b54df368e7$lut for cells of type $lut.
Using template $paramod$0392318cefd9d15f572622bd5a88290120220d9c$lut for cells of type $lut.
Using template $paramod$lut\WIDTH=32'00000000000000000000000000000011\LUT=8'00000100 for cells of type $lut.
Using template $paramod$8adf7fbd410d2cc654c288d5be5f7508ee8809b0$lut for cells of type $lut.
Using template $paramod$lut\WIDTH=32'00000000000000000000000000000011\LUT=8'01001100 for cells of type $lut.
Using template $paramod$lut\WIDTH=32'00000000000000000000000000000011\LUT=8'00001110 for cells of type $lut.
Using template $paramod$694c95659b447cef99dd4cdbd49b87dfd5f6c806$lut for cells of type $lut.
Using template $paramod$a50be0e6fa3a01511bb234559cb74fb8bd3e2061$lut for cells of type $lut.
Using template $paramod$7570309fe7168df91480992af97b4a58b43668e2$lut for cells of type $lut.
Using template $paramod$dd091041be455612934bb13bfe851569d81ed6b5$lut for cells of type $lut.
Using template $paramod$a47ab8a9401965088c690edab226b5e61dd268e6$lut for cells of type $lut.
Using template $paramod$c24ed72ebb67e9ead6029e42e909ef7fc0abbb11$lut for cells of type $lut.
Using template $paramod$lut\WIDTH=32'00000000000000000000000000000011\LUT=8'10101000 for cells of type $lut.
Using template $paramod$b45e5cb971154e30a797eecb0461619c3eeae12d$lut for cells of type $lut.
Using template $paramod$66caeb00a39d236782a97659e3bd99621b74681b$lut for cells of type $lut.
Using template $paramod$a5516fc31d1e552de2435200bb732b4d4ad63a9c$lut for cells of type $lut.
Using template $paramod$6b7c9c56fc2a32a479d463d5f3b0d3f4673b67f1$lut for cells of type $lut.
Using template $paramod$f91e53ba684752dceabcd54901d323bd20a17410$lut for cells of type $lut.
Using template $paramod$92c3899764cd8074859d6a5a5b733cffe8a391b3$lut for cells of type $lut.
Using template $paramod$c88f31edbcbbebfee7d64760b26041ecd5f418f2$lut for cells of type $lut.
Using template $paramod$67be80acf92b4861aed3d8085a5bb296f128f875$lut for cells of type $lut.
Using template $paramod$3fd3cd243a8b2f71b0ffe04bdaebf6ad83bcc78e$lut for cells of type $lut.
Using template $paramod$ae9d7a0bbf54f20dfbcbef1cc6bb158700fc3394$lut for cells of type $lut.
Using template $paramod$c1ea9a2465ca0c32329bdb7cdb0aaa58d06f4479$lut for cells of type $lut.
Using template $paramod$lut\WIDTH=32'00000000000000000000000000000011\LUT=8'01010100 for cells of type $lut.
Using template $paramod$ab3d93f1fcab7eb90dc7107a6f542304d3ebcc5b$lut for cells of type $lut.
Using template $paramod$c28a8b7ce0535d090c4cfb52e9c74affd52b110c$lut for cells of type $lut.
Using template $paramod$251994398653c4cf8de320f1e306e535d5d2d624$lut for cells of type $lut.
Using template $paramod$09deb89cf77b6e37f6ed7fef8d797dc05c0b2eee$lut for cells of type $lut.
Using template $paramod$19f568890ed784cb1efc3ce1b67eed20a6c54d9a$lut for cells of type $lut.
Using template $paramod$2f17e1be43f3ac07ddcc5afec3b8e6a34320bd15$lut for cells of type $lut.
Using template $paramod$608f40069c27841a5b3bdf03643a34bdc8974072$lut for cells of type $lut.
Using template $paramod$09a04c73f78bcb04ea7bc059bf6194414f7462de$lut for cells of type $lut.
Using template $paramod$7aa8140c7d6de3160b21e7ff84e0f93f69f7fcc6$lut for cells of type $lut.
Using template $paramod$lut\WIDTH=32'00000000000000000000000000000011\LUT=8'00110010 for cells of type $lut.
Using template $paramod$c08a14371e71003193cf1d2da8edb6d22ac59ce1$lut for cells of type $lut.
Using template $paramod$bba54c1ef87367812b4c15f4aed5ac70773df775$lut for cells of type $lut.
Using template $paramod$7dc80f6db7113f8d3efb3affd3151d83c6b5c052$lut for cells of type $lut.
Using template $paramod$b4d0f4738a5ce50c7f36c2aa2ecc09cfb874f2b6$lut for cells of type $lut.
Using template $paramod$lut\WIDTH=32'00000000000000000000000000000011\LUT=8'00010011 for cells of type $lut.
Using template $paramod$b93d1ea7a612a32c185108f67a153d44ffb9aac2$lut for cells of type $lut.
Using template $paramod$2d4b18d9e77ec9bc6a9c2d1cf879c6adcf904593$lut for cells of type $lut.
Using template $paramod$lut\WIDTH=32'00000000000000000000000000000011\LUT=8'10001101 for cells of type $lut.
Using template $paramod$lut\WIDTH=32'00000000000000000000000000000011\LUT=8'00010101 for cells of type $lut.
Using template $paramod$lut\WIDTH=32'00000000000000000000000000000011\LUT=8'11001010 for cells of type $lut.
Using template $paramod$4f09540800ac966d6e31a7ccf5f32a559a8ce57a$lut for cells of type $lut.
Using template $paramod$2713208c8364adbd0af661a2a44fb5c0ddb61fdf$lut for cells of type $lut.
Using template $paramod$cb3caf177f391e03461034d2e43a101765b8d9f1$lut for cells of type $lut.
Using template $paramod$lut\WIDTH=32'00000000000000000000000000000011\LUT=8'10001100 for cells of type $lut.
Using template $paramod$bc85c8e2cc24fc88c83499140bfbbd5c8403a2f0$lut for cells of type $lut.
Using template $paramod$a6597eda4608f36e684c1dd07ed552fcbec112b2$lut for cells of type $lut.
Using template $paramod$9ec7378ab4e31f43bcc32ee03626ed1587aeda6e$lut for cells of type $lut.
Using template $paramod$cf652acbfbf67d2248e3045cd0f09c58ca55886c$lut for cells of type $lut.
Using template $paramod$33cfacf0b7aeb7896f44ed0d48647c075827e6cd$lut for cells of type $lut.
Using template $paramod$5e96c51e862795fcf5123ad90ed33b3bddf109cb$lut for cells of type $lut.
Using template $paramod$82687d3ad8130b5b49618b6a28f43c60b5130fe1$lut for cells of type $lut.
Using template $paramod$lut\WIDTH=32'00000000000000000000000000000011\LUT=8'00100011 for cells of type $lut.
Using template $paramod$4d5682dd6afedfd6df0816b3bca3365bbde91748$lut for cells of type $lut.
Using template $paramod$338ce46cf7ff44b9974887dd2adee6c4e0530bed$lut for cells of type $lut.
Using template $paramod$3258fabf91107b4a007ae89b2246a16c31e8ae28$lut for cells of type $lut.
Using template $paramod$03da3dcc7c75ea9c9148a6fc634f76a9d0cbefef$lut for cells of type $lut.
Using template $paramod$c68110307ed3a83d1f1d050a34218c458bce2221$lut for cells of type $lut.
Using template $paramod$44ff3d01a2588fda5053a4aed598e10717d073b5$lut for cells of type $lut.
Using template $paramod$7a98e3c834dd83a8af817c3899766b05346484c9$lut for cells of type $lut.
Using template $paramod$66658cbed86a8310f9b7ba1190d35eff90ee749b$lut for cells of type $lut.
Using template $paramod$lut\WIDTH=32'00000000000000000000000000000011\LUT=8'00101000 for cells of type $lut.
Using template $paramod$lut\WIDTH=32'00000000000000000000000000000011\LUT=8'01010001 for cells of type $lut.
Using template $paramod$032f8b008e9977f31c4cb43b52aa0a1926e1e430$lut for cells of type $lut.
Using template $paramod$9664483609d9e726df9697364de1aad825ad3979$lut for cells of type $lut.
Using template $paramod$7125b224d5920c893c2dd3de98a266451c2ebe7d$lut for cells of type $lut.
Using template $paramod$a8bd02a7e5ce01918f902c876189fe753369e4f7$lut for cells of type $lut.
Using template $paramod$343d04990f2ad8b892251a340c8ba3d6e1e5014c$lut for cells of type $lut.
Using template $paramod$9fd6a85e0afc61542faa2fda6ca2cc7712a58c9d$lut for cells of type $lut.
Using template $paramod$4b6ad0ebda42cf6130bb7dce8df234a3f8cfe0ef$lut for cells of type $lut.
Using template $paramod$017c6405345f99ed60ed880092f5f703b8018059$lut for cells of type $lut.
Using template $paramod$7589623eef359c428d234d9cd05c66fd383bdb5c$lut for cells of type $lut.
Using template $paramod$ff3b04fc04a5df84a70499147f6a962e56652ac9$lut for cells of type $lut.
Using template $paramod$5a6bbbc6a5ceeb4f71739e775a7c3712a6c4d343$lut for cells of type $lut.
Using template $paramod$f91d935f669c7b2b8d967958309e4702fff18049$lut for cells of type $lut.
Using template $paramod$cd758193c10dd860675583ef8e7434e0afe43056$lut for cells of type $lut.
Using template $paramod$98ea2a50a3ce5cc32ae7342411658e8dd20deb67$lut for cells of type $lut.
Using template $paramod$c7b3b53407c04528854a0f043eef83307696c71c$lut for cells of type $lut.
Using template $paramod$1001121e5caa60202e4c411e555e67f933605173$lut for cells of type $lut.
Using template $paramod$fe4dcf644cd74fc260a624636e437f9d605314b9$lut for cells of type $lut.
Using template $paramod$ea0a4ee26eb9aa2c03283f4bfb761fc3543b5b69$lut for cells of type $lut.
Using template $paramod$bf5406a03801a7fb5ac9dedcc41e435b295d425b$lut for cells of type $lut.
Using template $paramod$a8e39d14d3a99b91b3d22e113d957d3d26444939$lut for cells of type $lut.
Using template $paramod$cc32a05866f608aca38637d6c7ba9e5d077e8484$lut for cells of type $lut.
Using template $paramod$80283a48ee7d087bbd1063af8b303958d2769e2d$lut for cells of type $lut.
Using template $paramod$b26971835fa3c03b8964950444c8338bb0539e68$lut for cells of type $lut.
Using template $paramod$85185c21693979a4a8aed0e39b9a280afa41b15e$lut for cells of type $lut.
Using template $paramod$e439dec91fc2a99e785798852405ce5caa021e1f$lut for cells of type $lut.
Using template $paramod$86b98313d0f54d18c1c90efa1f02abe2bc24f994$lut for cells of type $lut.
Using template $paramod$6ac3487a8e0195e281cf3533b613187c2da6cd6a$lut for cells of type $lut.
Using template $paramod$1877d470bd08a5130621d176bfc932041c499640$lut for cells of type $lut.
Using template $paramod$de3aafb9dfa4c3b00fc5a349ac262c95f2a30514$lut for cells of type $lut.
Using template $paramod$64dd14c8134b4490e604472c90870471af1b7789$lut for cells of type $lut.
Using template $paramod$2a03965d1d24fe819618bc3f38d8b1509611f640$lut for cells of type $lut.
Using template $paramod$bae72156345370f1791f74602af3b9184b10b082$lut for cells of type $lut.
Using template $paramod$ccc0f82d1133a8db4f4e73cac314622f3f774957$lut for cells of type $lut.
Using template $paramod$a153aec58b8067f9034006d00629cca6c1160a99$lut for cells of type $lut.
Using template $paramod$82b44aba42f1d5082c92cede910710873fd38ffe$lut for cells of type $lut.
Using template $paramod$c0b48f07030173ad9594cc249deaa952c9c3cefc$lut for cells of type $lut.
Using template $paramod$1b87b3fc11682b55e0cf3b4a4219d585e4f93e2a$lut for cells of type $lut.
Using template $paramod$2b55c44df3be4a1fd23c5c4252397863457cfebd$lut for cells of type $lut.
Using template $paramod$bad96620ec0fbe495d1df0554546f3457e3120c6$lut for cells of type $lut.
Using template $paramod$6ee8e7839b8152eea8f7752dd8fd8b7aee246de7$lut for cells of type $lut.
Using template $paramod$a8cb9dc6eccb911035b7155b3fa8bdcdb987b386$lut for cells of type $lut.
Using template $paramod$be271bba002cd9043074c7f2690170dbcbaaafd0$lut for cells of type $lut.
Using template $paramod$61bc98ece8c76bffd4acdf40e5f231340cba90fc$lut for cells of type $lut.
Using template $paramod$5f8ab9a46761e05476da29d8b28b7f6a5f068746$lut for cells of type $lut.
Using template $paramod$b651d051156de406e4aba6487a921ffe3d74ad4d$lut for cells of type $lut.
Using template $paramod$66bd3fcf1fefab3b46081523cbad17fa6d136b6f$lut for cells of type $lut.
Using template $paramod$543d865129f1766232b6a3dcd003b926ec5de5d3$lut for cells of type $lut.
Using template $paramod$47b3093d6fe866fdea8c764ec37b55897d3d89e4$lut for cells of type $lut.
Using template $paramod$1608a4bb883ab55e66452d1bde906cdf57332153$lut for cells of type $lut.
Using template $paramod$54a26c9060ded5436a02145add4602d44435f348$lut for cells of type $lut.
Using template $paramod$d369c1288f54a1b26c52859f5f6a131412cdefcc$lut for cells of type $lut.
Using template $paramod$c315fd171a22ad0b563d890e3adda172ea240769$lut for cells of type $lut.
Using template $paramod$7af5e73609e09e724fab4c13c876bf651b53b6c2$lut for cells of type $lut.
Using template $paramod$fe2ccc9771c7f3621af3392ea69c0322e13310d4$lut for cells of type $lut.
Using template $paramod$d57af415e8f2332ef76bf6b69b3a6510311a17bd$lut for cells of type $lut.
Using template $paramod$1c44b9bd35858dfd7571b5a7ddeb49aa13e6ef62$lut for cells of type $lut.
Using template $paramod$c0670f2aab73eea2cd5c91d3b03ce85be7de1148$lut for cells of type $lut.
Using template $paramod$662aa0a39b9e25110115bde1c02f46570201d4f7$lut for cells of type $lut.
Using template $paramod$bb0006023707db5fc71819bf49ad58704c4bd66f$lut for cells of type $lut.
Using template $paramod$2ba02a5591997aa7116f4ed68918f4031384222a$lut for cells of type $lut.
Using template $paramod$f52a5ba53b21a08982e7e00362f7c2e113c696c2$lut for cells of type $lut.
Using template $paramod$7c4be712c98140aff76911ceea8564610c5a6675$lut for cells of type $lut.
Using template $paramod$12ca81afc0ddd7a62275249c8e90465259fa866f$lut for cells of type $lut.
Using template $paramod$f236496770ae2402eb71658a47358a0d27532cd6$lut for cells of type $lut.
Using template $paramod$4389e350a0f816d95c195223f8a1f406ab4edd19$lut for cells of type $lut.
Using template $paramod$881510e0e362b4007b83593dcc2c801f727bdc08$lut for cells of type $lut.
Using template $paramod$4153d2a5cc819185160073dfcc889edc05ed08c9$lut for cells of type $lut.
Using template $paramod$3c2c41a3dfa511b9d0c6ddbf4ddb8fe22bb4f3cf$lut for cells of type $lut.
Using template $paramod$18c5116bc23fee46f4b5ccce62bafe494003bb96$lut for cells of type $lut.
Using template $paramod$e1fa0bf266b686d833dfea1dc1ea944a8abd6715$lut for cells of type $lut.
Using template $paramod$a0036cda154fea2bc6644383d8b91476ebf289a0$lut for cells of type $lut.
Using template $paramod$6fbf544541a9405cae092dc908d72296b8c93d0e$lut for cells of type $lut.
Using template $paramod$04ed47faeeb30682a1d574536058d99d67ad4045$lut for cells of type $lut.
Using template $paramod$78a41b181b19aa1a99296451a99b420d6571c328$lut for cells of type $lut.
Using template $paramod$d08540cf1ffa7c1dcefbd80cfe0a8fb0458571c9$lut for cells of type $lut.
Using template $paramod$f6aa725215a1450c05e9668c72bfbe2e6267dfc7$lut for cells of type $lut.
Using template $paramod$eb3ab5b3496b328f9dd017dcd6c86b9e8bdb672a$lut for cells of type $lut.
Using template $paramod$0330b2f87e2c97569a78856675f8d8764c2184c8$lut for cells of type $lut.
Using template $paramod$ef7f1e65df746b0baa248bc34b422614333608b7$lut for cells of type $lut.
Using template $paramod$e3e9e3b8395dea3e7908191a5d7025f0251503c9$lut for cells of type $lut.
Using template $paramod$e0ddeca637f379006888f64af16aca096162abfe$lut for cells of type $lut.
Using template $paramod$d4a1feb89e5c0f93b3fd41f166076445b15cb74f$lut for cells of type $lut.
Using template $paramod$e0b192dcf742212c7befd720b774997b20cd9310$lut for cells of type $lut.
Using template $paramod$08fa8c84b464c651cef5d171d399e63c8b708611$lut for cells of type $lut.
Using template $paramod$735a88bab5b1c161ef85629bc211904f329ae69d$lut for cells of type $lut.
Using template $paramod$0a2b3b5914dcd335002863722b012502007c4124$lut for cells of type $lut.
Using template $paramod$56a95910675209e9ef42eff73c780c4d493ae003$lut for cells of type $lut.
Using template $paramod$2f5467de1e1d470108c0d42d5ab5ae9ad1eb539b$lut for cells of type $lut.
No more expansions possible.
<suppressed ~3898 debug messages>

18.47. Executing OPT_LUT_INS pass (discard unused LUT inputs).
Optimizing LUTs in amiga_board_top.
  Optimizing lut $abc$34686$lut$aiger34685$3842.genblk1.genblk1.genblk1.genblk1.genblk1.genblk1.genblk1.genblk1.lut0.genblk1.genblk1.genblk1.genblk1.genblk1.genblk1.genblk1.lut1.genblk1.genblk1.genblk1.genblk1.genblk1.genblk1.lut0.genblk1.genblk1.genblk1.genblk1.genblk1.lut1 (4 -> 3)
  Optimizing lut $auto$abc_ops_reintegrate.cc:611:reintegrate$34772.genblk1.genblk1.genblk1.genblk1.genblk1.genblk1.genblk1.genblk1.lut1.genblk1.genblk1.genblk1.genblk1.genblk1.genblk1.genblk1.lut0.genblk1.genblk1.genblk1.genblk1.genblk1.genblk1.lut0.genblk1.genblk1.genblk1.genblk1.genblk1.lut0 (4 -> 0)
  Optimizing lut $auto$abc_ops_reintegrate.cc:611:reintegrate$34772.genblk1.genblk1.genblk1.genblk1.genblk1.genblk1.genblk1.genblk1.lut1.genblk1.genblk1.genblk1.genblk1.genblk1.genblk1.genblk1.lut1.genblk1.genblk1.genblk1.genblk1.genblk1.genblk1.lut1.genblk1.genblk1.genblk1.genblk1.genblk1.lut0 (4 -> 0)
  Optimizing lut $auto$abc_ops_reintegrate.cc:611:reintegrate$34772.genblk1.genblk1.genblk1.genblk1.genblk1.genblk1.genblk1.genblk1.lut1.genblk1.genblk1.genblk1.genblk1.genblk1.genblk1.genblk1.lut1.genblk1.genblk1.genblk1.genblk1.genblk1.genblk1.lut0.genblk1.genblk1.genblk1.genblk1.genblk1.lut0 (4 -> 0)
  Optimizing lut $auto$abc_ops_reintegrate.cc:611:reintegrate$34772.genblk1.genblk1.genblk1.genblk1.genblk1.genblk1.genblk1.genblk1.lut0.genblk1.genblk1.genblk1.genblk1.genblk1.genblk1.genblk1.lut0.genblk1.genblk1.genblk1.genblk1.genblk1.genblk1.lut1.genblk1.genblk1.genblk1.genblk1.genblk1.lut0 (4 -> 0)
  Optimizing lut $auto$abc_ops_reintegrate.cc:611:reintegrate$34772.genblk1.genblk1.genblk1.genblk1.genblk1.genblk1.genblk1.genblk1.lut0.genblk1.genblk1.genblk1.genblk1.genblk1.genblk1.genblk1.lut0.genblk1.genblk1.genblk1.genblk1.genblk1.genblk1.lut0.genblk1.genblk1.genblk1.genblk1.genblk1.lut0 (4 -> 0)
  Optimizing lut $auto$abc_ops_reintegrate.cc:611:reintegrate$34772.genblk1.genblk1.genblk1.genblk1.genblk1.genblk1.genblk1.genblk1.lut0.genblk1.genblk1.genblk1.genblk1.genblk1.genblk1.genblk1.lut1.genblk1.genblk1.genblk1.genblk1.genblk1.genblk1.lut1.genblk1.genblk1.genblk1.genblk1.genblk1.lut0 (4 -> 0)
  Optimizing lut $auto$abc_ops_reintegrate.cc:611:reintegrate$34772.genblk1.genblk1.genblk1.genblk1.genblk1.genblk1.genblk1.genblk1.lut0.genblk1.genblk1.genblk1.genblk1.genblk1.genblk1.genblk1.lut1.genblk1.genblk1.genblk1.genblk1.genblk1.genblk1.lut0.genblk1.genblk1.genblk1.genblk1.genblk1.lut0 (4 -> 0)
  Optimizing lut $abc$34686$lut$aiger34685$3842.genblk1.genblk1.genblk1.genblk1.genblk1.genblk1.genblk1.genblk1.lut1.genblk1.genblk1.genblk1.genblk1.genblk1.genblk1.genblk1.lut0.genblk1.genblk1.genblk1.genblk1.genblk1.genblk1.lut1.genblk1.genblk1.genblk1.genblk1.genblk1.lut0 (4 -> 2)
  Optimizing lut $abc$34686$lut$aiger34685$3842.genblk1.genblk1.genblk1.genblk1.genblk1.genblk1.genblk1.genblk1.lut1.genblk1.genblk1.genblk1.genblk1.genblk1.genblk1.genblk1.lut1.genblk1.genblk1.genblk1.genblk1.genblk1.genblk1.lut1.genblk1.genblk1.genblk1.genblk1.genblk1.lut0 (4 -> 2)
  Optimizing lut $abc$34686$lut$aiger34685$3842.genblk1.genblk1.genblk1.genblk1.genblk1.genblk1.genblk1.genblk1.lut1.genblk1.genblk1.genblk1.genblk1.genblk1.genblk1.genblk1.lut1.genblk1.genblk1.genblk1.genblk1.genblk1.genblk1.lut0.genblk1.genblk1.genblk1.genblk1.genblk1.lut0 (4 -> 2)
  Optimizing lut $abc$34686$lut$aiger34685$3842.genblk1.genblk1.genblk1.genblk1.genblk1.genblk1.genblk1.genblk1.lut0.genblk1.genblk1.genblk1.genblk1.genblk1.genblk1.genblk1.lut0.genblk1.genblk1.genblk1.genblk1.genblk1.genblk1.lut1.genblk1.genblk1.genblk1.genblk1.genblk1.lut0 (4 -> 2)
  Optimizing lut $abc$34686$lut$aiger34685$3842.genblk1.genblk1.genblk1.genblk1.genblk1.genblk1.genblk1.genblk1.lut0.genblk1.genblk1.genblk1.genblk1.genblk1.genblk1.genblk1.lut0.genblk1.genblk1.genblk1.genblk1.genblk1.genblk1.lut0.genblk1.genblk1.genblk1.genblk1.genblk1.lut0 (4 -> 2)
  Optimizing lut $abc$34686$lut$aiger34685$3842.genblk1.genblk1.genblk1.genblk1.genblk1.genblk1.genblk1.genblk1.lut0.genblk1.genblk1.genblk1.genblk1.genblk1.genblk1.genblk1.lut1.genblk1.genblk1.genblk1.genblk1.genblk1.genblk1.lut1.genblk1.genblk1.genblk1.genblk1.genblk1.lut0 (4 -> 2)
  Optimizing lut $auto$abc_ops_reintegrate.cc:611:reintegrate$34728.genblk1.genblk1.genblk1.genblk1.genblk1.genblk1.genblk1.lut1.genblk1.genblk1.genblk1.genblk1.genblk1.genblk1.lut0.genblk1.genblk1.genblk1.genblk1.genblk1.lut1 (4 -> 0)
  Optimizing lut $auto$abc_ops_reintegrate.cc:611:reintegrate$34728.genblk1.genblk1.genblk1.genblk1.genblk1.genblk1.genblk1.lut0.genblk1.genblk1.genblk1.genblk1.genblk1.genblk1.lut0.genblk1.genblk1.genblk1.genblk1.genblk1.lut0 (4 -> 0)
  Optimizing lut $auto$abc_ops_reintegrate.cc:611:reintegrate$34728.genblk1.genblk1.genblk1.genblk1.genblk1.genblk1.genblk1.lut1.genblk1.genblk1.genblk1.genblk1.genblk1.genblk1.lut1.genblk1.genblk1.genblk1.genblk1.genblk1.lut0 (4 -> 0)
  Optimizing lut $auto$abc_ops_reintegrate.cc:611:reintegrate$34728.genblk1.genblk1.genblk1.genblk1.genblk1.genblk1.genblk1.lut1.genblk1.genblk1.genblk1.genblk1.genblk1.genblk1.lut0.genblk1.genblk1.genblk1.genblk1.genblk1.lut0 (4 -> 0)
  Optimizing lut $auto$abc_ops_reintegrate.cc:611:reintegrate$34729.genblk1.genblk1.genblk1.genblk1.genblk1.genblk1.lut0.genblk1.genblk1.genblk1.genblk1.genblk1.lut1 (4 -> 0)
  Optimizing lut $abc$34686$lut$aiger34685$3842.genblk1.genblk1.genblk1.genblk1.genblk1.genblk1.genblk1.genblk1.lut1.genblk1.genblk1.genblk1.genblk1.genblk1.genblk1.genblk1.lut1.genblk1.genblk1.genblk1.genblk1.genblk1.genblk1.lut0.genblk1.genblk1.genblk1.genblk1.genblk1.lut1 (4 -> 3)
  Optimizing lut $abc$34686$lut$aiger34685$3842.genblk1.genblk1.genblk1.genblk1.genblk1.genblk1.genblk1.genblk1.lut1.genblk1.genblk1.genblk1.genblk1.genblk1.genblk1.genblk1.lut0.genblk1.genblk1.genblk1.genblk1.genblk1.genblk1.lut0.genblk1.genblk1.genblk1.genblk1.genblk1.lut1 (4 -> 3)
  Optimizing lut $auto$abc_ops_reintegrate.cc:611:reintegrate$34772.genblk1.genblk1.genblk1.genblk1.genblk1.genblk1.genblk1.genblk1.lut0.genblk1.genblk1.genblk1.genblk1.genblk1.genblk1.genblk1.lut1.genblk1.genblk1.genblk1.genblk1.genblk1.genblk1.lut0.genblk1.genblk1.genblk1.genblk1.genblk1.lut1 (4 -> 0)
  Optimizing lut $auto$abc_ops_reintegrate.cc:611:reintegrate$34772.genblk1.genblk1.genblk1.genblk1.genblk1.genblk1.genblk1.genblk1.lut1.genblk1.genblk1.genblk1.genblk1.genblk1.genblk1.genblk1.lut1.genblk1.genblk1.genblk1.genblk1.genblk1.genblk1.lut0.genblk1.genblk1.genblk1.genblk1.genblk1.lut1 (4 -> 0)
  Optimizing lut $auto$abc_ops_reintegrate.cc:611:reintegrate$34772.genblk1.genblk1.genblk1.genblk1.genblk1.genblk1.genblk1.genblk1.lut1.genblk1.genblk1.genblk1.genblk1.genblk1.genblk1.genblk1.lut0.genblk1.genblk1.genblk1.genblk1.genblk1.genblk1.lut0.genblk1.genblk1.genblk1.genblk1.genblk1.lut1 (4 -> 0)
  Optimizing lut $auto$abc_ops_reintegrate.cc:611:reintegrate$34772.genblk1.genblk1.genblk1.genblk1.genblk1.genblk1.genblk1.genblk1.lut1.genblk1.genblk1.genblk1.genblk1.genblk1.genblk1.genblk1.lut0.genblk1.genblk1.genblk1.genblk1.genblk1.genblk1.lut1.genblk1.genblk1.genblk1.genblk1.genblk1.lut0 (4 -> 0)
  Optimizing lut $auto$abc_ops_reintegrate.cc:611:reintegrate$34772.genblk1.genblk1.genblk1.genblk1.genblk1.genblk1.genblk1.genblk1.lut1.genblk1.genblk1.genblk1.genblk1.genblk1.genblk1.genblk1.lut1.genblk1.genblk1.genblk1.genblk1.genblk1.genblk1.lut1.genblk1.genblk1.genblk1.genblk1.genblk1.lut1 (4 -> 0)
  Optimizing lut $auto$abc_ops_reintegrate.cc:611:reintegrate$34772.genblk1.genblk1.genblk1.genblk1.genblk1.genblk1.genblk1.genblk1.lut0.genblk1.genblk1.genblk1.genblk1.genblk1.genblk1.genblk1.lut1.genblk1.genblk1.genblk1.genblk1.genblk1.genblk1.lut1.genblk1.genblk1.genblk1.genblk1.genblk1.lut1 (4 -> 0)
  Optimizing lut $auto$abc_ops_reintegrate.cc:611:reintegrate$34733.genblk1.genblk1.genblk1.genblk1.genblk1.genblk1.lut0.genblk1.genblk1.genblk1.genblk1.genblk1.lut0 (4 -> 0)
  Optimizing lut $auto$abc_ops_reintegrate.cc:611:reintegrate$34729.genblk1.genblk1.genblk1.genblk1.genblk1.genblk1.lut0.genblk1.genblk1.genblk1.genblk1.genblk1.lut0 (4 -> 0)
  Optimizing lut $auto$abc_ops_reintegrate.cc:611:reintegrate$34728.genblk1.genblk1.genblk1.genblk1.genblk1.genblk1.genblk1.lut0.genblk1.genblk1.genblk1.genblk1.genblk1.genblk1.lut0.genblk1.genblk1.genblk1.genblk1.genblk1.lut1 (4 -> 0)
  Optimizing lut $abc$34686$lut$aiger34685$4083.genblk1.genblk1.genblk1.genblk1.genblk1.lut1 (4 -> 0)
  Optimizing lut $auto$abc_ops_reintegrate.cc:611:reintegrate$34733.genblk1.genblk1.genblk1.genblk1.genblk1.genblk1.lut0.genblk1.genblk1.genblk1.genblk1.genblk1.lut1 (4 -> 0)
  Optimizing lut $abc$34686$lut$aiger34685$3842.genblk1.genblk1.genblk1.genblk1.genblk1.genblk1.genblk1.genblk1.lut0.genblk1.genblk1.genblk1.genblk1.genblk1.genblk1.genblk1.lut0.genblk1.genblk1.genblk1.genblk1.genblk1.genblk1.lut0.genblk1.genblk1.genblk1.genblk1.genblk1.lut1 (4 -> 3)
  Optimizing lut $abc$34686$lut$aiger34685$3628.genblk1.genblk1.genblk1.genblk1.genblk1.lut1 (4 -> 0)
  Optimizing lut $abc$34686$lut$aiger$o1294.genblk1.genblk1.genblk1.genblk1.genblk1.lut1 (4 -> 2)
  Optimizing lut $auto$abc_ops_reintegrate.cc:611:reintegrate$34733.genblk1.genblk1.genblk1.genblk1.genblk1.genblk1.lut1.genblk1.genblk1.genblk1.genblk1.genblk1.lut1 (4 -> 0)
  Optimizing lut $abc$34686$lut$aiger34685$4461.genblk1.genblk1.genblk1.genblk1.genblk1.lut0 (4 -> 0)
  Optimizing lut $abc$34686$lut$aiger34685$4469.genblk1.genblk1.genblk1.genblk1.genblk1.lut0 (4 -> 0)
  Optimizing lut $abc$34686$lut$aiger34685$4613.genblk1.genblk1.genblk1.genblk1.genblk1.lut0 (4 -> 0)
  Optimizing lut $abc$34686$lut$aiger$o724.genblk1.genblk1.genblk1.genblk1.genblk1.lut1 (4 -> 0)
  Optimizing lut $abc$34686$lut$aiger34685$4481.genblk1.genblk1.genblk1.genblk1.genblk1.lut0 (4 -> 3)
  Optimizing lut $abc$34686$lut$aiger34685$4584.genblk1.genblk1.genblk1.genblk1.genblk1.lut0 (4 -> 2)
  Optimizing lut $abc$34686$lut$aiger$o719.genblk1.genblk1.genblk1.genblk1.genblk1.lut1 (4 -> 0)
  Optimizing lut $auto$abc_ops_reintegrate.cc:611:reintegrate$34693.genblk1.genblk1.genblk1.genblk1.genblk1.lut1 (4 -> 0)
  Optimizing lut $abc$34686$lut$aiger$o2869.genblk1.genblk1.genblk1.genblk1.genblk1.lut1 (4 -> 0)
  Optimizing lut $abc$34686$lut$aiger34685$3186.genblk1.genblk1.genblk1.genblk1.genblk1.lut0 (4 -> 0)
  Optimizing lut $auto$abc_ops_reintegrate.cc:611:reintegrate$34772.genblk1.genblk1.genblk1.genblk1.genblk1.genblk1.genblk1.genblk1.lut0.genblk1.genblk1.genblk1.genblk1.genblk1.genblk1.genblk1.lut0.genblk1.genblk1.genblk1.genblk1.genblk1.genblk1.lut1.genblk1.genblk1.genblk1.genblk1.genblk1.lut1 (4 -> 0)
  Optimizing lut $auto$abc_ops_reintegrate.cc:611:reintegrate$34728.genblk1.genblk1.genblk1.genblk1.genblk1.genblk1.genblk1.lut0.genblk1.genblk1.genblk1.genblk1.genblk1.genblk1.lut1.genblk1.genblk1.genblk1.genblk1.genblk1.lut0 (4 -> 0)
  Optimizing lut $abc$34686$lut$aiger34685$4090.genblk1.genblk1.genblk1.genblk1.genblk1.lut0 (4 -> 0)
  Optimizing lut $auto$abc_ops_reintegrate.cc:611:reintegrate$34728.genblk1.genblk1.genblk1.genblk1.genblk1.genblk1.genblk1.lut0.genblk1.genblk1.genblk1.genblk1.genblk1.genblk1.lut1.genblk1.genblk1.genblk1.genblk1.genblk1.lut1 (4 -> 0)
  Optimizing lut $auto$abc_ops_reintegrate.cc:611:reintegrate$34741.genblk1.genblk1.genblk1.genblk1.genblk1.lut0 (4 -> 0)
  Optimizing lut $auto$abc_ops_reintegrate.cc:611:reintegrate$34729.genblk1.genblk1.genblk1.genblk1.genblk1.genblk1.lut1.genblk1.genblk1.genblk1.genblk1.genblk1.lut0 (4 -> 0)
  Optimizing lut $abc$34686$lut$aiger$o2269.genblk1.genblk1.genblk1.genblk1.genblk1.lut1 (4 -> 0)
  Optimizing lut $abc$34686$lut$aiger$o3487.genblk1.genblk1.genblk1.genblk1.genblk1.lut0 (4 -> 0)
  Optimizing lut $auto$abc_ops_reintegrate.cc:611:reintegrate$34711.genblk1.genblk1.genblk1.genblk1.genblk1.lut1 (4 -> 0)
  Optimizing lut $abc$34686$lut$aiger34685$3842.genblk1.genblk1.genblk1.genblk1.genblk1.genblk1.genblk1.genblk1.lut1.genblk1.genblk1.genblk1.genblk1.genblk1.genblk1.genblk1.lut1.genblk1.genblk1.genblk1.genblk1.genblk1.genblk1.lut1.genblk1.genblk1.genblk1.genblk1.genblk1.lut1 (4 -> 3)
  Optimizing lut $abc$34686$lut$aiger34685$3612.genblk1.genblk1.genblk1.genblk1.genblk1.lut0 (4 -> 0)
  Optimizing lut $abc$34686$lut$aiger$o2859.genblk1.genblk1.genblk1.genblk1.genblk1.lut1 (4 -> 0)
  Optimizing lut $abc$34686$lut$aiger34685$3777.genblk1.genblk1.genblk1.genblk1.genblk1.lut0 (4 -> 0)
  Optimizing lut $abc$34686$lut$aiger$o2845.genblk1.genblk1.genblk1.genblk1.genblk1.lut1 (4 -> 2)
  Optimizing lut $abc$34686$lut$aiger$o2849.genblk1.genblk1.genblk1.genblk1.genblk1.lut1 (4 -> 0)
  Optimizing lut $abc$34686$lut$aiger$o2852.genblk1.genblk1.genblk1.genblk1.genblk1.lut1 (4 -> 0)
  Optimizing lut $abc$34686$lut$aiger34685$3842.genblk1.genblk1.genblk1.genblk1.genblk1.genblk1.genblk1.genblk1.lut0.genblk1.genblk1.genblk1.genblk1.genblk1.genblk1.genblk1.lut0.genblk1.genblk1.genblk1.genblk1.genblk1.genblk1.lut1.genblk1.genblk1.genblk1.genblk1.genblk1.lut1 (4 -> 3)
  Optimizing lut $abc$34686$lut$aiger34685$3710.genblk1.genblk1.genblk1.genblk1.genblk1.lut1 (4 -> 0)
  Optimizing lut $abc$34686$lut$aiger34685$3694.genblk1.genblk1.genblk1.genblk1.genblk1.lut0 (4 -> 0)
  Optimizing lut $abc$34686$lut$aiger$o2853.genblk1.genblk1.genblk1.genblk1.genblk1.lut1 (4 -> 1)
  Optimizing lut $abc$34686$lut$aiger34685$4584.genblk1.genblk1.genblk1.genblk1.genblk1.lut1 (4 -> 3)
  Optimizing lut $abc$34686$lut$aiger34685$3442.genblk1.genblk1.genblk1.genblk1.genblk1.lut1 (4 -> 0)
  Optimizing lut $auto$abc_ops_reintegrate.cc:611:reintegrate$34735.genblk1.genblk1.genblk1.genblk1.genblk1.lut0 (4 -> 0)
  Optimizing lut $abc$34686$lut$aiger34685$4074.genblk1.genblk1.genblk1.genblk1.genblk1.lut1 (4 -> 3)
  Optimizing lut $abc$34686$lut$aiger$o2804.genblk1.genblk1.genblk1.genblk1.genblk1.lut0 (4 -> 0)
  Optimizing lut $auto$abc_ops_reintegrate.cc:611:reintegrate$34732.genblk1.genblk1.genblk1.genblk1.genblk1.lut0 (4 -> 0)
  Optimizing lut $auto$abc_ops_reintegrate.cc:611:reintegrate$34764.genblk1.genblk1.genblk1.genblk1.genblk1.genblk1.lut1.genblk1.genblk1.genblk1.genblk1.genblk1.lut1 (4 -> 3)
  Optimizing lut $auto$abc_ops_reintegrate.cc:611:reintegrate$34772.genblk1.genblk1.genblk1.genblk1.genblk1.genblk1.genblk1.genblk1.lut0.genblk1.genblk1.genblk1.genblk1.genblk1.genblk1.genblk1.lut0.genblk1.genblk1.genblk1.genblk1.genblk1.genblk1.lut0.genblk1.genblk1.genblk1.genblk1.genblk1.lut1 (4 -> 0)

18.48. Executing HILOMAP pass (mapping to constant drivers).
Removed 0 unused cells and 1887 unused wires.

18.49. Executing AUTONAME pass.
Renamed 3868 objects in module amiga_board_top.
<suppressed ~3868 debug messages>

18.50. Executing HIERARCHY pass (managing design hierarchy).
Attribute `top' found on module `amiga_board_top'. Setting top module to amiga_board_top.

18.50.1. Analyzing design hierarchy..
Top module:  \amiga_board_top

18.50.2. Analyzing design hierarchy..
Top module:  \amiga_board_top
Removed 0 unused modules.

18.51. Printing statistics.

=== amiga_board_top ===

        +----------Local Count, excluding submodules.
        | 
     2018 wires
     3754 wire bits
     2018 public wires
     3754 public wire bits
       20 ports
       62 port bits
      970 cells
       15   $scopeinfo
        6   DPX9B
        1   GND
       29   IBUF
        2   IOBUF
       74   LUT1
      288   LUT2
      120   LUT3
      282   LUT4
       98   MUX2_LUT5
       14   MUX2_LUT6
        5   MUX2_LUT7
        2   MUX2_LUT8
       31   OBUF
        1   ODDR
        1   VCC
        1   rPLL
     1148 submodules
      476   ALU
      115   DFF
       81   DFFC
        6   DFFCE
       25   DFFNCE
        3   DFFNP
        1   DFFNPE
        5   DFFP
      159   DFFR
      262   DFFRE
        8   DFFS
        7   DFFSE

=== design hierarchy ===

        +----------Count including submodules.
        | 
      970 amiga_board_top

        +----------Count including submodules.
        | 
     2018 wires
     3754 wire bits
     2018 public wires
     3754 public wire bits
       20 ports
       62 port bits
        - memories
        - memory bits
        - processes
      970 cells
       15   $scopeinfo
        6   DPX9B
        1   GND
       29   IBUF
        2   IOBUF
       74   LUT1
      288   LUT2
      120   LUT3
      282   LUT4
       98   MUX2_LUT5
       14   MUX2_LUT6
        5   MUX2_LUT7
        2   MUX2_LUT8
       31   OBUF
        1   ODDR
        1   VCC
        1   rPLL
     1148 submodules
      476   ALU
      115   DFF
       81   DFFC
        6   DFFCE
       25   DFFNCE
        3   DFFNP
        1   DFFNPE
        5   DFFP
      159   DFFR
      262   DFFRE
        8   DFFS
        7   DFFSE

18.52. Executing CHECK pass (checking for obvious problems).
Checking module amiga_board_top...
Found and reported 0 problems.

18.53. Executing JSON backend.

19. Printing statistics.

=== amiga_board_top ===

        +----------Local Count, excluding submodules.
        | 
     2018 wires
     3754 wire bits
     2018 public wires
     3754 public wire bits
       20 ports
       62 port bits
     2118 cells
       15   $scopeinfo
      476   ALU
      115   DFF
       81   DFFC
        6   DFFCE
       25   DFFNCE
        3   DFFNP
        1   DFFNPE
        5   DFFP
      159   DFFR
      262   DFFRE
        8   DFFS
        7   DFFSE
        6   DPX9B
        1   GND
       29   IBUF
        2   IOBUF
       74   LUT1
      288   LUT2
      120   LUT3
      282   LUT4
       98   MUX2_LUT5
       14   MUX2_LUT6
        5   MUX2_LUT7
        2   MUX2_LUT8
       31   OBUF
        1   ODDR
        1   VCC
        1   rPLL

Warnings: 2 unique messages, 3 total
End of script. Logfile hash: 94ec4b3ecf, time: 3.29s, user: 3.29s, system: 0.00s
Yosys 0.69 (git sha1 9f75ca1f9, Release, Clang /workspace/YoWASP/yosys/wasi-sdk-33.0-x86_64-linux/share/cmake/../..//bin/clang++ 22.1.0)
Time spent: 18% 1x abc9_exe (0 sec), 15% 14x techmap (0 sec), ...
