
 /----------------------------------------------------------------------------\
 |  yosys -- Yosys Open SYnthesis Suite                                       |
 |  Copyright (C) 2012 - 2026  Claire Xenia Wolf <claire@yosyshq.com>         |
 |  Distributed under an ISC-like license, type "license" to see terms        |
 \----------------------------------------------------------------------------/
 Yosys 0.69 (git sha1 9f75ca1f9, Release, Clang /workspace/YoWASP/yosys/wasi-sdk-33.0-x86_64-linux/share/cmake/../..//bin/clang++ 22.1.0)

-- Executing script file `synthesis/system_2048.ys' --

1. Executing Verilog-2005 frontend: rtl/line_double.sv
Parsing SystemVerilog input from `rtl/line_double.sv' to AST representation.
Storing AST representation for module `$abstract\line_double'.
Successfully finished Verilog frontend.

2. Executing Verilog-2005 frontend: rtl/field_sync.sv
Parsing SystemVerilog input from `rtl/field_sync.sv' to AST representation.
Storing AST representation for module `$abstract\field_sync'.
Successfully finished Verilog frontend.

3. Executing Verilog-2005 frontend: rtl/video_core.sv
Parsing SystemVerilog input from `rtl/video_core.sv' to AST representation.
Storing AST representation for module `$abstract\video_core'.
Successfully finished Verilog frontend.

4. Executing Verilog-2005 frontend: rtl/i2c_register_write.sv
Parsing SystemVerilog input from `rtl/i2c_register_write.sv' to AST representation.
Storing AST representation for module `$abstract\i2c_register_write'.
Successfully finished Verilog frontend.

5. Executing Verilog-2005 frontend: rtl/adc_power_sequence.sv
Parsing SystemVerilog input from `rtl/adc_power_sequence.sv' to AST representation.
Storing AST representation for module `$abstract\adc_power_sequence'.
Successfully finished Verilog frontend.

6. Executing Verilog-2005 frontend: rtl/tvp7002_boot.sv
Parsing SystemVerilog input from `rtl/tvp7002_boot.sv' to AST representation.
Storing AST representation for module `$abstract\tvp7002_boot'.
Successfully finished Verilog frontend.

7. Executing Verilog-2005 frontend: rtl/video_clock_guard.sv
Parsing SystemVerilog input from `rtl/video_clock_guard.sv' to AST representation.
Storing AST representation for module `$abstract\video_clock_guard'.
Successfully finished Verilog frontend.

8. Executing Verilog-2005 frontend: rtl/pll_restart_control.sv
Parsing SystemVerilog input from `rtl/pll_restart_control.sv' to AST representation.
Storing AST representation for module `$abstract\pll_restart_control'.
Successfully finished Verilog frontend.

9. Executing Verilog-2005 frontend: rtl/clock_recovery_system.sv
Parsing SystemVerilog input from `rtl/clock_recovery_system.sv' to AST representation.
Storing AST representation for module `$abstract\clock_recovery_system'.
Successfully finished Verilog frontend.

10. Executing Verilog-2005 frontend: rtl/adc_rgb_capture.sv
Parsing SystemVerilog input from `rtl/adc_rgb_capture.sv' to AST representation.
Storing AST representation for module `$abstract\adc_rgb_capture'.
Successfully finished Verilog frontend.

11. Executing Verilog-2005 frontend: rtl/stream_sync_frontend.sv
Parsing SystemVerilog input from `rtl/stream_sync_frontend.sv' to AST representation.
Storing AST representation for module `$abstract\stream_sync_frontend'.
Successfully finished Verilog frontend.

12. Executing Verilog-2005 frontend: rtl/stream_input_video.sv
Parsing SystemVerilog input from `rtl/stream_input_video.sv' to AST representation.
Storing AST representation for module `$abstract\stream_input_video'.
Successfully finished Verilog frontend.

13. Executing Verilog-2005 frontend: rtl/amiga_logic_core.sv
Parsing SystemVerilog input from `rtl/amiga_logic_core.sv' to AST representation.
Storing AST representation for module `$abstract\amiga_logic_core'.
Successfully finished Verilog frontend.
Parameter \H_SAMPLES = 2048
Parameter \VS_ALIGN_CYCLES = 31
Parameter \HS_WIDTH = 4
Parameter \X_START = 6
Parameter \X_END = 2044
Parameter \Y_START = 8
Parameter \Y_END = 617

14. Executing AST frontend in derive mode using pre-parsed AST for module `\amiga_logic_core'.
Parameter \H_SAMPLES = 2048
Parameter \VS_ALIGN_CYCLES = 31
Parameter \HS_WIDTH = 4
Parameter \X_START = 6
Parameter \X_END = 2044
Parameter \Y_START = 8
Parameter \Y_END = 617
Generating RTLIL representation for module `$paramod$635ffd3b6b6ac07a03fe233d1232025c9d32838c\amiga_logic_core'.

15. Executing SYNTH_GOWIN pass.

15.1. Executing Verilog-2005 frontend: /share/gowin/cells_sim.v
Parsing Verilog input from `/share/gowin/cells_sim.v' to AST representation.
Generating RTLIL representation for module `\LUT1'.
Generating RTLIL representation for module `\LUT2'.
Generating RTLIL representation for module `\LUT3'.
Generating RTLIL representation for module `\LUT4'.
Generating RTLIL representation for module `\__APICULA_LUT5'.
Generating RTLIL representation for module `\__APICULA_LUT6'.
Generating RTLIL representation for module `\__APICULA_LUT7'.
Generating RTLIL representation for module `\__APICULA_LUT8'.
Generating RTLIL representation for module `\MUX2'.
Generating RTLIL representation for module `\MUX2_LUT5'.
Generating RTLIL representation for module `\MUX2_LUT6'.
Generating RTLIL representation for module `\MUX2_LUT7'.
Generating RTLIL representation for module `\MUX2_LUT8'.
Generating RTLIL representation for module `\DFF'.
Generating RTLIL representation for module `\DFFE'.
Generating RTLIL representation for module `\DFFS'.
Generating RTLIL representation for module `\DFFSE'.
Generating RTLIL representation for module `\DFFR'.
Generating RTLIL representation for module `\DFFRE'.
Generating RTLIL representation for module `\DFFP'.
Generating RTLIL representation for module `\DFFPE'.
Generating RTLIL representation for module `\DFFC'.
Generating RTLIL representation for module `\DFFCE'.
Generating RTLIL representation for module `\DFFN'.
Generating RTLIL representation for module `\DFFNE'.
Generating RTLIL representation for module `\DFFNS'.
Generating RTLIL representation for module `\DFFNSE'.
Generating RTLIL representation for module `\DFFNR'.
Generating RTLIL representation for module `\DFFNRE'.
Generating RTLIL representation for module `\DFFNP'.
Generating RTLIL representation for module `\DFFNPE'.
Generating RTLIL representation for module `\DFFNC'.
Generating RTLIL representation for module `\DFFNCE'.
Generating RTLIL representation for module `\DL'.
Generating RTLIL representation for module `\DLN'.
Generating RTLIL representation for module `\DLE'.
Generating RTLIL representation for module `\DLNE'.
Generating RTLIL representation for module `\DLC'.
Generating RTLIL representation for module `\DLCE'.
Generating RTLIL representation for module `\DLNC'.
Generating RTLIL representation for module `\DLNCE'.
Generating RTLIL representation for module `\DLP'.
Generating RTLIL representation for module `\DLPE'.
Generating RTLIL representation for module `\DLNP'.
Generating RTLIL representation for module `\DLNPE'.
Generating RTLIL representation for module `\VCC'.
Generating RTLIL representation for module `\GND'.
Generating RTLIL representation for module `\IBUF'.
Generating RTLIL representation for module `\OBUF'.
Generating RTLIL representation for module `\TBUF'.
Generating RTLIL representation for module `\IOBUF'.
Generating RTLIL representation for module `\ELVDS_OBUF'.
Generating RTLIL representation for module `\TLVDS_OBUF'.
Generating RTLIL representation for module `\OSER4'.
Generating RTLIL representation for module `\OSER4_MEM'.
Generating RTLIL representation for module `\OSER8'.
Generating RTLIL representation for module `\OSER10'.
Generating RTLIL representation for module `\OVIDEO'.
Generating RTLIL representation for module `\OSER16'.
Generating RTLIL representation for module `\IDES4'.
Generating RTLIL representation for module `\IDES4_MEM'.
Generating RTLIL representation for module `\IDES8'.
Generating RTLIL representation for module `\IDES10'.
Generating RTLIL representation for module `\IVIDEO'.
Generating RTLIL representation for module `\IDES16'.
Generating RTLIL representation for module `\IDDR'.
Generating RTLIL representation for module `\IDDRC'.
Generating RTLIL representation for module `\DQS'.
Generating RTLIL representation for module `\ODDR'.
Generating RTLIL representation for module `\ODDRC'.
Generating RTLIL representation for module `\GSR'.
Generating RTLIL representation for module `\BANDGAP'.
Generating RTLIL representation for module `\ALU'.
Generating RTLIL representation for module `\RAM16S1'.
Generating RTLIL representation for module `\RAM16S2'.
Generating RTLIL representation for module `\RAM16S4'.
Generating RTLIL representation for module `\RAM16SDP1'.
Generating RTLIL representation for module `\RAM16SDP2'.
Generating RTLIL representation for module `\RAM16SDP4'.
Generating RTLIL representation for module `\SP'.
Generating RTLIL representation for module `\SPX9'.
Generating RTLIL representation for module `\SDP'.
Generating RTLIL representation for module `\SDPX9'.
Generating RTLIL representation for module `\DP'.
Generating RTLIL representation for module `\DPX9'.
Generating RTLIL representation for module `\rPLL'.
Generating RTLIL representation for module `\PLLVR'.
Generating RTLIL representation for module `\OSC'.
Generating RTLIL representation for module `\OSCZ'.
Generating RTLIL representation for module `\OSCF'.
Generating RTLIL representation for module `\OSCH'.
Generating RTLIL representation for module `\OSCW'.
Generating RTLIL representation for module `\OSCO'.
Generating RTLIL representation for module `\EMCU'.
Successfully finished Verilog frontend.

15.2. Executing Verilog-2005 frontend: /share/gowin/cells_xtra_gw1n.v
Parsing Verilog input from `/share/gowin/cells_xtra_gw1n.v' to AST representation.
Generating RTLIL representation for module `\LUT5'.
Generating RTLIL representation for module `\LUT6'.
Generating RTLIL representation for module `\LUT7'.
Generating RTLIL representation for module `\LUT8'.
Generating RTLIL representation for module `\INV'.
Generating RTLIL representation for module `\IODELAY'.
Generating RTLIL representation for module `\IEM'.
Generating RTLIL representation for module `\ROM16'.
Generating RTLIL representation for module `\ROM'.
Generating RTLIL representation for module `\ROMX9'.
Generating RTLIL representation for module `\pROM'.
Generating RTLIL representation for module `\pROMX9'.
Generating RTLIL representation for module `\SDPB'.
Generating RTLIL representation for module `\SDPX9B'.
Generating RTLIL representation for module `\DPB'.
Generating RTLIL representation for module `\DPX9B'.
Generating RTLIL representation for module `\PADD18'.
Generating RTLIL representation for module `\PADD9'.
Generating RTLIL representation for module `\MULT9X9'.
Generating RTLIL representation for module `\MULT18X18'.
Generating RTLIL representation for module `\MULT36X36'.
Generating RTLIL representation for module `\MULTALU36X18'.
Generating RTLIL representation for module `\MULTADDALU18X18'.
Generating RTLIL representation for module `\MULTALU18X18'.
Generating RTLIL representation for module `\ALU54D'.
Generating RTLIL representation for module `\BUFG'.
Generating RTLIL representation for module `\BUFS'.
Generating RTLIL representation for module `\PLL'.
Generating RTLIL representation for module `\TLVDS_IBUF'.
Generating RTLIL representation for module `\TLVDS_TBUF'.
Generating RTLIL representation for module `\TLVDS_IOBUF'.
Generating RTLIL representation for module `\ELVDS_IBUF'.
Generating RTLIL representation for module `\ELVDS_TBUF'.
Generating RTLIL representation for module `\ELVDS_IOBUF'.
Generating RTLIL representation for module `\MIPI_IBUF'.
Generating RTLIL representation for module `\MIPI_IBUF_HS'.
Generating RTLIL representation for module `\MIPI_IBUF_LP'.
Generating RTLIL representation for module `\MIPI_OBUF'.
Generating RTLIL representation for module `\MIPI_OBUF_A'.
Generating RTLIL representation for module `\ELVDS_IBUF_MIPI'.
Generating RTLIL representation for module `\I3C_IOBUF'.
Generating RTLIL representation for module `\CLKDIV'.
Generating RTLIL representation for module `\DHCEN'.
Generating RTLIL representation for module `\DLLDLY'.
Generating RTLIL representation for module `\FLASH96K'.
Generating RTLIL representation for module `\FLASH256K'.
Generating RTLIL representation for module `\FLASH608K'.
Generating RTLIL representation for module `\DCS'.
Generating RTLIL representation for module `\DQCE'.
Generating RTLIL representation for module `\CLKDIV2'.
Generating RTLIL representation for module `\DHCENC'.
Generating RTLIL representation for module `\FLASH64K'.
Generating RTLIL representation for module `\FLASH64KZ'.
Successfully finished Verilog frontend.

15.3. Executing HIERARCHY pass (managing design hierarchy).

15.4. Executing AST frontend in derive mode using pre-parsed AST for module `\amiga_logic_core'.
Generating RTLIL representation for module `\amiga_logic_core'.

15.4.1. Analyzing design hierarchy..
Top module:  \amiga_logic_core
Parameter \H_SAMPLES = 2048
Parameter \VS_ALIGN_CYCLES = 31
Parameter \HS_WIDTH = 4
Parameter \X_START = 6
Parameter \X_END = 2044
Parameter \Y_START = 8
Parameter \Y_END = 617

15.4.2. Executing AST frontend in derive mode using pre-parsed AST for module `\stream_input_video'.
Parameter \H_SAMPLES = 2048
Parameter \VS_ALIGN_CYCLES = 31
Parameter \HS_WIDTH = 4
Parameter \X_START = 6
Parameter \X_END = 2044
Parameter \Y_START = 8
Parameter \Y_END = 617
Generating RTLIL representation for module `$paramod$635ffd3b6b6ac07a03fe233d1232025c9d32838c\stream_input_video'.

15.4.3. Executing AST frontend in derive mode using pre-parsed AST for module `\adc_rgb_capture'.
Generating RTLIL representation for module `\adc_rgb_capture'.
Parameter \GOOD_INTERVALS = 8
Parameter \RESET_HOLD_CYCLES = 270
Parameter \LOCK_TIMEOUT_CYCLES = 270000

15.4.4. Executing AST frontend in derive mode using pre-parsed AST for module `\clock_recovery_system'.
Parameter \GOOD_INTERVALS = 8
Parameter \RESET_HOLD_CYCLES = 270
Parameter \LOCK_TIMEOUT_CYCLES = 270000
Generating RTLIL representation for module `$paramod$683e8f5232cafaff99ac6963759532f7c096f897\clock_recovery_system'.
Parameter \H_SAMPLES = 2048
Parameter \HALF_CYCLES = 135
Parameter \TIMEOUT_CYCLES = 270000
Parameter \POWER_WAIT_CYCLES = 135000
Parameter \RESET_CYCLES = 270
Parameter \SETTLE_CYCLES = 27000
Parameter \ALC_WAIT_CYCLES = 810000

15.4.5. Executing AST frontend in derive mode using pre-parsed AST for module `\tvp7002_boot'.
Parameter \H_SAMPLES = 2048
Parameter \HALF_CYCLES = 135
Parameter \TIMEOUT_CYCLES = 270000
Parameter \POWER_WAIT_CYCLES = 135000
Parameter \RESET_CYCLES = 270
Parameter \SETTLE_CYCLES = 27000
Parameter \ALC_WAIT_CYCLES = 810000
Generating RTLIL representation for module `$paramod$a1d5b4e666128cdb38982dd69cf237f464b6f0a6\tvp7002_boot'.

15.4.6. Analyzing design hierarchy..
Top module:  \amiga_logic_core
Used module:     $paramod$635ffd3b6b6ac07a03fe233d1232025c9d32838c\stream_input_video
Used module:     \adc_rgb_capture
Used module:     $paramod$683e8f5232cafaff99ac6963759532f7c096f897\clock_recovery_system
Used module:     $paramod$a1d5b4e666128cdb38982dd69cf237f464b6f0a6\tvp7002_boot
Parameter \H_SAMPLES = 2048
Parameter \HS_WIDTH = 4
Parameter \X_START = 6
Parameter \X_END = 2044
Parameter \Y_START = 8
Parameter \Y_END = 617

15.4.7. Executing AST frontend in derive mode using pre-parsed AST for module `\video_core'.
Parameter \H_SAMPLES = 2048
Parameter \HS_WIDTH = 4
Parameter \X_START = 6
Parameter \X_END = 2044
Parameter \Y_START = 8
Parameter \Y_END = 617
Generating RTLIL representation for module `$paramod$09a1f5feb4da21d5e75bb9964def9f8e0dc5b598\video_core'.
Parameter \H_SAMPLES = 2048
Parameter \VS_ALIGN_CYCLES = 31
Parameter \MIN_FIELD_HALF_LINES = 500
Parameter \MAX_FIELD_HALF_LINES = 660

15.4.8. Executing AST frontend in derive mode using pre-parsed AST for module `\stream_sync_frontend'.
Parameter \H_SAMPLES = 2048
Parameter \VS_ALIGN_CYCLES = 31
Parameter \MIN_FIELD_HALF_LINES = 500
Parameter \MAX_FIELD_HALF_LINES = 660
Generating RTLIL representation for module `$paramod$4ef0cad1ef184161886a68c1ecb003c277dc66f2\stream_sync_frontend'.

15.4.9. Executing AST frontend in derive mode using pre-parsed AST for module `\video_clock_guard'.
Generating RTLIL representation for module `\video_clock_guard'.
Parameter \GOOD_INTERVALS = 8
Parameter \RESET_HOLD_CYCLES = 270
Parameter \LOCK_TIMEOUT_CYCLES = 270000

15.4.10. Executing AST frontend in derive mode using pre-parsed AST for module `\pll_restart_control'.
Parameter \GOOD_INTERVALS = 8
Parameter \RESET_HOLD_CYCLES = 270
Parameter \LOCK_TIMEOUT_CYCLES = 270000
Generating RTLIL representation for module `$paramod$683e8f5232cafaff99ac6963759532f7c096f897\pll_restart_control'.
Parameter \HALF_CYCLES = 135
Parameter \TIMEOUT_CYCLES = 270000

15.4.11. Executing AST frontend in derive mode using pre-parsed AST for module `\i2c_register_write'.
Parameter \HALF_CYCLES = 135
Parameter \TIMEOUT_CYCLES = 270000
Generating RTLIL representation for module `$paramod$ca4b7a37322eebe282ffca1ddbda4aa8d3e4aedf\i2c_register_write'.
Warning: Replacing memory \bytes with list of registers. See rtl/i2c_register_write.sv:50
Parameter \POWER_WAIT_CYCLES = 135000
Parameter \RESET_CYCLES = 270
Parameter \SETTLE_CYCLES = 27000

15.4.12. Executing AST frontend in derive mode using pre-parsed AST for module `\adc_power_sequence'.
Parameter \POWER_WAIT_CYCLES = 135000
Parameter \RESET_CYCLES = 270
Parameter \SETTLE_CYCLES = 27000
Generating RTLIL representation for module `$paramod$59e5d031c668cf41650225ca3253dc21d29dbc00\adc_power_sequence'.

15.4.13. Analyzing design hierarchy..
Top module:  \amiga_logic_core
Used module:     $paramod$635ffd3b6b6ac07a03fe233d1232025c9d32838c\stream_input_video
Used module:         $paramod$09a1f5feb4da21d5e75bb9964def9f8e0dc5b598\video_core
Used module:         $paramod$4ef0cad1ef184161886a68c1ecb003c277dc66f2\stream_sync_frontend
Used module:     \adc_rgb_capture
Used module:     $paramod$683e8f5232cafaff99ac6963759532f7c096f897\clock_recovery_system
Used module:         \video_clock_guard
Used module:         $paramod$683e8f5232cafaff99ac6963759532f7c096f897\pll_restart_control
Used module:     $paramod$a1d5b4e666128cdb38982dd69cf237f464b6f0a6\tvp7002_boot
Used module:         $paramod$ca4b7a37322eebe282ffca1ddbda4aa8d3e4aedf\i2c_register_write
Used module:         $paramod$59e5d031c668cf41650225ca3253dc21d29dbc00\adc_power_sequence
Parameter \H_SAMPLES = 2048
Parameter \VS_LINES = 5

15.4.14. Executing AST frontend in derive mode using pre-parsed AST for module `\field_sync'.
Parameter \H_SAMPLES = 2048
Parameter \VS_LINES = 5
Generating RTLIL representation for module `$paramod$7b2dfcee3d83e48a5c3011d349d1f430b35f1d98\field_sync'.
Parameter \H_SAMPLES = 2048

15.4.15. Executing AST frontend in derive mode using pre-parsed AST for module `\line_double'.
Parameter \H_SAMPLES = 2048
Generating RTLIL representation for module `$paramod\line_double\H_SAMPLES=s32'00000000000000000000100000000000'.

15.4.16. Analyzing design hierarchy..
Top module:  \amiga_logic_core
Used module:     $paramod$635ffd3b6b6ac07a03fe233d1232025c9d32838c\stream_input_video
Used module:         $paramod$09a1f5feb4da21d5e75bb9964def9f8e0dc5b598\video_core
Used module:             $paramod$7b2dfcee3d83e48a5c3011d349d1f430b35f1d98\field_sync
Used module:             $paramod\line_double\H_SAMPLES=s32'00000000000000000000100000000000
Used module:         $paramod$4ef0cad1ef184161886a68c1ecb003c277dc66f2\stream_sync_frontend
Used module:     \adc_rgb_capture
Used module:     $paramod$683e8f5232cafaff99ac6963759532f7c096f897\clock_recovery_system
Used module:         \video_clock_guard
Used module:         $paramod$683e8f5232cafaff99ac6963759532f7c096f897\pll_restart_control
Used module:     $paramod$a1d5b4e666128cdb38982dd69cf237f464b6f0a6\tvp7002_boot
Used module:         $paramod$ca4b7a37322eebe282ffca1ddbda4aa8d3e4aedf\i2c_register_write
Used module:         $paramod$59e5d031c668cf41650225ca3253dc21d29dbc00\adc_power_sequence

15.4.17. Analyzing design hierarchy..
Top module:  \amiga_logic_core
Used module:     $paramod$635ffd3b6b6ac07a03fe233d1232025c9d32838c\stream_input_video
Used module:         $paramod$09a1f5feb4da21d5e75bb9964def9f8e0dc5b598\video_core
Used module:             $paramod$7b2dfcee3d83e48a5c3011d349d1f430b35f1d98\field_sync
Used module:             $paramod\line_double\H_SAMPLES=s32'00000000000000000000100000000000
Used module:         $paramod$4ef0cad1ef184161886a68c1ecb003c277dc66f2\stream_sync_frontend
Used module:     \adc_rgb_capture
Used module:     $paramod$683e8f5232cafaff99ac6963759532f7c096f897\clock_recovery_system
Used module:         \video_clock_guard
Used module:         $paramod$683e8f5232cafaff99ac6963759532f7c096f897\pll_restart_control
Used module:     $paramod$a1d5b4e666128cdb38982dd69cf237f464b6f0a6\tvp7002_boot
Used module:         $paramod$ca4b7a37322eebe282ffca1ddbda4aa8d3e4aedf\i2c_register_write
Used module:         $paramod$59e5d031c668cf41650225ca3253dc21d29dbc00\adc_power_sequence
Removing unused module `$abstract\amiga_logic_core'.
Removing unused module `$abstract\stream_input_video'.
Removing unused module `$abstract\stream_sync_frontend'.
Removing unused module `$abstract\adc_rgb_capture'.
Removing unused module `$abstract\clock_recovery_system'.
Removing unused module `$abstract\pll_restart_control'.
Removing unused module `$abstract\video_clock_guard'.
Removing unused module `$abstract\tvp7002_boot'.
Removing unused module `$abstract\adc_power_sequence'.
Removing unused module `$abstract\i2c_register_write'.
Removing unused module `$abstract\video_core'.
Removing unused module `$abstract\field_sync'.
Removing unused module `$abstract\line_double'.
Removed 13 unused modules.

15.5. Executing PROC pass (convert processes to netlists).

15.5.1. Executing PROC_CLEAN pass (remove empty switches from decision trees).
Found and cleaned up 1 empty switch in `$paramod\line_double\H_SAMPLES=s32'00000000000000000000100000000000.$proc$rtl/line_double.sv:45$719'.
Removing empty process `$paramod\line_double\H_SAMPLES=s32'00000000000000000000100000000000.$proc$rtl/line_double.sv:45$719'.
Found and cleaned up 1 empty switch in `$paramod$59e5d031c668cf41650225ca3253dc21d29dbc00\adc_power_sequence.$proc$rtl/adc_power_sequence.sv:27$646'.
Removing empty process `$paramod$59e5d031c668cf41650225ca3253dc21d29dbc00\adc_power_sequence.$proc$rtl/adc_power_sequence.sv:27$646'.
Found and cleaned up 1 empty switch in `$paramod$ca4b7a37322eebe282ffca1ddbda4aa8d3e4aedf\i2c_register_write.$proc$rtl/i2c_register_write.sv:34$631'.
Removing empty process `$paramod$ca4b7a37322eebe282ffca1ddbda4aa8d3e4aedf\i2c_register_write.$proc$rtl/i2c_register_write.sv:34$631'.
Found and cleaned up 1 empty switch in `$paramod$683e8f5232cafaff99ac6963759532f7c096f897\pll_restart_control.$proc$rtl/pll_restart_control.sv:30$558'.
Removing empty process `$paramod$683e8f5232cafaff99ac6963759532f7c096f897\pll_restart_control.$proc$rtl/pll_restart_control.sv:30$558'.
Found and cleaned up 1 empty switch in `\video_clock_guard.$proc$rtl/video_clock_guard.sv:19$499'.
Removing empty process `video_clock_guard.$proc$rtl/video_clock_guard.sv:19$499'.
Found and cleaned up 1 empty switch in `$paramod$4ef0cad1ef184161886a68c1ecb003c277dc66f2\stream_sync_frontend.$proc$rtl/stream_sync_frontend.sv:42$466'.
Removing empty process `$paramod$4ef0cad1ef184161886a68c1ecb003c277dc66f2\stream_sync_frontend.$proc$rtl/stream_sync_frontend.sv:42$466'.
Found and cleaned up 1 empty switch in `$paramod$4ef0cad1ef184161886a68c1ecb003c277dc66f2\stream_sync_frontend.$proc$rtl/stream_sync_frontend.sv:53$442'.
Found and cleaned up 1 empty switch in `$paramod$09a1f5feb4da21d5e75bb9964def9f8e0dc5b598\video_core.$proc$rtl/video_core.sv:31$419'.
Removing empty process `$paramod$09a1f5feb4da21d5e75bb9964def9f8e0dc5b598\video_core.$proc$rtl/video_core.sv:31$419'.
Found and cleaned up 1 empty switch in `$paramod$a1d5b4e666128cdb38982dd69cf237f464b6f0a6\tvp7002_boot.$proc$rtl/tvp7002_boot.sv:31$396'.
Removing empty process `$paramod$a1d5b4e666128cdb38982dd69cf237f464b6f0a6\tvp7002_boot.$proc$rtl/tvp7002_boot.sv:31$396'.
Cleaned up 9 empty switches.

15.5.2. Executing PROC_RMDEAD pass (remove dead branches from decision trees).
Marked 5 switch rules as full_case in process $proc$rtl/line_double.sv:50$688 in module $paramod\line_double\H_SAMPLES=s32'00000000000000000000100000000000.
Marked 2 switch rules as full_case in process $proc$rtl/line_double.sv:37$668 in module $paramod\line_double\H_SAMPLES=s32'00000000000000000000100000000000.
Marked 5 switch rules as full_case in process $proc$rtl/field_sync.sv:19$649 in module $paramod$7b2dfcee3d83e48a5c3011d349d1f430b35f1d98\field_sync.
Marked 7 switch rules as full_case in process $proc$rtl/adc_power_sequence.sv:35$638 in module $paramod$59e5d031c668cf41650225ca3253dc21d29dbc00\adc_power_sequence.
Marked 1 switch rules as full_case in process $proc$rtl/adc_power_sequence.sv:31$637 in module $paramod$59e5d031c668cf41650225ca3253dc21d29dbc00\adc_power_sequence.
Marked 19 switch rules as full_case in process $proc$rtl/i2c_register_write.sv:46$569 in module $paramod$ca4b7a37322eebe282ffca1ddbda4aa8d3e4aedf\i2c_register_write.
Marked 1 switch rules as full_case in process $proc$rtl/i2c_register_write.sv:38$568 in module $paramod$ca4b7a37322eebe282ffca1ddbda4aa8d3e4aedf\i2c_register_write.
Removed 1 dead cases from process $proc$rtl/pll_restart_control.sv:57$543 in module $paramod$683e8f5232cafaff99ac6963759532f7c096f897\pll_restart_control.
Marked 7 switch rules as full_case in process $proc$rtl/pll_restart_control.sv:57$543 in module $paramod$683e8f5232cafaff99ac6963759532f7c096f897\pll_restart_control.
Marked 4 switch rules as full_case in process $proc$rtl/pll_restart_control.sv:42$530 in module $paramod$683e8f5232cafaff99ac6963759532f7c096f897\pll_restart_control.
Marked 1 switch rules as full_case in process $proc$rtl/pll_restart_control.sv:38$529 in module $paramod$683e8f5232cafaff99ac6963759532f7c096f897\pll_restart_control.
Marked 1 switch rules as full_case in process $proc$rtl/pll_restart_control.sv:36$527 in module $paramod$683e8f5232cafaff99ac6963759532f7c096f897\pll_restart_control.
Marked 1 switch rules as full_case in process $proc$rtl/video_clock_guard.sv:76$497 in module video_clock_guard.
Marked 1 switch rules as full_case in process $proc$rtl/video_clock_guard.sv:70$492 in module video_clock_guard.
Marked 5 switch rules as full_case in process $proc$rtl/video_clock_guard.sv:45$475 in module video_clock_guard.
Marked 1 switch rules as full_case in process $proc$rtl/video_clock_guard.sv:41$474 in module video_clock_guard.
Marked 1 switch rules as full_case in process $proc$rtl/video_clock_guard.sv:37$472 in module video_clock_guard.
Marked 1 switch rules as full_case in process $proc$rtl/video_clock_guard.sv:27$467 in module video_clock_guard.
Marked 10 switch rules as full_case in process $proc$rtl/stream_sync_frontend.sv:53$442 in module $paramod$4ef0cad1ef184161886a68c1ecb003c277dc66f2\stream_sync_frontend.
Marked 1 switch rules as full_case in process $proc$rtl/stream_sync_frontend.sv:49$441 in module $paramod$4ef0cad1ef184161886a68c1ecb003c277dc66f2\stream_sync_frontend.
Marked 3 switch rules as full_case in process $proc$rtl/video_core.sv:51$398 in module $paramod$09a1f5feb4da21d5e75bb9964def9f8e0dc5b598\video_core.
Marked 1 switch rules as full_case in process $proc$rtl/video_core.sv:43$397 in module $paramod$09a1f5feb4da21d5e75bb9964def9f8e0dc5b598\video_core.
Marked 6 switch rules as full_case in process $proc$rtl/tvp7002_boot.sv:91$389 in module $paramod$a1d5b4e666128cdb38982dd69cf237f464b6f0a6\tvp7002_boot.
Marked 1 switch rules as full_case in process $proc$rtl/tvp7002_boot.sv:38$378 in module $paramod$a1d5b4e666128cdb38982dd69cf237f464b6f0a6\tvp7002_boot.
Marked 1 switch rules as full_case in process $proc$rtl/adc_rgb_capture.sv:28$368 in module adc_rgb_capture.
Marked 1 switch rules as full_case in process $proc$rtl/adc_rgb_capture.sv:19$364 in module adc_rgb_capture.
Marked 1 switch rules as full_case in process $proc$rtl/adc_rgb_capture.sv:14$363 in module adc_rgb_capture.
Marked 1 switch rules as full_case in process $proc$rtl/amiga_logic_core.sv:29$350 in module amiga_logic_core.
Removed a total of 1 dead cases.

15.5.3. Executing PROC_PRUNE pass (remove redundant assignments in processes).
Removed 52 redundant assignments.
Promoted 13 assignments to connections.

15.5.4. Executing PROC_INIT pass (extract init attributes).

15.5.5. Executing PROC_ARST pass (detect async resets in processes).
Found async reset \reset in `$paramod$683e8f5232cafaff99ac6963759532f7c096f897\pll_restart_control.$proc$rtl/pll_restart_control.sv:36$527'.
Found async reset \prerequisites in `\video_clock_guard.$proc$rtl/video_clock_guard.sv:76$497'.
Found async reset \permit in `\video_clock_guard.$proc$rtl/video_clock_guard.sv:70$492'.
Found async reset \prerequisites in `\video_clock_guard.$proc$rtl/video_clock_guard.sv:45$475'.
Found async reset \reset in `\video_clock_guard.$proc$rtl/video_clock_guard.sv:41$474'.
Found async reset \prerequisites in `\video_clock_guard.$proc$rtl/video_clock_guard.sv:37$472'.
Found async reset \reset in `\video_clock_guard.$proc$rtl/video_clock_guard.sv:27$467'.
Found async reset \reset in `\adc_rgb_capture.$proc$rtl/adc_rgb_capture.sv:28$368'.
Found async reset \reset in `\adc_rgb_capture.$proc$rtl/adc_rgb_capture.sv:19$364'.
Found async reset \reset in `\adc_rgb_capture.$proc$rtl/adc_rgb_capture.sv:14$363'.
Found async reset \reset_video in `\amiga_logic_core.$proc$rtl/amiga_logic_core.sv:29$350'.

15.5.6. Executing PROC_ROM pass (convert switches to ROMs).
Converted 1 switch.
<suppressed ~117 debug messages>

15.5.7. Executing PROC_MUX pass (convert decision trees to multiplexers).
Creating decoders for process `$paramod\line_double\H_SAMPLES=s32'00000000000000000000100000000000.$proc$rtl/line_double.sv:50$688'.
     1/12: $0\out_sol[0:0]
     2/12: $0\pixel_valid[0:0]
     3/12: $0\previous_ce[0:0]
     4/12: $0\elapsed[12:0]
     5/12: $0\read_x[10:0]
     6/12: $0\written[11:0]
     7/12: $0\reading[0:0]
     8/12: $0\read_bank[0:0]
     9/12: $0\write_bank[0:0]
    10/12: $0\started[0:0]
    11/12: $0\out_x[10:0]
    12/12: $0\protocol_error[0:0]
Creating decoders for process `$paramod\line_double\H_SAMPLES=s32'00000000000000000000100000000000.$proc$rtl/line_double.sv:37$668'.
     1/6: $1$memwr$\bank1$rtl/line_double.sv:41$656_EN[23:0]$685
     2/6: $1$memwr$\bank1$rtl/line_double.sv:41$656_DATA[23:0]$684
     3/6: $1$memwr$\bank1$rtl/line_double.sv:41$656_ADDR[10:0]$683
     4/6: $1$memwr$\bank0$rtl/line_double.sv:40$655_EN[23:0]$681
     5/6: $1$memwr$\bank0$rtl/line_double.sv:40$655_DATA[23:0]$680
     6/6: $1$memwr$\bank0$rtl/line_double.sv:40$655_ADDR[10:0]$679
Creating decoders for process `$paramod$7b2dfcee3d83e48a5c3011d349d1f430b35f1d98\field_sync.$proc$rtl/field_sync.sv:19$649'.
     1/6: $0\frame_start[0:0]
     2/6: $0\remaining[31:0]
     3/6: $0\pending[0:0]
     4/6: $0\delay_active[0:0]
     5/6: $0\delay_count[12:0]
     6/6: $0\vs_n[0:0]
Creating decoders for process `$paramod$59e5d031c668cf41650225ca3253dc21d29dbc00\adc_power_sequence.$proc$rtl/adc_power_sequence.sv:35$638'.
     1/6: $0\count[17:0]
     2/6: $0\config_allowed[0:0]
     3/6: $0\state[2:0]
     4/6: $0\fault[0:0]
     5/6: $0\adc_pwdn[0:0]
     6/6: $0\adc_reset_n[0:0]
Creating decoders for process `$paramod$59e5d031c668cf41650225ca3253dc21d29dbc00\adc_power_sequence.$proc$rtl/adc_power_sequence.sv:31$637'.
     1/2: $0\pg_sync[0:0]
     2/2: $0\pg_meta[0:0]
Creating decoders for process `$paramod$ca4b7a37322eebe282ffca1ddbda4aa8d3e4aedf\i2c_register_write.$proc$rtl/i2c_register_write.sv:46$569'.
     1/37: $7$mem2reg_rd$\bytes$rtl/i2c_register_write.sv:97$560_DATA[7:0]$622
     2/37: $6$mem2reg_rd$\bytes$rtl/i2c_register_write.sv:97$560_DATA[7:0]$619
     3/37: $6$mem2reg_rd$\bytes$rtl/i2c_register_write.sv:97$560_ADDR[1:0]$618
     4/37: $5$mem2reg_rd$\bytes$rtl/i2c_register_write.sv:97$560_DATA[7:0]$615
     5/37: $5$mem2reg_rd$\bytes$rtl/i2c_register_write.sv:97$560_ADDR[1:0]$614
     6/37: $4$mem2reg_rd$\bytes$rtl/i2c_register_write.sv:97$560_DATA[7:0]$613
     7/37: $4$mem2reg_rd$\bytes$rtl/i2c_register_write.sv:97$560_ADDR[1:0]$612
     8/37: $6$mem2reg_rd$\bytes$rtl/i2c_register_write.sv:83$559_DATA[7:0]$604
     9/37: $5$mem2reg_rd$\bytes$rtl/i2c_register_write.sv:83$559_DATA[7:0]$602
    10/37: $5$mem2reg_rd$\bytes$rtl/i2c_register_write.sv:83$559_ADDR[1:0]$601
    11/37: $4$mem2reg_rd$\bytes$rtl/i2c_register_write.sv:83$559_DATA[7:0]$599
    12/37: $4$mem2reg_rd$\bytes$rtl/i2c_register_write.sv:83$559_ADDR[1:0]$598
    13/37: $3$mem2reg_rd$\bytes$rtl/i2c_register_write.sv:97$560_DATA[7:0]$588
    14/37: $3$mem2reg_rd$\bytes$rtl/i2c_register_write.sv:97$560_ADDR[1:0]$587
    15/37: $3$mem2reg_rd$\bytes$rtl/i2c_register_write.sv:83$559_DATA[7:0]$586
    16/37: $3$mem2reg_rd$\bytes$rtl/i2c_register_write.sv:83$559_ADDR[1:0]$585
    17/37: $2$mem2reg_rd$\bytes$rtl/i2c_register_write.sv:97$560_DATA[7:0]$584
    18/37: $2$mem2reg_rd$\bytes$rtl/i2c_register_write.sv:97$560_ADDR[1:0]$583
    19/37: $2$mem2reg_rd$\bytes$rtl/i2c_register_write.sv:83$559_DATA[7:0]$582
    20/37: $2$mem2reg_rd$\bytes$rtl/i2c_register_write.sv:83$559_ADDR[1:0]$581
    21/37: $0\watchdog[18:0]
    22/37: $0\done[0:0]
    23/37: $1$mem2reg_rd$\bytes$rtl/i2c_register_write.sv:97$560_DATA[7:0]$577
    24/37: $1$mem2reg_rd$\bytes$rtl/i2c_register_write.sv:97$560_ADDR[1:0]$576
    25/37: $1$mem2reg_rd$\bytes$rtl/i2c_register_write.sv:83$559_DATA[7:0]$575
    26/37: $1$mem2reg_rd$\bytes$rtl/i2c_register_write.sv:83$559_ADDR[1:0]$574
    27/37: $0\bytes[2][7:0]
    28/37: $0\bytes[1][7:0]
    29/37: $0\bytes[0][7:0]
    30/37: $0\bit_index[2:0]
    31/37: $0\byte_index[1:0]
    32/37: $0\count[7:0]
    33/37: $0\error[2:0]
    34/37: $0\busy[0:0]
    35/37: $0\state[3:0]
    36/37: $0\sda_low[0:0]
    37/37: $0\scl_low[0:0]
Creating decoders for process `$paramod$ca4b7a37322eebe282ffca1ddbda4aa8d3e4aedf\i2c_register_write.$proc$rtl/i2c_register_write.sv:38$568'.
     1/4: $0\sda_sync[0:0]
     2/4: $0\sda_meta[0:0]
     3/4: $0\scl_sync[0:0]
     4/4: $0\scl_meta[0:0]
Creating decoders for process `$paramod$683e8f5232cafaff99ac6963759532f7c096f897\pll_restart_control.$proc$rtl/pll_restart_control.sv:57$543'.
     1/6: $0\fault_history[2:0] [2]
     2/6: $0\fault_history[2:0] [1]
     3/6: $0\fault_history[2:0] [0]
     4/6: $0\lock_was_low[0:0]
     5/6: $0\state[1:0]
     6/6: $0\count[18:0]
Creating decoders for process `$paramod$683e8f5232cafaff99ac6963759532f7c096f897\pll_restart_control.$proc$rtl/pll_restart_control.sv:42$530'.
     1/6: $0\age[7:0]
     2/6: $0\last_hb[0:0]
     3/6: $0\period_last[7:0]
     4/6: $0\stable[0:0]
     5/6: $0\good[3:0]
     6/6: $0\seen_edge[0:0]
Creating decoders for process `$paramod$683e8f5232cafaff99ac6963759532f7c096f897\pll_restart_control.$proc$rtl/pll_restart_control.sv:38$529'.
     1/2: $0\lock_sync[1:0]
     2/2: $0\hb_sync[1:0]
Creating decoders for process `$paramod$683e8f5232cafaff99ac6963759532f7c096f897\pll_restart_control.$proc$rtl/pll_restart_control.sv:36$527'.
     1/1: $0\heartbeat[7:0]
Creating decoders for process `\video_clock_guard.$proc$rtl/video_clock_guard.sv:76$497'.
     1/1: $0\ready_sync[1:0]
Creating decoders for process `\video_clock_guard.$proc$rtl/video_clock_guard.sv:70$492'.
     1/1: $0\release_pipe[2:0]
Creating decoders for process `\video_clock_guard.$proc$rtl/video_clock_guard.sv:45$475'.
     1/5: $0\age[6:0]
     2/5: $0\heartbeat_last[0:0]
     3/5: $0\good[2:0]
     4/5: $0\healthy[0:0]
     5/5: $0\seen_edge[0:0]
Creating decoders for process `\video_clock_guard.$proc$rtl/video_clock_guard.sv:41$474'.
     1/1: $0\heartbeat_sync[1:0]
Creating decoders for process `\video_clock_guard.$proc$rtl/video_clock_guard.sv:37$472'.
     1/1: $0\prerequisites_sync[1:0]
Creating decoders for process `\video_clock_guard.$proc$rtl/video_clock_guard.sv:27$467'.
     1/1: $0\heartbeat_count[7:0]
Creating decoders for process `$paramod$4ef0cad1ef184161886a68c1ecb003c277dc66f2\stream_sync_frontend.$proc$rtl/stream_sync_frontend.sv:53$442'.
     1/21: $0\fault_history[2:0] [2]
     2/21: $0\fault_history[2:0] [1]
     3/21: $0\fault_history[2:0] [0]
     4/21: $0\vs_count[2:0]
     5/21: $0\rgb_out[23:0]
     6/21: $0\line_start[0:0]
     7/21: $0\sample_ce_out[0:0]
     8/21: $0\ce_seen[0:0]
     9/21: $0\previous_ce[0:0]
    10/21: $0\vs_delay[4:0]
    11/21: $0\v_age[20:0]
    12/21: $0\vs_pending[0:0]
    13/21: $0\v_locked[0:0]
    14/21: $0\have_vs[0:0]
    15/21: $0\vs_level[0:0]
    16/21: $0\h_good[1:0]
    17/21: $0\h_age[12:0]
    18/21: $0\h_locked[0:0]
    19/21: $0\have_hs[0:0]
    20/21: $0\previous_hs[0:0]
    21/21: $0\field_start[0:0]
Creating decoders for process `$paramod$4ef0cad1ef184161886a68c1ecb003c277dc66f2\stream_sync_frontend.$proc$rtl/stream_sync_frontend.sv:49$441'.
     1/1: $0\vs_sync[1:0]
Creating decoders for process `$paramod$09a1f5feb4da21d5e75bb9964def9f8e0dc5b598\video_core.$proc$rtl/video_core.sv:51$398'.
     1/13: $0\vs_n[0:0]
     2/13: $0\hs_n[0:0]
     3/13: $0\frame_start[0:0]
     4/13: $0\out_sol[0:0]
     5/13: $0\out_x[10:0]
     6/13: $0\x1[10:0]
     7/13: $0\sol1[0:0]
     8/13: $0\valid2[0:0]
     9/13: $0\valid1[0:0]
    10/13: $0\rgb2[23:0]
    11/13: $0\rgb1[23:0]
    12/13: $0\have_frame[0:0]
    13/13: $0\out_y[11:0]
Creating decoders for process `$paramod$09a1f5feb4da21d5e75bb9964def9f8e0dc5b598\video_core.$proc$rtl/video_core.sv:43$397'.
     1/1: $0\field_delayed[0:0]
Creating decoders for process `$paramod$a1d5b4e666128cdb38982dd69cf237f464b6f0a6\tvp7002_boot.$proc$rtl/tvp7002_boot.sv:91$389'.
     1/8: $0\start[0:0]
     2/8: $0\config_error[0:0]
     3/8: $0\config_done[0:0]
     4/8: $0\wait_count[19:0]
     5/8: $0\index[5:0]
     6/8: $0\state[2:0]
     7/8: $0\failed_register[7:0]
     8/8: $0\write_error[2:0]
Creating decoders for process `$paramod$a1d5b4e666128cdb38982dd69cf237f464b6f0a6\tvp7002_boot.$proc$rtl/tvp7002_boot.sv:38$378'.
     1/1: $1\entry[15:0]
Creating decoders for process `\adc_rgb_capture.$proc$rtl/adc_rgb_capture.sv:28$368'.
     1/6: $0\last_tag[0:0]
     2/6: $0\tag2[0:0]
     3/6: $0\tag1[0:0]
     4/6: $0\stage2[24:0]
     5/6: $0\stage1[24:0]
     6/6: $0\started[0:0]
Creating decoders for process `\adc_rgb_capture.$proc$rtl/adc_rgb_capture.sv:19$364'.
     1/2: $0\token[0:0]
     2/2: $0\captured[24:0]
Creating decoders for process `\adc_rgb_capture.$proc$rtl/adc_rgb_capture.sv:14$363'.
     1/1: $0\adc_release[2:0]
Creating decoders for process `\amiga_logic_core.$proc$rtl/amiga_logic_core.sv:29$350'.
     1/1: $0\video_sync[1:0]

15.5.8. Executing PROC_DLATCH pass (convert process syncs to latches).
No latch inferred for signal `$paramod$a1d5b4e666128cdb38982dd69cf237f464b6f0a6\tvp7002_boot.\entry' from process `$paramod$a1d5b4e666128cdb38982dd69cf237f464b6f0a6\tvp7002_boot.$proc$rtl/tvp7002_boot.sv:38$378'.

15.5.9. Executing PROC_DFF pass (convert process syncs to FFs).
Creating register for signal `$paramod\line_double\H_SAMPLES=s32'00000000000000000000100000000000.\protocol_error' using process `$paramod\line_double\H_SAMPLES=s32'00000000000000000000100000000000.$proc$rtl/line_double.sv:50$688'.
  created $dff cell `$procdff$2565' with positive edge clock.
Creating register for signal `$paramod\line_double\H_SAMPLES=s32'00000000000000000000100000000000.\out_sol' using process `$paramod\line_double\H_SAMPLES=s32'00000000000000000000100000000000.$proc$rtl/line_double.sv:50$688'.
  created $dff cell `$procdff$2566' with positive edge clock.
Creating register for signal `$paramod\line_double\H_SAMPLES=s32'00000000000000000000100000000000.\out_x' using process `$paramod\line_double\H_SAMPLES=s32'00000000000000000000100000000000.$proc$rtl/line_double.sv:50$688'.
  created $dff cell `$procdff$2567' with positive edge clock.
Creating register for signal `$paramod\line_double\H_SAMPLES=s32'00000000000000000000100000000000.\started' using process `$paramod\line_double\H_SAMPLES=s32'00000000000000000000100000000000.$proc$rtl/line_double.sv:50$688'.
  created $dff cell `$procdff$2568' with positive edge clock.
Creating register for signal `$paramod\line_double\H_SAMPLES=s32'00000000000000000000100000000000.\pixel_valid' using process `$paramod\line_double\H_SAMPLES=s32'00000000000000000000100000000000.$proc$rtl/line_double.sv:50$688'.
  created $dff cell `$procdff$2569' with positive edge clock.
Creating register for signal `$paramod\line_double\H_SAMPLES=s32'00000000000000000000100000000000.\previous_ce' using process `$paramod\line_double\H_SAMPLES=s32'00000000000000000000100000000000.$proc$rtl/line_double.sv:50$688'.
  created $dff cell `$procdff$2570' with positive edge clock.
Creating register for signal `$paramod\line_double\H_SAMPLES=s32'00000000000000000000100000000000.\write_bank' using process `$paramod\line_double\H_SAMPLES=s32'00000000000000000000100000000000.$proc$rtl/line_double.sv:50$688'.
  created $dff cell `$procdff$2571' with positive edge clock.
Creating register for signal `$paramod\line_double\H_SAMPLES=s32'00000000000000000000100000000000.\read_bank' using process `$paramod\line_double\H_SAMPLES=s32'00000000000000000000100000000000.$proc$rtl/line_double.sv:50$688'.
  created $dff cell `$procdff$2572' with positive edge clock.
Creating register for signal `$paramod\line_double\H_SAMPLES=s32'00000000000000000000100000000000.\reading' using process `$paramod\line_double\H_SAMPLES=s32'00000000000000000000100000000000.$proc$rtl/line_double.sv:50$688'.
  created $dff cell `$procdff$2573' with positive edge clock.
Creating register for signal `$paramod\line_double\H_SAMPLES=s32'00000000000000000000100000000000.\written' using process `$paramod\line_double\H_SAMPLES=s32'00000000000000000000100000000000.$proc$rtl/line_double.sv:50$688'.
  created $dff cell `$procdff$2574' with positive edge clock.
Creating register for signal `$paramod\line_double\H_SAMPLES=s32'00000000000000000000100000000000.\read_x' using process `$paramod\line_double\H_SAMPLES=s32'00000000000000000000100000000000.$proc$rtl/line_double.sv:50$688'.
  created $dff cell `$procdff$2575' with positive edge clock.
Creating register for signal `$paramod\line_double\H_SAMPLES=s32'00000000000000000000100000000000.\elapsed' using process `$paramod\line_double\H_SAMPLES=s32'00000000000000000000100000000000.$proc$rtl/line_double.sv:50$688'.
  created $dff cell `$procdff$2576' with positive edge clock.
Creating register for signal `$paramod\line_double\H_SAMPLES=s32'00000000000000000000100000000000.\bank0_q' using process `$paramod\line_double\H_SAMPLES=s32'00000000000000000000100000000000.$proc$rtl/line_double.sv:37$668'.
  created $dff cell `$procdff$2577' with positive edge clock.
Creating register for signal `$paramod\line_double\H_SAMPLES=s32'00000000000000000000100000000000.\bank1_q' using process `$paramod\line_double\H_SAMPLES=s32'00000000000000000000100000000000.$proc$rtl/line_double.sv:37$668'.
  created $dff cell `$procdff$2578' with positive edge clock.
Creating register for signal `$paramod\line_double\H_SAMPLES=s32'00000000000000000000100000000000.$memwr$\bank0$rtl/line_double.sv:40$655_ADDR' using process `$paramod\line_double\H_SAMPLES=s32'00000000000000000000100000000000.$proc$rtl/line_double.sv:37$668'.
  created $dff cell `$procdff$2579' with positive edge clock.
Creating register for signal `$paramod\line_double\H_SAMPLES=s32'00000000000000000000100000000000.$memwr$\bank0$rtl/line_double.sv:40$655_DATA' using process `$paramod\line_double\H_SAMPLES=s32'00000000000000000000100000000000.$proc$rtl/line_double.sv:37$668'.
  created $dff cell `$procdff$2580' with positive edge clock.
Creating register for signal `$paramod\line_double\H_SAMPLES=s32'00000000000000000000100000000000.$memwr$\bank0$rtl/line_double.sv:40$655_EN' using process `$paramod\line_double\H_SAMPLES=s32'00000000000000000000100000000000.$proc$rtl/line_double.sv:37$668'.
  created $dff cell `$procdff$2581' with positive edge clock.
Creating register for signal `$paramod\line_double\H_SAMPLES=s32'00000000000000000000100000000000.$memwr$\bank1$rtl/line_double.sv:41$656_ADDR' using process `$paramod\line_double\H_SAMPLES=s32'00000000000000000000100000000000.$proc$rtl/line_double.sv:37$668'.
  created $dff cell `$procdff$2582' with positive edge clock.
Creating register for signal `$paramod\line_double\H_SAMPLES=s32'00000000000000000000100000000000.$memwr$\bank1$rtl/line_double.sv:41$656_DATA' using process `$paramod\line_double\H_SAMPLES=s32'00000000000000000000100000000000.$proc$rtl/line_double.sv:37$668'.
  created $dff cell `$procdff$2583' with positive edge clock.
Creating register for signal `$paramod\line_double\H_SAMPLES=s32'00000000000000000000100000000000.$memwr$\bank1$rtl/line_double.sv:41$656_EN' using process `$paramod\line_double\H_SAMPLES=s32'00000000000000000000100000000000.$proc$rtl/line_double.sv:37$668'.
  created $dff cell `$procdff$2584' with positive edge clock.
Creating register for signal `$paramod$7b2dfcee3d83e48a5c3011d349d1f430b35f1d98\field_sync.\vs_n' using process `$paramod$7b2dfcee3d83e48a5c3011d349d1f430b35f1d98\field_sync.$proc$rtl/field_sync.sv:19$649'.
  created $dff cell `$procdff$2585' with positive edge clock.
Creating register for signal `$paramod$7b2dfcee3d83e48a5c3011d349d1f430b35f1d98\field_sync.\frame_start' using process `$paramod$7b2dfcee3d83e48a5c3011d349d1f430b35f1d98\field_sync.$proc$rtl/field_sync.sv:19$649'.
  created $dff cell `$procdff$2586' with positive edge clock.
Creating register for signal `$paramod$7b2dfcee3d83e48a5c3011d349d1f430b35f1d98\field_sync.\delay_count' using process `$paramod$7b2dfcee3d83e48a5c3011d349d1f430b35f1d98\field_sync.$proc$rtl/field_sync.sv:19$649'.
  created $dff cell `$procdff$2587' with positive edge clock.
Creating register for signal `$paramod$7b2dfcee3d83e48a5c3011d349d1f430b35f1d98\field_sync.\delay_active' using process `$paramod$7b2dfcee3d83e48a5c3011d349d1f430b35f1d98\field_sync.$proc$rtl/field_sync.sv:19$649'.
  created $dff cell `$procdff$2588' with positive edge clock.
Creating register for signal `$paramod$7b2dfcee3d83e48a5c3011d349d1f430b35f1d98\field_sync.\pending' using process `$paramod$7b2dfcee3d83e48a5c3011d349d1f430b35f1d98\field_sync.$proc$rtl/field_sync.sv:19$649'.
  created $dff cell `$procdff$2589' with positive edge clock.
Creating register for signal `$paramod$7b2dfcee3d83e48a5c3011d349d1f430b35f1d98\field_sync.\remaining' using process `$paramod$7b2dfcee3d83e48a5c3011d349d1f430b35f1d98\field_sync.$proc$rtl/field_sync.sv:19$649'.
  created $dff cell `$procdff$2590' with positive edge clock.
Creating register for signal `$paramod$59e5d031c668cf41650225ca3253dc21d29dbc00\adc_power_sequence.\adc_reset_n' using process `$paramod$59e5d031c668cf41650225ca3253dc21d29dbc00\adc_power_sequence.$proc$rtl/adc_power_sequence.sv:35$638'.
  created $dff cell `$procdff$2591' with positive edge clock.
Creating register for signal `$paramod$59e5d031c668cf41650225ca3253dc21d29dbc00\adc_power_sequence.\adc_pwdn' using process `$paramod$59e5d031c668cf41650225ca3253dc21d29dbc00\adc_power_sequence.$proc$rtl/adc_power_sequence.sv:35$638'.
  created $dff cell `$procdff$2592' with positive edge clock.
Creating register for signal `$paramod$59e5d031c668cf41650225ca3253dc21d29dbc00\adc_power_sequence.\fault' using process `$paramod$59e5d031c668cf41650225ca3253dc21d29dbc00\adc_power_sequence.$proc$rtl/adc_power_sequence.sv:35$638'.
  created $dff cell `$procdff$2593' with positive edge clock.
Creating register for signal `$paramod$59e5d031c668cf41650225ca3253dc21d29dbc00\adc_power_sequence.\state' using process `$paramod$59e5d031c668cf41650225ca3253dc21d29dbc00\adc_power_sequence.$proc$rtl/adc_power_sequence.sv:35$638'.
  created $dff cell `$procdff$2594' with positive edge clock.
Creating register for signal `$paramod$59e5d031c668cf41650225ca3253dc21d29dbc00\adc_power_sequence.\config_allowed' using process `$paramod$59e5d031c668cf41650225ca3253dc21d29dbc00\adc_power_sequence.$proc$rtl/adc_power_sequence.sv:35$638'.
  created $dff cell `$procdff$2595' with positive edge clock.
Creating register for signal `$paramod$59e5d031c668cf41650225ca3253dc21d29dbc00\adc_power_sequence.\count' using process `$paramod$59e5d031c668cf41650225ca3253dc21d29dbc00\adc_power_sequence.$proc$rtl/adc_power_sequence.sv:35$638'.
  created $dff cell `$procdff$2596' with positive edge clock.
Creating register for signal `$paramod$59e5d031c668cf41650225ca3253dc21d29dbc00\adc_power_sequence.\pg_meta' using process `$paramod$59e5d031c668cf41650225ca3253dc21d29dbc00\adc_power_sequence.$proc$rtl/adc_power_sequence.sv:31$637'.
  created $dff cell `$procdff$2597' with positive edge clock.
Creating register for signal `$paramod$59e5d031c668cf41650225ca3253dc21d29dbc00\adc_power_sequence.\pg_sync' using process `$paramod$59e5d031c668cf41650225ca3253dc21d29dbc00\adc_power_sequence.$proc$rtl/adc_power_sequence.sv:31$637'.
  created $dff cell `$procdff$2598' with positive edge clock.
Creating register for signal `$paramod$ca4b7a37322eebe282ffca1ddbda4aa8d3e4aedf\i2c_register_write.\scl_low' using process `$paramod$ca4b7a37322eebe282ffca1ddbda4aa8d3e4aedf\i2c_register_write.$proc$rtl/i2c_register_write.sv:46$569'.
  created $dff cell `$procdff$2599' with positive edge clock.
Creating register for signal `$paramod$ca4b7a37322eebe282ffca1ddbda4aa8d3e4aedf\i2c_register_write.\sda_low' using process `$paramod$ca4b7a37322eebe282ffca1ddbda4aa8d3e4aedf\i2c_register_write.$proc$rtl/i2c_register_write.sv:46$569'.
  created $dff cell `$procdff$2600' with positive edge clock.
Creating register for signal `$paramod$ca4b7a37322eebe282ffca1ddbda4aa8d3e4aedf\i2c_register_write.\state' using process `$paramod$ca4b7a37322eebe282ffca1ddbda4aa8d3e4aedf\i2c_register_write.$proc$rtl/i2c_register_write.sv:46$569'.
  created $dff cell `$procdff$2601' with positive edge clock.
Creating register for signal `$paramod$ca4b7a37322eebe282ffca1ddbda4aa8d3e4aedf\i2c_register_write.\busy' using process `$paramod$ca4b7a37322eebe282ffca1ddbda4aa8d3e4aedf\i2c_register_write.$proc$rtl/i2c_register_write.sv:46$569'.
  created $dff cell `$procdff$2602' with positive edge clock.
Creating register for signal `$paramod$ca4b7a37322eebe282ffca1ddbda4aa8d3e4aedf\i2c_register_write.\done' using process `$paramod$ca4b7a37322eebe282ffca1ddbda4aa8d3e4aedf\i2c_register_write.$proc$rtl/i2c_register_write.sv:46$569'.
  created $dff cell `$procdff$2603' with positive edge clock.
Creating register for signal `$paramod$ca4b7a37322eebe282ffca1ddbda4aa8d3e4aedf\i2c_register_write.\error' using process `$paramod$ca4b7a37322eebe282ffca1ddbda4aa8d3e4aedf\i2c_register_write.$proc$rtl/i2c_register_write.sv:46$569'.
  created $dff cell `$procdff$2604' with positive edge clock.
Creating register for signal `$paramod$ca4b7a37322eebe282ffca1ddbda4aa8d3e4aedf\i2c_register_write.\count' using process `$paramod$ca4b7a37322eebe282ffca1ddbda4aa8d3e4aedf\i2c_register_write.$proc$rtl/i2c_register_write.sv:46$569'.
  created $dff cell `$procdff$2605' with positive edge clock.
Creating register for signal `$paramod$ca4b7a37322eebe282ffca1ddbda4aa8d3e4aedf\i2c_register_write.\byte_index' using process `$paramod$ca4b7a37322eebe282ffca1ddbda4aa8d3e4aedf\i2c_register_write.$proc$rtl/i2c_register_write.sv:46$569'.
  created $dff cell `$procdff$2606' with positive edge clock.
Creating register for signal `$paramod$ca4b7a37322eebe282ffca1ddbda4aa8d3e4aedf\i2c_register_write.\bit_index' using process `$paramod$ca4b7a37322eebe282ffca1ddbda4aa8d3e4aedf\i2c_register_write.$proc$rtl/i2c_register_write.sv:46$569'.
  created $dff cell `$procdff$2607' with positive edge clock.
Creating register for signal `$paramod$ca4b7a37322eebe282ffca1ddbda4aa8d3e4aedf\i2c_register_write.\watchdog' using process `$paramod$ca4b7a37322eebe282ffca1ddbda4aa8d3e4aedf\i2c_register_write.$proc$rtl/i2c_register_write.sv:46$569'.
  created $dff cell `$procdff$2608' with positive edge clock.
Creating register for signal `$paramod$ca4b7a37322eebe282ffca1ddbda4aa8d3e4aedf\i2c_register_write.\bytes[0]' using process `$paramod$ca4b7a37322eebe282ffca1ddbda4aa8d3e4aedf\i2c_register_write.$proc$rtl/i2c_register_write.sv:46$569'.
  created $dff cell `$procdff$2609' with positive edge clock.
Creating register for signal `$paramod$ca4b7a37322eebe282ffca1ddbda4aa8d3e4aedf\i2c_register_write.\bytes[1]' using process `$paramod$ca4b7a37322eebe282ffca1ddbda4aa8d3e4aedf\i2c_register_write.$proc$rtl/i2c_register_write.sv:46$569'.
  created $dff cell `$procdff$2610' with positive edge clock.
Creating register for signal `$paramod$ca4b7a37322eebe282ffca1ddbda4aa8d3e4aedf\i2c_register_write.\bytes[2]' using process `$paramod$ca4b7a37322eebe282ffca1ddbda4aa8d3e4aedf\i2c_register_write.$proc$rtl/i2c_register_write.sv:46$569'.
  created $dff cell `$procdff$2611' with positive edge clock.
Creating register for signal `$paramod$ca4b7a37322eebe282ffca1ddbda4aa8d3e4aedf\i2c_register_write.$mem2reg_rd$\bytes$rtl/i2c_register_write.sv:83$559_ADDR' using process `$paramod$ca4b7a37322eebe282ffca1ddbda4aa8d3e4aedf\i2c_register_write.$proc$rtl/i2c_register_write.sv:46$569'.
  created $dff cell `$procdff$2612' with positive edge clock.
Creating register for signal `$paramod$ca4b7a37322eebe282ffca1ddbda4aa8d3e4aedf\i2c_register_write.$mem2reg_rd$\bytes$rtl/i2c_register_write.sv:83$559_DATA' using process `$paramod$ca4b7a37322eebe282ffca1ddbda4aa8d3e4aedf\i2c_register_write.$proc$rtl/i2c_register_write.sv:46$569'.
  created $dff cell `$procdff$2613' with positive edge clock.
Creating register for signal `$paramod$ca4b7a37322eebe282ffca1ddbda4aa8d3e4aedf\i2c_register_write.$mem2reg_rd$\bytes$rtl/i2c_register_write.sv:97$560_ADDR' using process `$paramod$ca4b7a37322eebe282ffca1ddbda4aa8d3e4aedf\i2c_register_write.$proc$rtl/i2c_register_write.sv:46$569'.
  created $dff cell `$procdff$2614' with positive edge clock.
Creating register for signal `$paramod$ca4b7a37322eebe282ffca1ddbda4aa8d3e4aedf\i2c_register_write.$mem2reg_rd$\bytes$rtl/i2c_register_write.sv:97$560_DATA' using process `$paramod$ca4b7a37322eebe282ffca1ddbda4aa8d3e4aedf\i2c_register_write.$proc$rtl/i2c_register_write.sv:46$569'.
  created $dff cell `$procdff$2615' with positive edge clock.
Creating register for signal `$paramod$ca4b7a37322eebe282ffca1ddbda4aa8d3e4aedf\i2c_register_write.\scl_meta' using process `$paramod$ca4b7a37322eebe282ffca1ddbda4aa8d3e4aedf\i2c_register_write.$proc$rtl/i2c_register_write.sv:38$568'.
  created $dff cell `$procdff$2616' with positive edge clock.
Creating register for signal `$paramod$ca4b7a37322eebe282ffca1ddbda4aa8d3e4aedf\i2c_register_write.\scl_sync' using process `$paramod$ca4b7a37322eebe282ffca1ddbda4aa8d3e4aedf\i2c_register_write.$proc$rtl/i2c_register_write.sv:38$568'.
  created $dff cell `$procdff$2617' with positive edge clock.
Creating register for signal `$paramod$ca4b7a37322eebe282ffca1ddbda4aa8d3e4aedf\i2c_register_write.\sda_meta' using process `$paramod$ca4b7a37322eebe282ffca1ddbda4aa8d3e4aedf\i2c_register_write.$proc$rtl/i2c_register_write.sv:38$568'.
  created $dff cell `$procdff$2618' with positive edge clock.
Creating register for signal `$paramod$ca4b7a37322eebe282ffca1ddbda4aa8d3e4aedf\i2c_register_write.\sda_sync' using process `$paramod$ca4b7a37322eebe282ffca1ddbda4aa8d3e4aedf\i2c_register_write.$proc$rtl/i2c_register_write.sv:38$568'.
  created $dff cell `$procdff$2619' with positive edge clock.
Creating register for signal `$paramod$683e8f5232cafaff99ac6963759532f7c096f897\pll_restart_control.\fault_history' using process `$paramod$683e8f5232cafaff99ac6963759532f7c096f897\pll_restart_control.$proc$rtl/pll_restart_control.sv:57$543'.
  created $dff cell `$procdff$2620' with positive edge clock.
Creating register for signal `$paramod$683e8f5232cafaff99ac6963759532f7c096f897\pll_restart_control.\state' using process `$paramod$683e8f5232cafaff99ac6963759532f7c096f897\pll_restart_control.$proc$rtl/pll_restart_control.sv:57$543'.
  created $dff cell `$procdff$2621' with positive edge clock.
Creating register for signal `$paramod$683e8f5232cafaff99ac6963759532f7c096f897\pll_restart_control.\lock_was_low' using process `$paramod$683e8f5232cafaff99ac6963759532f7c096f897\pll_restart_control.$proc$rtl/pll_restart_control.sv:57$543'.
  created $dff cell `$procdff$2622' with positive edge clock.
Creating register for signal `$paramod$683e8f5232cafaff99ac6963759532f7c096f897\pll_restart_control.\count' using process `$paramod$683e8f5232cafaff99ac6963759532f7c096f897\pll_restart_control.$proc$rtl/pll_restart_control.sv:57$543'.
  created $dff cell `$procdff$2623' with positive edge clock.
Creating register for signal `$paramod$683e8f5232cafaff99ac6963759532f7c096f897\pll_restart_control.\seen_edge' using process `$paramod$683e8f5232cafaff99ac6963759532f7c096f897\pll_restart_control.$proc$rtl/pll_restart_control.sv:42$530'.
  created $dff cell `$procdff$2624' with positive edge clock.
Creating register for signal `$paramod$683e8f5232cafaff99ac6963759532f7c096f897\pll_restart_control.\age' using process `$paramod$683e8f5232cafaff99ac6963759532f7c096f897\pll_restart_control.$proc$rtl/pll_restart_control.sv:42$530'.
  created $dff cell `$procdff$2625' with positive edge clock.
Creating register for signal `$paramod$683e8f5232cafaff99ac6963759532f7c096f897\pll_restart_control.\good' using process `$paramod$683e8f5232cafaff99ac6963759532f7c096f897\pll_restart_control.$proc$rtl/pll_restart_control.sv:42$530'.
  created $dff cell `$procdff$2626' with positive edge clock.
Creating register for signal `$paramod$683e8f5232cafaff99ac6963759532f7c096f897\pll_restart_control.\last_hb' using process `$paramod$683e8f5232cafaff99ac6963759532f7c096f897\pll_restart_control.$proc$rtl/pll_restart_control.sv:42$530'.
  created $dff cell `$procdff$2627' with positive edge clock.
Creating register for signal `$paramod$683e8f5232cafaff99ac6963759532f7c096f897\pll_restart_control.\stable' using process `$paramod$683e8f5232cafaff99ac6963759532f7c096f897\pll_restart_control.$proc$rtl/pll_restart_control.sv:42$530'.
  created $dff cell `$procdff$2628' with positive edge clock.
Creating register for signal `$paramod$683e8f5232cafaff99ac6963759532f7c096f897\pll_restart_control.\period_last' using process `$paramod$683e8f5232cafaff99ac6963759532f7c096f897\pll_restart_control.$proc$rtl/pll_restart_control.sv:42$530'.
  created $dff cell `$procdff$2629' with positive edge clock.
Creating register for signal `$paramod$683e8f5232cafaff99ac6963759532f7c096f897\pll_restart_control.\hb_sync' using process `$paramod$683e8f5232cafaff99ac6963759532f7c096f897\pll_restart_control.$proc$rtl/pll_restart_control.sv:38$529'.
  created $dff cell `$procdff$2630' with positive edge clock.
Creating register for signal `$paramod$683e8f5232cafaff99ac6963759532f7c096f897\pll_restart_control.\lock_sync' using process `$paramod$683e8f5232cafaff99ac6963759532f7c096f897\pll_restart_control.$proc$rtl/pll_restart_control.sv:38$529'.
  created $dff cell `$procdff$2631' with positive edge clock.
Creating register for signal `$paramod$683e8f5232cafaff99ac6963759532f7c096f897\pll_restart_control.\heartbeat' using process `$paramod$683e8f5232cafaff99ac6963759532f7c096f897\pll_restart_control.$proc$rtl/pll_restart_control.sv:36$527'.
  created $adff cell `$procdff$2634' with positive edge clock and positive level reset.
Creating register for signal `\video_clock_guard.\ready_sync' using process `\video_clock_guard.$proc$rtl/video_clock_guard.sv:76$497'.
  created $adff cell `$procdff$2639' with positive edge clock and positive level reset.
Creating register for signal `\video_clock_guard.\release_pipe' using process `\video_clock_guard.$proc$rtl/video_clock_guard.sv:70$492'.
  created $adff cell `$procdff$2644' with positive edge clock and positive level reset.
Creating register for signal `\video_clock_guard.\heartbeat_last' using process `\video_clock_guard.$proc$rtl/video_clock_guard.sv:45$475'.
  created $adff cell `$procdff$2649' with positive edge clock and positive level reset.
Creating register for signal `\video_clock_guard.\seen_edge' using process `\video_clock_guard.$proc$rtl/video_clock_guard.sv:45$475'.
  created $adff cell `$procdff$2654' with positive edge clock and positive level reset.
Creating register for signal `\video_clock_guard.\healthy' using process `\video_clock_guard.$proc$rtl/video_clock_guard.sv:45$475'.
  created $adff cell `$procdff$2659' with positive edge clock and positive level reset.
Creating register for signal `\video_clock_guard.\age' using process `\video_clock_guard.$proc$rtl/video_clock_guard.sv:45$475'.
  created $adff cell `$procdff$2664' with positive edge clock and positive level reset.
Creating register for signal `\video_clock_guard.\good' using process `\video_clock_guard.$proc$rtl/video_clock_guard.sv:45$475'.
  created $adff cell `$procdff$2669' with positive edge clock and positive level reset.
Creating register for signal `\video_clock_guard.\heartbeat_sync' using process `\video_clock_guard.$proc$rtl/video_clock_guard.sv:41$474'.
  created $adff cell `$procdff$2672' with positive edge clock and positive level reset.
Creating register for signal `\video_clock_guard.\prerequisites_sync' using process `\video_clock_guard.$proc$rtl/video_clock_guard.sv:37$472'.
  created $adff cell `$procdff$2677' with positive edge clock and positive level reset.
Creating register for signal `\video_clock_guard.\heartbeat_count' using process `\video_clock_guard.$proc$rtl/video_clock_guard.sv:27$467'.
  created $adff cell `$procdff$2680' with positive edge clock and positive level reset.
Creating register for signal `$paramod$4ef0cad1ef184161886a68c1ecb003c277dc66f2\stream_sync_frontend.\fault_history' using process `$paramod$4ef0cad1ef184161886a68c1ecb003c277dc66f2\stream_sync_frontend.$proc$rtl/stream_sync_frontend.sv:53$442'.
  created $dff cell `$procdff$2681' with positive edge clock.
Creating register for signal `$paramod$4ef0cad1ef184161886a68c1ecb003c277dc66f2\stream_sync_frontend.\sample_ce_out' using process `$paramod$4ef0cad1ef184161886a68c1ecb003c277dc66f2\stream_sync_frontend.$proc$rtl/stream_sync_frontend.sv:53$442'.
  created $dff cell `$procdff$2682' with positive edge clock.
Creating register for signal `$paramod$4ef0cad1ef184161886a68c1ecb003c277dc66f2\stream_sync_frontend.\line_start' using process `$paramod$4ef0cad1ef184161886a68c1ecb003c277dc66f2\stream_sync_frontend.$proc$rtl/stream_sync_frontend.sv:53$442'.
  created $dff cell `$procdff$2683' with positive edge clock.
Creating register for signal `$paramod$4ef0cad1ef184161886a68c1ecb003c277dc66f2\stream_sync_frontend.\field_start' using process `$paramod$4ef0cad1ef184161886a68c1ecb003c277dc66f2\stream_sync_frontend.$proc$rtl/stream_sync_frontend.sv:53$442'.
  created $dff cell `$procdff$2684' with positive edge clock.
Creating register for signal `$paramod$4ef0cad1ef184161886a68c1ecb003c277dc66f2\stream_sync_frontend.\rgb_out' using process `$paramod$4ef0cad1ef184161886a68c1ecb003c277dc66f2\stream_sync_frontend.$proc$rtl/stream_sync_frontend.sv:53$442'.
  created $dff cell `$procdff$2685' with positive edge clock.
Creating register for signal `$paramod$4ef0cad1ef184161886a68c1ecb003c277dc66f2\stream_sync_frontend.\previous_ce' using process `$paramod$4ef0cad1ef184161886a68c1ecb003c277dc66f2\stream_sync_frontend.$proc$rtl/stream_sync_frontend.sv:53$442'.
  created $dff cell `$procdff$2686' with positive edge clock.
Creating register for signal `$paramod$4ef0cad1ef184161886a68c1ecb003c277dc66f2\stream_sync_frontend.\ce_seen' using process `$paramod$4ef0cad1ef184161886a68c1ecb003c277dc66f2\stream_sync_frontend.$proc$rtl/stream_sync_frontend.sv:53$442'.
  created $dff cell `$procdff$2687' with positive edge clock.
Creating register for signal `$paramod$4ef0cad1ef184161886a68c1ecb003c277dc66f2\stream_sync_frontend.\previous_hs' using process `$paramod$4ef0cad1ef184161886a68c1ecb003c277dc66f2\stream_sync_frontend.$proc$rtl/stream_sync_frontend.sv:53$442'.
  created $dff cell `$procdff$2688' with positive edge clock.
Creating register for signal `$paramod$4ef0cad1ef184161886a68c1ecb003c277dc66f2\stream_sync_frontend.\have_hs' using process `$paramod$4ef0cad1ef184161886a68c1ecb003c277dc66f2\stream_sync_frontend.$proc$rtl/stream_sync_frontend.sv:53$442'.
  created $dff cell `$procdff$2689' with positive edge clock.
Creating register for signal `$paramod$4ef0cad1ef184161886a68c1ecb003c277dc66f2\stream_sync_frontend.\h_locked' using process `$paramod$4ef0cad1ef184161886a68c1ecb003c277dc66f2\stream_sync_frontend.$proc$rtl/stream_sync_frontend.sv:53$442'.
  created $dff cell `$procdff$2690' with positive edge clock.
Creating register for signal `$paramod$4ef0cad1ef184161886a68c1ecb003c277dc66f2\stream_sync_frontend.\h_age' using process `$paramod$4ef0cad1ef184161886a68c1ecb003c277dc66f2\stream_sync_frontend.$proc$rtl/stream_sync_frontend.sv:53$442'.
  created $dff cell `$procdff$2691' with positive edge clock.
Creating register for signal `$paramod$4ef0cad1ef184161886a68c1ecb003c277dc66f2\stream_sync_frontend.\h_good' using process `$paramod$4ef0cad1ef184161886a68c1ecb003c277dc66f2\stream_sync_frontend.$proc$rtl/stream_sync_frontend.sv:53$442'.
  created $dff cell `$procdff$2692' with positive edge clock.
Creating register for signal `$paramod$4ef0cad1ef184161886a68c1ecb003c277dc66f2\stream_sync_frontend.\vs_level' using process `$paramod$4ef0cad1ef184161886a68c1ecb003c277dc66f2\stream_sync_frontend.$proc$rtl/stream_sync_frontend.sv:53$442'.
  created $dff cell `$procdff$2693' with positive edge clock.
Creating register for signal `$paramod$4ef0cad1ef184161886a68c1ecb003c277dc66f2\stream_sync_frontend.\have_vs' using process `$paramod$4ef0cad1ef184161886a68c1ecb003c277dc66f2\stream_sync_frontend.$proc$rtl/stream_sync_frontend.sv:53$442'.
  created $dff cell `$procdff$2694' with positive edge clock.
Creating register for signal `$paramod$4ef0cad1ef184161886a68c1ecb003c277dc66f2\stream_sync_frontend.\v_locked' using process `$paramod$4ef0cad1ef184161886a68c1ecb003c277dc66f2\stream_sync_frontend.$proc$rtl/stream_sync_frontend.sv:53$442'.
  created $dff cell `$procdff$2695' with positive edge clock.
Creating register for signal `$paramod$4ef0cad1ef184161886a68c1ecb003c277dc66f2\stream_sync_frontend.\vs_pending' using process `$paramod$4ef0cad1ef184161886a68c1ecb003c277dc66f2\stream_sync_frontend.$proc$rtl/stream_sync_frontend.sv:53$442'.
  created $dff cell `$procdff$2696' with positive edge clock.
Creating register for signal `$paramod$4ef0cad1ef184161886a68c1ecb003c277dc66f2\stream_sync_frontend.\vs_count' using process `$paramod$4ef0cad1ef184161886a68c1ecb003c277dc66f2\stream_sync_frontend.$proc$rtl/stream_sync_frontend.sv:53$442'.
  created $dff cell `$procdff$2697' with positive edge clock.
Creating register for signal `$paramod$4ef0cad1ef184161886a68c1ecb003c277dc66f2\stream_sync_frontend.\v_age' using process `$paramod$4ef0cad1ef184161886a68c1ecb003c277dc66f2\stream_sync_frontend.$proc$rtl/stream_sync_frontend.sv:53$442'.
  created $dff cell `$procdff$2698' with positive edge clock.
Creating register for signal `$paramod$4ef0cad1ef184161886a68c1ecb003c277dc66f2\stream_sync_frontend.\vs_delay' using process `$paramod$4ef0cad1ef184161886a68c1ecb003c277dc66f2\stream_sync_frontend.$proc$rtl/stream_sync_frontend.sv:53$442'.
  created $dff cell `$procdff$2699' with positive edge clock.
Creating register for signal `$paramod$4ef0cad1ef184161886a68c1ecb003c277dc66f2\stream_sync_frontend.\vs_sync' using process `$paramod$4ef0cad1ef184161886a68c1ecb003c277dc66f2\stream_sync_frontend.$proc$rtl/stream_sync_frontend.sv:49$441'.
  created $dff cell `$procdff$2700' with positive edge clock.
Creating register for signal `$paramod$09a1f5feb4da21d5e75bb9964def9f8e0dc5b598\video_core.\hs_n' using process `$paramod$09a1f5feb4da21d5e75bb9964def9f8e0dc5b598\video_core.$proc$rtl/video_core.sv:51$398'.
  created $dff cell `$procdff$2701' with positive edge clock.
Creating register for signal `$paramod$09a1f5feb4da21d5e75bb9964def9f8e0dc5b598\video_core.\vs_n' using process `$paramod$09a1f5feb4da21d5e75bb9964def9f8e0dc5b598\video_core.$proc$rtl/video_core.sv:51$398'.
  created $dff cell `$procdff$2702' with positive edge clock.
Creating register for signal `$paramod$09a1f5feb4da21d5e75bb9964def9f8e0dc5b598\video_core.\out_sol' using process `$paramod$09a1f5feb4da21d5e75bb9964def9f8e0dc5b598\video_core.$proc$rtl/video_core.sv:51$398'.
  created $dff cell `$procdff$2703' with positive edge clock.
Creating register for signal `$paramod$09a1f5feb4da21d5e75bb9964def9f8e0dc5b598\video_core.\frame_start' using process `$paramod$09a1f5feb4da21d5e75bb9964def9f8e0dc5b598\video_core.$proc$rtl/video_core.sv:51$398'.
  created $dff cell `$procdff$2704' with positive edge clock.
Creating register for signal `$paramod$09a1f5feb4da21d5e75bb9964def9f8e0dc5b598\video_core.\out_x' using process `$paramod$09a1f5feb4da21d5e75bb9964def9f8e0dc5b598\video_core.$proc$rtl/video_core.sv:51$398'.
  created $dff cell `$procdff$2705' with positive edge clock.
Creating register for signal `$paramod$09a1f5feb4da21d5e75bb9964def9f8e0dc5b598\video_core.\out_y' using process `$paramod$09a1f5feb4da21d5e75bb9964def9f8e0dc5b598\video_core.$proc$rtl/video_core.sv:51$398'.
  created $dff cell `$procdff$2706' with positive edge clock.
Creating register for signal `$paramod$09a1f5feb4da21d5e75bb9964def9f8e0dc5b598\video_core.\rgb1' using process `$paramod$09a1f5feb4da21d5e75bb9964def9f8e0dc5b598\video_core.$proc$rtl/video_core.sv:51$398'.
  created $dff cell `$procdff$2707' with positive edge clock.
Creating register for signal `$paramod$09a1f5feb4da21d5e75bb9964def9f8e0dc5b598\video_core.\rgb2' using process `$paramod$09a1f5feb4da21d5e75bb9964def9f8e0dc5b598\video_core.$proc$rtl/video_core.sv:51$398'.
  created $dff cell `$procdff$2708' with positive edge clock.
Creating register for signal `$paramod$09a1f5feb4da21d5e75bb9964def9f8e0dc5b598\video_core.\valid1' using process `$paramod$09a1f5feb4da21d5e75bb9964def9f8e0dc5b598\video_core.$proc$rtl/video_core.sv:51$398'.
  created $dff cell `$procdff$2709' with positive edge clock.
Creating register for signal `$paramod$09a1f5feb4da21d5e75bb9964def9f8e0dc5b598\video_core.\valid2' using process `$paramod$09a1f5feb4da21d5e75bb9964def9f8e0dc5b598\video_core.$proc$rtl/video_core.sv:51$398'.
  created $dff cell `$procdff$2710' with positive edge clock.
Creating register for signal `$paramod$09a1f5feb4da21d5e75bb9964def9f8e0dc5b598\video_core.\sol1' using process `$paramod$09a1f5feb4da21d5e75bb9964def9f8e0dc5b598\video_core.$proc$rtl/video_core.sv:51$398'.
  created $dff cell `$procdff$2711' with positive edge clock.
Creating register for signal `$paramod$09a1f5feb4da21d5e75bb9964def9f8e0dc5b598\video_core.\have_frame' using process `$paramod$09a1f5feb4da21d5e75bb9964def9f8e0dc5b598\video_core.$proc$rtl/video_core.sv:51$398'.
  created $dff cell `$procdff$2712' with positive edge clock.
Creating register for signal `$paramod$09a1f5feb4da21d5e75bb9964def9f8e0dc5b598\video_core.\x1' using process `$paramod$09a1f5feb4da21d5e75bb9964def9f8e0dc5b598\video_core.$proc$rtl/video_core.sv:51$398'.
  created $dff cell `$procdff$2713' with positive edge clock.
Creating register for signal `$paramod$09a1f5feb4da21d5e75bb9964def9f8e0dc5b598\video_core.\field_delayed' using process `$paramod$09a1f5feb4da21d5e75bb9964def9f8e0dc5b598\video_core.$proc$rtl/video_core.sv:43$397'.
  created $dff cell `$procdff$2714' with positive edge clock.
Creating register for signal `$paramod$a1d5b4e666128cdb38982dd69cf237f464b6f0a6\tvp7002_boot.\write_error' using process `$paramod$a1d5b4e666128cdb38982dd69cf237f464b6f0a6\tvp7002_boot.$proc$rtl/tvp7002_boot.sv:91$389'.
  created $dff cell `$procdff$2715' with positive edge clock.
Creating register for signal `$paramod$a1d5b4e666128cdb38982dd69cf237f464b6f0a6\tvp7002_boot.\failed_register' using process `$paramod$a1d5b4e666128cdb38982dd69cf237f464b6f0a6\tvp7002_boot.$proc$rtl/tvp7002_boot.sv:91$389'.
  created $dff cell `$procdff$2716' with positive edge clock.
Creating register for signal `$paramod$a1d5b4e666128cdb38982dd69cf237f464b6f0a6\tvp7002_boot.\state' using process `$paramod$a1d5b4e666128cdb38982dd69cf237f464b6f0a6\tvp7002_boot.$proc$rtl/tvp7002_boot.sv:91$389'.
  created $dff cell `$procdff$2717' with positive edge clock.
Creating register for signal `$paramod$a1d5b4e666128cdb38982dd69cf237f464b6f0a6\tvp7002_boot.\index' using process `$paramod$a1d5b4e666128cdb38982dd69cf237f464b6f0a6\tvp7002_boot.$proc$rtl/tvp7002_boot.sv:91$389'.
  created $dff cell `$procdff$2718' with positive edge clock.
Creating register for signal `$paramod$a1d5b4e666128cdb38982dd69cf237f464b6f0a6\tvp7002_boot.\wait_count' using process `$paramod$a1d5b4e666128cdb38982dd69cf237f464b6f0a6\tvp7002_boot.$proc$rtl/tvp7002_boot.sv:91$389'.
  created $dff cell `$procdff$2719' with positive edge clock.
Creating register for signal `$paramod$a1d5b4e666128cdb38982dd69cf237f464b6f0a6\tvp7002_boot.\start' using process `$paramod$a1d5b4e666128cdb38982dd69cf237f464b6f0a6\tvp7002_boot.$proc$rtl/tvp7002_boot.sv:91$389'.
  created $dff cell `$procdff$2720' with positive edge clock.
Creating register for signal `$paramod$a1d5b4e666128cdb38982dd69cf237f464b6f0a6\tvp7002_boot.\config_done' using process `$paramod$a1d5b4e666128cdb38982dd69cf237f464b6f0a6\tvp7002_boot.$proc$rtl/tvp7002_boot.sv:91$389'.
  created $dff cell `$procdff$2721' with positive edge clock.
Creating register for signal `$paramod$a1d5b4e666128cdb38982dd69cf237f464b6f0a6\tvp7002_boot.\config_error' using process `$paramod$a1d5b4e666128cdb38982dd69cf237f464b6f0a6\tvp7002_boot.$proc$rtl/tvp7002_boot.sv:91$389'.
  created $dff cell `$procdff$2722' with positive edge clock.
Creating register for signal `\adc_rgb_capture.\stage1' using process `\adc_rgb_capture.$proc$rtl/adc_rgb_capture.sv:28$368'.
  created $adff cell `$procdff$2725' with positive edge clock and positive level reset.
Creating register for signal `\adc_rgb_capture.\stage2' using process `\adc_rgb_capture.$proc$rtl/adc_rgb_capture.sv:28$368'.
  created $adff cell `$procdff$2728' with positive edge clock and positive level reset.
Creating register for signal `\adc_rgb_capture.\tag1' using process `\adc_rgb_capture.$proc$rtl/adc_rgb_capture.sv:28$368'.
  created $adff cell `$procdff$2731' with positive edge clock and positive level reset.
Creating register for signal `\adc_rgb_capture.\tag2' using process `\adc_rgb_capture.$proc$rtl/adc_rgb_capture.sv:28$368'.
  created $adff cell `$procdff$2734' with positive edge clock and positive level reset.
Creating register for signal `\adc_rgb_capture.\last_tag' using process `\adc_rgb_capture.$proc$rtl/adc_rgb_capture.sv:28$368'.
  created $adff cell `$procdff$2737' with positive edge clock and positive level reset.
Creating register for signal `\adc_rgb_capture.\started' using process `\adc_rgb_capture.$proc$rtl/adc_rgb_capture.sv:28$368'.
  created $adff cell `$procdff$2740' with positive edge clock and positive level reset.
Creating register for signal `\adc_rgb_capture.\captured' using process `\adc_rgb_capture.$proc$rtl/adc_rgb_capture.sv:19$364'.
  created $adff cell `$procdff$2743' with negative edge clock and positive level reset.
Creating register for signal `\adc_rgb_capture.\token' using process `\adc_rgb_capture.$proc$rtl/adc_rgb_capture.sv:19$364'.
  created $adff cell `$procdff$2746' with negative edge clock and positive level reset.
Creating register for signal `\adc_rgb_capture.\adc_release' using process `\adc_rgb_capture.$proc$rtl/adc_rgb_capture.sv:14$363'.
  created $adff cell `$procdff$2749' with negative edge clock and positive level reset.
Creating register for signal `\amiga_logic_core.\video_sync' using process `\amiga_logic_core.$proc$rtl/amiga_logic_core.sv:29$350'.
  created $adff cell `$procdff$2752' with positive edge clock and positive level reset.

15.5.10. Executing PROC_MEMWR pass (convert process memory writes to cells).

15.5.11. Executing PROC_CLEAN pass (remove empty switches from decision trees).
Found and cleaned up 12 empty switches in `$paramod\line_double\H_SAMPLES=s32'00000000000000000000100000000000.$proc$rtl/line_double.sv:50$688'.
Removing empty process `$paramod\line_double\H_SAMPLES=s32'00000000000000000000100000000000.$proc$rtl/line_double.sv:50$688'.
Found and cleaned up 2 empty switches in `$paramod\line_double\H_SAMPLES=s32'00000000000000000000100000000000.$proc$rtl/line_double.sv:37$668'.
Removing empty process `$paramod\line_double\H_SAMPLES=s32'00000000000000000000100000000000.$proc$rtl/line_double.sv:37$668'.
Found and cleaned up 7 empty switches in `$paramod$7b2dfcee3d83e48a5c3011d349d1f430b35f1d98\field_sync.$proc$rtl/field_sync.sv:19$649'.
Removing empty process `$paramod$7b2dfcee3d83e48a5c3011d349d1f430b35f1d98\field_sync.$proc$rtl/field_sync.sv:19$649'.
Found and cleaned up 9 empty switches in `$paramod$59e5d031c668cf41650225ca3253dc21d29dbc00\adc_power_sequence.$proc$rtl/adc_power_sequence.sv:35$638'.
Removing empty process `$paramod$59e5d031c668cf41650225ca3253dc21d29dbc00\adc_power_sequence.$proc$rtl/adc_power_sequence.sv:35$638'.
Found and cleaned up 1 empty switch in `$paramod$59e5d031c668cf41650225ca3253dc21d29dbc00\adc_power_sequence.$proc$rtl/adc_power_sequence.sv:31$637'.
Removing empty process `$paramod$59e5d031c668cf41650225ca3253dc21d29dbc00\adc_power_sequence.$proc$rtl/adc_power_sequence.sv:31$637'.
Found and cleaned up 23 empty switches in `$paramod$ca4b7a37322eebe282ffca1ddbda4aa8d3e4aedf\i2c_register_write.$proc$rtl/i2c_register_write.sv:46$569'.
Removing empty process `$paramod$ca4b7a37322eebe282ffca1ddbda4aa8d3e4aedf\i2c_register_write.$proc$rtl/i2c_register_write.sv:46$569'.
Found and cleaned up 1 empty switch in `$paramod$ca4b7a37322eebe282ffca1ddbda4aa8d3e4aedf\i2c_register_write.$proc$rtl/i2c_register_write.sv:38$568'.
Removing empty process `$paramod$ca4b7a37322eebe282ffca1ddbda4aa8d3e4aedf\i2c_register_write.$proc$rtl/i2c_register_write.sv:38$568'.
Found and cleaned up 11 empty switches in `$paramod$683e8f5232cafaff99ac6963759532f7c096f897\pll_restart_control.$proc$rtl/pll_restart_control.sv:57$543'.
Removing empty process `$paramod$683e8f5232cafaff99ac6963759532f7c096f897\pll_restart_control.$proc$rtl/pll_restart_control.sv:57$543'.
Found and cleaned up 6 empty switches in `$paramod$683e8f5232cafaff99ac6963759532f7c096f897\pll_restart_control.$proc$rtl/pll_restart_control.sv:42$530'.
Removing empty process `$paramod$683e8f5232cafaff99ac6963759532f7c096f897\pll_restart_control.$proc$rtl/pll_restart_control.sv:42$530'.
Found and cleaned up 1 empty switch in `$paramod$683e8f5232cafaff99ac6963759532f7c096f897\pll_restart_control.$proc$rtl/pll_restart_control.sv:38$529'.
Removing empty process `$paramod$683e8f5232cafaff99ac6963759532f7c096f897\pll_restart_control.$proc$rtl/pll_restart_control.sv:38$529'.
Removing empty process `$paramod$683e8f5232cafaff99ac6963759532f7c096f897\pll_restart_control.$proc$rtl/pll_restart_control.sv:36$527'.
Removing empty process `video_clock_guard.$proc$rtl/video_clock_guard.sv:76$497'.
Removing empty process `video_clock_guard.$proc$rtl/video_clock_guard.sv:70$492'.
Found and cleaned up 6 empty switches in `\video_clock_guard.$proc$rtl/video_clock_guard.sv:45$475'.
Removing empty process `video_clock_guard.$proc$rtl/video_clock_guard.sv:45$475'.
Removing empty process `video_clock_guard.$proc$rtl/video_clock_guard.sv:41$474'.
Removing empty process `video_clock_guard.$proc$rtl/video_clock_guard.sv:37$472'.
Removing empty process `video_clock_guard.$proc$rtl/video_clock_guard.sv:27$467'.
Found and cleaned up 20 empty switches in `$paramod$4ef0cad1ef184161886a68c1ecb003c277dc66f2\stream_sync_frontend.$proc$rtl/stream_sync_frontend.sv:53$442'.
Removing empty process `$paramod$4ef0cad1ef184161886a68c1ecb003c277dc66f2\stream_sync_frontend.$proc$rtl/stream_sync_frontend.sv:53$442'.
Found and cleaned up 1 empty switch in `$paramod$4ef0cad1ef184161886a68c1ecb003c277dc66f2\stream_sync_frontend.$proc$rtl/stream_sync_frontend.sv:49$441'.
Removing empty process `$paramod$4ef0cad1ef184161886a68c1ecb003c277dc66f2\stream_sync_frontend.$proc$rtl/stream_sync_frontend.sv:49$441'.
Found and cleaned up 5 empty switches in `$paramod$09a1f5feb4da21d5e75bb9964def9f8e0dc5b598\video_core.$proc$rtl/video_core.sv:51$398'.
Removing empty process `$paramod$09a1f5feb4da21d5e75bb9964def9f8e0dc5b598\video_core.$proc$rtl/video_core.sv:51$398'.
Found and cleaned up 1 empty switch in `$paramod$09a1f5feb4da21d5e75bb9964def9f8e0dc5b598\video_core.$proc$rtl/video_core.sv:43$397'.
Removing empty process `$paramod$09a1f5feb4da21d5e75bb9964def9f8e0dc5b598\video_core.$proc$rtl/video_core.sv:43$397'.
Found and cleaned up 9 empty switches in `$paramod$a1d5b4e666128cdb38982dd69cf237f464b6f0a6\tvp7002_boot.$proc$rtl/tvp7002_boot.sv:91$389'.
Removing empty process `$paramod$a1d5b4e666128cdb38982dd69cf237f464b6f0a6\tvp7002_boot.$proc$rtl/tvp7002_boot.sv:91$389'.
Found and cleaned up 1 empty switch in `$paramod$a1d5b4e666128cdb38982dd69cf237f464b6f0a6\tvp7002_boot.$proc$rtl/tvp7002_boot.sv:38$378'.
Removing empty process `$paramod$a1d5b4e666128cdb38982dd69cf237f464b6f0a6\tvp7002_boot.$proc$rtl/tvp7002_boot.sv:38$378'.
Found and cleaned up 1 empty switch in `\adc_rgb_capture.$proc$rtl/adc_rgb_capture.sv:28$368'.
Removing empty process `adc_rgb_capture.$proc$rtl/adc_rgb_capture.sv:28$368'.
Found and cleaned up 1 empty switch in `\adc_rgb_capture.$proc$rtl/adc_rgb_capture.sv:19$364'.
Removing empty process `adc_rgb_capture.$proc$rtl/adc_rgb_capture.sv:19$364'.
Removing empty process `adc_rgb_capture.$proc$rtl/adc_rgb_capture.sv:14$363'.
Removing empty process `amiga_logic_core.$proc$rtl/amiga_logic_core.sv:29$350'.
Cleaned up 118 empty switches.

15.5.12. Executing OPT_EXPR pass (perform const folding).
Optimizing module $paramod\line_double\H_SAMPLES=s32'00000000000000000000100000000000.
<suppressed ~1 debug messages>
Optimizing module $paramod$7b2dfcee3d83e48a5c3011d349d1f430b35f1d98\field_sync.
<suppressed ~2 debug messages>
Optimizing module $paramod$59e5d031c668cf41650225ca3253dc21d29dbc00\adc_power_sequence.
<suppressed ~11 debug messages>
Optimizing module $paramod$ca4b7a37322eebe282ffca1ddbda4aa8d3e4aedf\i2c_register_write.
<suppressed ~16 debug messages>
Optimizing module $paramod$683e8f5232cafaff99ac6963759532f7c096f897\pll_restart_control.
<suppressed ~20 debug messages>
Optimizing module video_clock_guard.
<suppressed ~22 debug messages>
Optimizing module $paramod$4ef0cad1ef184161886a68c1ecb003c277dc66f2\stream_sync_frontend.
<suppressed ~1 debug messages>
Optimizing module $paramod$09a1f5feb4da21d5e75bb9964def9f8e0dc5b598\video_core.
Optimizing module $paramod$a1d5b4e666128cdb38982dd69cf237f464b6f0a6\tvp7002_boot.
<suppressed ~8 debug messages>
Optimizing module $paramod$683e8f5232cafaff99ac6963759532f7c096f897\clock_recovery_system.
Optimizing module adc_rgb_capture.
<suppressed ~11 debug messages>
Optimizing module $paramod$635ffd3b6b6ac07a03fe233d1232025c9d32838c\stream_input_video.
Optimizing module amiga_logic_core.
<suppressed ~1 debug messages>

15.6. Executing CHECK pass (checking for obvious problems).
Checking module $paramod\line_double\H_SAMPLES=s32'00000000000000000000100000000000...
Checking module $paramod$7b2dfcee3d83e48a5c3011d349d1f430b35f1d98\field_sync...
Checking module $paramod$59e5d031c668cf41650225ca3253dc21d29dbc00\adc_power_sequence...
Checking module $paramod$ca4b7a37322eebe282ffca1ddbda4aa8d3e4aedf\i2c_register_write...
Checking module $paramod$683e8f5232cafaff99ac6963759532f7c096f897\pll_restart_control...
Checking module video_clock_guard...
Checking module $paramod$4ef0cad1ef184161886a68c1ecb003c277dc66f2\stream_sync_frontend...
Checking module $paramod$09a1f5feb4da21d5e75bb9964def9f8e0dc5b598\video_core...
Checking module $paramod$a1d5b4e666128cdb38982dd69cf237f464b6f0a6\tvp7002_boot...
Checking module $paramod$683e8f5232cafaff99ac6963759532f7c096f897\clock_recovery_system...
Checking module adc_rgb_capture...
Checking module $paramod$635ffd3b6b6ac07a03fe233d1232025c9d32838c\stream_input_video...
Checking module amiga_logic_core...
Found and reported 0 problems.

15.7. Executing FLATTEN pass (flatten design).
Deleting now unused module $paramod\line_double\H_SAMPLES=s32'00000000000000000000100000000000.
Deleting now unused module $paramod$7b2dfcee3d83e48a5c3011d349d1f430b35f1d98\field_sync.
Deleting now unused module $paramod$59e5d031c668cf41650225ca3253dc21d29dbc00\adc_power_sequence.
Deleting now unused module $paramod$ca4b7a37322eebe282ffca1ddbda4aa8d3e4aedf\i2c_register_write.
Deleting now unused module $paramod$683e8f5232cafaff99ac6963759532f7c096f897\pll_restart_control.
Deleting now unused module video_clock_guard.
Deleting now unused module $paramod$4ef0cad1ef184161886a68c1ecb003c277dc66f2\stream_sync_frontend.
Deleting now unused module $paramod$09a1f5feb4da21d5e75bb9964def9f8e0dc5b598\video_core.
Deleting now unused module $paramod$a1d5b4e666128cdb38982dd69cf237f464b6f0a6\tvp7002_boot.
Deleting now unused module $paramod$683e8f5232cafaff99ac6963759532f7c096f897\clock_recovery_system.
Deleting now unused module adc_rgb_capture.
Deleting now unused module $paramod$635ffd3b6b6ac07a03fe233d1232025c9d32838c\stream_input_video.
<suppressed ~12 debug messages>

15.8. Executing TRIBUF pass.

15.9. Executing DEMINOUT pass (demote inout ports to input or output).

15.10. Executing OPT_EXPR pass (perform const folding).
Optimizing module amiga_logic_core.

15.11. Executing OPT_CLEAN pass (remove unused cells and wires).
Finding unused cells or wires in module \amiga_logic_core..
Removed 123 unused cells and 851 unused wires.
<suppressed ~129 debug messages>

15.12. Executing CHECK pass (checking for obvious problems).
Checking module amiga_logic_core...
Found and reported 0 problems.

15.13. Executing OPT pass (performing simple optimizations).

15.13.1. Executing OPT_EXPR pass (perform const folding).
Optimizing module amiga_logic_core.

15.13.2. Executing OPT_MERGE pass (detect identical cells).
Finding identical cells in module `\amiga_logic_core'.
Computing hashes of 1058 cells of `\amiga_logic_core'.
Finding duplicate cells in `\amiga_logic_core'.
Computing hashes of 870 cells of `\amiga_logic_core'.
Finding duplicate cells in `\amiga_logic_core'.
Computing hashes of 869 cells of `\amiga_logic_core'.
Finding duplicate cells in `\amiga_logic_core'.
<suppressed ~567 debug messages>
Removed a total of 189 cells.

15.13.3. Executing OPT_MUXTREE pass (detect dead branches in mux trees).
Running muxtree optimizer on module \amiga_logic_core..
  Creating internal representation of mux trees.
  Evaluating internal representation of mux trees.
      Replacing known input bits on port A of cell $flatten\video.\core.\fields.$procmux$914: \video.core.fields.delay_active -> 1'0
      Replacing known input bits on port B of cell $flatten\video.\core.\fields.$procmux$912: \video.core.fields.delay_active -> 1'1
      Replacing known input bits on port A of cell $flatten\video.\front.$procmux$2249: \video.front.have_vs -> 1'0
      Replacing known input bits on port A of cell $flatten\video.\front.$procmux$2247: \video.front.have_vs -> 1'1
  Analyzing evaluation results.
Removed 0 multiplexer ports.
<suppressed ~638 debug messages>

15.13.4. Executing OPT_REDUCE pass (consolidate $*mux and $reduce_* inputs).
  Optimizing cells in module \amiga_logic_core.
    New ctrl vector for $pmux cell $flatten\boot.$procmux$2411: { $auto$opt_reduce.cc:137:opt_pmux$2768 $flatten\boot.$procmux$2420_CMP }
    New ctrl vector for $pmux cell $flatten\boot.$procmux$2490: { $auto$opt_reduce.cc:137:opt_pmux$2770 $flatten\boot.$procmux$2414_CMP $flatten\boot.$procmux$2420_CMP $flatten\boot.$procmux$2403_CMP $flatten\boot.$procmux$2422_CMP }
    New ctrl vector for $pmux cell $flatten\boot.\power_sequence.$procmux$1020: { $auto$opt_reduce.cc:137:opt_pmux$2772 $flatten\boot.\power_sequence.$eq$rtl/adc_power_sequence.sv:26$632_Y $flatten\boot.\power_sequence.$procmux$1028_CMP }
    New ctrl vector for $pmux cell $flatten\boot.\power_sequence.$procmux$969: { $auto$opt_reduce.cc:137:opt_pmux$2774 $flatten\boot.\power_sequence.$procmux$1028_CMP $flatten\boot.\power_sequence.$procmux$1029_CMP }
    New ctrl vector for $pmux cell $flatten\boot.\writer.$procmux$1831: { $auto$opt_reduce.cc:137:opt_pmux$2776 $flatten\boot.\writer.$procmux$1838_CMP $flatten\boot.\writer.$procmux$1842_CMP $flatten\boot.\writer.$procmux$1847_CMP $flatten\boot.\writer.$procmux$1851_CMP $flatten\boot.\writer.$procmux$1856_CMP $flatten\boot.\writer.$procmux$1860_CMP }
    New ctrl vector for $pmux cell $flatten\boot.\writer.$procmux$1783: { $auto$opt_reduce.cc:137:opt_pmux$2778 $flatten\boot.\writer.$procmux$1833_CMP $flatten\boot.\writer.$procmux$1842_CMP $flatten\boot.\writer.$procmux$1851_CMP $flatten\boot.\writer.$procmux$1860_CMP $flatten\boot.\writer.$eq$rtl/i2c_register_write.sv:33$561_Y }
    New ctrl vector for $pmux cell $flatten\boot.\writer.$procmux$1692: { $flatten\boot.\writer.$procmux$1832_CMP $auto$opt_reduce.cc:137:opt_pmux$2780 $flatten\boot.\writer.$procmux$1862_CMP }
    New ctrl vector for $pmux cell $flatten\boot.\writer.$procmux$1660: { $auto$opt_reduce.cc:137:opt_pmux$2782 $flatten\boot.\writer.$procmux$1842_CMP $flatten\boot.\writer.$procmux$1862_CMP }
    New ctrl vector for $pmux cell $flatten\boot.\writer.$procmux$1442: { $flatten\boot.\writer.$procmux$1832_CMP $auto$opt_reduce.cc:137:opt_pmux$2784 }
    Consolidated identical input bits for $mux cell $flatten\video.\core.\lines.$procmux$859:
      Old ports: A=24'000000000000000000000000, B=24'111111111111111111111111, Y=$flatten\video.\core.\lines.$0$memwr$\bank1$rtl/line_double.sv:41$656_EN[23:0]$674
      New ports: A=1'0, B=1'1, Y=$flatten\video.\core.\lines.$0$memwr$\bank1$rtl/line_double.sv:41$656_EN[23:0]$674 [0]
      New connections: $flatten\video.\core.\lines.$0$memwr$\bank1$rtl/line_double.sv:41$656_EN[23:0]$674 [23:1] = { $flatten\video.\core.\lines.$0$memwr$\bank1$rtl/line_double.sv:41$656_EN[23:0]$674 [0] $flatten\video.\core.\lines.$0$memwr$\bank1$rtl/line_double.sv:41$656_EN[23:0]$674 [0] $flatten\video.\core.\lines.$0$memwr$\bank1$rtl/line_double.sv:41$656_EN[23:0]$674 [0] $flatten\video.\core.\lines.$0$memwr$\bank1$rtl/line_double.sv:41$656_EN[23:0]$674 [0] $flatten\video.\core.\lines.$0$memwr$\bank1$rtl/line_double.sv:41$656_EN[23:0]$674 [0] $flatten\video.\core.\lines.$0$memwr$\bank1$rtl/line_double.sv:41$656_EN[23:0]$674 [0] $flatten\video.\core.\lines.$0$memwr$\bank1$rtl/line_double.sv:41$656_EN[23:0]$674 [0] $flatten\video.\core.\lines.$0$memwr$\bank1$rtl/line_double.sv:41$656_EN[23:0]$674 [0] $flatten\video.\core.\lines.$0$memwr$\bank1$rtl/line_double.sv:41$656_EN[23:0]$674 [0] $flatten\video.\core.\lines.$0$memwr$\bank1$rtl/line_double.sv:41$656_EN[23:0]$674 [0] $flatten\video.\core.\lines.$0$memwr$\bank1$rtl/line_double.sv:41$656_EN[23:0]$674 [0] $flatten\video.\core.\lines.$0$memwr$\bank1$rtl/line_double.sv:41$656_EN[23:0]$674 [0] $flatten\video.\core.\lines.$0$memwr$\bank1$rtl/line_double.sv:41$656_EN[23:0]$674 [0] $flatten\video.\core.\lines.$0$memwr$\bank1$rtl/line_double.sv:41$656_EN[23:0]$674 [0] $flatten\video.\core.\lines.$0$memwr$\bank1$rtl/line_double.sv:41$656_EN[23:0]$674 [0] $flatten\video.\core.\lines.$0$memwr$\bank1$rtl/line_double.sv:41$656_EN[23:0]$674 [0] $flatten\video.\core.\lines.$0$memwr$\bank1$rtl/line_double.sv:41$656_EN[23:0]$674 [0] $flatten\video.\core.\lines.$0$memwr$\bank1$rtl/line_double.sv:41$656_EN[23:0]$674 [0] $flatten\video.\core.\lines.$0$memwr$\bank1$rtl/line_double.sv:41$656_EN[23:0]$674 [0] $flatten\video.\core.\lines.$0$memwr$\bank1$rtl/line_double.sv:41$656_EN[23:0]$674 [0] $flatten\video.\core.\lines.$0$memwr$\bank1$rtl/line_double.sv:41$656_EN[23:0]$674 [0] $flatten\video.\core.\lines.$0$memwr$\bank1$rtl/line_double.sv:41$656_EN[23:0]$674 [0] $flatten\video.\core.\lines.$0$memwr$\bank1$rtl/line_double.sv:41$656_EN[23:0]$674 [0] }
    Consolidated identical input bits for $mux cell $flatten\video.\core.\lines.$procmux$868:
      Old ports: A=24'000000000000000000000000, B=24'111111111111111111111111, Y=$flatten\video.\core.\lines.$0$memwr$\bank0$rtl/line_double.sv:40$655_EN[23:0]$671
      New ports: A=1'0, B=1'1, Y=$flatten\video.\core.\lines.$0$memwr$\bank0$rtl/line_double.sv:40$655_EN[23:0]$671 [0]
      New connections: $flatten\video.\core.\lines.$0$memwr$\bank0$rtl/line_double.sv:40$655_EN[23:0]$671 [23:1] = { $flatten\video.\core.\lines.$0$memwr$\bank0$rtl/line_double.sv:40$655_EN[23:0]$671 [0] $flatten\video.\core.\lines.$0$memwr$\bank0$rtl/line_double.sv:40$655_EN[23:0]$671 [0] $flatten\video.\core.\lines.$0$memwr$\bank0$rtl/line_double.sv:40$655_EN[23:0]$671 [0] $flatten\video.\core.\lines.$0$memwr$\bank0$rtl/line_double.sv:40$655_EN[23:0]$671 [0] $flatten\video.\core.\lines.$0$memwr$\bank0$rtl/line_double.sv:40$655_EN[23:0]$671 [0] $flatten\video.\core.\lines.$0$memwr$\bank0$rtl/line_double.sv:40$655_EN[23:0]$671 [0] $flatten\video.\core.\lines.$0$memwr$\bank0$rtl/line_double.sv:40$655_EN[23:0]$671 [0] $flatten\video.\core.\lines.$0$memwr$\bank0$rtl/line_double.sv:40$655_EN[23:0]$671 [0] $flatten\video.\core.\lines.$0$memwr$\bank0$rtl/line_double.sv:40$655_EN[23:0]$671 [0] $flatten\video.\core.\lines.$0$memwr$\bank0$rtl/line_double.sv:40$655_EN[23:0]$671 [0] $flatten\video.\core.\lines.$0$memwr$\bank0$rtl/line_double.sv:40$655_EN[23:0]$671 [0] $flatten\video.\core.\lines.$0$memwr$\bank0$rtl/line_double.sv:40$655_EN[23:0]$671 [0] $flatten\video.\core.\lines.$0$memwr$\bank0$rtl/line_double.sv:40$655_EN[23:0]$671 [0] $flatten\video.\core.\lines.$0$memwr$\bank0$rtl/line_double.sv:40$655_EN[23:0]$671 [0] $flatten\video.\core.\lines.$0$memwr$\bank0$rtl/line_double.sv:40$655_EN[23:0]$671 [0] $flatten\video.\core.\lines.$0$memwr$\bank0$rtl/line_double.sv:40$655_EN[23:0]$671 [0] $flatten\video.\core.\lines.$0$memwr$\bank0$rtl/line_double.sv:40$655_EN[23:0]$671 [0] $flatten\video.\core.\lines.$0$memwr$\bank0$rtl/line_double.sv:40$655_EN[23:0]$671 [0] $flatten\video.\core.\lines.$0$memwr$\bank0$rtl/line_double.sv:40$655_EN[23:0]$671 [0] $flatten\video.\core.\lines.$0$memwr$\bank0$rtl/line_double.sv:40$655_EN[23:0]$671 [0] $flatten\video.\core.\lines.$0$memwr$\bank0$rtl/line_double.sv:40$655_EN[23:0]$671 [0] $flatten\video.\core.\lines.$0$memwr$\bank0$rtl/line_double.sv:40$655_EN[23:0]$671 [0] $flatten\video.\core.\lines.$0$memwr$\bank0$rtl/line_double.sv:40$655_EN[23:0]$671 [0] }
  Optimizing cells in module \amiga_logic_core.
Performed a total of 11 changes.

15.13.5. Executing OPT_MERGE pass (detect identical cells).
Finding identical cells in module `\amiga_logic_core'.
Computing hashes of 878 cells of `\amiga_logic_core'.
Finding duplicate cells in `\amiga_logic_core'.
Computing hashes of 854 cells of `\amiga_logic_core'.
Finding duplicate cells in `\amiga_logic_core'.
Computing hashes of 852 cells of `\amiga_logic_core'.
Finding duplicate cells in `\amiga_logic_core'.
<suppressed ~78 debug messages>
Removed a total of 26 cells.

15.13.6. Executing OPT_DFF pass (perform DFF optimizations).

15.13.7. Executing OPT_CLEAN pass (remove unused cells and wires).
Finding unused cells or wires in module \amiga_logic_core..
Removed 0 unused cells and 214 unused wires.
<suppressed ~1 debug messages>

15.13.8. Executing OPT_EXPR pass (perform const folding).
Optimizing module amiga_logic_core.

15.13.9. Rerunning OPT passes. (Maybe there is more to do..)

15.13.10. Executing OPT_MUXTREE pass (detect dead branches in mux trees).
Running muxtree optimizer on module \amiga_logic_core..
  Creating internal representation of mux trees.
  Evaluating internal representation of mux trees.
  Analyzing evaluation results.
Removed 0 multiplexer ports.
<suppressed ~651 debug messages>

15.13.11. Executing OPT_REDUCE pass (consolidate $*mux and $reduce_* inputs).
  Optimizing cells in module \amiga_logic_core.
    New ctrl vector for $pmux cell $flatten\boot.\power_sequence.$procmux$1020: { $auto$opt_reduce.cc:137:opt_pmux$2786 $auto$opt_reduce.cc:137:opt_pmux$2772 }
    New ctrl vector for $pmux cell $flatten\boot.\writer.$procmux$1831: { $auto$opt_reduce.cc:137:opt_pmux$2790 $auto$opt_reduce.cc:137:opt_pmux$2788 $auto$opt_reduce.cc:137:opt_pmux$2776 }
    New ctrl vector for $pmux cell $flatten\boot.\writer.$procmux$1604: { $auto$opt_reduce.cc:137:opt_pmux$2794 $auto$opt_reduce.cc:137:opt_pmux$2792 $flatten\boot.\writer.$eq$rtl/i2c_register_write.sv:33$561_Y $flatten\boot.\writer.$procmux$1431_CMP }
    New ctrl vector for $pmux cell $flatten\boot.\writer.$procmux$1412: { $auto$opt_reduce.cc:137:opt_pmux$2796 $flatten\boot.\writer.$eq$rtl/i2c_register_write.sv:33$561_Y $flatten\boot.\writer.$procmux$1431_CMP }
  Optimizing cells in module \amiga_logic_core.
Performed a total of 4 changes.

15.13.12. Executing OPT_MERGE pass (detect identical cells).
Finding identical cells in module `\amiga_logic_core'.
Computing hashes of 858 cells of `\amiga_logic_core'.
Finding duplicate cells in `\amiga_logic_core'.
Computing hashes of 857 cells of `\amiga_logic_core'.
Finding duplicate cells in `\amiga_logic_core'.
<suppressed ~3 debug messages>
Removed a total of 1 cells.

15.13.13. Executing OPT_DFF pass (perform DFF optimizations).

15.13.14. Executing OPT_CLEAN pass (remove unused cells and wires).
Finding unused cells or wires in module \amiga_logic_core..
Removed 0 unused cells and 1 unused wires.
<suppressed ~1 debug messages>

15.13.15. Executing OPT_EXPR pass (perform const folding).
Optimizing module amiga_logic_core.

15.13.16. Rerunning OPT passes. (Maybe there is more to do..)

15.13.17. Executing OPT_MUXTREE pass (detect dead branches in mux trees).
Running muxtree optimizer on module \amiga_logic_core..
  Creating internal representation of mux trees.
  Evaluating internal representation of mux trees.
  Analyzing evaluation results.
Removed 0 multiplexer ports.
<suppressed ~625 debug messages>

15.13.18. Executing OPT_REDUCE pass (consolidate $*mux and $reduce_* inputs).
  Optimizing cells in module \amiga_logic_core.
Performed a total of 0 changes.

15.13.19. Executing OPT_MERGE pass (detect identical cells).
Finding identical cells in module `\amiga_logic_core'.
Computing hashes of 857 cells of `\amiga_logic_core'.
Finding duplicate cells in `\amiga_logic_core'.
Removed a total of 0 cells.

15.13.20. Executing OPT_DFF pass (perform DFF optimizations).

15.13.21. Executing OPT_CLEAN pass (remove unused cells and wires).
Finding unused cells or wires in module \amiga_logic_core..

15.13.22. Executing OPT_EXPR pass (perform const folding).
Optimizing module amiga_logic_core.

15.13.23. Finished fast OPT passes. (There is nothing left to do.)

15.14. Executing FSM pass (extract and optimize FSM).

15.14.1. Executing FSM_DETECT pass (finding FSMs in design).
Found FSM state register amiga_logic_core.boot.state.
Found FSM state register amiga_logic_core.boot.power_sequence.state.
Found FSM state register amiga_logic_core.clocks.restart.state.
Not marking amiga_logic_core.boot.writer.bytes[0] as FSM state register:
    Users of register don't seem to benefit from recoding.
Found FSM state register amiga_logic_core.boot.writer.state.

15.14.2. Executing FSM_EXTRACT pass (extracting FSM from design).
Extracting FSM `\boot.state' from module `\amiga_logic_core'.
  found $dff cell for state register: $flatten\boot.$procdff$2717
  root of input selection tree: $flatten\boot.$0\state[2:0]
  found reset state: 3'000 (guessed from mux tree)
  found ctrl input: \reset
  found ctrl input: \boot.transaction_reset
  found ctrl input: $flatten\boot.$procmux$2422_CMP
  found ctrl input: $flatten\boot.$procmux$2403_CMP
  found ctrl input: $flatten\boot.$procmux$2420_CMP
  found ctrl input: $flatten\boot.$procmux$2414_CMP
  found ctrl input: $auto$opt_reduce.cc:137:opt_pmux$2770
  found state code: 3'101
  found ctrl input: \boot.power_sequence.config_allowed
  found state code: 3'001
  found ctrl input: \boot.writer.busy
  found state code: 3'010
  found ctrl input: \boot.writer.done
  found ctrl input: $flatten\boot.$ne$rtl/tvp7002_boot.sv:106$391_Y
  found ctrl input: $flatten\boot.$eq$rtl/tvp7002_boot.sv:109$392_Y
  found state code: 3'011
  found ctrl input: $flatten\boot.$eq$rtl/tvp7002_boot.sv:112$394_Y
  found state code: 3'100
  found state code: 3'000
  found ctrl output: $flatten\boot.$procmux$2422_CMP
  found ctrl output: $flatten\boot.$procmux$2420_CMP
  found ctrl output: $flatten\boot.$procmux$2414_CMP
  found ctrl output: $flatten\boot.$procmux$2413_CMP
  found ctrl output: $flatten\boot.$procmux$2412_CMP
  found ctrl output: $flatten\boot.$procmux$2403_CMP
  ctrl inputs: { \boot.transaction_reset $flatten\boot.$ne$rtl/tvp7002_boot.sv:106$391_Y $flatten\boot.$eq$rtl/tvp7002_boot.sv:109$392_Y $flatten\boot.$eq$rtl/tvp7002_boot.sv:112$394_Y \boot.power_sequence.config_allowed \boot.writer.done \boot.writer.busy \reset $auto$opt_reduce.cc:137:opt_pmux$2770 }
  ctrl outputs: { $flatten\boot.$0\state[2:0] $flatten\boot.$procmux$2403_CMP $flatten\boot.$procmux$2412_CMP $flatten\boot.$procmux$2413_CMP $flatten\boot.$procmux$2414_CMP $flatten\boot.$procmux$2420_CMP $flatten\boot.$procmux$2422_CMP }
  transition:      3'000 9'0---0--0- ->      3'000 9'000000001
  transition:      3'000 9'0---1--0- ->      3'001 9'001000001
  transition:      3'000 9'1------0- ->      3'000 9'000000001
  transition:      3'000 9'-------1- ->      3'000 9'000000001
  transition:      3'100 9'0------0- ->      3'100 9'100001000
  transition:      3'100 9'1------0- ->      3'000 9'000001000
  transition:      3'100 9'-------1- ->      3'000 9'000001000
  transition:      3'010 9'0----0-0- ->      3'010 9'010000010
  transition:      3'010 9'000--1-0- ->      3'001 9'001000010
  transition:      3'010 9'001--1-0- ->      3'011 9'011000010
  transition:      3'010 9'01---1-0- ->      3'101 9'101000010
  transition:      3'010 9'1------0- ->      3'000 9'000000010
  transition:      3'010 9'-------1- ->      3'000 9'000000010
  transition:      3'001 9'0-----00- ->      3'010 9'010100000
  transition:      3'001 9'0-----10- ->      3'001 9'001100000
  transition:      3'001 9'1------0- ->      3'000 9'000100000
  transition:      3'001 9'-------1- ->      3'000 9'000100000
  transition:      3'101 9'0------0- ->      3'101 9'101010000
  transition:      3'101 9'1------0- ->      3'000 9'000010000
  transition:      3'101 9'-------1- ->      3'000 9'000010000
  transition:      3'011 9'0--0---0- ->      3'011 9'011000100
  transition:      3'011 9'0--1---0- ->      3'100 9'100000100
  transition:      3'011 9'1------0- ->      3'000 9'000000100
  transition:      3'011 9'-------1- ->      3'000 9'000000100
Extracting FSM `\boot.power_sequence.state' from module `\amiga_logic_core'.
  found $dff cell for state register: $flatten\boot.\power_sequence.$procdff$2594
  root of input selection tree: $flatten\boot.\power_sequence.$0\state[2:0]
  found reset state: 3'000 (guessed from mux tree)
  found ctrl input: \reset
  found ctrl input: \boot.power_sequence.pg_sync
  found state code: 3'000
  found ctrl input: $flatten\boot.\power_sequence.$procmux$1021_CMP
  found ctrl input: $flatten\boot.\power_sequence.$eq$rtl/adc_power_sequence.sv:26$632_Y
  found ctrl input: $flatten\boot.\power_sequence.$procmux$1000_CMP
  found ctrl input: $flatten\boot.\power_sequence.$procmux$1004_CMP
  found ctrl input: $flatten\boot.\power_sequence.$procmux$1008_CMP
  found ctrl input: $flatten\boot.\power_sequence.$procmux$1012_CMP
  found state code: 3'101
  found ctrl input: \boot.config_error
  found ctrl input: \boot.config_done
  found state code: 3'100
  found ctrl input: $flatten\boot.\power_sequence.$eq$rtl/adc_power_sequence.sv:50$644_Y
  found state code: 3'011
  found ctrl input: $flatten\boot.\power_sequence.$eq$rtl/adc_power_sequence.sv:47$642_Y
  found state code: 3'010
  found ctrl input: $flatten\boot.\power_sequence.$eq$rtl/adc_power_sequence.sv:44$640_Y
  found state code: 3'001
  found ctrl output: $flatten\boot.\power_sequence.$procmux$1000_CMP
  found ctrl output: $flatten\boot.\power_sequence.$procmux$1004_CMP
  found ctrl output: $flatten\boot.\power_sequence.$procmux$1012_CMP
  found ctrl output: $flatten\boot.\power_sequence.$procmux$1021_CMP
  found ctrl output: $flatten\boot.\power_sequence.$procmux$1008_CMP
  found ctrl output: $flatten\boot.\power_sequence.$eq$rtl/adc_power_sequence.sv:26$632_Y
  ctrl inputs: { \boot.config_done \boot.config_error $flatten\boot.\power_sequence.$eq$rtl/adc_power_sequence.sv:50$644_Y $flatten\boot.\power_sequence.$eq$rtl/adc_power_sequence.sv:47$642_Y $flatten\boot.\power_sequence.$eq$rtl/adc_power_sequence.sv:44$640_Y \boot.power_sequence.pg_sync \reset }
  ctrl outputs: { $flatten\boot.\power_sequence.$procmux$1021_CMP $flatten\boot.\power_sequence.$procmux$1012_CMP $flatten\boot.\power_sequence.$procmux$1008_CMP $flatten\boot.\power_sequence.$procmux$1004_CMP $flatten\boot.\power_sequence.$procmux$1000_CMP $flatten\boot.\power_sequence.$0\state[2:0] $flatten\boot.\power_sequence.$eq$rtl/adc_power_sequence.sv:26$632_Y }
  transition:      3'000 7'-----00 ->      3'000 9'010000000
  transition:      3'000 7'----010 ->      3'000 9'010000000
  transition:      3'000 7'----110 ->      3'001 9'010000010
  transition:      3'000 7'------1 ->      3'000 9'010000000
  transition:      3'100 7'-----00 ->      3'000 9'000000001
  transition:      3'100 7'-0---10 ->      3'100 9'000001001
  transition:      3'100 7'-1---10 ->      3'101 9'000001011
  transition:      3'100 7'------1 ->      3'000 9'000000001
  transition:      3'010 7'-----00 ->      3'000 9'000100000
  transition:      3'010 7'--0--10 ->      3'010 9'000100100
  transition:      3'010 7'--1--10 ->      3'011 9'000100110
  transition:      3'010 7'------1 ->      3'000 9'000100000
  transition:      3'001 7'-----00 ->      3'000 9'001000000
  transition:      3'001 7'---0-10 ->      3'001 9'001000010
  transition:      3'001 7'---1-10 ->      3'010 9'001000100
  transition:      3'001 7'------1 ->      3'000 9'001000000
  transition:      3'101 7'-----00 ->      3'000 9'100000000
  transition:      3'101 7'-----10 ->      3'101 9'100001010
  transition:      3'101 7'------1 ->      3'000 9'100000000
  transition:      3'011 7'-----00 ->      3'000 9'000010000
  transition:      3'011 7'00---10 ->      3'011 9'000010110
  transition:      3'011 7'10---10 ->      3'100 9'000011000
  transition:      3'011 7'-1---10 ->      3'101 9'000011010
  transition:      3'011 7'------1 ->      3'000 9'000010000
Extracting FSM `\clocks.restart.state' from module `\amiga_logic_core'.
  found $dff cell for state register: $flatten\clocks.\restart.$procdff$2621
  root of input selection tree: $flatten\clocks.\restart.$0\state[1:0]
  found reset state: 2'00 (guessed from mux tree)
  found ctrl input: \reset
  found ctrl input: \clocks.qualified_ref
  found state code: 2'00
  found ctrl input: \clocks.restart.stable
  found ctrl input: $flatten\clocks.\restart.$eq$rtl/pll_restart_control.sv:29$524_Y
  found ctrl input: $flatten\clocks.\restart.$procmux$1889_CMP
  found ctrl input: $flatten\clocks.\restart.$eq$rtl/pll_restart_control.sv:28$522_Y
  found ctrl input: $flatten\clocks.\restart.$eq$rtl/pll_restart_control.sv:28$520_Y
  found ctrl input: $flatten\clocks.\restart.$logic_or$rtl/pll_restart_control.sv:77$557_Y
  found state code: 2'01
  found ctrl input: $flatten\clocks.\restart.$logic_and$rtl/pll_restart_control.sv:72$552_Y
  found ctrl input: $flatten\clocks.\restart.$eq$rtl/pll_restart_control.sv:73$553_Y
  found state code: 2'11
  found ctrl input: $flatten\clocks.\restart.$eq$rtl/pll_restart_control.sv:67$548_Y
  found state code: 2'10
  found ctrl output: $flatten\clocks.\restart.$eq$rtl/pll_restart_control.sv:29$524_Y
  found ctrl output: $flatten\clocks.\restart.$procmux$1889_CMP
  found ctrl output: $flatten\clocks.\restart.$eq$rtl/pll_restart_control.sv:28$522_Y
  found ctrl output: $flatten\clocks.\restart.$eq$rtl/pll_restart_control.sv:28$520_Y
  ctrl inputs: { \clocks.qualified_ref $flatten\clocks.\restart.$logic_or$rtl/pll_restart_control.sv:77$557_Y $flatten\clocks.\restart.$eq$rtl/pll_restart_control.sv:73$553_Y $flatten\clocks.\restart.$logic_and$rtl/pll_restart_control.sv:72$552_Y $flatten\clocks.\restart.$eq$rtl/pll_restart_control.sv:67$548_Y \clocks.restart.stable \reset }
  ctrl outputs: { $flatten\clocks.\restart.$procmux$1889_CMP $flatten\clocks.\restart.$0\state[1:0] $flatten\clocks.\restart.$eq$rtl/pll_restart_control.sv:29$524_Y $flatten\clocks.\restart.$eq$rtl/pll_restart_control.sv:28$522_Y $flatten\clocks.\restart.$eq$rtl/pll_restart_control.sv:28$520_Y }
  transition:       2'00 7'0-----0 ->       2'00 6'000001
  transition:       2'00 7'1----00 ->       2'00 6'000001
  transition:       2'00 7'1----10 ->       2'01 6'001001
  transition:       2'00 7'------1 ->       2'00 6'000001
  transition:       2'10 7'0-----0 ->       2'00 6'100000
  transition:       2'10 7'1----00 ->       2'00 6'100000
  transition:       2'10 7'1-00-10 ->       2'10 6'110000
  transition:       2'10 7'1-10-10 ->       2'01 6'101000
  transition:       2'10 7'1--1-10 ->       2'11 6'111000
  transition:       2'10 7'------1 ->       2'00 6'100000
  transition:       2'01 7'0-----0 ->       2'00 6'000010
  transition:       2'01 7'1----00 ->       2'00 6'000010
  transition:       2'01 7'1---010 ->       2'01 6'001010
  transition:       2'01 7'1---110 ->       2'10 6'010010
  transition:       2'01 7'------1 ->       2'00 6'000010
  transition:       2'11 7'0-----0 ->       2'00 6'000100
  transition:       2'11 7'1----00 ->       2'00 6'000100
  transition:       2'11 7'10---10 ->       2'11 6'011100
  transition:       2'11 7'11---10 ->       2'01 6'001100
  transition:       2'11 7'------1 ->       2'00 6'000100
Extracting FSM `\boot.writer.state' from module `\amiga_logic_core'.
  found $dff cell for state register: $flatten\boot.\writer.$procdff$2601
  root of input selection tree: $flatten\boot.\writer.$0\state[3:0]
  found reset state: 4'0000 (guessed from mux tree)
  found ctrl input: \boot.transaction_reset
  found ctrl input: $flatten\boot.\writer.$logic_and$rtl/i2c_register_write.sv:55$580_Y
  found ctrl input: $flatten\boot.\writer.$procmux$1443_CMP
  found ctrl input: $flatten\boot.\writer.$procmux$1444_CMP
  found ctrl input: $flatten\boot.\writer.$eq$rtl/i2c_register_write.sv:33$566_Y
  found ctrl input: $flatten\boot.\writer.$procmux$1413_CMP
  found ctrl input: $flatten\boot.\writer.$procmux$1090_CMP
  found ctrl input: $flatten\boot.\writer.$eq$rtl/i2c_register_write.sv:33$564_Y
  found ctrl input: $flatten\boot.\writer.$procmux$1417_CMP
  found ctrl input: $flatten\boot.\writer.$procmux$1231_CMP
  found ctrl input: $flatten\boot.\writer.$eq$rtl/i2c_register_write.sv:33$562_Y
  found ctrl input: $flatten\boot.\writer.$procmux$1421_CMP
  found ctrl input: $flatten\boot.\writer.$procmux$1453_CMP
  found ctrl input: $flatten\boot.\writer.$eq$rtl/i2c_register_write.sv:33$561_Y
  found ctrl input: $flatten\boot.\writer.$procmux$1431_CMP
  found state code: 4'0000
  found ctrl input: $flatten\boot.\writer.$eq$rtl/i2c_register_write.sv:100$625_Y
  found state code: 4'1100
  found ctrl input: \boot.writer.scl_sync
  found state code: 4'1011
  found state code: 4'1010
  found ctrl input: \boot.writer.sda_sync
  found ctrl input: $flatten\boot.\writer.$eq$rtl/i2c_register_write.sv:94$617_Y
  found state code: 4'0011
  found state code: 4'1001
  found state code: 4'1000
  found state code: 4'0111
  found ctrl input: $flatten\boot.\writer.$eq$rtl/i2c_register_write.sv:80$600_Y
  found state code: 4'0110
  found state code: 4'0101
  found state code: 4'0100
  found ctrl input: $flatten\boot.\writer.$logic_and$rtl/i2c_register_write.sv:65$589_Y
  found state code: 4'0010
  found ctrl input: \boot.start
  found state code: 4'0001
  found ctrl output: $flatten\boot.\writer.$procmux$1443_CMP
  found ctrl output: $flatten\boot.\writer.$procmux$1444_CMP
  found ctrl output: $flatten\boot.\writer.$eq$rtl/i2c_register_write.sv:33$566_Y
  found ctrl output: $flatten\boot.\writer.$procmux$1413_CMP
  found ctrl output: $flatten\boot.\writer.$procmux$1090_CMP
  found ctrl output: $flatten\boot.\writer.$eq$rtl/i2c_register_write.sv:33$564_Y
  found ctrl output: $flatten\boot.\writer.$procmux$1417_CMP
  found ctrl output: $flatten\boot.\writer.$procmux$1231_CMP
  found ctrl output: $flatten\boot.\writer.$eq$rtl/i2c_register_write.sv:33$562_Y
  found ctrl output: $flatten\boot.\writer.$procmux$1421_CMP
  found ctrl output: $flatten\boot.\writer.$procmux$1453_CMP
  found ctrl output: $flatten\boot.\writer.$procmux$1431_CMP
  found ctrl output: $flatten\boot.\writer.$eq$rtl/i2c_register_write.sv:33$561_Y
  ctrl inputs: { \boot.start \boot.transaction_reset $flatten\boot.\writer.$eq$rtl/i2c_register_write.sv:100$625_Y $flatten\boot.\writer.$eq$rtl/i2c_register_write.sv:94$617_Y $flatten\boot.\writer.$eq$rtl/i2c_register_write.sv:80$600_Y $flatten\boot.\writer.$logic_and$rtl/i2c_register_write.sv:65$589_Y $flatten\boot.\writer.$logic_and$rtl/i2c_register_write.sv:55$580_Y \boot.writer.sda_sync \boot.writer.scl_sync }
  ctrl outputs: { $flatten\boot.\writer.$procmux$1453_CMP $flatten\boot.\writer.$procmux$1444_CMP $flatten\boot.\writer.$procmux$1443_CMP $flatten\boot.\writer.$procmux$1431_CMP $flatten\boot.\writer.$procmux$1421_CMP $flatten\boot.\writer.$procmux$1417_CMP $flatten\boot.\writer.$procmux$1413_CMP $flatten\boot.\writer.$procmux$1231_CMP $flatten\boot.\writer.$procmux$1090_CMP $flatten\boot.\writer.$0\state[3:0] $flatten\boot.\writer.$eq$rtl/i2c_register_write.sv:33$566_Y $flatten\boot.\writer.$eq$rtl/i2c_register_write.sv:33$564_Y $flatten\boot.\writer.$eq$rtl/i2c_register_write.sv:33$562_Y $flatten\boot.\writer.$eq$rtl/i2c_register_write.sv:33$561_Y }
  transition:     4'0000 9'00----0-- ->     4'0000 17'00010000000000000
  transition:     4'0000 9'10----0-- ->     4'0001 17'00010000000010000
  transition:     4'0000 9'-0----1-- ->     4'0000 17'00010000000000000
  transition:     4'0000 9'-1------- ->     4'0000 17'00010000000000000
  transition:     4'1000 9'-00---0-- ->     4'1000 17'00000000110000000
  transition:     4'1000 9'-010--00- ->     4'0011 17'00000000100110000
  transition:     4'1000 9'-011--00- ->     4'1001 17'00000000110010000
  transition:     4'1000 9'-01---01- ->     4'1001 17'00000000110010000
  transition:     4'1000 9'-0----1-- ->     4'0000 17'00000000100000000
  transition:     4'1000 9'-1------- ->     4'0000 17'00000000100000000
  transition:     4'0100 9'-0----0-0 ->     4'0100 17'00000000001000010
  transition:     4'0100 9'-0----0-1 ->     4'0101 17'00000000001010010
  transition:     4'0100 9'-0----1-- ->     4'0000 17'00000000000000010
  transition:     4'0100 9'-1------- ->     4'0000 17'00000000000000010
  transition:     4'1100 9'-00---0-- ->     4'1100 17'00100000011000000
  transition:     4'1100 9'-01---0-- ->     4'0000 17'00100000000000000
  transition:     4'1100 9'-0----1-- ->     4'0000 17'00100000000000000
  transition:     4'1100 9'-1------- ->     4'0000 17'00100000000000000
  transition:     4'0010 9'-00---0-- ->     4'0010 17'10000000000100000
  transition:     4'0010 9'-01---0-- ->     4'0011 17'10000000000110000
  transition:     4'0010 9'-0----1-- ->     4'0000 17'10000000000000000
  transition:     4'0010 9'-1------- ->     4'0000 17'10000000000000000
  transition:     4'1010 9'-0----0-0 ->     4'1010 17'00000000010101000
  transition:     4'1010 9'-0----0-1 ->     4'1011 17'00000000010111000
  transition:     4'1010 9'-0----1-- ->     4'0000 17'00000000000001000
  transition:     4'1010 9'-1------- ->     4'0000 17'00000000000001000
  transition:     4'0110 9'-00---0-- ->     4'0110 17'00000100001100000
  transition:     4'0110 9'-01---0-- ->     4'0111 17'00000100001110000
  transition:     4'0110 9'-0----1-- ->     4'0000 17'00000100000000000
  transition:     4'0110 9'-1------- ->     4'0000 17'00000100000000000
  transition:     4'0001 9'-0---00-- ->     4'0001 17'00000000000010001
  transition:     4'0001 9'-00--10-- ->     4'0001 17'00000000000010001
  transition:     4'0001 9'-01--10-- ->     4'0010 17'00000000000100001
  transition:     4'0001 9'-0----1-- ->     4'0000 17'00000000000000001
  transition:     4'0001 9'-1------- ->     4'0000 17'00000000000000001
  transition:     4'1001 9'-00---0-- ->     4'1001 17'00000010010010000
  transition:     4'1001 9'-01---0-- ->     4'1010 17'00000010010100000
  transition:     4'1001 9'-0----1-- ->     4'0000 17'00000010000000000
  transition:     4'1001 9'-1------- ->     4'0000 17'00000010000000000
  transition:     4'0101 9'-00---0-- ->     4'0101 17'00000001001010000
  transition:     4'0101 9'-01-0-0-- ->     4'0011 17'00000001000110000
  transition:     4'0101 9'-01-1-0-- ->     4'0110 17'00000001001100000
  transition:     4'0101 9'-0----1-- ->     4'0000 17'00000001000000000
  transition:     4'0101 9'-1------- ->     4'0000 17'00000001000000000
  transition:     4'0011 9'-00---0-- ->     4'0011 17'00001000000110000
  transition:     4'0011 9'-01---0-- ->     4'0100 17'00001000001000000
  transition:     4'0011 9'-0----1-- ->     4'0000 17'00001000000000000
  transition:     4'0011 9'-1------- ->     4'0000 17'00001000000000000
  transition:     4'1011 9'-00---0-- ->     4'1011 17'01000000010110000
  transition:     4'1011 9'-01---0-- ->     4'1100 17'01000000011000000
  transition:     4'1011 9'-0----1-- ->     4'0000 17'01000000000000000
  transition:     4'1011 9'-1------- ->     4'0000 17'01000000000000000
  transition:     4'0111 9'-0----0-0 ->     4'0111 17'00000000001110100
  transition:     4'0111 9'-0----0-1 ->     4'1000 17'00000000010000100
  transition:     4'0111 9'-0----1-- ->     4'0000 17'00000000000000100
  transition:     4'0111 9'-1------- ->     4'0000 17'00000000000000100

15.14.3. Executing FSM_OPT pass (simple optimizations of FSMs).
Optimizing FSM `$fsm$\boot.writer.state$2819' from module `\amiga_logic_core'.
Optimizing FSM `$fsm$\clocks.restart.state$2813' from module `\amiga_logic_core'.
Optimizing FSM `$fsm$\boot.power_sequence.state$2805' from module `\amiga_logic_core'.
Optimizing FSM `$fsm$\boot.state$2797' from module `\amiga_logic_core'.
  Removing unused input signal $auto$opt_reduce.cc:137:opt_pmux$2770.

15.14.4. Executing OPT_CLEAN pass (remove unused cells and wires).
Finding unused cells or wires in module \amiga_logic_core..
Removed 80 unused cells and 80 unused wires.
<suppressed ~81 debug messages>

15.14.5. Executing FSM_OPT pass (simple optimizations of FSMs).
Optimizing FSM `$fsm$\boot.state$2797' from module `\amiga_logic_core'.
  Removing unused output signal $flatten\boot.$0\state[2:0] [0].
  Removing unused output signal $flatten\boot.$0\state[2:0] [1].
  Removing unused output signal $flatten\boot.$0\state[2:0] [2].
Optimizing FSM `$fsm$\boot.power_sequence.state$2805' from module `\amiga_logic_core'.
  Removing unused output signal $flatten\boot.\power_sequence.$0\state[2:0] [0].
  Removing unused output signal $flatten\boot.\power_sequence.$0\state[2:0] [1].
  Removing unused output signal $flatten\boot.\power_sequence.$0\state[2:0] [2].
Optimizing FSM `$fsm$\clocks.restart.state$2813' from module `\amiga_logic_core'.
  Removing unused output signal $flatten\clocks.\restart.$0\state[1:0] [0].
  Removing unused output signal $flatten\clocks.\restart.$0\state[1:0] [1].
Optimizing FSM `$fsm$\boot.writer.state$2819' from module `\amiga_logic_core'.
  Removing unused output signal $flatten\boot.\writer.$0\state[3:0] [0].
  Removing unused output signal $flatten\boot.\writer.$0\state[3:0] [1].
  Removing unused output signal $flatten\boot.\writer.$0\state[3:0] [2].
  Removing unused output signal $flatten\boot.\writer.$0\state[3:0] [3].

15.14.6. Executing FSM_RECODE pass (re-assigning FSM state encoding).
Recoding FSM `$fsm$\boot.state$2797' from module `\amiga_logic_core' using `auto' encoding:
  mapping auto encoding to `one-hot` for this FSM.
  000 -> -----1
  100 -> ----1-
  010 -> ---1--
  001 -> --1---
  101 -> -1----
  011 -> 1-----
Recoding FSM `$fsm$\boot.power_sequence.state$2805' from module `\amiga_logic_core' using `auto' encoding:
  mapping auto encoding to `one-hot` for this FSM.
  000 -> -----1
  100 -> ----1-
  010 -> ---1--
  001 -> --1---
  101 -> -1----
  011 -> 1-----
Recoding FSM `$fsm$\clocks.restart.state$2813' from module `\amiga_logic_core' using `auto' encoding:
  mapping auto encoding to `one-hot` for this FSM.
  00 -> ---1
  10 -> --1-
  01 -> -1--
  11 -> 1---
Recoding FSM `$fsm$\boot.writer.state$2819' from module `\amiga_logic_core' using `auto' encoding:
  mapping auto encoding to `one-hot` for this FSM.
  0000 -> ------------1
  1000 -> -----------1-
  0100 -> ----------1--
  1100 -> ---------1---
  0010 -> --------1----
  1010 -> -------1-----
  0110 -> ------1------
  0001 -> -----1-------
  1001 -> ----1--------
  0101 -> ---1---------
  0011 -> --1----------
  1011 -> -1-----------
  0111 -> 1------------

15.14.7. Executing FSM_INFO pass (dumping all available information on FSM cells).

FSM `$fsm$\boot.state$2797' from module `amiga_logic_core':
-------------------------------------

  Information on FSM $fsm$\boot.state$2797 (\boot.state):

  Number of input signals:    8
  Number of output signals:   6
  Number of state bits:       6

  Input signals:
    0: \reset
    1: \boot.writer.busy
    2: \boot.writer.done
    3: \boot.power_sequence.config_allowed
    4: $flatten\boot.$eq$rtl/tvp7002_boot.sv:112$394_Y
    5: $flatten\boot.$eq$rtl/tvp7002_boot.sv:109$392_Y
    6: $flatten\boot.$ne$rtl/tvp7002_boot.sv:106$391_Y
    7: \boot.transaction_reset

  Output signals:
    0: $flatten\boot.$procmux$2422_CMP
    1: $flatten\boot.$procmux$2420_CMP
    2: $flatten\boot.$procmux$2414_CMP
    3: $flatten\boot.$procmux$2413_CMP
    4: $flatten\boot.$procmux$2412_CMP
    5: $flatten\boot.$procmux$2403_CMP

  State encoding:
    0:   6'-----1  <RESET STATE>
    1:   6'----1-
    2:   6'---1--
    3:   6'--1---
    4:   6'-1----
    5:   6'1-----

  Transition Table (state_in, ctrl_in, state_out, ctrl_out):
      0:     0 8'0---0--0   ->     0 6'000001
      1:     0 8'1------0   ->     0 6'000001
      2:     0 8'-------1   ->     0 6'000001
      3:     0 8'0---1--0   ->     3 6'000001
      4:     1 8'1------0   ->     0 6'001000
      5:     1 8'-------1   ->     0 6'001000
      6:     1 8'0------0   ->     1 6'001000
      7:     2 8'1------0   ->     0 6'000010
      8:     2 8'-------1   ->     0 6'000010
      9:     2 8'0----0-0   ->     2 6'000010
     10:     2 8'000--1-0   ->     3 6'000010
     11:     2 8'01---1-0   ->     4 6'000010
     12:     2 8'001--1-0   ->     5 6'000010
     13:     3 8'1------0   ->     0 6'100000
     14:     3 8'-------1   ->     0 6'100000
     15:     3 8'0-----00   ->     2 6'100000
     16:     3 8'0-----10   ->     3 6'100000
     17:     4 8'1------0   ->     0 6'010000
     18:     4 8'-------1   ->     0 6'010000
     19:     4 8'0------0   ->     4 6'010000
     20:     5 8'1------0   ->     0 6'000100
     21:     5 8'-------1   ->     0 6'000100
     22:     5 8'0--1---0   ->     1 6'000100
     23:     5 8'0--0---0   ->     5 6'000100

-------------------------------------

FSM `$fsm$\boot.power_sequence.state$2805' from module `amiga_logic_core':
-------------------------------------

  Information on FSM $fsm$\boot.power_sequence.state$2805 (\boot.power_sequence.state):

  Number of input signals:    7
  Number of output signals:   6
  Number of state bits:       6

  Input signals:
    0: \reset
    1: \boot.power_sequence.pg_sync
    2: $flatten\boot.\power_sequence.$eq$rtl/adc_power_sequence.sv:44$640_Y
    3: $flatten\boot.\power_sequence.$eq$rtl/adc_power_sequence.sv:47$642_Y
    4: $flatten\boot.\power_sequence.$eq$rtl/adc_power_sequence.sv:50$644_Y
    5: \boot.config_error
    6: \boot.config_done

  Output signals:
    0: $flatten\boot.\power_sequence.$eq$rtl/adc_power_sequence.sv:26$632_Y
    1: $flatten\boot.\power_sequence.$procmux$1000_CMP
    2: $flatten\boot.\power_sequence.$procmux$1004_CMP
    3: $flatten\boot.\power_sequence.$procmux$1008_CMP
    4: $flatten\boot.\power_sequence.$procmux$1012_CMP
    5: $flatten\boot.\power_sequence.$procmux$1021_CMP

  State encoding:
    0:   6'-----1  <RESET STATE>
    1:   6'----1-
    2:   6'---1--
    3:   6'--1---
    4:   6'-1----
    5:   6'1-----

  Transition Table (state_in, ctrl_in, state_out, ctrl_out):
      0:     0 7'-----00   ->     0 6'010000
      1:     0 7'----010   ->     0 6'010000
      2:     0 7'------1   ->     0 6'010000
      3:     0 7'----110   ->     3 6'010000
      4:     1 7'-----00   ->     0 6'000001
      5:     1 7'------1   ->     0 6'000001
      6:     1 7'-0---10   ->     1 6'000001
      7:     1 7'-1---10   ->     4 6'000001
      8:     2 7'-----00   ->     0 6'000100
      9:     2 7'------1   ->     0 6'000100
     10:     2 7'--0--10   ->     2 6'000100
     11:     2 7'--1--10   ->     5 6'000100
     12:     3 7'-----00   ->     0 6'001000
     13:     3 7'------1   ->     0 6'001000
     14:     3 7'---1-10   ->     2 6'001000
     15:     3 7'---0-10   ->     3 6'001000
     16:     4 7'-----00   ->     0 6'100000
     17:     4 7'------1   ->     0 6'100000
     18:     4 7'-----10   ->     4 6'100000
     19:     5 7'-----00   ->     0 6'000010
     20:     5 7'------1   ->     0 6'000010
     21:     5 7'10---10   ->     1 6'000010
     22:     5 7'-1---10   ->     4 6'000010
     23:     5 7'00---10   ->     5 6'000010

-------------------------------------

FSM `$fsm$\clocks.restart.state$2813' from module `amiga_logic_core':
-------------------------------------

  Information on FSM $fsm$\clocks.restart.state$2813 (\clocks.restart.state):

  Number of input signals:    7
  Number of output signals:   4
  Number of state bits:       4

  Input signals:
    0: \reset
    1: \clocks.restart.stable
    2: $flatten\clocks.\restart.$eq$rtl/pll_restart_control.sv:67$548_Y
    3: $flatten\clocks.\restart.$logic_and$rtl/pll_restart_control.sv:72$552_Y
    4: $flatten\clocks.\restart.$eq$rtl/pll_restart_control.sv:73$553_Y
    5: $flatten\clocks.\restart.$logic_or$rtl/pll_restart_control.sv:77$557_Y
    6: \clocks.qualified_ref

  Output signals:
    0: $flatten\clocks.\restart.$eq$rtl/pll_restart_control.sv:28$520_Y
    1: $flatten\clocks.\restart.$eq$rtl/pll_restart_control.sv:28$522_Y
    2: $flatten\clocks.\restart.$eq$rtl/pll_restart_control.sv:29$524_Y
    3: $flatten\clocks.\restart.$procmux$1889_CMP

  State encoding:
    0:     4'---1  <RESET STATE>
    1:     4'--1-
    2:     4'-1--
    3:     4'1---

  Transition Table (state_in, ctrl_in, state_out, ctrl_out):
      0:     0 7'1----00   ->     0 4'0001
      1:     0 7'0-----0   ->     0 4'0001
      2:     0 7'------1   ->     0 4'0001
      3:     0 7'1----10   ->     2 4'0001
      4:     1 7'1----00   ->     0 4'1000
      5:     1 7'0-----0   ->     0 4'1000
      6:     1 7'------1   ->     0 4'1000
      7:     1 7'1-00-10   ->     1 4'1000
      8:     1 7'1-10-10   ->     2 4'1000
      9:     1 7'1--1-10   ->     3 4'1000
     10:     2 7'1----00   ->     0 4'0010
     11:     2 7'0-----0   ->     0 4'0010
     12:     2 7'------1   ->     0 4'0010
     13:     2 7'1---110   ->     1 4'0010
     14:     2 7'1---010   ->     2 4'0010
     15:     3 7'1----00   ->     0 4'0100
     16:     3 7'0-----0   ->     0 4'0100
     17:     3 7'------1   ->     0 4'0100
     18:     3 7'11---10   ->     2 4'0100
     19:     3 7'10---10   ->     3 4'0100

-------------------------------------

FSM `$fsm$\boot.writer.state$2819' from module `amiga_logic_core':
-------------------------------------

  Information on FSM $fsm$\boot.writer.state$2819 (\boot.writer.state):

  Number of input signals:    9
  Number of output signals:  13
  Number of state bits:      13

  Input signals:
    0: \boot.writer.scl_sync
    1: \boot.writer.sda_sync
    2: $flatten\boot.\writer.$logic_and$rtl/i2c_register_write.sv:55$580_Y
    3: $flatten\boot.\writer.$logic_and$rtl/i2c_register_write.sv:65$589_Y
    4: $flatten\boot.\writer.$eq$rtl/i2c_register_write.sv:80$600_Y
    5: $flatten\boot.\writer.$eq$rtl/i2c_register_write.sv:94$617_Y
    6: $flatten\boot.\writer.$eq$rtl/i2c_register_write.sv:100$625_Y
    7: \boot.transaction_reset
    8: \boot.start

  Output signals:
    0: $flatten\boot.\writer.$eq$rtl/i2c_register_write.sv:33$561_Y
    1: $flatten\boot.\writer.$eq$rtl/i2c_register_write.sv:33$562_Y
    2: $flatten\boot.\writer.$eq$rtl/i2c_register_write.sv:33$564_Y
    3: $flatten\boot.\writer.$eq$rtl/i2c_register_write.sv:33$566_Y
    4: $flatten\boot.\writer.$procmux$1090_CMP
    5: $flatten\boot.\writer.$procmux$1231_CMP
    6: $flatten\boot.\writer.$procmux$1413_CMP
    7: $flatten\boot.\writer.$procmux$1417_CMP
    8: $flatten\boot.\writer.$procmux$1421_CMP
    9: $flatten\boot.\writer.$procmux$1431_CMP
   10: $flatten\boot.\writer.$procmux$1443_CMP
   11: $flatten\boot.\writer.$procmux$1444_CMP
   12: $flatten\boot.\writer.$procmux$1453_CMP

  State encoding:
    0: 13'------------1  <RESET STATE>
    1: 13'-----------1-
    2: 13'----------1--
    3: 13'---------1---
    4: 13'--------1----
    5: 13'-------1-----
    6: 13'------1------
    7: 13'-----1-------
    8: 13'----1--------
    9: 13'---1---------
   10: 13'--1----------
   11: 13'-1-----------
   12: 13'1------------

  Transition Table (state_in, ctrl_in, state_out, ctrl_out):
      0:     0 9'00----0--   ->     0 13'0001000000000
      1:     0 9'-0----1--   ->     0 13'0001000000000
      2:     0 9'-1-------   ->     0 13'0001000000000
      3:     0 9'10----0--   ->     7 13'0001000000000
      4:     1 9'-0----1--   ->     0 13'0000000010000
      5:     1 9'-1-------   ->     0 13'0000000010000
      6:     1 9'-00---0--   ->     1 13'0000000010000
      7:     1 9'-011--00-   ->     8 13'0000000010000
      8:     1 9'-01---01-   ->     8 13'0000000010000
      9:     1 9'-010--00-   ->    10 13'0000000010000
     10:     2 9'-0----1--   ->     0 13'0000000000010
     11:     2 9'-1-------   ->     0 13'0000000000010
     12:     2 9'-0----0-0   ->     2 13'0000000000010
     13:     2 9'-0----0-1   ->     9 13'0000000000010
     14:     3 9'-01---0--   ->     0 13'0010000000000
     15:     3 9'-0----1--   ->     0 13'0010000000000
     16:     3 9'-1-------   ->     0 13'0010000000000
     17:     3 9'-00---0--   ->     3 13'0010000000000
     18:     4 9'-0----1--   ->     0 13'1000000000000
     19:     4 9'-1-------   ->     0 13'1000000000000
     20:     4 9'-00---0--   ->     4 13'1000000000000
     21:     4 9'-01---0--   ->    10 13'1000000000000
     22:     5 9'-0----1--   ->     0 13'0000000001000
     23:     5 9'-1-------   ->     0 13'0000000001000
     24:     5 9'-0----0-0   ->     5 13'0000000001000
     25:     5 9'-0----0-1   ->    11 13'0000000001000
     26:     6 9'-0----1--   ->     0 13'0000010000000
     27:     6 9'-1-------   ->     0 13'0000010000000
     28:     6 9'-00---0--   ->     6 13'0000010000000
     29:     6 9'-01---0--   ->    12 13'0000010000000
     30:     7 9'-0----1--   ->     0 13'0000000000001
     31:     7 9'-1-------   ->     0 13'0000000000001
     32:     7 9'-01--10--   ->     4 13'0000000000001
     33:     7 9'-0---00--   ->     7 13'0000000000001
     34:     7 9'-00--10--   ->     7 13'0000000000001
     35:     8 9'-0----1--   ->     0 13'0000001000000
     36:     8 9'-1-------   ->     0 13'0000001000000
     37:     8 9'-01---0--   ->     5 13'0000001000000
     38:     8 9'-00---0--   ->     8 13'0000001000000
     39:     9 9'-0----1--   ->     0 13'0000000100000
     40:     9 9'-1-------   ->     0 13'0000000100000
     41:     9 9'-01-1-0--   ->     6 13'0000000100000
     42:     9 9'-00---0--   ->     9 13'0000000100000
     43:     9 9'-01-0-0--   ->    10 13'0000000100000
     44:    10 9'-0----1--   ->     0 13'0000100000000
     45:    10 9'-1-------   ->     0 13'0000100000000
     46:    10 9'-01---0--   ->     2 13'0000100000000
     47:    10 9'-00---0--   ->    10 13'0000100000000
     48:    11 9'-0----1--   ->     0 13'0100000000000
     49:    11 9'-1-------   ->     0 13'0100000000000
     50:    11 9'-01---0--   ->     3 13'0100000000000
     51:    11 9'-00---0--   ->    11 13'0100000000000
     52:    12 9'-0----1--   ->     0 13'0000000000100
     53:    12 9'-1-------   ->     0 13'0000000000100
     54:    12 9'-0----0-1   ->     1 13'0000000000100
     55:    12 9'-0----0-0   ->    12 13'0000000000100

-------------------------------------

15.14.8. Executing FSM_MAP pass (mapping FSMs to basic logic).
Mapping FSM `$fsm$\boot.state$2797' from module `\amiga_logic_core'.
Mapping FSM `$fsm$\boot.power_sequence.state$2805' from module `\amiga_logic_core'.
Mapping FSM `$fsm$\clocks.restart.state$2813' from module `\amiga_logic_core'.
Mapping FSM `$fsm$\boot.writer.state$2819' from module `\amiga_logic_core'.

15.15. Executing OPT pass (performing simple optimizations).

15.15.1. Executing OPT_EXPR pass (perform const folding).
Optimizing module amiga_logic_core.
<suppressed ~25 debug messages>

15.15.2. Executing OPT_MERGE pass (detect identical cells).
Finding identical cells in module `\amiga_logic_core'.
Computing hashes of 938 cells of `\amiga_logic_core'.
Finding duplicate cells in `\amiga_logic_core'.
Computing hashes of 920 cells of `\amiga_logic_core'.
Finding duplicate cells in `\amiga_logic_core'.
<suppressed ~54 debug messages>
Removed a total of 18 cells.

15.15.3. Executing OPT_MUXTREE pass (detect dead branches in mux trees).
Running muxtree optimizer on module \amiga_logic_core..
  Creating internal representation of mux trees.
  Evaluating internal representation of mux trees.
  Analyzing evaluation results.
Removed 0 multiplexer ports.
<suppressed ~575 debug messages>

15.15.4. Executing OPT_REDUCE pass (consolidate $*mux and $reduce_* inputs).
  Optimizing cells in module \amiga_logic_core.
Performed a total of 0 changes.

15.15.5. Executing OPT_MERGE pass (detect identical cells).
Finding identical cells in module `\amiga_logic_core'.
Computing hashes of 920 cells of `\amiga_logic_core'.
Finding duplicate cells in `\amiga_logic_core'.
Removed a total of 0 cells.

15.15.6. Executing OPT_DFF pass (perform DFF optimizations).
Adding SRST signal on $flatten\video.\core.\lines.$procdff$2576 ($dff) from module amiga_logic_core (D = $flatten\video.\core.\lines.$procmux$755_Y, Q = \video.core.lines.elapsed, rval = 13'0000000000000).
Adding EN signal on $auto$ff.cc:337:slice$3143 ($sdff) from module amiga_logic_core (D = $flatten\video.\core.\lines.$add$rtl/line_double.sv:78$705_Y, Q = \video.core.lines.elapsed).
Adding SRST signal on $flatten\video.\core.\lines.$procdff$2575 ($dff) from module amiga_logic_core (D = $flatten\video.\core.\lines.$procmux$774_Y, Q = \video.core.lines.read_x, rval = 11'00000000000).
Adding EN signal on $auto$ff.cc:337:slice$3149 ($sdff) from module amiga_logic_core (D = $flatten\video.\core.\lines.$procmux$774_Y, Q = \video.core.lines.read_x).
Adding SRST signal on $flatten\video.\core.\lines.$procdff$2574 ($dff) from module amiga_logic_core (D = $flatten\video.\core.\lines.$procmux$784_Y, Q = \video.core.lines.written, rval = 12'000000000000).
Adding EN signal on $auto$ff.cc:337:slice$3159 ($sdff) from module amiga_logic_core (D = $flatten\video.\core.\lines.$procmux$784_Y, Q = \video.core.lines.written).
Adding SRST signal on $flatten\video.\core.\lines.$procdff$2573 ($dff) from module amiga_logic_core (D = $flatten\video.\core.\lines.$procmux$799_Y, Q = \video.core.lines.reading, rval = 1'0).
Adding SRST signal on $flatten\video.\core.\lines.$procdff$2572 ($dff) from module amiga_logic_core (D = $flatten\video.\core.\lines.$procmux$808_Y, Q = \video.core.lines.read_bank, rval = 1'0).
Adding EN signal on $auto$ff.cc:337:slice$3168 ($sdff) from module amiga_logic_core (D = \video.core.lines.write_bank, Q = \video.core.lines.read_bank).
Adding SRST signal on $flatten\video.\core.\lines.$procdff$2571 ($dff) from module amiga_logic_core (D = \video.core.lines.ram_write_bank, Q = \video.core.lines.write_bank, rval = 1'0).
Adding SRST signal on $flatten\video.\core.\lines.$procdff$2570 ($dff) from module amiga_logic_core (D = \video.front.sample_ce_out, Q = \video.core.lines.previous_ce, rval = 1'0).
Adding SRST signal on $flatten\video.\core.\lines.$procdff$2569 ($dff) from module amiga_logic_core (D = $flatten\video.\core.\lines.$procmux$745_Y, Q = \video.core.lines.pixel_valid, rval = 1'0).
Adding SRST signal on $flatten\video.\core.\lines.$procdff$2568 ($dff) from module amiga_logic_core (D = $flatten\video.\core.\lines.$procmux$823_Y, Q = \video.core.lines.started, rval = 1'0).
Adding EN signal on $auto$ff.cc:337:slice$3175 ($sdff) from module amiga_logic_core (D = 1'1, Q = \video.core.lines.started).
Adding SRST signal on $flatten\video.\core.\lines.$procdff$2567 ($dff) from module amiga_logic_core (D = $flatten\video.\core.\lines.$procmux$836_Y, Q = \video.core.lines.out_x, rval = 11'00000000000).
Adding EN signal on $auto$ff.cc:337:slice$3177 ($sdff) from module amiga_logic_core (D = $flatten\video.\core.\lines.$procmux$836_Y, Q = \video.core.lines.out_x).
Adding SRST signal on $flatten\video.\core.\lines.$procdff$2566 ($dff) from module amiga_logic_core (D = $flatten\video.\core.\lines.$procmux$732_Y, Q = \video.core.lines.out_sol, rval = 1'0).
Adding SRST signal on $flatten\video.\core.\lines.$procdff$2565 ($dff) from module amiga_logic_core (D = $flatten\video.\core.\lines.$procmux$853_Y, Q = \video.core.lines.protocol_error, rval = 1'0).
Adding SRST signal on $flatten\video.\front.$procdff$2700 ($dff) from module amiga_logic_core (D = { \video.front.vs_sync [0] \adc_vs_n }, Q = \video.front.vs_sync, rval = 2'11).
Adding SRST signal on $flatten\video.\front.$procdff$2699 ($dff) from module amiga_logic_core (D = $flatten\video.\front.$procmux$2188_Y, Q = \video.front.vs_delay, rval = 5'00000).
Adding EN signal on $auto$ff.cc:337:slice$3190 ($sdff) from module amiga_logic_core (D = $flatten\video.\front.$procmux$2185_Y, Q = \video.front.vs_delay).
Adding SRST signal on $flatten\video.\front.$procdff$2698 ($dff) from module amiga_logic_core (D = $flatten\video.\front.$procmux$2196_Y, Q = \video.front.v_age, rval = 21'000000000000000000000).
Adding EN signal on $auto$ff.cc:337:slice$3202 ($sdff) from module amiga_logic_core (D = $flatten\video.\front.$add$rtl/stream_sync_frontend.sv:102$463_Y, Q = \video.front.v_age).
Adding SRST signal on $flatten\video.\front.$procdff$2697 ($dff) from module amiga_logic_core (D = $flatten\video.\front.$add$rtl/stream_sync_frontend.sv:82$452_Y, Q = \video.front.vs_count, rval = 3'000).
Adding SRST signal on $flatten\video.\front.$procdff$2696 ($dff) from module amiga_logic_core (D = $flatten\video.\front.$procmux$2221_Y, Q = \video.front.vs_pending, rval = 1'0).
Adding SRST signal on $flatten\video.\front.$procdff$2695 ($dff) from module amiga_logic_core (D = $flatten\video.\front.$procmux$2238_Y, Q = \video.front.v_locked, rval = 1'0).
Adding EN signal on $auto$ff.cc:337:slice$3216 ($sdff) from module amiga_logic_core (D = $flatten\video.\front.$procmux$2238_Y, Q = \video.front.v_locked).
Adding SRST signal on $flatten\video.\front.$procdff$2694 ($dff) from module amiga_logic_core (D = $flatten\video.\front.$procmux$2252_Y, Q = \video.front.have_vs, rval = 1'0).
Adding SRST signal on $flatten\video.\front.$procdff$2693 ($dff) from module amiga_logic_core (D = $flatten\video.\front.$procmux$2264_Y, Q = \video.front.vs_level, rval = 1'1).
Adding EN signal on $auto$ff.cc:337:slice$3229 ($sdff) from module amiga_logic_core (D = \video.front.vs_sync [1], Q = \video.front.vs_level).
Adding SRST signal on $flatten\video.\front.$procdff$2692 ($dff) from module amiga_logic_core (D = $flatten\video.\front.$procmux$2274_Y, Q = \video.front.h_good, rval = 2'00).
Adding EN signal on $auto$ff.cc:337:slice$3235 ($sdff) from module amiga_logic_core (D = $flatten\video.\front.$add$rtl/stream_sync_frontend.sv:74$447_Y, Q = \video.front.h_good).
Adding SRST signal on $flatten\video.\front.$procdff$2691 ($dff) from module amiga_logic_core (D = $flatten\video.\front.$procmux$2282_Y, Q = \video.front.h_age, rval = 13'0000000000000).
Adding EN signal on $auto$ff.cc:337:slice$3241 ($sdff) from module amiga_logic_core (D = $flatten\video.\front.$add$rtl/stream_sync_frontend.sv:77$449_Y, Q = \video.front.h_age).
Adding SRST signal on $flatten\video.\front.$procdff$2690 ($dff) from module amiga_logic_core (D = $flatten\video.\front.$procmux$2298_Y, Q = \video.front.h_locked, rval = 1'0).
Adding EN signal on $auto$ff.cc:337:slice$3245 ($sdff) from module amiga_logic_core (D = 1'1, Q = \video.front.h_locked).
Adding SRST signal on $flatten\video.\front.$procdff$2689 ($dff) from module amiga_logic_core (D = $flatten\video.\front.$procmux$2310_Y, Q = \video.front.have_hs, rval = 1'0).
Adding EN signal on $auto$ff.cc:337:slice$3251 ($sdff) from module amiga_logic_core (D = $flatten\video.\front.$procmux$2310_Y, Q = \video.front.have_hs).
Adding SRST signal on $flatten\video.\front.$procdff$2688 ($dff) from module amiga_logic_core (D = $flatten\video.\front.$procmux$2315_Y, Q = \video.front.previous_hs, rval = 1'1).
Adding EN signal on $auto$ff.cc:337:slice$3255 ($sdff) from module amiga_logic_core (D = \capture.stage2 [24], Q = \video.front.previous_hs).
Adding SRST signal on $flatten\video.\core.$procdff$2706 ($dff) from module amiga_logic_core (D = $flatten\video.\core.$procmux$2387_Y, Q = \video.core.out_y, rval = 12'000000000000).
Adding EN signal on $auto$ff.cc:337:slice$3257 ($sdff) from module amiga_logic_core (D = $flatten\video.\core.$procmux$2384_Y, Q = \video.core.out_y).
Adding SRST signal on $flatten\video.\front.$procdff$2685 ($dff) from module amiga_logic_core (D = \capture.stage2 [23:0], Q = \video.front.rgb_out, rval = 24'000000000000000000000000).
Adding SRST signal on $flatten\video.\front.$procdff$2684 ($dff) from module amiga_logic_core (D = $flatten\video.\front.$procmux$2321_Y, Q = \video.front.field_start, rval = 1'0).
Adding SRST signal on $flatten\video.\front.$procdff$2683 ($dff) from module amiga_logic_core (D = $flatten\video.\front.$procmux$2155_Y, Q = \video.front.line_start, rval = 1'0).
Adding SRST signal on $flatten\video.\front.$procdff$2682 ($dff) from module amiga_logic_core (D = \video.front.sample_ce, Q = \video.front.sample_ce_out, rval = 1'0).
Adding SRST signal on $flatten\video.\front.$procdff$2681 ($dff) from module amiga_logic_core (D = { $flatten\video.\front.$procmux$2121_Y $flatten\video.\front.$procmux$2129_Y $flatten\video.\front.$procmux$2137_Y }, Q = \video.front.fault_history, rval = 3'000).
Adding EN signal on $auto$ff.cc:337:slice$3281 ($sdff) from module amiga_logic_core (D = 1'1, Q = \video.front.fault_history [0]).
Adding EN signal on $auto$ff.cc:337:slice$3281 ($sdff) from module amiga_logic_core (D = 1'1, Q = \video.front.fault_history [1]).
Adding EN signal on $auto$ff.cc:337:slice$3281 ($sdff) from module amiga_logic_core (D = $flatten\video.\front.$procmux$2118_Y, Q = \video.front.fault_history [2]).
Adding SRST signal on $flatten\video.\core.$procdff$2708 ($dff) from module amiga_logic_core (D = \video.core.rgb1, Q = \video.core.rgb2, rval = 24'000000000000000000000000).
Adding SRST signal on $flatten\video.\core.$procdff$2709 ($dff) from module amiga_logic_core (D = \video.core.lines.pixel_valid, Q = \video.core.valid1, rval = 1'0).
Adding SRST signal on $flatten\video.\core.$procdff$2710 ($dff) from module amiga_logic_core (D = \video.core.valid1, Q = \video.core.valid2, rval = 1'0).
Adding SRST signal on $flatten\video.\core.$procdff$2711 ($dff) from module amiga_logic_core (D = \video.core.lines.out_sol, Q = \video.core.sol1, rval = 1'0).
Adding SRST signal on $flatten\video.\core.$procdff$2707 ($dff) from module amiga_logic_core (D = $flatten\video.\core.\lines.$ternary$rtl/line_double.sv:43$686_Y, Q = \video.core.rgb1, rval = 24'000000000000000000000000).
Adding SRST signal on $flatten\video.\core.$procdff$2712 ($dff) from module amiga_logic_core (D = $flatten\video.\core.$procmux$2371_Y, Q = \video.core.have_frame, rval = 1'0).
Adding EN signal on $auto$ff.cc:337:slice$3310 ($sdff) from module amiga_logic_core (D = 1'1, Q = \video.core.have_frame).
Adding SRST signal on $flatten\video.\core.$procdff$2713 ($dff) from module amiga_logic_core (D = \video.core.lines.out_x, Q = \video.core.x1, rval = 11'00000000000).
Adding SRST signal on $flatten\video.\core.$procdff$2714 ($dff) from module amiga_logic_core (D = \video.front.field_start, Q = \video.core.field_delayed, rval = 1'0).
Adding SRST signal on $flatten\video.\core.$procdff$2705 ($dff) from module amiga_logic_core (D = \video.core.x1, Q = \video.core.out_x, rval = 11'00000000000).
Adding SRST signal on $flatten\video.\core.$procdff$2702 ($dff) from module amiga_logic_core (D = \video.core.fields.vs_n, Q = \video.core.vs_n, rval = 1'1).
Adding SRST signal on $flatten\video.\core.$procdff$2701 ($dff) from module amiga_logic_core (D = $flatten\video.\core.$logic_not$rtl/video_core.sv:59$401_Y, Q = \video.core.hs_n, rval = 1'1).
Adding SRST signal on $flatten\boot.\writer.$procdff$2599 ($dff) from module amiga_logic_core (D = $flatten\boot.\writer.$procmux$1831_Y, Q = \boot.writer.scl_low, rval = 1'0).
Adding EN signal on $auto$ff.cc:337:slice$3319 ($sdff) from module amiga_logic_core (D = $flatten\boot.\writer.$procmux$1831_Y, Q = \boot.writer.scl_low).
Adding SRST signal on $flatten\boot.\writer.$procdff$2600 ($dff) from module amiga_logic_core (D = $flatten\boot.\writer.$procmux$1783_Y, Q = \boot.writer.sda_low, rval = 1'0).
Adding EN signal on $auto$ff.cc:337:slice$3331 ($sdff) from module amiga_logic_core (D = $flatten\boot.\writer.$procmux$1783_Y, Q = \boot.writer.sda_low).
Adding SRST signal on $flatten\boot.\writer.$procdff$2602 ($dff) from module amiga_logic_core (D = $flatten\boot.\writer.$procmux$1692_Y, Q = \boot.writer.busy, rval = 1'0).
Adding EN signal on $auto$ff.cc:337:slice$3351 ($sdff) from module amiga_logic_core (D = $flatten\boot.\writer.$procmux$1692_Y, Q = \boot.writer.busy).
Adding SRST signal on $flatten\boot.\writer.$procdff$2603 ($dff) from module amiga_logic_core (D = $flatten\boot.\writer.$procmux$1457_Y, Q = \boot.writer.done, rval = 1'0).
Adding SRST signal on $flatten\boot.\writer.$procdff$2604 ($dff) from module amiga_logic_core (D = $flatten\boot.\writer.$procmux$1660_Y [1:0], Q = \boot.writer.error [1:0], rval = 2'00).
Adding SRST signal on $flatten\boot.\writer.$procdff$2604 ($dff) from module amiga_logic_core (D = $flatten\boot.\writer.$procmux$1683_Y [2], Q = \boot.writer.error [2], rval = 1'0).
Adding EN signal on $auto$ff.cc:337:slice$3367 ($sdff) from module amiga_logic_core (D = $flatten\boot.\writer.$procmux$1683_Y [2], Q = \boot.writer.error [2]).
Adding EN signal on $auto$ff.cc:337:slice$3364 ($sdff) from module amiga_logic_core (D = $flatten\boot.\writer.$procmux$1660_Y [1:0], Q = \boot.writer.error [1:0]).
Adding SRST signal on $flatten\boot.\writer.$procdff$2605 ($dff) from module amiga_logic_core (D = $flatten\boot.\writer.$procmux$1604_Y, Q = \boot.writer.count, rval = 8'00000000).
Adding EN signal on $auto$ff.cc:337:slice$3390 ($sdff) from module amiga_logic_core (D = $flatten\boot.\writer.$procmux$1604_Y, Q = \boot.writer.count).
Adding SRST signal on $flatten\boot.\writer.$procdff$2606 ($dff) from module amiga_logic_core (D = $flatten\boot.\writer.$procmux$1595_Y, Q = \boot.writer.byte_index, rval = 2'00).
Adding EN signal on $auto$ff.cc:337:slice$3402 ($sdff) from module amiga_logic_core (D = $flatten\boot.\writer.$procmux$1589_Y, Q = \boot.writer.byte_index).
Adding SRST signal on $flatten\boot.\writer.$procdff$2607 ($dff) from module amiga_logic_core (D = $flatten\boot.\writer.$procmux$1570_Y, Q = \boot.writer.bit_index, rval = 3'111).
Adding EN signal on $auto$ff.cc:337:slice$3418 ($sdff) from module amiga_logic_core (D = $flatten\boot.\writer.$procmux$1557_Y, Q = \boot.writer.bit_index).
Adding SRST signal on $flatten\boot.\writer.$procdff$2608 ($dff) from module amiga_logic_core (D = $flatten\boot.\writer.$procmux$1412_Y, Q = \boot.writer.watchdog, rval = 19'0000000000000000000).
Adding SRST signal on $flatten\boot.\writer.$procdff$2609 ($dff) from module amiga_logic_core (D = $flatten\boot.\writer.$procmux$1538_Y, Q = \boot.writer.bytes[0], rval = 8'00000000).
Adding EN signal on $auto$ff.cc:337:slice$3441 ($sdff) from module amiga_logic_core (D = 8'10111000, Q = \boot.writer.bytes[0]).
Adding SRST signal on $flatten\boot.\writer.$procdff$2610 ($dff) from module amiga_logic_core (D = $flatten\boot.\writer.$procmux$1515_Y, Q = \boot.writer.bytes[1], rval = 8'00000000).
Adding EN signal on $auto$ff.cc:337:slice$3447 ($sdff) from module amiga_logic_core (D = \boot.entry [15:8], Q = \boot.writer.bytes[1]).
Adding SRST signal on $flatten\boot.\writer.$procdff$2611 ($dff) from module amiga_logic_core (D = $flatten\boot.\writer.$procmux$1492_Y, Q = \boot.writer.bytes[2], rval = 8'00000000).
Adding EN signal on $auto$ff.cc:337:slice$3453 ($sdff) from module amiga_logic_core (D = \boot.entry [7:0], Q = \boot.writer.bytes[2]).
Adding SRST signal on $flatten\boot.\writer.$procdff$2616 ($dff) from module amiga_logic_core (D = \scl_in, Q = \boot.writer.scl_meta, rval = 1'1).
Adding SRST signal on $flatten\boot.\writer.$procdff$2617 ($dff) from module amiga_logic_core (D = \boot.writer.scl_meta, Q = \boot.writer.scl_sync, rval = 1'1).
Adding SRST signal on $flatten\boot.\writer.$procdff$2618 ($dff) from module amiga_logic_core (D = \sda_in, Q = \boot.writer.sda_meta, rval = 1'1).
Adding SRST signal on $flatten\boot.\writer.$procdff$2619 ($dff) from module amiga_logic_core (D = \boot.writer.sda_meta, Q = \boot.writer.sda_sync, rval = 1'1).
Adding SRST signal on $flatten\video.\core.\fields.$procdff$2590 ($dff) from module amiga_logic_core (D = $flatten\video.\core.\fields.$procmux$890_Y, Q = \video.core.fields.remaining, rval = 0).
Adding EN signal on $auto$ff.cc:337:slice$3463 ($sdff) from module amiga_logic_core (D = $flatten\video.\core.\fields.$procmux$888_Y, Q = \video.core.fields.remaining).
Adding SRST signal on $flatten\video.\core.\fields.$procdff$2589 ($dff) from module amiga_logic_core (D = $flatten\video.\core.\fields.$procmux$906_Y, Q = \video.core.fields.pending, rval = 1'0).
Adding SRST signal on $flatten\video.\core.\fields.$procdff$2588 ($dff) from module amiga_logic_core (D = $flatten\video.\core.\fields.$procmux$917_Y, Q = \video.core.fields.delay_active, rval = 1'0).
Adding SRST signal on $flatten\video.\core.\fields.$procdff$2587 ($dff) from module amiga_logic_core (D = $flatten\video.\core.\fields.$procmux$925_Y [12], Q = \video.core.fields.delay_count [12], rval = 1'0).
Adding SRST signal on $flatten\video.\core.\fields.$procdff$2587 ($dff) from module amiga_logic_core (D = $flatten\video.\core.\fields.$procmux$928_Y [11:0], Q = \video.core.fields.delay_count [11:0], rval = 12'000000000000).
Adding EN signal on $auto$ff.cc:337:slice$3470 ($sdff) from module amiga_logic_core (D = $flatten\video.\core.\fields.$procmux$928_Y [11:0], Q = \video.core.fields.delay_count [11:0]).
Adding EN signal on $auto$ff.cc:337:slice$3467 ($sdff) from module amiga_logic_core (D = $flatten\video.\core.\fields.$sub$rtl/field_sync.sv:29$651_Y [12], Q = \video.core.fields.delay_count [12]).
Adding SRST signal on $flatten\video.\core.\fields.$procdff$2586 ($dff) from module amiga_logic_core (D = $flatten\video.\core.\fields.$procmux$877_Y, Q = \video.core.fields.frame_start, rval = 1'0).
Adding SRST signal on $flatten\video.\core.\fields.$procdff$2585 ($dff) from module amiga_logic_core (D = $flatten\video.\core.\fields.$procmux$939_Y, Q = \video.core.fields.vs_n, rval = 1'1).
Adding EN signal on $auto$ff.cc:337:slice$3486 ($sdff) from module amiga_logic_core (D = $flatten\video.\core.\fields.$procmux$937_Y, Q = \video.core.fields.vs_n).
Adding SRST signal on $flatten\boot.\power_sequence.$procdff$2591 ($dff) from module amiga_logic_core (D = $flatten\boot.\power_sequence.$procmux$1052_Y, Q = \boot.power_sequence.adc_reset_n, rval = 1'0).
Adding EN signal on $auto$ff.cc:337:slice$3492 ($sdff) from module amiga_logic_core (D = $flatten\boot.\power_sequence.$procmux$1052_Y, Q = \boot.power_sequence.adc_reset_n).
Adding SRST signal on $flatten\boot.\power_sequence.$procdff$2592 ($dff) from module amiga_logic_core (D = $flatten\boot.\power_sequence.$procmux$1039_Y, Q = \boot.power_sequence.adc_pwdn, rval = 1'1).
Adding EN signal on $auto$ff.cc:337:slice$3504 ($sdff) from module amiga_logic_core (D = $flatten\boot.\power_sequence.$procmux$1039_Y, Q = \boot.power_sequence.adc_pwdn).
Adding SRST signal on $flatten\boot.\power_sequence.$procdff$2593 ($dff) from module amiga_logic_core (D = $flatten\boot.\power_sequence.$procmux$1020_Y, Q = \boot.power_sequence.fault, rval = 1'0).
Adding EN signal on $auto$ff.cc:337:slice$3516 ($sdff) from module amiga_logic_core (D = $flatten\boot.\power_sequence.$procmux$1020_Y, Q = \boot.power_sequence.fault).
Adding SRST signal on $flatten\boot.\power_sequence.$procdff$2595 ($dff) from module amiga_logic_core (D = $flatten\boot.\power_sequence.$procmux$969_Y, Q = \boot.power_sequence.config_allowed, rval = 1'0).
Adding EN signal on $auto$ff.cc:337:slice$3528 ($sdff) from module amiga_logic_core (D = $flatten\boot.\power_sequence.$procmux$969_Y, Q = \boot.power_sequence.config_allowed).
Adding SRST signal on $flatten\boot.\power_sequence.$procdff$2596 ($dff) from module amiga_logic_core (D = $flatten\boot.\power_sequence.$procmux$951_Y, Q = \boot.power_sequence.count, rval = 18'000000000000000000).
Adding EN signal on $auto$ff.cc:337:slice$3542 ($sdff) from module amiga_logic_core (D = $flatten\boot.\power_sequence.$procmux$951_Y, Q = \boot.power_sequence.count).
Adding SRST signal on $flatten\boot.\power_sequence.$procdff$2597 ($dff) from module amiga_logic_core (D = \power_good, Q = \boot.power_sequence.pg_meta, rval = 1'0).
Adding SRST signal on $flatten\boot.\power_sequence.$procdff$2598 ($dff) from module amiga_logic_core (D = \boot.power_sequence.pg_meta, Q = \boot.power_sequence.pg_sync, rval = 1'0).
Adding SRST signal on $flatten\boot.$procdff$2722 ($dff) from module amiga_logic_core (D = $flatten\boot.$procmux$2411_Y, Q = \boot.config_error, rval = 1'0).
Adding EN signal on $auto$ff.cc:337:slice$3552 ($sdff) from module amiga_logic_core (D = $flatten\boot.$procmux$2411_Y, Q = \boot.config_error).
Adding SRST signal on $flatten\boot.$procdff$2721 ($dff) from module amiga_logic_core (D = $flatten\boot.$procmux$2435_Y, Q = \boot.config_done, rval = 1'0).
Adding EN signal on $auto$ff.cc:337:slice$3564 ($sdff) from module amiga_logic_core (D = 1'1, Q = \boot.config_done).
Adding SRST signal on $flatten\boot.$procdff$2720 ($dff) from module amiga_logic_core (D = $flatten\boot.$procmux$2400_Y, Q = \boot.start, rval = 1'0).
Adding SRST signal on $flatten\boot.$procdff$2719 ($dff) from module amiga_logic_core (D = $flatten\boot.$procmux$2449_Y, Q = \boot.wait_count, rval = 20'00000000000000000000).
Adding EN signal on $auto$ff.cc:337:slice$3575 ($sdff) from module amiga_logic_core (D = $flatten\boot.$procmux$2449_Y, Q = \boot.wait_count).
Adding SRST signal on $flatten\boot.$procdff$2718 ($dff) from module amiga_logic_core (D = $flatten\boot.$procmux$2478_Y, Q = \boot.index, rval = 6'000000).
Adding EN signal on $auto$ff.cc:337:slice$3591 ($sdff) from module amiga_logic_core (D = $flatten\boot.$procmux$2478_Y, Q = \boot.index).
Adding SRST signal on $flatten\boot.$procdff$2716 ($dff) from module amiga_logic_core (D = $flatten\boot.$procmux$2533_Y, Q = \boot.failed_register, rval = 8'00000000).
Adding EN signal on $auto$ff.cc:337:slice$3607 ($sdff) from module amiga_logic_core (D = $flatten\boot.$procmux$2527_Y, Q = \boot.failed_register).
Adding SRST signal on $flatten\boot.$procdff$2715 ($dff) from module amiga_logic_core (D = $flatten\boot.$procmux$2553_Y, Q = \boot.write_error, rval = 3'000).
Adding EN signal on $auto$ff.cc:337:slice$3621 ($sdff) from module amiga_logic_core (D = $flatten\boot.$procmux$2547_Y, Q = \boot.write_error).
Adding EN signal on $flatten\clocks.\guard.$procdff$2669 ($adff) from module amiga_logic_core (D = $flatten\clocks.\guard.$0\good[2:0], Q = \clocks.guard.good).
Adding EN signal on $flatten\clocks.\guard.$procdff$2654 ($adff) from module amiga_logic_core (D = $flatten\clocks.\guard.$0\seen_edge[0:0], Q = \clocks.guard.seen_edge).
Adding EN signal on $flatten\clocks.\guard.$procdff$2659 ($adff) from module amiga_logic_core (D = $flatten\clocks.\guard.$0\healthy[0:0], Q = \clocks.guard.healthy).
Adding EN signal on $flatten\capture.$procdff$2740 ($adff) from module amiga_logic_core (D = 1'1, Q = \capture.started).
Adding EN signal on $flatten\capture.$procdff$2746 ($adff) from module amiga_logic_core (D = $flatten\capture.$logic_not$rtl/adc_rgb_capture.sv:21$367_Y, Q = \capture.token).
Adding EN signal on $flatten\capture.$procdff$2743 ($adff) from module amiga_logic_core (D = { \adc_hs_n \adc_rgb }, Q = \capture.captured).
Adding SRST signal on $flatten\clocks.\restart.$procdff$2620 ($dff) from module amiga_logic_core (D = { $flatten\clocks.\restart.$procmux$1894_Y $flatten\clocks.\restart.$procmux$1907_Y $flatten\clocks.\restart.$procmux$1918_Y }, Q = \clocks.restart.fault_history, rval = 3'000).
Adding EN signal on $auto$ff.cc:337:slice$3655 ($sdff) from module amiga_logic_core (D = 1'1, Q = \clocks.restart.fault_history [0]).
Adding EN signal on $auto$ff.cc:337:slice$3655 ($sdff) from module amiga_logic_core (D = 1'1, Q = \clocks.restart.fault_history [1]).
Adding EN signal on $auto$ff.cc:337:slice$3655 ($sdff) from module amiga_logic_core (D = 1'1, Q = \clocks.restart.fault_history [2]).
Adding SRST signal on $flatten\clocks.\restart.$procdff$2622 ($dff) from module amiga_logic_core (D = $flatten\clocks.\restart.$procmux$1925_Y, Q = \clocks.restart.lock_was_low, rval = 1'0).
Adding EN signal on $auto$ff.cc:337:slice$3669 ($sdff) from module amiga_logic_core (D = $flatten\clocks.\restart.$procmux$1925_Y, Q = \clocks.restart.lock_was_low).
Adding SRST signal on $flatten\clocks.\restart.$procdff$2623 ($dff) from module amiga_logic_core (D = $flatten\clocks.\restart.$procmux$1976_Y, Q = \clocks.restart.count, rval = 19'0000000000000000000).
Adding EN signal on $auto$ff.cc:337:slice$3683 ($sdff) from module amiga_logic_core (D = $flatten\clocks.\restart.$procmux$1976_Y, Q = \clocks.restart.count).
Adding SRST signal on $flatten\clocks.\restart.$procdff$2624 ($dff) from module amiga_logic_core (D = $flatten\clocks.\restart.$procmux$2048_Y, Q = \clocks.restart.seen_edge, rval = 1'0).
Adding EN signal on $auto$ff.cc:337:slice$3697 ($sdff) from module amiga_logic_core (D = $flatten\clocks.\restart.$procmux$2048_Y, Q = \clocks.restart.seen_edge).
Adding SRST signal on $flatten\clocks.\restart.$procdff$2625 ($dff) from module amiga_logic_core (D = { $flatten\clocks.\restart.$procmux$2000_Y [7] $flatten\clocks.\restart.$procmux$2000_Y [5] $flatten\clocks.\restart.$procmux$2000_Y [3] $flatten\clocks.\restart.$procmux$2000_Y [1] }, Q = { \clocks.restart.age [7] \clocks.restart.age [5] \clocks.restart.age [3] \clocks.restart.age [1] }, rval = 4'0000).
Adding SRST signal on $flatten\clocks.\restart.$procdff$2625 ($dff) from module amiga_logic_core (D = { $flatten\clocks.\restart.$add$rtl/pll_restart_control.sv:54$542_Y [6] $flatten\clocks.\restart.$add$rtl/pll_restart_control.sv:54$542_Y [4] $flatten\clocks.\restart.$add$rtl/pll_restart_control.sv:54$542_Y [2] $flatten\clocks.\restart.$add$rtl/pll_restart_control.sv:54$542_Y [0] }, Q = { \clocks.restart.age [6] \clocks.restart.age [4] \clocks.restart.age [2] \clocks.restart.age [0] }, rval = 4'0000).
Adding SRST signal on $flatten\clocks.\restart.$procdff$2626 ($dff) from module amiga_logic_core (D = $flatten\clocks.\restart.$procmux$2039_Y, Q = \clocks.restart.good, rval = 4'0000).
Adding EN signal on $auto$ff.cc:337:slice$3707 ($sdff) from module amiga_logic_core (D = $flatten\clocks.\restart.$procmux$2039_Y, Q = \clocks.restart.good).
Adding SRST signal on $flatten\clocks.\restart.$procdff$2628 ($dff) from module amiga_logic_core (D = $flatten\clocks.\restart.$procmux$2025_Y, Q = \clocks.restart.stable, rval = 1'0).
Adding EN signal on $auto$ff.cc:337:slice$3715 ($sdff) from module amiga_logic_core (D = $flatten\clocks.\restart.$procmux$2025_Y, Q = \clocks.restart.stable).
Adding SRST signal on $flatten\clocks.\restart.$procdff$2629 ($dff) from module amiga_logic_core (D = $flatten\clocks.\restart.$procmux$2011_Y, Q = \clocks.restart.period_last, rval = 8'00000000).
Adding EN signal on $auto$ff.cc:337:slice$3723 ($sdff) from module amiga_logic_core (D = $flatten\clocks.\restart.$add$rtl/pll_restart_control.sv:25$501_Y [7:0], Q = \clocks.restart.period_last).
Adding SRST signal on $flatten\clocks.\restart.$procdff$2630 ($dff) from module amiga_logic_core (D = { \clocks.restart.hb_sync [0] \clocks.restart.heartbeat [7] }, Q = \clocks.restart.hb_sync, rval = 2'00).
Adding SRST signal on $flatten\clocks.\restart.$procdff$2631 ($dff) from module amiga_logic_core (D = { \clocks.restart.lock_sync [0] \pll_lock }, Q = \clocks.restart.lock_sync, rval = 2'00).
Setting constant 0-bit at position 0 on $auto$ff.cc:337:slice$3442 ($sdffe) from module amiga_logic_core.
Setting constant 0-bit at position 1 on $auto$ff.cc:337:slice$3442 ($sdffe) from module amiga_logic_core.
Setting constant 0-bit at position 2 on $auto$ff.cc:337:slice$3442 ($sdffe) from module amiga_logic_core.
Setting constant 0-bit at position 6 on $auto$ff.cc:337:slice$3442 ($sdffe) from module amiga_logic_core.

15.15.7. Executing OPT_CLEAN pass (remove unused cells and wires).
Finding unused cells or wires in module \amiga_logic_core..
Removed 192 unused cells and 252 unused wires.
<suppressed ~195 debug messages>

15.15.8. Executing OPT_EXPR pass (perform const folding).
Optimizing module amiga_logic_core.
<suppressed ~39 debug messages>

15.15.9. Rerunning OPT passes. (Maybe there is more to do..)

15.15.10. Executing OPT_MUXTREE pass (detect dead branches in mux trees).
Running muxtree optimizer on module \amiga_logic_core..
  Creating internal representation of mux trees.
  Evaluating internal representation of mux trees.
  Analyzing evaluation results.
Removed 0 multiplexer ports.
<suppressed ~338 debug messages>

15.15.11. Executing OPT_REDUCE pass (consolidate $*mux and $reduce_* inputs).
  Optimizing cells in module \amiga_logic_core.
Performed a total of 0 changes.

15.15.12. Executing OPT_MERGE pass (detect identical cells).
Finding identical cells in module `\amiga_logic_core'.
Computing hashes of 951 cells of `\amiga_logic_core'.
Finding duplicate cells in `\amiga_logic_core'.
Computing hashes of 889 cells of `\amiga_logic_core'.
Finding duplicate cells in `\amiga_logic_core'.
Computing hashes of 879 cells of `\amiga_logic_core'.
Finding duplicate cells in `\amiga_logic_core'.
<suppressed ~216 debug messages>
Removed a total of 72 cells.

15.15.13. Executing OPT_DFF pass (perform DFF optimizations).

15.15.14. Executing OPT_CLEAN pass (remove unused cells and wires).
Finding unused cells or wires in module \amiga_logic_core..
Removed 0 unused cells and 72 unused wires.
<suppressed ~1 debug messages>

15.15.15. Executing OPT_EXPR pass (perform const folding).
Optimizing module amiga_logic_core.

15.15.16. Rerunning OPT passes. (Maybe there is more to do..)

15.15.17. Executing OPT_MUXTREE pass (detect dead branches in mux trees).
Running muxtree optimizer on module \amiga_logic_core..
  Creating internal representation of mux trees.
  Evaluating internal representation of mux trees.
  Analyzing evaluation results.
Removed 0 multiplexer ports.
<suppressed ~346 debug messages>

15.15.18. Executing OPT_REDUCE pass (consolidate $*mux and $reduce_* inputs).
  Optimizing cells in module \amiga_logic_core.
Performed a total of 0 changes.

15.15.19. Executing OPT_MERGE pass (detect identical cells).
Finding identical cells in module `\amiga_logic_core'.
Computing hashes of 879 cells of `\amiga_logic_core'.
Finding duplicate cells in `\amiga_logic_core'.
Removed a total of 0 cells.

15.15.20. Executing OPT_DFF pass (perform DFF optimizations).

15.15.21. Executing OPT_CLEAN pass (remove unused cells and wires).
Finding unused cells or wires in module \amiga_logic_core..

15.15.22. Executing OPT_EXPR pass (perform const folding).
Optimizing module amiga_logic_core.

15.15.23. Finished fast OPT passes. (There is nothing left to do.)

15.16. Executing WREDUCE pass (reducing word size of cells).
Removed top 26 address bits (of 32) from memory init port amiga_logic_core.$flatten\boot.$auto$mem.cc:351:emit$723 ($flatten\boot.$auto$proc_rom.cc:155:do_switch$721).
Removed top 3 bits (of 4) from FF cell amiga_logic_core.$auto$ff.cc:337:slice$3727 ($sdffe).
Removed top 1 bits (of 3) from port B of cell amiga_logic_core.$auto$simple.cc:194:make_patterns_logic$3720 ($ne).
Removed top 1 bits (of 3) from port B of cell amiga_logic_core.$auto$simple.cc:194:make_patterns_logic$3712 ($ne).
Removed top 1 bits (of 2) from port B of cell amiga_logic_core.$auto$simple.cc:194:make_patterns_logic$3680 ($ne).
Removed top 1 bits (of 4) from port B of cell amiga_logic_core.$auto$simple.cc:194:make_patterns_logic$3649 ($ne).
Removed top 1 bits (of 4) from port B of cell amiga_logic_core.$auto$simple.cc:194:make_patterns_logic$3639 ($ne).
Removed top 2 bits (of 3) from port B of cell amiga_logic_core.$auto$simple.cc:194:make_patterns_logic$3637 ($ne).
Removed top 2 bits (of 3) from port B of cell amiga_logic_core.$auto$simple.cc:194:make_patterns_logic$3539 ($ne).
Removed top 1 bits (of 2) from port B of cell amiga_logic_core.$auto$simple.cc:194:make_patterns_logic$3537 ($ne).
Removed top 1 bits (of 2) from port B of cell amiga_logic_core.$auto$simple.cc:194:make_patterns_logic$3523 ($ne).
Removed top 1 bits (of 2) from port B of cell amiga_logic_core.$auto$simple.cc:194:make_patterns_logic$3513 ($ne).
Removed top 1 bits (of 2) from port B of cell amiga_logic_core.$auto$simple.cc:194:make_patterns_logic$3501 ($ne).
Removed top 1 bits (of 2) from port B of cell amiga_logic_core.$auto$simple.cc:194:make_patterns_logic$3489 ($ne).
Removed top 1 bits (of 2) from port B of cell amiga_logic_core.$auto$simple.cc:194:make_patterns_logic$3397 ($ne).
Removed top 1 bits (of 2) from port B of cell amiga_logic_core.$auto$simple.cc:194:make_patterns_logic$3387 ($ne).
Removed top 1 bits (of 2) from port B of cell amiga_logic_core.$auto$simple.cc:194:make_patterns_logic$3385 ($ne).
Removed top 2 bits (of 3) from port B of cell amiga_logic_core.$auto$simple.cc:194:make_patterns_logic$3376 ($ne).
Removed top 2 bits (of 3) from port B of cell amiga_logic_core.$auto$simple.cc:194:make_patterns_logic$3374 ($ne).
Removed top 2 bits (of 3) from port B of cell amiga_logic_core.$auto$simple.cc:194:make_patterns_logic$3372 ($ne).
Removed top 1 bits (of 2) from port B of cell amiga_logic_core.$auto$simple.cc:194:make_patterns_logic$3370 ($ne).
Removed top 1 bits (of 2) from port B of cell amiga_logic_core.$auto$simple.cc:194:make_patterns_logic$3360 ($ne).
Removed top 1 bits (of 2) from port B of cell amiga_logic_core.$auto$simple.cc:194:make_patterns_logic$3358 ($ne).
Removed top 1 bits (of 2) from port B of cell amiga_logic_core.$auto$simple.cc:194:make_patterns_logic$3348 ($ne).
Removed top 1 bits (of 2) from port B of cell amiga_logic_core.$auto$simple.cc:194:make_patterns_logic$3346 ($ne).
Removed top 1 bits (of 2) from port B of cell amiga_logic_core.$auto$simple.cc:194:make_patterns_logic$3344 ($ne).
Removed top 1 bits (of 2) from port B of cell amiga_logic_core.$auto$simple.cc:194:make_patterns_logic$3342 ($ne).
Removed top 1 bits (of 2) from port B of cell amiga_logic_core.$auto$simple.cc:194:make_patterns_logic$3340 ($ne).
Removed top 1 bits (of 2) from port B of cell amiga_logic_core.$auto$simple.cc:194:make_patterns_logic$3326 ($ne).
Removed top 1 bits (of 2) from port B of cell amiga_logic_core.$auto$simple.cc:194:make_patterns_logic$3324 ($ne).
Removed top 1 bits (of 2) from port B of cell amiga_logic_core.$auto$simple.cc:194:make_patterns_logic$3197 ($ne).
Removed top 2 bits (of 3) from port B of cell amiga_logic_core.$auto$fsm_map.cc:77:implement_pattern_cache$3126 ($eq).
Removed top 1 bits (of 3) from port B of cell amiga_logic_core.$auto$fsm_map.cc:77:implement_pattern_cache$3121 ($eq).
Removed top 1 bits (of 4) from port B of cell amiga_logic_core.$auto$fsm_map.cc:77:implement_pattern_cache$3113 ($eq).
Removed top 1 bits (of 5) from port B of cell amiga_logic_core.$auto$fsm_map.cc:77:implement_pattern_cache$3109 ($eq).
Removed top 1 bits (of 4) from port B of cell amiga_logic_core.$auto$fsm_map.cc:77:implement_pattern_cache$3091 ($eq).
Removed top 1 bits (of 5) from port B of cell amiga_logic_core.$auto$fsm_map.cc:77:implement_pattern_cache$3087 ($eq).
Removed top 2 bits (of 4) from port B of cell amiga_logic_core.$auto$fsm_map.cc:77:implement_pattern_cache$3078 ($eq).
Removed top 1 bits (of 4) from port B of cell amiga_logic_core.$auto$fsm_map.cc:77:implement_pattern_cache$3065 ($eq).
Removed top 1 bits (of 4) from port B of cell amiga_logic_core.$auto$fsm_map.cc:77:implement_pattern_cache$3047 ($eq).
Removed top 1 bits (of 2) from port B of cell amiga_logic_core.$auto$fsm_map.cc:77:implement_pattern_cache$3015 ($eq).
Removed top 2 bits (of 4) from port B of cell amiga_logic_core.$auto$fsm_map.cc:77:implement_pattern_cache$2952 ($eq).
Removed top 1 bits (of 3) from port B of cell amiga_logic_core.$auto$fsm_map.cc:77:implement_pattern_cache$2932 ($eq).
Removed top 1 bits (of 3) from port B of cell amiga_logic_core.$auto$fsm_map.cc:77:implement_pattern_cache$2923 ($eq).
Removed top 1 bits (of 3) from port B of cell amiga_logic_core.$auto$fsm_map.cc:77:implement_pattern_cache$2914 ($eq).
Removed top 1 bits (of 3) from port B of cell amiga_logic_core.$auto$fsm_map.cc:77:implement_pattern_cache$2903 ($eq).
Removed top 2 bits (of 5) from port B of cell amiga_logic_core.$auto$fsm_map.cc:77:implement_pattern_cache$2888 ($eq).
Removed top 1 bits (of 4) from port B of cell amiga_logic_core.$auto$fsm_map.cc:77:implement_pattern_cache$2879 ($eq).
Removed top 1 bits (of 3) from port B of cell amiga_logic_core.$auto$fsm_map.cc:77:implement_pattern_cache$2874 ($eq).
Removed top 3 bits (of 5) from port B of cell amiga_logic_core.$auto$fsm_map.cc:77:implement_pattern_cache$2870 ($eq).
Removed top 1 bits (of 3) from port B of cell amiga_logic_core.$auto$fsm_map.cc:77:implement_pattern_cache$2866 ($eq).
Removed top 1 bits (of 3) from port B of cell amiga_logic_core.$auto$fsm_map.cc:77:implement_pattern_cache$2848 ($eq).
Removed top 1 bits (of 3) from port A of cell amiga_logic_core.$flatten\boot.\writer.$add$rtl/i2c_register_write.sv:93$616 ($add).
Removed top 2 bits (of 3) from port B of cell amiga_logic_core.$flatten\boot.\writer.$add$rtl/i2c_register_write.sv:93$616 ($add).
Removed top 1 bits (of 2) from port B of cell amiga_logic_core.$flatten\boot.\writer.$procmux$1079_CMP0 ($eq).
Removed top 1 bits (of 2) from port B of cell amiga_logic_core.$flatten\boot.\writer.$procmux$1223_CMP0 ($eq).
Removed top 9 bits (of 18) from port B of cell amiga_logic_core.$flatten\boot.\power_sequence.$eq$rtl/adc_power_sequence.sv:47$642 ($eq).
Removed top 3 bits (of 18) from port B of cell amiga_logic_core.$flatten\boot.\power_sequence.$eq$rtl/adc_power_sequence.sv:50$644 ($eq).
Removed top 26 bits (of 32) from port B of cell amiga_logic_core.$flatten\clocks.\guard.$ge$rtl/video_clock_guard.sv:55$480 ($ge).
Removed top 31 bits (of 32) from port B of cell amiga_logic_core.$flatten\clocks.\guard.$add$rtl/video_clock_guard.sv:55$482 ($add).
Removed top 24 bits (of 32) from port Y of cell amiga_logic_core.$flatten\clocks.\guard.$add$rtl/video_clock_guard.sv:55$482 ($add).
Removed top 24 bits (of 32) from port A of cell amiga_logic_core.$flatten\clocks.\guard.$le$rtl/video_clock_guard.sv:55$483 ($le).
Removed top 25 bits (of 32) from port B of cell amiga_logic_core.$flatten\clocks.\guard.$le$rtl/video_clock_guard.sv:55$483 ($le).
Removed top 29 bits (of 32) from port B of cell amiga_logic_core.$flatten\clocks.\guard.$lt$rtl/video_clock_guard.sv:56$485 ($lt).
Removed top 30 bits (of 32) from port B of cell amiga_logic_core.$flatten\clocks.\guard.$ge$rtl/video_clock_guard.sv:57$487 ($ge).
Removed top 25 bits (of 32) from port B of cell amiga_logic_core.$flatten\clocks.\guard.$ge$rtl/video_clock_guard.sv:59$488 ($ge).
Removed top 25 bits (of 32) from port B of cell amiga_logic_core.$flatten\clocks.\restart.$ge$rtl/pll_restart_control.sv:25$502 ($ge).
Removed top 24 bits (of 32) from port B of cell amiga_logic_core.$flatten\clocks.\restart.$le$rtl/pll_restart_control.sv:25$504 ($le).
Removed top 30 bits (of 32) from port B of cell amiga_logic_core.$flatten\clocks.\restart.$add$rtl/pll_restart_control.sv:26$507 ($add).
Removed top 30 bits (of 32) from port B of cell amiga_logic_core.$flatten\clocks.\restart.$add$rtl/pll_restart_control.sv:26$510 ($add).
Removed top 23 bits (of 32) from port Y of cell amiga_logic_core.$flatten\clocks.\restart.$add$rtl/pll_restart_control.sv:26$510 ($add).
Removed top 23 bits (of 32) from port B of cell amiga_logic_core.$flatten\clocks.\restart.$le$rtl/pll_restart_control.sv:26$511 ($le).
Removed top 31 bits (of 32) from port B of cell amiga_logic_core.$flatten\clocks.\restart.$add$rtl/pll_restart_control.sv:48$533 ($add).
Removed top 23 bits (of 32) from port Y of cell amiga_logic_core.$flatten\clocks.\restart.$add$rtl/pll_restart_control.sv:48$533 ($add).
Removed top 28 bits (of 32) from port B of cell amiga_logic_core.$flatten\clocks.\restart.$lt$rtl/pll_restart_control.sv:50$538 ($lt).
Removed top 29 bits (of 32) from port B of cell amiga_logic_core.$flatten\clocks.\restart.$ge$rtl/pll_restart_control.sv:51$540 ($ge).
Removed top 24 bits (of 32) from port B of cell amiga_logic_core.$flatten\clocks.\restart.$ge$rtl/pll_restart_control.sv:53$541 ($ge).
Removed top 10 bits (of 19) from port B of cell amiga_logic_core.$flatten\clocks.\restart.$eq$rtl/pll_restart_control.sv:67$548 ($eq).
Removed top 29 bits (of 32) from port B of cell amiga_logic_core.$flatten\video.\core.$lt$rtl/video_core.sv:59$399 ($lt).
Removed top 29 bits (of 32) from port B of cell amiga_logic_core.$flatten\video.\core.$ge$rtl/video_core.sv:70$410 ($ge).
Removed top 21 bits (of 32) from port B of cell amiga_logic_core.$flatten\video.\core.$lt$rtl/video_core.sv:70$412 ($lt).
Removed top 28 bits (of 32) from port B of cell amiga_logic_core.$flatten\video.\core.$ge$rtl/video_core.sv:70$414 ($ge).
Removed top 22 bits (of 32) from port B of cell amiga_logic_core.$flatten\video.\core.$lt$rtl/video_core.sv:70$416 ($lt).
Removed top 20 bits (of 32) from port B of cell amiga_logic_core.$flatten\video.\core.\lines.$ge$rtl/line_double.sv:88$718 ($ge).
Removed top 20 bits (of 32) from port B of cell amiga_logic_core.$flatten\video.\core.\lines.$lt$rtl/line_double.sv:82$711 ($lt).
Removed top 19 bits (of 32) from port B of cell amiga_logic_core.$flatten\video.\core.\lines.$lt$rtl/line_double.sv:78$704 ($lt).
Removed top 31 bits (of 32) from mux cell amiga_logic_core.$flatten\video.\core.\lines.$ternary$rtl/line_double.sv:76$703 ($mux).
Removed top 1 bits (of 13) from port B of cell amiga_logic_core.$flatten\video.\core.\lines.$eq$rtl/line_double.sv:66$694 ($eq).
Removed top 20 bits (of 32) from port B of cell amiga_logic_core.$flatten\video.\core.\lines.$lt$rtl/line_double.sv:36$664 ($lt).
Removed top 1 bits (of 13) from mux cell amiga_logic_core.$flatten\video.\core.\fields.$procmux$928 ($mux).
Removed top 1 bits (of 13) from mux cell amiga_logic_core.$flatten\video.\core.\fields.$procmux$925 ($mux).
Removed top 1 bits (of 13) from mux cell amiga_logic_core.$flatten\video.\core.\fields.$procmux$923 ($mux).
Removed top 30 bits (of 32) from port B of cell amiga_logic_core.$flatten\video.\core.\fields.$sub$rtl/field_sync.sv:36$654 ($sub).
Removed top 30 bits (of 32) from port B of cell amiga_logic_core.$flatten\video.\core.\fields.$gt$rtl/field_sync.sv:36$653 ($gt).
Removed top 1 bits (of 13) from port B of cell amiga_logic_core.$flatten\video.\front.$ne$rtl/stream_sync_frontend.sv:37$425 ($ne).
Removed top 20 bits (of 32) from port B of cell amiga_logic_core.$flatten\video.\front.$ge$rtl/stream_sync_frontend.sv:38$428 ($ge).
Removed top 30 bits (of 32) from port B of cell amiga_logic_core.$flatten\video.\front.$lt$rtl/stream_sync_frontend.sv:74$446 ($lt).
Removed top 30 bits (of 32) from port B of cell amiga_logic_core.$flatten\video.\front.$ge$rtl/stream_sync_frontend.sv:75$448 ($ge).
Removed top 1 bits (of 3) from port B of cell amiga_logic_core.$flatten\video.\front.$eq$rtl/stream_sync_frontend.sv:80$451 ($eq).
Removed top 31 bits (of 32) from port B of cell amiga_logic_core.$flatten\video.\front.$add$rtl/stream_sync_frontend.sv:90$456 ($add).
Removed top 10 bits (of 32) from port Y of cell amiga_logic_core.$flatten\video.\front.$add$rtl/stream_sync_frontend.sv:90$456 ($add).
Removed top 10 bits (of 32) from port A of cell amiga_logic_core.$flatten\video.\front.$ge$rtl/stream_sync_frontend.sv:90$457 ($ge).
Removed top 12 bits (of 32) from port B of cell amiga_logic_core.$flatten\video.\front.$ge$rtl/stream_sync_frontend.sv:90$457 ($ge).
Removed top 10 bits (of 32) from port A of cell amiga_logic_core.$flatten\video.\front.$le$rtl/stream_sync_frontend.sv:90$460 ($le).
Removed top 11 bits (of 32) from port B of cell amiga_logic_core.$flatten\video.\front.$le$rtl/stream_sync_frontend.sv:90$460 ($le).
Removed top 11 bits (of 32) from port B of cell amiga_logic_core.$flatten\video.\front.$ge$rtl/stream_sync_frontend.sv:100$462 ($ge).
Removed top 24 bits (of 32) from wire amiga_logic_core.$flatten\clocks.\guard.$add$rtl/video_clock_guard.sv:55$479_Y.
Removed top 1 bits (of 13) from wire amiga_logic_core.$flatten\video.\core.\fields.$procmux$928_Y.
Removed top 1 bits (of 13) from wire amiga_logic_core.$flatten\video.\core.\fields.$procmux$925_Y.
Removed top 1 bits (of 13) from wire amiga_logic_core.$flatten\video.\core.\fields.$procmux$923_Y.
Removed top 31 bits (of 32) from wire amiga_logic_core.$flatten\video.\core.\lines.$ternary$rtl/line_double.sv:76$703_Y.
Removed top 23 bits (of 32) from wire amiga_logic_core.$flatten\clocks.\restart.$add$rtl/pll_restart_control.sv:25$501_Y.
Removed top 23 bits (of 32) from wire amiga_logic_core.$flatten\clocks.\restart.$add$rtl/pll_restart_control.sv:26$510_Y.
Removed top 10 bits (of 32) from wire amiga_logic_core.$flatten\video.\front.$add$rtl/stream_sync_frontend.sv:90$456_Y.

15.17. Executing PEEPOPT pass (run peephole optimizers).

15.18. Executing OPT_CLEAN pass (remove unused cells and wires).
Finding unused cells or wires in module \amiga_logic_core..
Removed 0 unused cells and 8 unused wires.
<suppressed ~1 debug messages>

15.19. Executing SHARE pass (SAT-based resource sharing).

15.20. Executing TECHMAP pass (map to technology primitives).

15.20.1. Executing Verilog-2005 frontend: /share/mul2dsp.v
Parsing Verilog input from `/share/mul2dsp.v' to AST representation.
Generating RTLIL representation for module `\_80_mul'.
Generating RTLIL representation for module `\_90_soft_mul'.
Successfully finished Verilog frontend.

15.20.2. Continuing TECHMAP pass.
No more expansions possible.
<suppressed ~4 debug messages>

15.21. Executing TECHMAP pass (map to technology primitives).

15.21.1. Executing Verilog-2005 frontend: /share/mul2dsp.v
Parsing Verilog input from `/share/mul2dsp.v' to AST representation.
Generating RTLIL representation for module `\_80_mul'.
Generating RTLIL representation for module `\_90_soft_mul'.
Successfully finished Verilog frontend.

15.21.2. Continuing TECHMAP pass.
No more expansions possible.
<suppressed ~4 debug messages>

15.22. Executing TECHMAP pass (map to technology primitives).

15.22.1. Executing Verilog-2005 frontend: /share/mul2dsp.v
Parsing Verilog input from `/share/mul2dsp.v' to AST representation.
Generating RTLIL representation for module `\_80_mul'.
Generating RTLIL representation for module `\_90_soft_mul'.
Successfully finished Verilog frontend.

15.22.2. Continuing TECHMAP pass.
No more expansions possible.
<suppressed ~4 debug messages>

15.23. Executing TECHMAP pass (map to technology primitives).

15.23.1. Executing Verilog-2005 frontend: /share/mul2dsp.v
Parsing Verilog input from `/share/mul2dsp.v' to AST representation.
Generating RTLIL representation for module `\_80_mul'.
Generating RTLIL representation for module `\_90_soft_mul'.
Successfully finished Verilog frontend.

15.23.2. Continuing TECHMAP pass.
No more expansions possible.
<suppressed ~4 debug messages>

15.24. Executing TECHMAP pass (map to technology primitives).

15.24.1. Executing Verilog-2005 frontend: /share/gowin/dsp_map.v
Parsing Verilog input from `/share/gowin/dsp_map.v' to AST representation.
Generating RTLIL representation for module `$__MUL9X9'.
Generating RTLIL representation for module `$__MUL18X18'.
Generating RTLIL representation for module `$__MUL36X36'.
Successfully finished Verilog frontend.

15.24.2. Continuing TECHMAP pass.
No more expansions possible.
<suppressed ~5 debug messages>

15.25. Executing ALUMACC pass (create $alu and $macc cells).
Extracting $alu and $macc cells in module amiga_logic_core:
  creating $macc model for $flatten\clocks.\guard.$add$rtl/video_clock_guard.sv:29$468 ($add).
  creating $macc model for $flatten\video.\front.$add$rtl/stream_sync_frontend.sv:82$452 ($add).
  creating $macc model for $flatten\clocks.\restart.$add$rtl/pll_restart_control.sv:75$554 ($add).
  creating $macc model for $flatten\video.\front.$sub$rtl/stream_sync_frontend.sv:106$465 ($sub).
  creating $macc model for $flatten\clocks.\restart.$add$rtl/pll_restart_control.sv:54$542 ($add).
  creating $macc model for $flatten\clocks.\restart.$add$rtl/pll_restart_control.sv:50$539 ($add).
  creating $macc model for $flatten\clocks.\restart.$add$rtl/pll_restart_control.sv:48$533 ($add).
  creating $macc model for $flatten\clocks.\restart.$add$rtl/pll_restart_control.sv:37$528 ($add).
  creating $macc model for $flatten\clocks.\restart.$add$rtl/pll_restart_control.sv:26$510 ($add).
  creating $macc model for $flatten\clocks.\restart.$add$rtl/pll_restart_control.sv:26$507 ($add).
  creating $macc model for $flatten\clocks.\guard.$add$rtl/video_clock_guard.sv:61$489 ($add).
  creating $macc model for $flatten\clocks.\guard.$add$rtl/video_clock_guard.sv:56$486 ($add).
  creating $macc model for $flatten\clocks.\guard.$add$rtl/video_clock_guard.sv:55$482 ($add).
  creating $macc model for $flatten\boot.$add$rtl/tvp7002_boot.sv:110$393 ($add).
  creating $macc model for $flatten\boot.$add$rtl/tvp7002_boot.sv:114$395 ($add).
  creating $macc model for $flatten\video.\core.\fields.$sub$rtl/field_sync.sv:29$651 ($sub).
  creating $macc model for $flatten\video.\core.\fields.$sub$rtl/field_sync.sv:36$654 ($sub).
  creating $macc model for $flatten\video.\core.$add$rtl/video_core.sv:65$404 ($add).
  creating $macc model for $flatten\boot.\power_sequence.$add$rtl/adc_power_sequence.sv:52$645 ($add).
  creating $macc model for $flatten\video.\front.$add$rtl/stream_sync_frontend.sv:102$463 ($add).
  creating $macc model for $flatten\video.\core.\lines.$add$rtl/line_double.sv:78$705 ($add).
  creating $macc model for $flatten\video.\core.\lines.$add$rtl/line_double.sv:80$708 ($add).
  creating $macc model for $flatten\video.\front.$add$rtl/stream_sync_frontend.sv:77$449 ($add).
  creating $macc model for $flatten\video.\core.\lines.$add$rtl/line_double.sv:86$717 ($add).
  creating $macc model for $flatten\video.\front.$add$rtl/stream_sync_frontend.sv:90$456 ($add).
  creating $macc model for $flatten\video.\front.$add$rtl/stream_sync_frontend.sv:74$447 ($add).
  creating $macc model for $flatten\boot.\writer.$add$rtl/i2c_register_write.sv:109$630 ($add).
  creating $macc model for $flatten\boot.\writer.$add$rtl/i2c_register_write.sv:97$621 ($add).
  creating $macc model for $flatten\boot.\writer.$add$rtl/i2c_register_write.sv:93$616 ($add).
  creating $macc model for $flatten\boot.\writer.$sub$rtl/i2c_register_write.sv:83$605 ($sub).
  creating $macc model for $flatten\boot.\writer.$add$rtl/i2c_register_write.sv:53$578 ($add).
  creating $alu model for $macc $flatten\boot.\writer.$add$rtl/i2c_register_write.sv:53$578.
  creating $alu model for $macc $flatten\boot.\writer.$sub$rtl/i2c_register_write.sv:83$605.
  creating $alu model for $macc $flatten\boot.\writer.$add$rtl/i2c_register_write.sv:93$616.
  creating $alu model for $macc $flatten\boot.\writer.$add$rtl/i2c_register_write.sv:97$621.
  creating $alu model for $macc $flatten\boot.\writer.$add$rtl/i2c_register_write.sv:109$630.
  creating $alu model for $macc $flatten\video.\front.$add$rtl/stream_sync_frontend.sv:74$447.
  creating $alu model for $macc $flatten\video.\front.$add$rtl/stream_sync_frontend.sv:90$456.
  creating $alu model for $macc $flatten\video.\core.\lines.$add$rtl/line_double.sv:86$717.
  creating $alu model for $macc $flatten\video.\front.$add$rtl/stream_sync_frontend.sv:77$449.
  creating $alu model for $macc $flatten\video.\core.\lines.$add$rtl/line_double.sv:80$708.
  creating $alu model for $macc $flatten\video.\core.\lines.$add$rtl/line_double.sv:78$705.
  creating $alu model for $macc $flatten\video.\front.$add$rtl/stream_sync_frontend.sv:102$463.
  creating $alu model for $macc $flatten\boot.\power_sequence.$add$rtl/adc_power_sequence.sv:52$645.
  creating $alu model for $macc $flatten\video.\core.$add$rtl/video_core.sv:65$404.
  creating $alu model for $macc $flatten\video.\core.\fields.$sub$rtl/field_sync.sv:36$654.
  creating $alu model for $macc $flatten\video.\core.\fields.$sub$rtl/field_sync.sv:29$651.
  creating $alu model for $macc $flatten\boot.$add$rtl/tvp7002_boot.sv:114$395.
  creating $alu model for $macc $flatten\boot.$add$rtl/tvp7002_boot.sv:110$393.
  creating $alu model for $macc $flatten\clocks.\guard.$add$rtl/video_clock_guard.sv:55$482.
  creating $alu model for $macc $flatten\clocks.\guard.$add$rtl/video_clock_guard.sv:56$486.
  creating $alu model for $macc $flatten\clocks.\guard.$add$rtl/video_clock_guard.sv:61$489.
  creating $alu model for $macc $flatten\clocks.\restart.$add$rtl/pll_restart_control.sv:26$507.
  creating $alu model for $macc $flatten\clocks.\restart.$add$rtl/pll_restart_control.sv:26$510.
  creating $alu model for $macc $flatten\clocks.\restart.$add$rtl/pll_restart_control.sv:37$528.
  creating $alu model for $macc $flatten\clocks.\restart.$add$rtl/pll_restart_control.sv:48$533.
  creating $alu model for $macc $flatten\clocks.\restart.$add$rtl/pll_restart_control.sv:50$539.
  creating $alu model for $macc $flatten\clocks.\restart.$add$rtl/pll_restart_control.sv:54$542.
  creating $alu model for $macc $flatten\video.\front.$sub$rtl/stream_sync_frontend.sv:106$465.
  creating $alu model for $macc $flatten\clocks.\restart.$add$rtl/pll_restart_control.sv:75$554.
  creating $alu model for $macc $flatten\video.\front.$add$rtl/stream_sync_frontend.sv:82$452.
  creating $alu model for $macc $flatten\clocks.\guard.$add$rtl/video_clock_guard.sv:29$468.
  creating $alu model for $flatten\clocks.\restart.$ge$rtl/pll_restart_control.sv:53$541 ($ge): new $alu
  creating $alu model for $flatten\clocks.\restart.$ge$rtl/pll_restart_control.sv:51$540 ($ge): new $alu
  creating $alu model for $flatten\clocks.\restart.$lt$rtl/pll_restart_control.sv:50$538 ($lt): new $alu
  creating $alu model for $flatten\video.\front.$ge$rtl/stream_sync_frontend.sv:38$428 ($ge): new $alu
  creating $alu model for $flatten\clocks.\restart.$le$rtl/pll_restart_control.sv:26$511 ($le): new $alu
  creating $alu model for $flatten\clocks.\restart.$ge$rtl/pll_restart_control.sv:26$508 ($ge): new $alu
  creating $alu model for $flatten\clocks.\restart.$le$rtl/pll_restart_control.sv:25$504 ($le): new $alu
  creating $alu model for $flatten\clocks.\restart.$ge$rtl/pll_restart_control.sv:25$502 ($ge): new $alu
  creating $alu model for $flatten\clocks.\guard.$ge$rtl/video_clock_guard.sv:59$488 ($ge): new $alu
  creating $alu model for $flatten\clocks.\guard.$ge$rtl/video_clock_guard.sv:57$487 ($ge): new $alu
  creating $alu model for $flatten\clocks.\guard.$lt$rtl/video_clock_guard.sv:56$485 ($lt): new $alu
  creating $alu model for $flatten\clocks.\guard.$le$rtl/video_clock_guard.sv:55$483 ($le): new $alu
  creating $alu model for $flatten\clocks.\guard.$ge$rtl/video_clock_guard.sv:55$480 ($ge): new $alu
  creating $alu model for $flatten\video.\core.\fields.$gt$rtl/field_sync.sv:36$653 ($gt): merged with $flatten\video.\core.\fields.$sub$rtl/field_sync.sv:36$654.
  creating $alu model for $flatten\video.\core.$lt$rtl/video_core.sv:59$399 ($lt): new $alu
  creating $alu model for $flatten\video.\front.$lt$rtl/stream_sync_frontend.sv:74$446 ($lt): new $alu
  creating $alu model for $flatten\video.\core.$ge$rtl/video_core.sv:70$410 ($ge): new $alu
  creating $alu model for $flatten\video.\core.$lt$rtl/video_core.sv:70$412 ($lt): new $alu
  creating $alu model for $flatten\video.\core.$ge$rtl/video_core.sv:70$414 ($ge): new $alu
  creating $alu model for $flatten\video.\core.$lt$rtl/video_core.sv:70$416 ($lt): new $alu
  creating $alu model for $flatten\video.\front.$ge$rtl/stream_sync_frontend.sv:100$462 ($ge): new $alu
  creating $alu model for $flatten\video.\core.\lines.$lt$rtl/line_double.sv:36$664 ($lt): new $alu
  creating $alu model for $flatten\video.\front.$le$rtl/stream_sync_frontend.sv:90$460 ($le): new $alu
  creating $alu model for $flatten\video.\core.\lines.$lt$rtl/line_double.sv:78$704 ($lt): new $alu
  creating $alu model for $flatten\video.\core.\lines.$lt$rtl/line_double.sv:82$711 ($lt): new $alu
  creating $alu model for $flatten\video.\front.$ge$rtl/stream_sync_frontend.sv:75$448 ($ge): new $alu
  creating $alu model for $flatten\video.\core.\lines.$ge$rtl/line_double.sv:88$718 ($ge): merged with $flatten\video.\core.\lines.$lt$rtl/line_double.sv:82$711.
  creating $alu model for $flatten\video.\front.$ge$rtl/stream_sync_frontend.sv:90$457 ($ge): new $alu
  creating $alu model for $flatten\video.\front.$ne$rtl/stream_sync_frontend.sv:37$425 ($ne): merged with $flatten\video.\front.$ge$rtl/stream_sync_frontend.sv:38$428.
  creating $alu model for $flatten\video.\core.\lines.$eq$rtl/line_double.sv:65$692 ($eq): merged with $flatten\video.\core.\lines.$lt$rtl/line_double.sv:36$664.
  creating $alu model for $flatten\video.\core.\lines.$eq$rtl/line_double.sv:66$694 ($eq): merged with $flatten\video.\core.\lines.$lt$rtl/line_double.sv:82$711.
  creating $alu cell for $flatten\video.\front.$ge$rtl/stream_sync_frontend.sv:90$457: $auto$alumacc.cc:548:replace_alu$3762
  creating $alu cell for $flatten\video.\front.$ge$rtl/stream_sync_frontend.sv:75$448: $auto$alumacc.cc:548:replace_alu$3775
  creating $alu cell for $flatten\video.\core.\lines.$lt$rtl/line_double.sv:82$711, $flatten\video.\core.\lines.$ge$rtl/line_double.sv:88$718, $flatten\video.\core.\lines.$eq$rtl/line_double.sv:66$694: $auto$alumacc.cc:548:replace_alu$3788
  creating $alu cell for $flatten\video.\core.\lines.$lt$rtl/line_double.sv:78$704: $auto$alumacc.cc:548:replace_alu$3801
  creating $alu cell for $flatten\video.\front.$le$rtl/stream_sync_frontend.sv:90$460: $auto$alumacc.cc:548:replace_alu$3806
  creating $alu cell for $flatten\video.\core.\lines.$lt$rtl/line_double.sv:36$664, $flatten\video.\core.\lines.$eq$rtl/line_double.sv:65$692: $auto$alumacc.cc:548:replace_alu$3815
  creating $alu cell for $flatten\video.\front.$ge$rtl/stream_sync_frontend.sv:100$462: $auto$alumacc.cc:548:replace_alu$3822
  creating $alu cell for $flatten\video.\core.$lt$rtl/video_core.sv:70$416: $auto$alumacc.cc:548:replace_alu$3835
  creating $alu cell for $flatten\video.\core.$ge$rtl/video_core.sv:70$414: $auto$alumacc.cc:548:replace_alu$3840
  creating $alu cell for $flatten\video.\core.$lt$rtl/video_core.sv:70$412: $auto$alumacc.cc:548:replace_alu$3853
  creating $alu cell for $flatten\video.\core.$ge$rtl/video_core.sv:70$410: $auto$alumacc.cc:548:replace_alu$3858
  creating $alu cell for $flatten\video.\front.$lt$rtl/stream_sync_frontend.sv:74$446: $auto$alumacc.cc:548:replace_alu$3871
  creating $alu cell for $flatten\video.\core.$lt$rtl/video_core.sv:59$399: $auto$alumacc.cc:548:replace_alu$3876
  creating $alu cell for $flatten\clocks.\guard.$ge$rtl/video_clock_guard.sv:55$480: $auto$alumacc.cc:548:replace_alu$3881
  creating $alu cell for $flatten\clocks.\guard.$le$rtl/video_clock_guard.sv:55$483: $auto$alumacc.cc:548:replace_alu$3894
  creating $alu cell for $flatten\clocks.\guard.$lt$rtl/video_clock_guard.sv:56$485: $auto$alumacc.cc:548:replace_alu$3903
  creating $alu cell for $flatten\clocks.\guard.$ge$rtl/video_clock_guard.sv:57$487: $auto$alumacc.cc:548:replace_alu$3908
  creating $alu cell for $flatten\clocks.\guard.$ge$rtl/video_clock_guard.sv:59$488: $auto$alumacc.cc:548:replace_alu$3921
  creating $alu cell for $flatten\clocks.\restart.$ge$rtl/pll_restart_control.sv:25$502: $auto$alumacc.cc:548:replace_alu$3934
  creating $alu cell for $flatten\clocks.\restart.$le$rtl/pll_restart_control.sv:25$504: $auto$alumacc.cc:548:replace_alu$3947
  creating $alu cell for $flatten\clocks.\restart.$ge$rtl/pll_restart_control.sv:26$508: $auto$alumacc.cc:548:replace_alu$3956
  creating $alu cell for $flatten\clocks.\restart.$le$rtl/pll_restart_control.sv:26$511: $auto$alumacc.cc:548:replace_alu$3969
  creating $alu cell for $flatten\video.\front.$ge$rtl/stream_sync_frontend.sv:38$428, $flatten\video.\front.$ne$rtl/stream_sync_frontend.sv:37$425: $auto$alumacc.cc:548:replace_alu$3978
  creating $alu cell for $flatten\clocks.\restart.$lt$rtl/pll_restart_control.sv:50$538: $auto$alumacc.cc:548:replace_alu$3993
  creating $alu cell for $flatten\clocks.\restart.$ge$rtl/pll_restart_control.sv:51$540: $auto$alumacc.cc:548:replace_alu$3998
  creating $alu cell for $flatten\clocks.\restart.$ge$rtl/pll_restart_control.sv:53$541: $auto$alumacc.cc:548:replace_alu$4011
  creating $alu cell for $flatten\clocks.\guard.$add$rtl/video_clock_guard.sv:29$468: $auto$alumacc.cc:548:replace_alu$4024
  creating $alu cell for $flatten\video.\front.$add$rtl/stream_sync_frontend.sv:82$452: $auto$alumacc.cc:548:replace_alu$4027
  creating $alu cell for $flatten\clocks.\restart.$add$rtl/pll_restart_control.sv:75$554: $auto$alumacc.cc:548:replace_alu$4030
  creating $alu cell for $flatten\video.\front.$sub$rtl/stream_sync_frontend.sv:106$465: $auto$alumacc.cc:548:replace_alu$4033
  creating $alu cell for $flatten\clocks.\restart.$add$rtl/pll_restart_control.sv:50$539: $auto$alumacc.cc:548:replace_alu$4036
  creating $alu cell for $flatten\clocks.\restart.$add$rtl/pll_restart_control.sv:54$542: $auto$alumacc.cc:548:replace_alu$4039
  creating $alu cell for $flatten\clocks.\restart.$add$rtl/pll_restart_control.sv:48$533: $auto$alumacc.cc:548:replace_alu$4042
  creating $alu cell for $flatten\clocks.\restart.$add$rtl/pll_restart_control.sv:37$528: $auto$alumacc.cc:548:replace_alu$4045
  creating $alu cell for $flatten\clocks.\restart.$add$rtl/pll_restart_control.sv:26$510: $auto$alumacc.cc:548:replace_alu$4048
  creating $alu cell for $flatten\clocks.\restart.$add$rtl/pll_restart_control.sv:26$507: $auto$alumacc.cc:548:replace_alu$4051
  creating $alu cell for $flatten\clocks.\guard.$add$rtl/video_clock_guard.sv:56$486: $auto$alumacc.cc:548:replace_alu$4054
  creating $alu cell for $flatten\clocks.\guard.$add$rtl/video_clock_guard.sv:61$489: $auto$alumacc.cc:548:replace_alu$4057
  creating $alu cell for $flatten\clocks.\guard.$add$rtl/video_clock_guard.sv:55$482: $auto$alumacc.cc:548:replace_alu$4060
  creating $alu cell for $flatten\boot.$add$rtl/tvp7002_boot.sv:110$393: $auto$alumacc.cc:548:replace_alu$4063
  creating $alu cell for $flatten\boot.$add$rtl/tvp7002_boot.sv:114$395: $auto$alumacc.cc:548:replace_alu$4066
  creating $alu cell for $flatten\video.\core.\fields.$sub$rtl/field_sync.sv:29$651: $auto$alumacc.cc:548:replace_alu$4069
  creating $alu cell for $flatten\video.\core.\fields.$sub$rtl/field_sync.sv:36$654, $flatten\video.\core.\fields.$gt$rtl/field_sync.sv:36$653: $auto$alumacc.cc:548:replace_alu$4072
  creating $alu cell for $flatten\video.\core.$add$rtl/video_core.sv:65$404: $auto$alumacc.cc:548:replace_alu$4085
  creating $alu cell for $flatten\boot.\power_sequence.$add$rtl/adc_power_sequence.sv:52$645: $auto$alumacc.cc:548:replace_alu$4088
  creating $alu cell for $flatten\video.\core.\lines.$add$rtl/line_double.sv:78$705: $auto$alumacc.cc:548:replace_alu$4091
  creating $alu cell for $flatten\video.\core.\lines.$add$rtl/line_double.sv:80$708: $auto$alumacc.cc:548:replace_alu$4094
  creating $alu cell for $flatten\video.\front.$add$rtl/stream_sync_frontend.sv:77$449: $auto$alumacc.cc:548:replace_alu$4097
  creating $alu cell for $flatten\video.\core.\lines.$add$rtl/line_double.sv:86$717: $auto$alumacc.cc:548:replace_alu$4100
  creating $alu cell for $flatten\video.\front.$add$rtl/stream_sync_frontend.sv:102$463: $auto$alumacc.cc:548:replace_alu$4103
  creating $alu cell for $flatten\video.\front.$add$rtl/stream_sync_frontend.sv:90$456: $auto$alumacc.cc:548:replace_alu$4106
  creating $alu cell for $flatten\video.\front.$add$rtl/stream_sync_frontend.sv:74$447: $auto$alumacc.cc:548:replace_alu$4109
  creating $alu cell for $flatten\boot.\writer.$add$rtl/i2c_register_write.sv:109$630: $auto$alumacc.cc:548:replace_alu$4112
  creating $alu cell for $flatten\boot.\writer.$add$rtl/i2c_register_write.sv:97$621: $auto$alumacc.cc:548:replace_alu$4115
  creating $alu cell for $flatten\boot.\writer.$add$rtl/i2c_register_write.sv:93$616: $auto$alumacc.cc:548:replace_alu$4118
  creating $alu cell for $flatten\boot.\writer.$sub$rtl/i2c_register_write.sv:83$605: $auto$alumacc.cc:548:replace_alu$4121
  creating $alu cell for $flatten\boot.\writer.$add$rtl/i2c_register_write.sv:53$578: $auto$alumacc.cc:548:replace_alu$4124
  created 57 $alu and 0 $macc cells.

15.26. Executing OPT pass (performing simple optimizations).

15.26.1. Executing OPT_EXPR pass (perform const folding).
Optimizing module amiga_logic_core.
<suppressed ~4 debug messages>

15.26.2. Executing OPT_MERGE pass (detect identical cells).
Finding identical cells in module `\amiga_logic_core'.
Computing hashes of 971 cells of `\amiga_logic_core'.
Finding duplicate cells in `\amiga_logic_core'.
Removed a total of 0 cells.

15.26.3. Executing OPT_MUXTREE pass (detect dead branches in mux trees).
Running muxtree optimizer on module \amiga_logic_core..
  Creating internal representation of mux trees.
  Evaluating internal representation of mux trees.
  Analyzing evaluation results.
Removed 0 multiplexer ports.
<suppressed ~346 debug messages>

15.26.4. Executing OPT_REDUCE pass (consolidate $*mux and $reduce_* inputs).
  Optimizing cells in module \amiga_logic_core.
    New input vector for $reduce_or cell $auto$simple.cc:236:combine_resets$3706: { $flatten\clocks.\restart.$logic_or$rtl/pll_restart_control.sv:28$517_Y \clocks.restart.edge_seen $auto$rtlil.cc:3254:ReduceAnd$4017 $auto$rtlil.cc:3251:Not$4021 }
  Optimizing cells in module \amiga_logic_core.
Performed a total of 1 changes.

15.26.5. Executing OPT_MERGE pass (detect identical cells).
Finding identical cells in module `\amiga_logic_core'.
Computing hashes of 971 cells of `\amiga_logic_core'.
Finding duplicate cells in `\amiga_logic_core'.
Removed a total of 0 cells.

15.26.6. Executing OPT_DFF pass (perform DFF optimizations).

15.26.7. Executing OPT_CLEAN pass (remove unused cells and wires).
Finding unused cells or wires in module \amiga_logic_core..
Removed 0 unused cells and 31 unused wires.
<suppressed ~1 debug messages>

15.26.8. Executing OPT_EXPR pass (perform const folding).
Optimizing module amiga_logic_core.

15.26.9. Rerunning OPT passes. (Maybe there is more to do..)

15.26.10. Executing OPT_MUXTREE pass (detect dead branches in mux trees).
Running muxtree optimizer on module \amiga_logic_core..
  Creating internal representation of mux trees.
  Evaluating internal representation of mux trees.
  Analyzing evaluation results.
Removed 0 multiplexer ports.
<suppressed ~346 debug messages>

15.26.11. Executing OPT_REDUCE pass (consolidate $*mux and $reduce_* inputs).
  Optimizing cells in module \amiga_logic_core.
Performed a total of 0 changes.

15.26.12. Executing OPT_MERGE pass (detect identical cells).
Finding identical cells in module `\amiga_logic_core'.
Computing hashes of 971 cells of `\amiga_logic_core'.
Finding duplicate cells in `\amiga_logic_core'.
Removed a total of 0 cells.

15.26.13. Executing OPT_DFF pass (perform DFF optimizations).

15.26.14. Executing OPT_CLEAN pass (remove unused cells and wires).
Finding unused cells or wires in module \amiga_logic_core..

15.26.15. Executing OPT_EXPR pass (perform const folding).
Optimizing module amiga_logic_core.

15.26.16. Finished fast OPT passes. (There is nothing left to do.)

15.27. Executing MEMORY pass.

15.27.1. Executing OPT_MEM pass (optimize memories).
amiga_logic_core.$flatten\boot.$auto$proc_rom.cc:155:do_switch$721: removing const-0 lane 14
amiga_logic_core.$flatten\boot.$auto$proc_rom.cc:155:do_switch$721: removing const-0 lane 15
Performed a total of 1 transformations.

15.27.2. Executing OPT_MEM_PRIORITY pass (removing unnecessary memory write priority relations).
Performed a total of 0 transformations.

15.27.3. Executing OPT_MEM_FEEDBACK pass (finding memory read-to-write feedback paths).
  Analyzing amiga_logic_core.video.core.lines.bank0 write port 0.
  Analyzing amiga_logic_core.video.core.lines.bank1 write port 0.

15.27.4. Executing MEMORY_BMUX2ROM pass (converting muxes to ROMs).

15.27.5. Executing MEMORY_DFF pass (merging $dff cells to $memrd).
Checking read port `\video.core.lines.bank0'[0] in module `\amiga_logic_core': merging output FF to cell.
    Write port 0: non-transparent.
Checking read port `\video.core.lines.bank1'[0] in module `\amiga_logic_core': merging output FF to cell.
    Write port 0: non-transparent.
Checking read port `$flatten\boot.$auto$proc_rom.cc:155:do_switch$721'[0] in module `\amiga_logic_core': no output FF found.
Checking read port address `$flatten\boot.$auto$proc_rom.cc:155:do_switch$721'[0] in module `\amiga_logic_core': merged address FF to cell.

15.27.6. Executing OPT_CLEAN pass (remove unused cells and wires).
Finding unused cells or wires in module \amiga_logic_core..
Removed 2 unused cells and 50 unused wires.
<suppressed ~3 debug messages>

15.27.7. Executing MEMORY_SHARE pass (consolidating $memrd/$memwr cells).

15.27.8. Executing OPT_MEM_WIDEN pass (optimize memories where all ports are wide).
Performed a total of 0 transformations.

15.27.9. Executing OPT_CLEAN pass (remove unused cells and wires).
Finding unused cells or wires in module \amiga_logic_core..

15.27.10. Executing MEMORY_COLLECT pass (generating $mem cells).

15.28. Executing OPT_CLEAN pass (remove unused cells and wires).
Finding unused cells or wires in module \amiga_logic_core..

15.29. Executing MEMORY_LIBMAP pass (mapping memories to cells).
using FF mapping for memory amiga_logic_core.$flatten\boot.$auto$proc_rom.cc:155:do_switch$721
found attribute 'ram_style = block' on memory amiga_logic_core.video.core.lines.bank0, forced mapping to block RAM
mapping memory amiga_logic_core.video.core.lines.bank0 via $__GOWIN_DP_
found attribute 'ram_style = block' on memory amiga_logic_core.video.core.lines.bank1, forced mapping to block RAM
mapping memory amiga_logic_core.video.core.lines.bank1 via $__GOWIN_DP_
<suppressed ~695 debug messages>

15.30. Executing TECHMAP pass (map to technology primitives).

15.30.1. Executing Verilog-2005 frontend: /share/gowin/lutrams_map.v
Parsing Verilog input from `/share/gowin/lutrams_map.v' to AST representation.
Generating RTLIL representation for module `$__GOWIN_LUTRAM_'.
Successfully finished Verilog frontend.

15.30.2. Executing Verilog-2005 frontend: /share/gowin/brams_map.v
Parsing Verilog input from `/share/gowin/brams_map.v' to AST representation.
Generating RTLIL representation for module `$__GOWIN_SP_'.
Generating RTLIL representation for module `$__GOWIN_DP_'.
Generating RTLIL representation for module `$__GOWIN_SDP_'.
Successfully finished Verilog frontend.

15.30.3. Continuing TECHMAP pass.
Using template $paramod$7548bd16310fb138f374a81d2580786f44d367d5$__GOWIN_DP_ for cells of type $__GOWIN_DP_.
No more expansions possible.
<suppressed ~35 debug messages>

15.31. Executing OPT pass (performing simple optimizations).

15.31.1. Executing OPT_EXPR pass (perform const folding).
Optimizing module amiga_logic_core.
<suppressed ~239 debug messages>

15.31.2. Executing OPT_MERGE pass (detect identical cells).
Finding identical cells in module `\amiga_logic_core'.
Computing hashes of 957 cells of `\amiga_logic_core'.
Finding duplicate cells in `\amiga_logic_core'.
Computing hashes of 936 cells of `\amiga_logic_core'.
Finding duplicate cells in `\amiga_logic_core'.
Computing hashes of 934 cells of `\amiga_logic_core'.
Finding duplicate cells in `\amiga_logic_core'.
<suppressed ~69 debug messages>
Removed a total of 23 cells.

15.31.3. Executing OPT_DFF pass (perform DFF optimizations).
Removing always-active EN on $auto$mem.cc:1169:emulate_transparency$4218 ($dffe) from module amiga_logic_core.
Setting constant 0-bit at position 6 on $auto$ff.cc:337:slice$3448 ($sdffe) from module amiga_logic_core.
Setting constant 0-bit at position 7 on $auto$ff.cc:337:slice$3448 ($sdffe) from module amiga_logic_core.

15.31.4. Executing OPT_CLEAN pass (remove unused cells and wires).
Finding unused cells or wires in module \amiga_logic_core..
Removed 22 unused cells and 363 unused wires.
<suppressed ~23 debug messages>

15.31.5. Rerunning OPT passes. (Removed registers in this run.)

15.31.6. Executing OPT_EXPR pass (perform const folding).
Optimizing module amiga_logic_core.
<suppressed ~5 debug messages>

15.31.7. Executing OPT_MERGE pass (detect identical cells).
Finding identical cells in module `\amiga_logic_core'.
Computing hashes of 907 cells of `\amiga_logic_core'.
Finding duplicate cells in `\amiga_logic_core'.
Removed a total of 0 cells.

15.31.8. Executing OPT_DFF pass (perform DFF optimizations).
Adding SRST signal on $auto$mem.cc:1647:emulate_read_first$4187 ($dff) from module amiga_logic_core (D = \video.core.lines.written [10:0], Q = $auto$mem.cc:1643:emulate_read_first$4184, rval = 11'00000000000).

15.31.9. Executing OPT_CLEAN pass (remove unused cells and wires).
Finding unused cells or wires in module \amiga_logic_core..
Removed 1 unused cells and 6 unused wires.
<suppressed ~3 debug messages>

15.31.10. Rerunning OPT passes. (Removed registers in this run.)

15.31.11. Executing OPT_EXPR pass (perform const folding).
Optimizing module amiga_logic_core.

15.31.12. Executing OPT_MERGE pass (detect identical cells).
Finding identical cells in module `\amiga_logic_core'.
Computing hashes of 906 cells of `\amiga_logic_core'.
Finding duplicate cells in `\amiga_logic_core'.
Removed a total of 0 cells.

15.31.13. Executing OPT_DFF pass (perform DFF optimizations).

15.31.14. Executing OPT_CLEAN pass (remove unused cells and wires).
Finding unused cells or wires in module \amiga_logic_core..

15.31.15. Finished fast OPT passes.

15.32. Executing MEMORY_MAP pass (converting memories to logic and flip-flops).
Mapping memory $flatten\boot.$auto$proc_rom.cc:155:do_switch$721 in module \amiga_logic_core:
  created 64 $dff cells and 0 static cells of width 14.
Extracted data FF from read port 0 of amiga_logic_core.$flatten\boot.$auto$proc_rom.cc:155:do_switch$721: $$flatten\boot.$auto$proc_rom.cc:155:do_switch$721$rdreg[0]
  read interface: 1 $dff and 63 $mux cells.
  write interface: 0 write mux blocks.

15.33. Executing OPT pass (performing simple optimizations).

15.33.1. Executing OPT_EXPR pass (perform const folding).
Optimizing module amiga_logic_core.
<suppressed ~25 debug messages>

15.33.2. Executing OPT_MERGE pass (detect identical cells).
Finding identical cells in module `\amiga_logic_core'.
Computing hashes of 944 cells of `\amiga_logic_core'.
Finding duplicate cells in `\amiga_logic_core'.
Removed a total of 0 cells.

15.33.3. Executing OPT_MUXTREE pass (detect dead branches in mux trees).
Running muxtree optimizer on module \amiga_logic_core..
  Creating internal representation of mux trees.
  Evaluating internal representation of mux trees.
  Analyzing evaluation results.
Removed 0 multiplexer ports.
<suppressed ~239 debug messages>

15.33.4. Executing OPT_REDUCE pass (consolidate $*mux and $reduce_* inputs).
  Optimizing cells in module \amiga_logic_core.
    Consolidated identical input bits for $mux cell $memory$flatten\boot.$auto$proc_rom.cc:155:do_switch$721$rdmux[0][5][5]$4816:
      Old ports: A=14'00001100010000, B=14'00010000000000, Y=$memory$flatten\boot.$auto$proc_rom.cc:155:do_switch$721$rdmux[0][4][2]$b$4761
      New ports: A=2'01, B=2'10, Y={ $memory$flatten\boot.$auto$proc_rom.cc:155:do_switch$721$rdmux[0][4][2]$b$4761 [10] $memory$flatten\boot.$auto$proc_rom.cc:155:do_switch$721$rdmux[0][4][2]$b$4761 [4] }
      New connections: { $memory$flatten\boot.$auto$proc_rom.cc:155:do_switch$721$rdmux[0][4][2]$b$4761 [13:11] $memory$flatten\boot.$auto$proc_rom.cc:155:do_switch$721$rdmux[0][4][2]$b$4761 [9:5] $memory$flatten\boot.$auto$proc_rom.cc:155:do_switch$721$rdmux[0][4][2]$b$4761 [3:0] } = { 3'000 $memory$flatten\boot.$auto$proc_rom.cc:155:do_switch$721$rdmux[0][4][2]$b$4761 [4] $memory$flatten\boot.$auto$proc_rom.cc:155:do_switch$721$rdmux[0][4][2]$b$4761 [4] 7'0000000 }
    Consolidated identical input bits for $mux cell $memory$flatten\boot.$auto$proc_rom.cc:155:do_switch$721$rdmux[0][5][4]$4813:
      Old ports: A=14'00000110000000, B=14'00001000000000, Y=$memory$flatten\boot.$auto$proc_rom.cc:155:do_switch$721$rdmux[0][4][2]$a$4760
      New ports: A=2'01, B=2'10, Y={ $memory$flatten\boot.$auto$proc_rom.cc:155:do_switch$721$rdmux[0][4][2]$a$4760 [9] $memory$flatten\boot.$auto$proc_rom.cc:155:do_switch$721$rdmux[0][4][2]$a$4760 [7] }
      New connections: { $memory$flatten\boot.$auto$proc_rom.cc:155:do_switch$721$rdmux[0][4][2]$a$4760 [13:10] $memory$flatten\boot.$auto$proc_rom.cc:155:do_switch$721$rdmux[0][4][2]$a$4760 [8] $memory$flatten\boot.$auto$proc_rom.cc:155:do_switch$721$rdmux[0][4][2]$a$4760 [6:0] } = { 4'0000 $memory$flatten\boot.$auto$proc_rom.cc:155:do_switch$721$rdmux[0][4][2]$a$4760 [7] 7'0000000 }
    Consolidated identical input bits for $mux cell $memory$flatten\boot.$auto$proc_rom.cc:155:do_switch$721$rdmux[0][5][3]$4810:
      Old ports: A=14'01010100000000, B=14'01100000000000, Y=$memory$flatten\boot.$auto$proc_rom.cc:155:do_switch$721$rdmux[0][4][1]$b$4758
      New ports: A=2'01, B=2'10, Y={ $memory$flatten\boot.$auto$proc_rom.cc:155:do_switch$721$rdmux[0][4][1]$b$4758 [11] $memory$flatten\boot.$auto$proc_rom.cc:155:do_switch$721$rdmux[0][4][1]$b$4758 [8] }
      New connections: { $memory$flatten\boot.$auto$proc_rom.cc:155:do_switch$721$rdmux[0][4][1]$b$4758 [13:12] $memory$flatten\boot.$auto$proc_rom.cc:155:do_switch$721$rdmux[0][4][1]$b$4758 [10:9] $memory$flatten\boot.$auto$proc_rom.cc:155:do_switch$721$rdmux[0][4][1]$b$4758 [7:0] } = { 2'01 $memory$flatten\boot.$auto$proc_rom.cc:155:do_switch$721$rdmux[0][4][1]$b$4758 [8] 9'000000000 }
    Consolidated identical input bits for $mux cell $memory$flatten\boot.$auto$proc_rom.cc:155:do_switch$721$rdmux[0][5][2]$4807:
      Old ports: A=14'00111100101110, B=14'01000001011000, Y=$memory$flatten\boot.$auto$proc_rom.cc:155:do_switch$721$rdmux[0][4][1]$a$4757
      New ports: A=2'01, B=2'10, Y={ $memory$flatten\boot.$auto$proc_rom.cc:155:do_switch$721$rdmux[0][4][1]$a$4757 [4] $memory$flatten\boot.$auto$proc_rom.cc:155:do_switch$721$rdmux[0][4][1]$a$4757 [1] }
      New connections: { $memory$flatten\boot.$auto$proc_rom.cc:155:do_switch$721$rdmux[0][4][1]$a$4757 [13:5] $memory$flatten\boot.$auto$proc_rom.cc:155:do_switch$721$rdmux[0][4][1]$a$4757 [3:2] $memory$flatten\boot.$auto$proc_rom.cc:155:do_switch$721$rdmux[0][4][1]$a$4757 [0] } = { 1'0 $memory$flatten\boot.$auto$proc_rom.cc:155:do_switch$721$rdmux[0][4][1]$a$4757 [4] $memory$flatten\boot.$auto$proc_rom.cc:155:do_switch$721$rdmux[0][4][1]$a$4757 [1] $memory$flatten\boot.$auto$proc_rom.cc:155:do_switch$721$rdmux[0][4][1]$a$4757 [1] $memory$flatten\boot.$auto$proc_rom.cc:155:do_switch$721$rdmux[0][4][1]$a$4757 [1] $memory$flatten\boot.$auto$proc_rom.cc:155:do_switch$721$rdmux[0][4][1]$a$4757 [1] 1'0 $memory$flatten\boot.$auto$proc_rom.cc:155:do_switch$721$rdmux[0][4][1]$a$4757 [4] $memory$flatten\boot.$auto$proc_rom.cc:155:do_switch$721$rdmux[0][4][1]$a$4757 [1] 1'1 $memory$flatten\boot.$auto$proc_rom.cc:155:do_switch$721$rdmux[0][4][1]$a$4757 [1] 1'0 }
    Consolidated identical input bits for $mux cell $memory$flatten\boot.$auto$proc_rom.cc:155:do_switch$721$rdmux[0][5][1]$4804:
      Old ports: A=14'01101011001010, B=14'00111000010010, Y=$memory$flatten\boot.$auto$proc_rom.cc:155:do_switch$721$rdmux[0][4][0]$b$4755
      New ports: A=2'01, B=2'10, Y=$memory$flatten\boot.$auto$proc_rom.cc:155:do_switch$721$rdmux[0][4][0]$b$4755 [4:3]
      New connections: { $memory$flatten\boot.$auto$proc_rom.cc:155:do_switch$721$rdmux[0][4][0]$b$4755 [13:5] $memory$flatten\boot.$auto$proc_rom.cc:155:do_switch$721$rdmux[0][4][0]$b$4755 [2:0] } = { 1'0 $memory$flatten\boot.$auto$proc_rom.cc:155:do_switch$721$rdmux[0][4][0]$b$4755 [3] 1'1 $memory$flatten\boot.$auto$proc_rom.cc:155:do_switch$721$rdmux[0][4][0]$b$4755 [4] 2'10 $memory$flatten\boot.$auto$proc_rom.cc:155:do_switch$721$rdmux[0][4][0]$b$4755 [3] $memory$flatten\boot.$auto$proc_rom.cc:155:do_switch$721$rdmux[0][4][0]$b$4755 [3] 4'0010 }
    Consolidated identical input bits for $mux cell $memory$flatten\boot.$auto$proc_rom.cc:155:do_switch$721$rdmux[0][5][0]$4801:
      Old ports: A=14'01011100000011, B=14'01100100000000, Y=$memory$flatten\boot.$auto$proc_rom.cc:155:do_switch$721$rdmux[0][4][0]$a$4754
      New ports: A=2'01, B=2'10, Y={ $memory$flatten\boot.$auto$proc_rom.cc:155:do_switch$721$rdmux[0][4][0]$a$4754 [11] $memory$flatten\boot.$auto$proc_rom.cc:155:do_switch$721$rdmux[0][4][0]$a$4754 [0] }
      New connections: { $memory$flatten\boot.$auto$proc_rom.cc:155:do_switch$721$rdmux[0][4][0]$a$4754 [13:12] $memory$flatten\boot.$auto$proc_rom.cc:155:do_switch$721$rdmux[0][4][0]$a$4754 [10:1] } = { 2'01 $memory$flatten\boot.$auto$proc_rom.cc:155:do_switch$721$rdmux[0][4][0]$a$4754 [0] $memory$flatten\boot.$auto$proc_rom.cc:155:do_switch$721$rdmux[0][4][0]$a$4754 [0] 7'1000000 $memory$flatten\boot.$auto$proc_rom.cc:155:do_switch$721$rdmux[0][4][0]$a$4754 [0] }
    Consolidated identical input bits for $mux cell $memory$flatten\boot.$auto$proc_rom.cc:155:do_switch$721$rdmux[0][5][16]$4849:
      Old ports: A=14'10101000000111, B=14'10110100000000, Y=$memory$flatten\boot.$auto$proc_rom.cc:155:do_switch$721$rdmux[0][4][8]$a$4778
      New ports: A=2'01, B=2'10, Y={ $memory$flatten\boot.$auto$proc_rom.cc:155:do_switch$721$rdmux[0][4][8]$a$4778 [8] $memory$flatten\boot.$auto$proc_rom.cc:155:do_switch$721$rdmux[0][4][8]$a$4778 [0] }
      New connections: { $memory$flatten\boot.$auto$proc_rom.cc:155:do_switch$721$rdmux[0][4][8]$a$4778 [13:9] $memory$flatten\boot.$auto$proc_rom.cc:155:do_switch$721$rdmux[0][4][8]$a$4778 [7:1] } = { 3'101 $memory$flatten\boot.$auto$proc_rom.cc:155:do_switch$721$rdmux[0][4][8]$a$4778 [8] $memory$flatten\boot.$auto$proc_rom.cc:155:do_switch$721$rdmux[0][4][8]$a$4778 [0] 5'00000 $memory$flatten\boot.$auto$proc_rom.cc:155:do_switch$721$rdmux[0][4][8]$a$4778 [0] $memory$flatten\boot.$auto$proc_rom.cc:155:do_switch$721$rdmux[0][4][8]$a$4778 [0] }
    Consolidated identical input bits for $mux cell $memory$flatten\boot.$auto$proc_rom.cc:155:do_switch$721$rdmux[0][5][15]$4846:
      Old ports: A=14'10011010000000, B=14'10100000110011, Y=$memory$flatten\boot.$auto$proc_rom.cc:155:do_switch$721$rdmux[0][4][7]$b$4776
      New ports: A=2'10, B=2'01, Y={ $memory$flatten\boot.$auto$proc_rom.cc:155:do_switch$721$rdmux[0][4][7]$b$4776 [7] $memory$flatten\boot.$auto$proc_rom.cc:155:do_switch$721$rdmux[0][4][7]$b$4776 [0] }
      New connections: { $memory$flatten\boot.$auto$proc_rom.cc:155:do_switch$721$rdmux[0][4][7]$b$4776 [13:8] $memory$flatten\boot.$auto$proc_rom.cc:155:do_switch$721$rdmux[0][4][7]$b$4776 [6:1] } = { 2'10 $memory$flatten\boot.$auto$proc_rom.cc:155:do_switch$721$rdmux[0][4][7]$b$4776 [0] $memory$flatten\boot.$auto$proc_rom.cc:155:do_switch$721$rdmux[0][4][7]$b$4776 [7] $memory$flatten\boot.$auto$proc_rom.cc:155:do_switch$721$rdmux[0][4][7]$b$4776 [7] 2'00 $memory$flatten\boot.$auto$proc_rom.cc:155:do_switch$721$rdmux[0][4][7]$b$4776 [0] $memory$flatten\boot.$auto$proc_rom.cc:155:do_switch$721$rdmux[0][4][7]$b$4776 [0] 2'00 $memory$flatten\boot.$auto$proc_rom.cc:155:do_switch$721$rdmux[0][4][7]$b$4776 [0] }
    Consolidated identical input bits for $mux cell $memory$flatten\boot.$auto$proc_rom.cc:155:do_switch$721$rdmux[0][5][14]$4843:
      Old ports: A=14'01111100010000, B=14'10000000010000, Y=$memory$flatten\boot.$auto$proc_rom.cc:155:do_switch$721$rdmux[0][4][7]$a$4775
      New ports: A=2'01, B=2'10, Y={ $memory$flatten\boot.$auto$proc_rom.cc:155:do_switch$721$rdmux[0][4][7]$a$4775 [13] $memory$flatten\boot.$auto$proc_rom.cc:155:do_switch$721$rdmux[0][4][7]$a$4775 [8] }
      New connections: { $memory$flatten\boot.$auto$proc_rom.cc:155:do_switch$721$rdmux[0][4][7]$a$4775 [12:9] $memory$flatten\boot.$auto$proc_rom.cc:155:do_switch$721$rdmux[0][4][7]$a$4775 [7:0] } = { $memory$flatten\boot.$auto$proc_rom.cc:155:do_switch$721$rdmux[0][4][7]$a$4775 [8] $memory$flatten\boot.$auto$proc_rom.cc:155:do_switch$721$rdmux[0][4][7]$a$4775 [8] $memory$flatten\boot.$auto$proc_rom.cc:155:do_switch$721$rdmux[0][4][7]$a$4775 [8] $memory$flatten\boot.$auto$proc_rom.cc:155:do_switch$721$rdmux[0][4][7]$a$4775 [8] 8'00010000 }
    Consolidated identical input bits for $mux cell $memory$flatten\boot.$auto$proc_rom.cc:155:do_switch$721$rdmux[0][5][13]$4840:
      Old ports: A=14'01110100000000, B=14'01111000010000, Y=$memory$flatten\boot.$auto$proc_rom.cc:155:do_switch$721$rdmux[0][4][6]$b$4773
      New ports: A=2'10, B=2'01, Y={ $memory$flatten\boot.$auto$proc_rom.cc:155:do_switch$721$rdmux[0][4][6]$b$4773 [8] $memory$flatten\boot.$auto$proc_rom.cc:155:do_switch$721$rdmux[0][4][6]$b$4773 [4] }
      New connections: { $memory$flatten\boot.$auto$proc_rom.cc:155:do_switch$721$rdmux[0][4][6]$b$4773 [13:9] $memory$flatten\boot.$auto$proc_rom.cc:155:do_switch$721$rdmux[0][4][6]$b$4773 [7:5] $memory$flatten\boot.$auto$proc_rom.cc:155:do_switch$721$rdmux[0][4][6]$b$4773 [3:0] } = { 4'0111 $memory$flatten\boot.$auto$proc_rom.cc:155:do_switch$721$rdmux[0][4][6]$b$4773 [4] 7'0000000 }
    Consolidated identical input bits for $mux cell $memory$flatten\boot.$auto$proc_rom.cc:155:do_switch$721$rdmux[0][5][12]$4837:
      Old ports: A=14'00110010000000, B=14'00110110000000, Y=$memory$flatten\boot.$auto$proc_rom.cc:155:do_switch$721$rdmux[0][4][6]$a$4772
      New ports: A=1'0, B=1'1, Y=$memory$flatten\boot.$auto$proc_rom.cc:155:do_switch$721$rdmux[0][4][6]$a$4772 [8]
      New connections: { $memory$flatten\boot.$auto$proc_rom.cc:155:do_switch$721$rdmux[0][4][6]$a$4772 [13:9] $memory$flatten\boot.$auto$proc_rom.cc:155:do_switch$721$rdmux[0][4][6]$a$4772 [7:0] } = 13'0011010000000
    Consolidated identical input bits for $mux cell $memory$flatten\boot.$auto$proc_rom.cc:155:do_switch$721$rdmux[0][5][11]$4834:
      Old ports: A=14'00101000011001, B=14'00101110000000, Y=$memory$flatten\boot.$auto$proc_rom.cc:155:do_switch$721$rdmux[0][4][5]$b$4770
      New ports: A=2'01, B=2'10, Y={ $memory$flatten\boot.$auto$proc_rom.cc:155:do_switch$721$rdmux[0][4][5]$b$4770 [7] $memory$flatten\boot.$auto$proc_rom.cc:155:do_switch$721$rdmux[0][4][5]$b$4770 [0] }
      New connections: { $memory$flatten\boot.$auto$proc_rom.cc:155:do_switch$721$rdmux[0][4][5]$b$4770 [13:8] $memory$flatten\boot.$auto$proc_rom.cc:155:do_switch$721$rdmux[0][4][5]$b$4770 [6:1] } = { 5'00101 $memory$flatten\boot.$auto$proc_rom.cc:155:do_switch$721$rdmux[0][4][5]$b$4770 [7] 2'00 $memory$flatten\boot.$auto$proc_rom.cc:155:do_switch$721$rdmux[0][4][5]$b$4770 [0] $memory$flatten\boot.$auto$proc_rom.cc:155:do_switch$721$rdmux[0][4][5]$b$4770 [0] 2'00 }
    Consolidated identical input bits for $mux cell $memory$flatten\boot.$auto$proc_rom.cc:155:do_switch$721$rdmux[0][5][10]$4831:
      Old ports: A=14'00100000011001, B=14'00100100011001, Y=$memory$flatten\boot.$auto$proc_rom.cc:155:do_switch$721$rdmux[0][4][5]$a$4769
      New ports: A=1'0, B=1'1, Y=$memory$flatten\boot.$auto$proc_rom.cc:155:do_switch$721$rdmux[0][4][5]$a$4769 [8]
      New connections: { $memory$flatten\boot.$auto$proc_rom.cc:155:do_switch$721$rdmux[0][4][5]$a$4769 [13:9] $memory$flatten\boot.$auto$proc_rom.cc:155:do_switch$721$rdmux[0][4][5]$a$4769 [7:0] } = 13'0010000011001
    Consolidated identical input bits for $mux cell $memory$flatten\boot.$auto$proc_rom.cc:155:do_switch$721$rdmux[0][5][9]$4828:
      Old ports: A=14'01101110001000, B=14'01110000001000, Y=$memory$flatten\boot.$auto$proc_rom.cc:155:do_switch$721$rdmux[0][4][4]$b$4767
      New ports: A=2'01, B=2'10, Y={ $memory$flatten\boot.$auto$proc_rom.cc:155:do_switch$721$rdmux[0][4][4]$b$4767 [10] $memory$flatten\boot.$auto$proc_rom.cc:155:do_switch$721$rdmux[0][4][4]$b$4767 [7] }
      New connections: { $memory$flatten\boot.$auto$proc_rom.cc:155:do_switch$721$rdmux[0][4][4]$b$4767 [13:11] $memory$flatten\boot.$auto$proc_rom.cc:155:do_switch$721$rdmux[0][4][4]$b$4767 [9:8] $memory$flatten\boot.$auto$proc_rom.cc:155:do_switch$721$rdmux[0][4][4]$b$4767 [6:0] } = { 3'011 $memory$flatten\boot.$auto$proc_rom.cc:155:do_switch$721$rdmux[0][4][4]$b$4767 [7] $memory$flatten\boot.$auto$proc_rom.cc:155:do_switch$721$rdmux[0][4][4]$b$4767 [7] 7'0001000 }
    Consolidated identical input bits for $mux cell $memory$flatten\boot.$auto$proc_rom.cc:155:do_switch$721$rdmux[0][5][8]$4825:
      Old ports: A=14'10001000000100, B=14'11011000000010, Y=$memory$flatten\boot.$auto$proc_rom.cc:155:do_switch$721$rdmux[0][4][4]$a$4766
      New ports: A=2'10, B=2'01, Y=$memory$flatten\boot.$auto$proc_rom.cc:155:do_switch$721$rdmux[0][4][4]$a$4766 [2:1]
      New connections: { $memory$flatten\boot.$auto$proc_rom.cc:155:do_switch$721$rdmux[0][4][4]$a$4766 [13:3] $memory$flatten\boot.$auto$proc_rom.cc:155:do_switch$721$rdmux[0][4][4]$a$4766 [0] } = { 1'1 $memory$flatten\boot.$auto$proc_rom.cc:155:do_switch$721$rdmux[0][4][4]$a$4766 [1] 1'0 $memory$flatten\boot.$auto$proc_rom.cc:155:do_switch$721$rdmux[0][4][4]$a$4766 [1] 8'10000000 }
    Consolidated identical input bits for $mux cell $memory$flatten\boot.$auto$proc_rom.cc:155:do_switch$721$rdmux[0][5][7]$4822:
      Old ports: A=14'00011110000000, B=14'10000100001101, Y=$memory$flatten\boot.$auto$proc_rom.cc:155:do_switch$721$rdmux[0][4][3]$b$4764
      New ports: A=2'10, B=2'01, Y={ $memory$flatten\boot.$auto$proc_rom.cc:155:do_switch$721$rdmux[0][4][3]$b$4764 [7] $memory$flatten\boot.$auto$proc_rom.cc:155:do_switch$721$rdmux[0][4][3]$b$4764 [0] }
      New connections: { $memory$flatten\boot.$auto$proc_rom.cc:155:do_switch$721$rdmux[0][4][3]$b$4764 [13:8] $memory$flatten\boot.$auto$proc_rom.cc:155:do_switch$721$rdmux[0][4][3]$b$4764 [6:1] } = { $memory$flatten\boot.$auto$proc_rom.cc:155:do_switch$721$rdmux[0][4][3]$b$4764 [0] 2'00 $memory$flatten\boot.$auto$proc_rom.cc:155:do_switch$721$rdmux[0][4][3]$b$4764 [7] $memory$flatten\boot.$auto$proc_rom.cc:155:do_switch$721$rdmux[0][4][3]$b$4764 [7] 4'1000 $memory$flatten\boot.$auto$proc_rom.cc:155:do_switch$721$rdmux[0][4][3]$b$4764 [0] $memory$flatten\boot.$auto$proc_rom.cc:155:do_switch$721$rdmux[0][4][3]$b$4764 [0] 1'0 }
    Consolidated identical input bits for $mux cell $memory$flatten\boot.$auto$proc_rom.cc:155:do_switch$721$rdmux[0][5][6]$4819:
      Old ports: A=14'00010100000110, B=14'00011000010000, Y=$memory$flatten\boot.$auto$proc_rom.cc:155:do_switch$721$rdmux[0][4][3]$a$4763
      New ports: A=2'01, B=2'10, Y={ $memory$flatten\boot.$auto$proc_rom.cc:155:do_switch$721$rdmux[0][4][3]$a$4763 [4] $memory$flatten\boot.$auto$proc_rom.cc:155:do_switch$721$rdmux[0][4][3]$a$4763 [1] }
      New connections: { $memory$flatten\boot.$auto$proc_rom.cc:155:do_switch$721$rdmux[0][4][3]$a$4763 [13:5] $memory$flatten\boot.$auto$proc_rom.cc:155:do_switch$721$rdmux[0][4][3]$a$4763 [3:2] $memory$flatten\boot.$auto$proc_rom.cc:155:do_switch$721$rdmux[0][4][3]$a$4763 [0] } = { 4'0001 $memory$flatten\boot.$auto$proc_rom.cc:155:do_switch$721$rdmux[0][4][3]$a$4763 [4] $memory$flatten\boot.$auto$proc_rom.cc:155:do_switch$721$rdmux[0][4][3]$a$4763 [1] 4'0000 $memory$flatten\boot.$auto$proc_rom.cc:155:do_switch$721$rdmux[0][4][3]$a$4763 [1] 1'0 }
    New ctrl vector for $pmux cell $flatten\clocks.\restart.$procmux$1976: { \clocks.restart.state [1] \clocks.restart.state [2] }
    New ctrl vector for $pmux cell $flatten\clocks.\restart.$procmux$1925: { \clocks.restart.state [1] \clocks.restart.state [2] }
    Consolidated identical input bits for $mux cell $memory$flatten\boot.$auto$proc_rom.cc:155:do_switch$721$rdmux[0][5][17]$4852:
      Old ports: A=14'11000100011000, B=14'01011100000010, Y=$memory$flatten\boot.$auto$proc_rom.cc:155:do_switch$721$rdmux[0][4][8]$b$4779
      New ports: A=2'10, B=2'01, Y={ $memory$flatten\boot.$auto$proc_rom.cc:155:do_switch$721$rdmux[0][4][8]$b$4779 [3] $memory$flatten\boot.$auto$proc_rom.cc:155:do_switch$721$rdmux[0][4][8]$b$4779 [1] }
      New connections: { $memory$flatten\boot.$auto$proc_rom.cc:155:do_switch$721$rdmux[0][4][8]$b$4779 [13:4] $memory$flatten\boot.$auto$proc_rom.cc:155:do_switch$721$rdmux[0][4][8]$b$4779 [2] $memory$flatten\boot.$auto$proc_rom.cc:155:do_switch$721$rdmux[0][4][8]$b$4779 [0] } = { $memory$flatten\boot.$auto$proc_rom.cc:155:do_switch$721$rdmux[0][4][8]$b$4779 [3] 2'10 $memory$flatten\boot.$auto$proc_rom.cc:155:do_switch$721$rdmux[0][4][8]$b$4779 [1] $memory$flatten\boot.$auto$proc_rom.cc:155:do_switch$721$rdmux[0][4][8]$b$4779 [1] 4'1000 $memory$flatten\boot.$auto$proc_rom.cc:155:do_switch$721$rdmux[0][4][8]$b$4779 [3] 2'00 }
    Consolidated identical input bits for $mux cell $flatten\boot.$procmux$2527:
      Old ports: A=8'00000000, B={ 2'00 \boot.entry [13:8] }, Y=$flatten\boot.$procmux$2527_Y
      New ports: A=6'000000, B=\boot.entry [13:8], Y=$flatten\boot.$procmux$2527_Y [5:0]
      New connections: $flatten\boot.$procmux$2527_Y [7:6] = 2'00
    New ctrl vector for $pmux cell $flatten\boot.\power_sequence.$procmux$969: \boot.power_sequence.state [2]
    New ctrl vector for $pmux cell $flatten\boot.\writer.$procmux$1831: $auto$opt_reduce.cc:137:opt_pmux$2790
    New ctrl vector for $pmux cell $flatten\boot.\writer.$procmux$1783: { \boot.writer.state [7] \boot.writer.state [4] \boot.writer.state [9] \boot.writer.state [1] }
    New ctrl vector for $pmux cell $flatten\boot.\writer.$procmux$1692: \boot.writer.state [0]
    New ctrl vector for $pmux cell $flatten\boot.\writer.$procmux$1604: { $auto$opt_reduce.cc:137:opt_pmux$4898 \boot.writer.state [7] }
    New ctrl vector for $pmux cell $flatten\boot.\writer.$procmux$1557: \boot.writer.state [9]
    New input vector for $reduce_or cell $auto$opt_reduce.cc:131:opt_pmux$4897: { \boot.writer.state [12] \boot.writer.state [5] \boot.writer.state [2] \boot.writer.state [0] }
  Optimizing cells in module \amiga_logic_core.
    Consolidated identical input bits for $mux cell $memory$flatten\boot.$auto$proc_rom.cc:155:do_switch$721$rdmux[0][4][8]$4777:
      Old ports: A=$memory$flatten\boot.$auto$proc_rom.cc:155:do_switch$721$rdmux[0][4][8]$a$4778, B=$memory$flatten\boot.$auto$proc_rom.cc:155:do_switch$721$rdmux[0][4][8]$b$4779, Y=$memory$flatten\boot.$auto$proc_rom.cc:155:do_switch$721$rdmux[0][3][4]$a$4742
      New ports: A={ 3'101 $memory$flatten\boot.$auto$proc_rom.cc:155:do_switch$721$rdmux[0][4][8]$a$4778 [8] $memory$flatten\boot.$auto$proc_rom.cc:155:do_switch$721$rdmux[0][4][8]$a$4778 [8] 1'0 $memory$flatten\boot.$auto$proc_rom.cc:155:do_switch$721$rdmux[0][4][8]$a$4778 [0] $memory$flatten\boot.$auto$proc_rom.cc:155:do_switch$721$rdmux[0][4][8]$a$4778 [0] }, B={ $memory$flatten\boot.$auto$proc_rom.cc:155:do_switch$721$rdmux[0][4][8]$b$4779 [3] 2'10 $memory$flatten\boot.$auto$proc_rom.cc:155:do_switch$721$rdmux[0][4][8]$b$4779 [1] 1'1 $memory$flatten\boot.$auto$proc_rom.cc:155:do_switch$721$rdmux[0][4][8]$b$4779 [3] $memory$flatten\boot.$auto$proc_rom.cc:155:do_switch$721$rdmux[0][4][8]$b$4779 [1] 1'0 }, Y={ $memory$flatten\boot.$auto$proc_rom.cc:155:do_switch$721$rdmux[0][3][4]$a$4742 [13:10] $memory$flatten\boot.$auto$proc_rom.cc:155:do_switch$721$rdmux[0][3][4]$a$4742 [8] $memory$flatten\boot.$auto$proc_rom.cc:155:do_switch$721$rdmux[0][3][4]$a$4742 [3] $memory$flatten\boot.$auto$proc_rom.cc:155:do_switch$721$rdmux[0][3][4]$a$4742 [1:0] }
      New connections: { $memory$flatten\boot.$auto$proc_rom.cc:155:do_switch$721$rdmux[0][3][4]$a$4742 [9] $memory$flatten\boot.$auto$proc_rom.cc:155:do_switch$721$rdmux[0][3][4]$a$4742 [7:4] $memory$flatten\boot.$auto$proc_rom.cc:155:do_switch$721$rdmux[0][3][4]$a$4742 [2] } = { $memory$flatten\boot.$auto$proc_rom.cc:155:do_switch$721$rdmux[0][3][4]$a$4742 [1] 3'000 $memory$flatten\boot.$auto$proc_rom.cc:155:do_switch$721$rdmux[0][3][4]$a$4742 [3] $memory$flatten\boot.$auto$proc_rom.cc:155:do_switch$721$rdmux[0][3][4]$a$4742 [0] }
    Consolidated identical input bits for $mux cell $memory$flatten\boot.$auto$proc_rom.cc:155:do_switch$721$rdmux[0][4][7]$4774:
      Old ports: A=$memory$flatten\boot.$auto$proc_rom.cc:155:do_switch$721$rdmux[0][4][7]$a$4775, B=$memory$flatten\boot.$auto$proc_rom.cc:155:do_switch$721$rdmux[0][4][7]$b$4776, Y=$memory$flatten\boot.$auto$proc_rom.cc:155:do_switch$721$rdmux[0][3][3]$b$4740
      New ports: A={ $memory$flatten\boot.$auto$proc_rom.cc:155:do_switch$721$rdmux[0][4][7]$a$4775 [13] $memory$flatten\boot.$auto$proc_rom.cc:155:do_switch$721$rdmux[0][4][7]$a$4775 [8] $memory$flatten\boot.$auto$proc_rom.cc:155:do_switch$721$rdmux[0][4][7]$a$4775 [8] $memory$flatten\boot.$auto$proc_rom.cc:155:do_switch$721$rdmux[0][4][7]$a$4775 [8] 3'010 }, B={ 1'1 $memory$flatten\boot.$auto$proc_rom.cc:155:do_switch$721$rdmux[0][4][7]$b$4776 [0] $memory$flatten\boot.$auto$proc_rom.cc:155:do_switch$721$rdmux[0][4][7]$b$4776 [7] 1'0 $memory$flatten\boot.$auto$proc_rom.cc:155:do_switch$721$rdmux[0][4][7]$b$4776 [7] $memory$flatten\boot.$auto$proc_rom.cc:155:do_switch$721$rdmux[0][4][7]$b$4776 [0] $memory$flatten\boot.$auto$proc_rom.cc:155:do_switch$721$rdmux[0][4][7]$b$4776 [0] }, Y={ $memory$flatten\boot.$auto$proc_rom.cc:155:do_switch$721$rdmux[0][3][3]$b$4740 [13] $memory$flatten\boot.$auto$proc_rom.cc:155:do_switch$721$rdmux[0][3][3]$b$4740 [11] $memory$flatten\boot.$auto$proc_rom.cc:155:do_switch$721$rdmux[0][3][3]$b$4740 [9:7] $memory$flatten\boot.$auto$proc_rom.cc:155:do_switch$721$rdmux[0][3][3]$b$4740 [4] $memory$flatten\boot.$auto$proc_rom.cc:155:do_switch$721$rdmux[0][3][3]$b$4740 [0] }
      New connections: { $memory$flatten\boot.$auto$proc_rom.cc:155:do_switch$721$rdmux[0][3][3]$b$4740 [12] $memory$flatten\boot.$auto$proc_rom.cc:155:do_switch$721$rdmux[0][3][3]$b$4740 [10] $memory$flatten\boot.$auto$proc_rom.cc:155:do_switch$721$rdmux[0][3][3]$b$4740 [6:5] $memory$flatten\boot.$auto$proc_rom.cc:155:do_switch$721$rdmux[0][3][3]$b$4740 [3:1] } = { $memory$flatten\boot.$auto$proc_rom.cc:155:do_switch$721$rdmux[0][3][3]$b$4740 [8] $memory$flatten\boot.$auto$proc_rom.cc:155:do_switch$721$rdmux[0][3][3]$b$4740 [9] 1'0 $memory$flatten\boot.$auto$proc_rom.cc:155:do_switch$721$rdmux[0][3][3]$b$4740 [0] 2'00 $memory$flatten\boot.$auto$proc_rom.cc:155:do_switch$721$rdmux[0][3][3]$b$4740 [0] }
    Consolidated identical input bits for $mux cell $memory$flatten\boot.$auto$proc_rom.cc:155:do_switch$721$rdmux[0][4][6]$4771:
      Old ports: A=$memory$flatten\boot.$auto$proc_rom.cc:155:do_switch$721$rdmux[0][4][6]$a$4772, B=$memory$flatten\boot.$auto$proc_rom.cc:155:do_switch$721$rdmux[0][4][6]$b$4773, Y=$memory$flatten\boot.$auto$proc_rom.cc:155:do_switch$721$rdmux[0][3][3]$a$4739
      New ports: A={ 1'0 $memory$flatten\boot.$auto$proc_rom.cc:155:do_switch$721$rdmux[0][4][6]$a$4772 [8] 2'10 }, B={ 1'1 $memory$flatten\boot.$auto$proc_rom.cc:155:do_switch$721$rdmux[0][4][6]$b$4773 [8] 1'0 $memory$flatten\boot.$auto$proc_rom.cc:155:do_switch$721$rdmux[0][4][6]$b$4773 [4] }, Y={ $memory$flatten\boot.$auto$proc_rom.cc:155:do_switch$721$rdmux[0][3][3]$a$4739 [12] $memory$flatten\boot.$auto$proc_rom.cc:155:do_switch$721$rdmux[0][3][3]$a$4739 [8:7] $memory$flatten\boot.$auto$proc_rom.cc:155:do_switch$721$rdmux[0][3][3]$a$4739 [4] }
      New connections: { $memory$flatten\boot.$auto$proc_rom.cc:155:do_switch$721$rdmux[0][3][3]$a$4739 [13] $memory$flatten\boot.$auto$proc_rom.cc:155:do_switch$721$rdmux[0][3][3]$a$4739 [11:9] $memory$flatten\boot.$auto$proc_rom.cc:155:do_switch$721$rdmux[0][3][3]$a$4739 [6:5] $memory$flatten\boot.$auto$proc_rom.cc:155:do_switch$721$rdmux[0][3][3]$a$4739 [3:0] } = { 3'011 $memory$flatten\boot.$auto$proc_rom.cc:155:do_switch$721$rdmux[0][3][3]$a$4739 [4] 6'000000 }
    Consolidated identical input bits for $mux cell $memory$flatten\boot.$auto$proc_rom.cc:155:do_switch$721$rdmux[0][4][5]$4768:
      Old ports: A=$memory$flatten\boot.$auto$proc_rom.cc:155:do_switch$721$rdmux[0][4][5]$a$4769, B=$memory$flatten\boot.$auto$proc_rom.cc:155:do_switch$721$rdmux[0][4][5]$b$4770, Y=$memory$flatten\boot.$auto$proc_rom.cc:155:do_switch$721$rdmux[0][3][2]$b$4737
      New ports: A={ 1'0 $memory$flatten\boot.$auto$proc_rom.cc:155:do_switch$721$rdmux[0][4][5]$a$4769 [8] 2'01 }, B={ 1'1 $memory$flatten\boot.$auto$proc_rom.cc:155:do_switch$721$rdmux[0][4][5]$b$4770 [7] $memory$flatten\boot.$auto$proc_rom.cc:155:do_switch$721$rdmux[0][4][5]$b$4770 [7] $memory$flatten\boot.$auto$proc_rom.cc:155:do_switch$721$rdmux[0][4][5]$b$4770 [0] }, Y={ $memory$flatten\boot.$auto$proc_rom.cc:155:do_switch$721$rdmux[0][3][2]$b$4737 [9:7] $memory$flatten\boot.$auto$proc_rom.cc:155:do_switch$721$rdmux[0][3][2]$b$4737 [0] }
      New connections: { $memory$flatten\boot.$auto$proc_rom.cc:155:do_switch$721$rdmux[0][3][2]$b$4737 [13:10] $memory$flatten\boot.$auto$proc_rom.cc:155:do_switch$721$rdmux[0][3][2]$b$4737 [6:1] } = { 6'001000 $memory$flatten\boot.$auto$proc_rom.cc:155:do_switch$721$rdmux[0][3][2]$b$4737 [0] $memory$flatten\boot.$auto$proc_rom.cc:155:do_switch$721$rdmux[0][3][2]$b$4737 [0] 2'00 }
    Consolidated identical input bits for $mux cell $memory$flatten\boot.$auto$proc_rom.cc:155:do_switch$721$rdmux[0][4][4]$4765:
      Old ports: A=$memory$flatten\boot.$auto$proc_rom.cc:155:do_switch$721$rdmux[0][4][4]$a$4766, B=$memory$flatten\boot.$auto$proc_rom.cc:155:do_switch$721$rdmux[0][4][4]$b$4767, Y=$memory$flatten\boot.$auto$proc_rom.cc:155:do_switch$721$rdmux[0][3][2]$a$4736
      New ports: A={ 1'1 $memory$flatten\boot.$auto$proc_rom.cc:155:do_switch$721$rdmux[0][4][4]$a$4766 [1] $memory$flatten\boot.$auto$proc_rom.cc:155:do_switch$721$rdmux[0][4][4]$a$4766 [1] 3'100 $memory$flatten\boot.$auto$proc_rom.cc:155:do_switch$721$rdmux[0][4][4]$a$4766 [2:1] }, B={ 2'01 $memory$flatten\boot.$auto$proc_rom.cc:155:do_switch$721$rdmux[0][4][4]$b$4767 [10] $memory$flatten\boot.$auto$proc_rom.cc:155:do_switch$721$rdmux[0][4][4]$b$4767 [7] $memory$flatten\boot.$auto$proc_rom.cc:155:do_switch$721$rdmux[0][4][4]$b$4767 [7] 3'100 }, Y={ $memory$flatten\boot.$auto$proc_rom.cc:155:do_switch$721$rdmux[0][3][2]$a$4736 [13:12] $memory$flatten\boot.$auto$proc_rom.cc:155:do_switch$721$rdmux[0][3][2]$a$4736 [10:9] $memory$flatten\boot.$auto$proc_rom.cc:155:do_switch$721$rdmux[0][3][2]$a$4736 [7] $memory$flatten\boot.$auto$proc_rom.cc:155:do_switch$721$rdmux[0][3][2]$a$4736 [3:1] }
      New connections: { $memory$flatten\boot.$auto$proc_rom.cc:155:do_switch$721$rdmux[0][3][2]$a$4736 [11] $memory$flatten\boot.$auto$proc_rom.cc:155:do_switch$721$rdmux[0][3][2]$a$4736 [8] $memory$flatten\boot.$auto$proc_rom.cc:155:do_switch$721$rdmux[0][3][2]$a$4736 [6:4] $memory$flatten\boot.$auto$proc_rom.cc:155:do_switch$721$rdmux[0][3][2]$a$4736 [0] } = { $memory$flatten\boot.$auto$proc_rom.cc:155:do_switch$721$rdmux[0][3][2]$a$4736 [3] $memory$flatten\boot.$auto$proc_rom.cc:155:do_switch$721$rdmux[0][3][2]$a$4736 [7] 4'0000 }
    Consolidated identical input bits for $mux cell $memory$flatten\boot.$auto$proc_rom.cc:155:do_switch$721$rdmux[0][4][3]$4762:
      Old ports: A=$memory$flatten\boot.$auto$proc_rom.cc:155:do_switch$721$rdmux[0][4][3]$a$4763, B=$memory$flatten\boot.$auto$proc_rom.cc:155:do_switch$721$rdmux[0][4][3]$b$4764, Y=$memory$flatten\boot.$auto$proc_rom.cc:155:do_switch$721$rdmux[0][3][1]$b$4734
      New ports: A={ 1'1 $memory$flatten\boot.$auto$proc_rom.cc:155:do_switch$721$rdmux[0][4][3]$a$4763 [4] $memory$flatten\boot.$auto$proc_rom.cc:155:do_switch$721$rdmux[0][4][3]$a$4763 [1] 1'0 $memory$flatten\boot.$auto$proc_rom.cc:155:do_switch$721$rdmux[0][4][3]$a$4763 [4] $memory$flatten\boot.$auto$proc_rom.cc:155:do_switch$721$rdmux[0][4][3]$a$4763 [1] $memory$flatten\boot.$auto$proc_rom.cc:155:do_switch$721$rdmux[0][4][3]$a$4763 [1] 1'0 }, B={ $memory$flatten\boot.$auto$proc_rom.cc:155:do_switch$721$rdmux[0][4][3]$b$4764 [7] $memory$flatten\boot.$auto$proc_rom.cc:155:do_switch$721$rdmux[0][4][3]$b$4764 [7] 1'1 $memory$flatten\boot.$auto$proc_rom.cc:155:do_switch$721$rdmux[0][4][3]$b$4764 [7] 1'0 $memory$flatten\boot.$auto$proc_rom.cc:155:do_switch$721$rdmux[0][4][3]$b$4764 [0] 1'0 $memory$flatten\boot.$auto$proc_rom.cc:155:do_switch$721$rdmux[0][4][3]$b$4764 [0] }, Y={ $memory$flatten\boot.$auto$proc_rom.cc:155:do_switch$721$rdmux[0][3][1]$b$4734 [10:7] $memory$flatten\boot.$auto$proc_rom.cc:155:do_switch$721$rdmux[0][3][1]$b$4734 [4] $memory$flatten\boot.$auto$proc_rom.cc:155:do_switch$721$rdmux[0][3][1]$b$4734 [2:0] }
      New connections: { $memory$flatten\boot.$auto$proc_rom.cc:155:do_switch$721$rdmux[0][3][1]$b$4734 [13:11] $memory$flatten\boot.$auto$proc_rom.cc:155:do_switch$721$rdmux[0][3][1]$b$4734 [6:5] $memory$flatten\boot.$auto$proc_rom.cc:155:do_switch$721$rdmux[0][3][1]$b$4734 [3] } = { $memory$flatten\boot.$auto$proc_rom.cc:155:do_switch$721$rdmux[0][3][1]$b$4734 [0] 4'0000 $memory$flatten\boot.$auto$proc_rom.cc:155:do_switch$721$rdmux[0][3][1]$b$4734 [0] }
    Consolidated identical input bits for $mux cell $memory$flatten\boot.$auto$proc_rom.cc:155:do_switch$721$rdmux[0][4][2]$4759:
      Old ports: A=$memory$flatten\boot.$auto$proc_rom.cc:155:do_switch$721$rdmux[0][4][2]$a$4760, B=$memory$flatten\boot.$auto$proc_rom.cc:155:do_switch$721$rdmux[0][4][2]$b$4761, Y=$memory$flatten\boot.$auto$proc_rom.cc:155:do_switch$721$rdmux[0][3][1]$a$4733
      New ports: A={ 1'0 $memory$flatten\boot.$auto$proc_rom.cc:155:do_switch$721$rdmux[0][4][2]$a$4760 [9] $memory$flatten\boot.$auto$proc_rom.cc:155:do_switch$721$rdmux[0][4][2]$a$4760 [7] $memory$flatten\boot.$auto$proc_rom.cc:155:do_switch$721$rdmux[0][4][2]$a$4760 [7] 1'0 }, B={ $memory$flatten\boot.$auto$proc_rom.cc:155:do_switch$721$rdmux[0][4][2]$b$4761 [10] $memory$flatten\boot.$auto$proc_rom.cc:155:do_switch$721$rdmux[0][4][2]$b$4761 [4] $memory$flatten\boot.$auto$proc_rom.cc:155:do_switch$721$rdmux[0][4][2]$b$4761 [4] 1'0 $memory$flatten\boot.$auto$proc_rom.cc:155:do_switch$721$rdmux[0][4][2]$b$4761 [4] }, Y={ $memory$flatten\boot.$auto$proc_rom.cc:155:do_switch$721$rdmux[0][3][1]$a$4733 [10:7] $memory$flatten\boot.$auto$proc_rom.cc:155:do_switch$721$rdmux[0][3][1]$a$4733 [4] }
      New connections: { $memory$flatten\boot.$auto$proc_rom.cc:155:do_switch$721$rdmux[0][3][1]$a$4733 [13:11] $memory$flatten\boot.$auto$proc_rom.cc:155:do_switch$721$rdmux[0][3][1]$a$4733 [6:5] $memory$flatten\boot.$auto$proc_rom.cc:155:do_switch$721$rdmux[0][3][1]$a$4733 [3:0] } = 9'000000000
    Consolidated identical input bits for $mux cell $memory$flatten\boot.$auto$proc_rom.cc:155:do_switch$721$rdmux[0][4][1]$4756:
      Old ports: A=$memory$flatten\boot.$auto$proc_rom.cc:155:do_switch$721$rdmux[0][4][1]$a$4757, B=$memory$flatten\boot.$auto$proc_rom.cc:155:do_switch$721$rdmux[0][4][1]$b$4758, Y=$memory$flatten\boot.$auto$proc_rom.cc:155:do_switch$721$rdmux[0][3][0]$b$4731
      New ports: A={ $memory$flatten\boot.$auto$proc_rom.cc:155:do_switch$721$rdmux[0][4][1]$a$4757 [4] $memory$flatten\boot.$auto$proc_rom.cc:155:do_switch$721$rdmux[0][4][1]$a$4757 [1] $memory$flatten\boot.$auto$proc_rom.cc:155:do_switch$721$rdmux[0][4][1]$a$4757 [1] $memory$flatten\boot.$auto$proc_rom.cc:155:do_switch$721$rdmux[0][4][1]$a$4757 [4] 1'1 $memory$flatten\boot.$auto$proc_rom.cc:155:do_switch$721$rdmux[0][4][1]$a$4757 [1] }, B={ 1'1 $memory$flatten\boot.$auto$proc_rom.cc:155:do_switch$721$rdmux[0][4][1]$b$4758 [11] $memory$flatten\boot.$auto$proc_rom.cc:155:do_switch$721$rdmux[0][4][1]$b$4758 [8] 3'000 }, Y={ $memory$flatten\boot.$auto$proc_rom.cc:155:do_switch$721$rdmux[0][3][0]$b$4731 [12:11] $memory$flatten\boot.$auto$proc_rom.cc:155:do_switch$721$rdmux[0][3][0]$b$4731 [8] $memory$flatten\boot.$auto$proc_rom.cc:155:do_switch$721$rdmux[0][3][0]$b$4731 [4:3] $memory$flatten\boot.$auto$proc_rom.cc:155:do_switch$721$rdmux[0][3][0]$b$4731 [1] }
      New connections: { $memory$flatten\boot.$auto$proc_rom.cc:155:do_switch$721$rdmux[0][3][0]$b$4731 [13] $memory$flatten\boot.$auto$proc_rom.cc:155:do_switch$721$rdmux[0][3][0]$b$4731 [10:9] $memory$flatten\boot.$auto$proc_rom.cc:155:do_switch$721$rdmux[0][3][0]$b$4731 [7:5] $memory$flatten\boot.$auto$proc_rom.cc:155:do_switch$721$rdmux[0][3][0]$b$4731 [2] $memory$flatten\boot.$auto$proc_rom.cc:155:do_switch$721$rdmux[0][3][0]$b$4731 [0] } = { 1'0 $memory$flatten\boot.$auto$proc_rom.cc:155:do_switch$721$rdmux[0][3][0]$b$4731 [8] $memory$flatten\boot.$auto$proc_rom.cc:155:do_switch$721$rdmux[0][3][0]$b$4731 [1] 1'0 $memory$flatten\boot.$auto$proc_rom.cc:155:do_switch$721$rdmux[0][3][0]$b$4731 [4] $memory$flatten\boot.$auto$proc_rom.cc:155:do_switch$721$rdmux[0][3][0]$b$4731 [1] $memory$flatten\boot.$auto$proc_rom.cc:155:do_switch$721$rdmux[0][3][0]$b$4731 [1] 1'0 }
    Consolidated identical input bits for $mux cell $memory$flatten\boot.$auto$proc_rom.cc:155:do_switch$721$rdmux[0][4][0]$4753:
      Old ports: A=$memory$flatten\boot.$auto$proc_rom.cc:155:do_switch$721$rdmux[0][4][0]$a$4754, B=$memory$flatten\boot.$auto$proc_rom.cc:155:do_switch$721$rdmux[0][4][0]$b$4755, Y=$memory$flatten\boot.$auto$proc_rom.cc:155:do_switch$721$rdmux[0][3][0]$a$4730
      New ports: A={ 1'1 $memory$flatten\boot.$auto$proc_rom.cc:155:do_switch$721$rdmux[0][4][0]$a$4754 [11] $memory$flatten\boot.$auto$proc_rom.cc:155:do_switch$721$rdmux[0][4][0]$a$4754 [0] 3'100 $memory$flatten\boot.$auto$proc_rom.cc:155:do_switch$721$rdmux[0][4][0]$a$4754 [0] $memory$flatten\boot.$auto$proc_rom.cc:155:do_switch$721$rdmux[0][4][0]$a$4754 [0] }, B={ $memory$flatten\boot.$auto$proc_rom.cc:155:do_switch$721$rdmux[0][4][0]$b$4755 [3] 1'1 $memory$flatten\boot.$auto$proc_rom.cc:155:do_switch$721$rdmux[0][4][0]$b$4755 [4] 1'0 $memory$flatten\boot.$auto$proc_rom.cc:155:do_switch$721$rdmux[0][4][0]$b$4755 [4:3] 2'10 }, Y={ $memory$flatten\boot.$auto$proc_rom.cc:155:do_switch$721$rdmux[0][3][0]$a$4730 [12:10] $memory$flatten\boot.$auto$proc_rom.cc:155:do_switch$721$rdmux[0][3][0]$a$4730 [8] $memory$flatten\boot.$auto$proc_rom.cc:155:do_switch$721$rdmux[0][3][0]$a$4730 [4:3] $memory$flatten\boot.$auto$proc_rom.cc:155:do_switch$721$rdmux[0][3][0]$a$4730 [1:0] }
      New connections: { $memory$flatten\boot.$auto$proc_rom.cc:155:do_switch$721$rdmux[0][3][0]$a$4730 [13] $memory$flatten\boot.$auto$proc_rom.cc:155:do_switch$721$rdmux[0][3][0]$a$4730 [9] $memory$flatten\boot.$auto$proc_rom.cc:155:do_switch$721$rdmux[0][3][0]$a$4730 [7:5] $memory$flatten\boot.$auto$proc_rom.cc:155:do_switch$721$rdmux[0][3][0]$a$4730 [2] } = { 1'0 $memory$flatten\boot.$auto$proc_rom.cc:155:do_switch$721$rdmux[0][3][0]$a$4730 [1] $memory$flatten\boot.$auto$proc_rom.cc:155:do_switch$721$rdmux[0][3][0]$a$4730 [3] $memory$flatten\boot.$auto$proc_rom.cc:155:do_switch$721$rdmux[0][3][0]$a$4730 [3] 2'00 }
  Optimizing cells in module \amiga_logic_core.
    Consolidated identical input bits for $mux cell $memory$flatten\boot.$auto$proc_rom.cc:155:do_switch$721$rdmux[0][3][4]$4741:
      Old ports: A=$memory$flatten\boot.$auto$proc_rom.cc:155:do_switch$721$rdmux[0][3][4]$a$4742, B=14'01011100000011, Y=$memory$flatten\boot.$auto$proc_rom.cc:155:do_switch$721$rdmux[0][2][2]$a$4724
      New ports: A={ $memory$flatten\boot.$auto$proc_rom.cc:155:do_switch$721$rdmux[0][3][4]$a$4742 [13:10] $memory$flatten\boot.$auto$proc_rom.cc:155:do_switch$721$rdmux[0][3][4]$a$4742 [8] $memory$flatten\boot.$auto$proc_rom.cc:155:do_switch$721$rdmux[0][3][4]$a$4742 [3] $memory$flatten\boot.$auto$proc_rom.cc:155:do_switch$721$rdmux[0][3][4]$a$4742 [0] $memory$flatten\boot.$auto$proc_rom.cc:155:do_switch$721$rdmux[0][3][4]$a$4742 [1:0] }, B=9'010110011, Y={ $memory$flatten\boot.$auto$proc_rom.cc:155:do_switch$721$rdmux[0][2][2]$a$4724 [13:10] $memory$flatten\boot.$auto$proc_rom.cc:155:do_switch$721$rdmux[0][2][2]$a$4724 [8] $memory$flatten\boot.$auto$proc_rom.cc:155:do_switch$721$rdmux[0][2][2]$a$4724 [3:0] }
      New connections: { $memory$flatten\boot.$auto$proc_rom.cc:155:do_switch$721$rdmux[0][2][2]$a$4724 [9] $memory$flatten\boot.$auto$proc_rom.cc:155:do_switch$721$rdmux[0][2][2]$a$4724 [7:4] } = { $memory$flatten\boot.$auto$proc_rom.cc:155:do_switch$721$rdmux[0][2][2]$a$4724 [1] 3'000 $memory$flatten\boot.$auto$proc_rom.cc:155:do_switch$721$rdmux[0][2][2]$a$4724 [3] }
    Consolidated identical input bits for $mux cell $memory$flatten\boot.$auto$proc_rom.cc:155:do_switch$721$rdmux[0][3][3]$4738:
      Old ports: A=$memory$flatten\boot.$auto$proc_rom.cc:155:do_switch$721$rdmux[0][3][3]$a$4739, B=$memory$flatten\boot.$auto$proc_rom.cc:155:do_switch$721$rdmux[0][3][3]$b$4740, Y=$memory$flatten\boot.$auto$proc_rom.cc:155:do_switch$721$rdmux[0][2][1]$b$4722
      New ports: A={ 1'0 $memory$flatten\boot.$auto$proc_rom.cc:155:do_switch$721$rdmux[0][3][3]$a$4739 [12] 2'11 $memory$flatten\boot.$auto$proc_rom.cc:155:do_switch$721$rdmux[0][3][3]$a$4739 [4] $memory$flatten\boot.$auto$proc_rom.cc:155:do_switch$721$rdmux[0][3][3]$a$4739 [8:7] $memory$flatten\boot.$auto$proc_rom.cc:155:do_switch$721$rdmux[0][3][3]$a$4739 [4] 1'0 }, B={ $memory$flatten\boot.$auto$proc_rom.cc:155:do_switch$721$rdmux[0][3][3]$b$4740 [13] $memory$flatten\boot.$auto$proc_rom.cc:155:do_switch$721$rdmux[0][3][3]$b$4740 [8] $memory$flatten\boot.$auto$proc_rom.cc:155:do_switch$721$rdmux[0][3][3]$b$4740 [11] $memory$flatten\boot.$auto$proc_rom.cc:155:do_switch$721$rdmux[0][3][3]$b$4740 [9] $memory$flatten\boot.$auto$proc_rom.cc:155:do_switch$721$rdmux[0][3][3]$b$4740 [9:7] $memory$flatten\boot.$auto$proc_rom.cc:155:do_switch$721$rdmux[0][3][3]$b$4740 [4] $memory$flatten\boot.$auto$proc_rom.cc:155:do_switch$721$rdmux[0][3][3]$b$4740 [0] }, Y={ $memory$flatten\boot.$auto$proc_rom.cc:155:do_switch$721$rdmux[0][2][1]$b$4722 [13:7] $memory$flatten\boot.$auto$proc_rom.cc:155:do_switch$721$rdmux[0][2][1]$b$4722 [4] $memory$flatten\boot.$auto$proc_rom.cc:155:do_switch$721$rdmux[0][2][1]$b$4722 [0] }
      New connections: { $memory$flatten\boot.$auto$proc_rom.cc:155:do_switch$721$rdmux[0][2][1]$b$4722 [6:5] $memory$flatten\boot.$auto$proc_rom.cc:155:do_switch$721$rdmux[0][2][1]$b$4722 [3:1] } = { 1'0 $memory$flatten\boot.$auto$proc_rom.cc:155:do_switch$721$rdmux[0][2][1]$b$4722 [0] 2'00 $memory$flatten\boot.$auto$proc_rom.cc:155:do_switch$721$rdmux[0][2][1]$b$4722 [0] }
    Consolidated identical input bits for $mux cell $memory$flatten\boot.$auto$proc_rom.cc:155:do_switch$721$rdmux[0][3][2]$4735:
      Old ports: A=$memory$flatten\boot.$auto$proc_rom.cc:155:do_switch$721$rdmux[0][3][2]$a$4736, B=$memory$flatten\boot.$auto$proc_rom.cc:155:do_switch$721$rdmux[0][3][2]$b$4737, Y=$memory$flatten\boot.$auto$proc_rom.cc:155:do_switch$721$rdmux[0][2][1]$a$4721
      New ports: A={ $memory$flatten\boot.$auto$proc_rom.cc:155:do_switch$721$rdmux[0][3][2]$a$4736 [13:12] $memory$flatten\boot.$auto$proc_rom.cc:155:do_switch$721$rdmux[0][3][2]$a$4736 [3] $memory$flatten\boot.$auto$proc_rom.cc:155:do_switch$721$rdmux[0][3][2]$a$4736 [10:9] $memory$flatten\boot.$auto$proc_rom.cc:155:do_switch$721$rdmux[0][3][2]$a$4736 [7] $memory$flatten\boot.$auto$proc_rom.cc:155:do_switch$721$rdmux[0][3][2]$a$4736 [7] $memory$flatten\boot.$auto$proc_rom.cc:155:do_switch$721$rdmux[0][3][2]$a$4736 [3:1] 1'0 }, B={ 4'0010 $memory$flatten\boot.$auto$proc_rom.cc:155:do_switch$721$rdmux[0][3][2]$b$4737 [9:7] $memory$flatten\boot.$auto$proc_rom.cc:155:do_switch$721$rdmux[0][3][2]$b$4737 [0] 2'00 $memory$flatten\boot.$auto$proc_rom.cc:155:do_switch$721$rdmux[0][3][2]$b$4737 [0] }, Y={ $memory$flatten\boot.$auto$proc_rom.cc:155:do_switch$721$rdmux[0][2][1]$a$4721 [13:7] $memory$flatten\boot.$auto$proc_rom.cc:155:do_switch$721$rdmux[0][2][1]$a$4721 [3:0] }
      New connections: $memory$flatten\boot.$auto$proc_rom.cc:155:do_switch$721$rdmux[0][2][1]$a$4721 [6:4] = { 2'00 $memory$flatten\boot.$auto$proc_rom.cc:155:do_switch$721$rdmux[0][2][1]$a$4721 [0] }
    Consolidated identical input bits for $mux cell $memory$flatten\boot.$auto$proc_rom.cc:155:do_switch$721$rdmux[0][3][1]$4732:
      Old ports: A=$memory$flatten\boot.$auto$proc_rom.cc:155:do_switch$721$rdmux[0][3][1]$a$4733, B=$memory$flatten\boot.$auto$proc_rom.cc:155:do_switch$721$rdmux[0][3][1]$b$4734, Y=$memory$flatten\boot.$auto$proc_rom.cc:155:do_switch$721$rdmux[0][2][0]$b$4719
      New ports: A={ $memory$flatten\boot.$auto$proc_rom.cc:155:do_switch$721$rdmux[0][3][1]$a$4733 [10:7] $memory$flatten\boot.$auto$proc_rom.cc:155:do_switch$721$rdmux[0][3][1]$a$4733 [4] 3'000 }, B={ $memory$flatten\boot.$auto$proc_rom.cc:155:do_switch$721$rdmux[0][3][1]$b$4734 [10:7] $memory$flatten\boot.$auto$proc_rom.cc:155:do_switch$721$rdmux[0][3][1]$b$4734 [4] $memory$flatten\boot.$auto$proc_rom.cc:155:do_switch$721$rdmux[0][3][1]$b$4734 [2:0] }, Y={ $memory$flatten\boot.$auto$proc_rom.cc:155:do_switch$721$rdmux[0][2][0]$b$4719 [10:7] $memory$flatten\boot.$auto$proc_rom.cc:155:do_switch$721$rdmux[0][2][0]$b$4719 [4] $memory$flatten\boot.$auto$proc_rom.cc:155:do_switch$721$rdmux[0][2][0]$b$4719 [2:0] }
      New connections: { $memory$flatten\boot.$auto$proc_rom.cc:155:do_switch$721$rdmux[0][2][0]$b$4719 [13:11] $memory$flatten\boot.$auto$proc_rom.cc:155:do_switch$721$rdmux[0][2][0]$b$4719 [6:5] $memory$flatten\boot.$auto$proc_rom.cc:155:do_switch$721$rdmux[0][2][0]$b$4719 [3] } = { $memory$flatten\boot.$auto$proc_rom.cc:155:do_switch$721$rdmux[0][2][0]$b$4719 [0] 4'0000 $memory$flatten\boot.$auto$proc_rom.cc:155:do_switch$721$rdmux[0][2][0]$b$4719 [0] }
    Consolidated identical input bits for $mux cell $memory$flatten\boot.$auto$proc_rom.cc:155:do_switch$721$rdmux[0][3][0]$4729:
      Old ports: A=$memory$flatten\boot.$auto$proc_rom.cc:155:do_switch$721$rdmux[0][3][0]$a$4730, B=$memory$flatten\boot.$auto$proc_rom.cc:155:do_switch$721$rdmux[0][3][0]$b$4731, Y=$memory$flatten\boot.$auto$proc_rom.cc:155:do_switch$721$rdmux[0][2][0]$a$4718
      New ports: A={ $memory$flatten\boot.$auto$proc_rom.cc:155:do_switch$721$rdmux[0][3][0]$a$4730 [12:10] $memory$flatten\boot.$auto$proc_rom.cc:155:do_switch$721$rdmux[0][3][0]$a$4730 [8] $memory$flatten\boot.$auto$proc_rom.cc:155:do_switch$721$rdmux[0][3][0]$a$4730 [3] $memory$flatten\boot.$auto$proc_rom.cc:155:do_switch$721$rdmux[0][3][0]$a$4730 [3] $memory$flatten\boot.$auto$proc_rom.cc:155:do_switch$721$rdmux[0][3][0]$a$4730 [4:3] 1'0 $memory$flatten\boot.$auto$proc_rom.cc:155:do_switch$721$rdmux[0][3][0]$a$4730 [1:0] }, B={ $memory$flatten\boot.$auto$proc_rom.cc:155:do_switch$721$rdmux[0][3][0]$b$4731 [12:11] $memory$flatten\boot.$auto$proc_rom.cc:155:do_switch$721$rdmux[0][3][0]$b$4731 [8] $memory$flatten\boot.$auto$proc_rom.cc:155:do_switch$721$rdmux[0][3][0]$b$4731 [8] 1'0 $memory$flatten\boot.$auto$proc_rom.cc:155:do_switch$721$rdmux[0][3][0]$b$4731 [4] $memory$flatten\boot.$auto$proc_rom.cc:155:do_switch$721$rdmux[0][3][0]$b$4731 [4:3] $memory$flatten\boot.$auto$proc_rom.cc:155:do_switch$721$rdmux[0][3][0]$b$4731 [1] $memory$flatten\boot.$auto$proc_rom.cc:155:do_switch$721$rdmux[0][3][0]$b$4731 [1] 1'0 }, Y={ $memory$flatten\boot.$auto$proc_rom.cc:155:do_switch$721$rdmux[0][2][0]$a$4718 [12:10] $memory$flatten\boot.$auto$proc_rom.cc:155:do_switch$721$rdmux[0][2][0]$a$4718 [8:6] $memory$flatten\boot.$auto$proc_rom.cc:155:do_switch$721$rdmux[0][2][0]$a$4718 [4:0] }
      New connections: { $memory$flatten\boot.$auto$proc_rom.cc:155:do_switch$721$rdmux[0][2][0]$a$4718 [13] $memory$flatten\boot.$auto$proc_rom.cc:155:do_switch$721$rdmux[0][2][0]$a$4718 [9] $memory$flatten\boot.$auto$proc_rom.cc:155:do_switch$721$rdmux[0][2][0]$a$4718 [5] } = { 1'0 $memory$flatten\boot.$auto$proc_rom.cc:155:do_switch$721$rdmux[0][2][0]$a$4718 [1] $memory$flatten\boot.$auto$proc_rom.cc:155:do_switch$721$rdmux[0][2][0]$a$4718 [2] }
  Optimizing cells in module \amiga_logic_core.
    Consolidated identical input bits for $mux cell $memory$flatten\boot.$auto$proc_rom.cc:155:do_switch$721$rdmux[0][2][2]$4723:
      Old ports: A=$memory$flatten\boot.$auto$proc_rom.cc:155:do_switch$721$rdmux[0][2][2]$a$4724, B=14'01011100000011, Y=$memory$flatten\boot.$auto$proc_rom.cc:155:do_switch$721$rdmux[0][1][1]$a$4715
      New ports: A={ $memory$flatten\boot.$auto$proc_rom.cc:155:do_switch$721$rdmux[0][2][2]$a$4724 [13:10] $memory$flatten\boot.$auto$proc_rom.cc:155:do_switch$721$rdmux[0][2][2]$a$4724 [8] $memory$flatten\boot.$auto$proc_rom.cc:155:do_switch$721$rdmux[0][2][2]$a$4724 [3:0] }, B=9'010110011, Y={ $memory$flatten\boot.$auto$proc_rom.cc:155:do_switch$721$rdmux[0][1][1]$a$4715 [13:10] $memory$flatten\boot.$auto$proc_rom.cc:155:do_switch$721$rdmux[0][1][1]$a$4715 [8] $memory$flatten\boot.$auto$proc_rom.cc:155:do_switch$721$rdmux[0][1][1]$a$4715 [3:0] }
      New connections: { $memory$flatten\boot.$auto$proc_rom.cc:155:do_switch$721$rdmux[0][1][1]$a$4715 [9] $memory$flatten\boot.$auto$proc_rom.cc:155:do_switch$721$rdmux[0][1][1]$a$4715 [7:4] } = { $memory$flatten\boot.$auto$proc_rom.cc:155:do_switch$721$rdmux[0][1][1]$a$4715 [1] 3'000 $memory$flatten\boot.$auto$proc_rom.cc:155:do_switch$721$rdmux[0][1][1]$a$4715 [3] }
    Consolidated identical input bits for $mux cell $memory$flatten\boot.$auto$proc_rom.cc:155:do_switch$721$rdmux[0][2][1]$4720:
      Old ports: A=$memory$flatten\boot.$auto$proc_rom.cc:155:do_switch$721$rdmux[0][2][1]$a$4721, B=$memory$flatten\boot.$auto$proc_rom.cc:155:do_switch$721$rdmux[0][2][1]$b$4722, Y=$memory$flatten\boot.$auto$proc_rom.cc:155:do_switch$721$rdmux[0][1][0]$b$4713
      New ports: A={ $memory$flatten\boot.$auto$proc_rom.cc:155:do_switch$721$rdmux[0][2][1]$a$4721 [13:7] 1'0 $memory$flatten\boot.$auto$proc_rom.cc:155:do_switch$721$rdmux[0][2][1]$a$4721 [0] $memory$flatten\boot.$auto$proc_rom.cc:155:do_switch$721$rdmux[0][2][1]$a$4721 [3:0] }, B={ $memory$flatten\boot.$auto$proc_rom.cc:155:do_switch$721$rdmux[0][2][1]$b$4722 [13:7] $memory$flatten\boot.$auto$proc_rom.cc:155:do_switch$721$rdmux[0][2][1]$b$4722 [0] $memory$flatten\boot.$auto$proc_rom.cc:155:do_switch$721$rdmux[0][2][1]$b$4722 [4] 2'00 $memory$flatten\boot.$auto$proc_rom.cc:155:do_switch$721$rdmux[0][2][1]$b$4722 [0] $memory$flatten\boot.$auto$proc_rom.cc:155:do_switch$721$rdmux[0][2][1]$b$4722 [0] }, Y={ $memory$flatten\boot.$auto$proc_rom.cc:155:do_switch$721$rdmux[0][1][0]$b$4713 [13:7] $memory$flatten\boot.$auto$proc_rom.cc:155:do_switch$721$rdmux[0][1][0]$b$4713 [5:0] }
      New connections: $memory$flatten\boot.$auto$proc_rom.cc:155:do_switch$721$rdmux[0][1][0]$b$4713 [6] = 1'0
  Optimizing cells in module \amiga_logic_core.
    Consolidated identical input bits for $mux cell $memory$flatten\boot.$auto$proc_rom.cc:155:do_switch$721$rdmux[0][1][1]$4714:
      Old ports: A=$memory$flatten\boot.$auto$proc_rom.cc:155:do_switch$721$rdmux[0][1][1]$a$4715, B=14'01011100000011, Y=$memory$flatten\boot.$auto$proc_rom.cc:155:do_switch$721$rdmux[0][0][0]$b$4710
      New ports: A={ $memory$flatten\boot.$auto$proc_rom.cc:155:do_switch$721$rdmux[0][1][1]$a$4715 [13:10] $memory$flatten\boot.$auto$proc_rom.cc:155:do_switch$721$rdmux[0][1][1]$a$4715 [8] $memory$flatten\boot.$auto$proc_rom.cc:155:do_switch$721$rdmux[0][1][1]$a$4715 [3:0] }, B=9'010110011, Y={ $memory$flatten\boot.$auto$proc_rom.cc:155:do_switch$721$rdmux[0][0][0]$b$4710 [13:10] $memory$flatten\boot.$auto$proc_rom.cc:155:do_switch$721$rdmux[0][0][0]$b$4710 [8] $memory$flatten\boot.$auto$proc_rom.cc:155:do_switch$721$rdmux[0][0][0]$b$4710 [3:0] }
      New connections: { $memory$flatten\boot.$auto$proc_rom.cc:155:do_switch$721$rdmux[0][0][0]$b$4710 [9] $memory$flatten\boot.$auto$proc_rom.cc:155:do_switch$721$rdmux[0][0][0]$b$4710 [7:4] } = { $memory$flatten\boot.$auto$proc_rom.cc:155:do_switch$721$rdmux[0][0][0]$b$4710 [1] 3'000 $memory$flatten\boot.$auto$proc_rom.cc:155:do_switch$721$rdmux[0][0][0]$b$4710 [3] }
  Optimizing cells in module \amiga_logic_core.
Performed a total of 45 changes.

15.33.5. Executing OPT_MERGE pass (detect identical cells).
Finding identical cells in module `\amiga_logic_core'.
Computing hashes of 945 cells of `\amiga_logic_core'.
Finding duplicate cells in `\amiga_logic_core'.
Computing hashes of 930 cells of `\amiga_logic_core'.
Finding duplicate cells in `\amiga_logic_core'.
<suppressed ~45 debug messages>
Removed a total of 15 cells.

15.33.6. Executing OPT_DFF pass (perform DFF optimizations).
Setting constant 0-bit at position 6 on $auto$ff.cc:337:slice$3608 ($sdffe) from module amiga_logic_core.
Setting constant 0-bit at position 7 on $auto$ff.cc:337:slice$3608 ($sdffe) from module amiga_logic_core.

15.33.7. Executing OPT_CLEAN pass (remove unused cells and wires).
Finding unused cells or wires in module \amiga_logic_core..
Removed 0 unused cells and 104 unused wires.
<suppressed ~1 debug messages>

15.33.8. Executing OPT_EXPR pass (perform const folding).
Optimizing module amiga_logic_core.

15.33.9. Rerunning OPT passes. (Maybe there is more to do..)

15.33.10. Executing OPT_MUXTREE pass (detect dead branches in mux trees).
Running muxtree optimizer on module \amiga_logic_core..
  Creating internal representation of mux trees.
  Evaluating internal representation of mux trees.
  Analyzing evaluation results.
Removed 0 multiplexer ports.
<suppressed ~245 debug messages>

15.33.11. Executing OPT_REDUCE pass (consolidate $*mux and $reduce_* inputs).
  Optimizing cells in module \amiga_logic_core.
    Consolidated identical input bits for $mux cell $memory$flatten\boot.$auto$proc_rom.cc:155:do_switch$721$rdmux[0][4][2]$4759:
      Old ports: A={ 1'0 $memory$flatten\boot.$auto$proc_rom.cc:155:do_switch$721$rdmux[0][4][0]$a$4754 [11] $memory$flatten\boot.$auto$proc_rom.cc:155:do_switch$721$rdmux[0][4][0]$a$4754 [0] $memory$flatten\boot.$auto$proc_rom.cc:155:do_switch$721$rdmux[0][4][0]$a$4754 [0] 1'0 }, B={ $memory$flatten\boot.$auto$proc_rom.cc:155:do_switch$721$rdmux[0][4][0]$a$4754 [11] $memory$flatten\boot.$auto$proc_rom.cc:155:do_switch$721$rdmux[0][4][0]$a$4754 [0] $memory$flatten\boot.$auto$proc_rom.cc:155:do_switch$721$rdmux[0][4][0]$a$4754 [0] 1'0 $memory$flatten\boot.$auto$proc_rom.cc:155:do_switch$721$rdmux[0][4][0]$a$4754 [0] }, Y={ $memory$flatten\boot.$auto$proc_rom.cc:155:do_switch$721$rdmux[0][3][1]$a$4733 [10:7] $memory$flatten\boot.$auto$proc_rom.cc:155:do_switch$721$rdmux[0][3][1]$a$4733 [4] }
      New ports: A={ 1'0 $memory$flatten\boot.$auto$proc_rom.cc:155:do_switch$721$rdmux[0][4][0]$a$4754 [11] $memory$flatten\boot.$auto$proc_rom.cc:155:do_switch$721$rdmux[0][4][0]$a$4754 [0] 1'0 }, B={ $memory$flatten\boot.$auto$proc_rom.cc:155:do_switch$721$rdmux[0][4][0]$a$4754 [11] $memory$flatten\boot.$auto$proc_rom.cc:155:do_switch$721$rdmux[0][4][0]$a$4754 [0] 1'0 $memory$flatten\boot.$auto$proc_rom.cc:155:do_switch$721$rdmux[0][4][0]$a$4754 [0] }, Y={ $memory$flatten\boot.$auto$proc_rom.cc:155:do_switch$721$rdmux[0][3][1]$a$4733 [10:9] $memory$flatten\boot.$auto$proc_rom.cc:155:do_switch$721$rdmux[0][3][1]$a$4733 [7] $memory$flatten\boot.$auto$proc_rom.cc:155:do_switch$721$rdmux[0][3][1]$a$4733 [4] }
      New connections: $memory$flatten\boot.$auto$proc_rom.cc:155:do_switch$721$rdmux[0][3][1]$a$4733 [8] = $memory$flatten\boot.$auto$proc_rom.cc:155:do_switch$721$rdmux[0][4][0]$a$4754 [0]
    Consolidated identical input bits for $mux cell $memory$flatten\boot.$auto$proc_rom.cc:155:do_switch$721$rdmux[0][4][1]$4756:
      Old ports: A={ $memory$flatten\boot.$auto$proc_rom.cc:155:do_switch$721$rdmux[0][4][0]$a$4754 [11] $memory$flatten\boot.$auto$proc_rom.cc:155:do_switch$721$rdmux[0][4][0]$a$4754 [0] $memory$flatten\boot.$auto$proc_rom.cc:155:do_switch$721$rdmux[0][4][0]$a$4754 [0] $memory$flatten\boot.$auto$proc_rom.cc:155:do_switch$721$rdmux[0][4][0]$a$4754 [11] 1'1 $memory$flatten\boot.$auto$proc_rom.cc:155:do_switch$721$rdmux[0][4][0]$a$4754 [0] }, B={ 1'1 $memory$flatten\boot.$auto$proc_rom.cc:155:do_switch$721$rdmux[0][4][0]$a$4754 [11] $memory$flatten\boot.$auto$proc_rom.cc:155:do_switch$721$rdmux[0][4][0]$a$4754 [0] 3'000 }, Y={ $memory$flatten\boot.$auto$proc_rom.cc:155:do_switch$721$rdmux[0][3][0]$b$4731 [12:11] $memory$flatten\boot.$auto$proc_rom.cc:155:do_switch$721$rdmux[0][3][0]$b$4731 [8] $memory$flatten\boot.$auto$proc_rom.cc:155:do_switch$721$rdmux[0][3][0]$b$4731 [4:3] $memory$flatten\boot.$auto$proc_rom.cc:155:do_switch$721$rdmux[0][3][0]$b$4731 [1] }
      New ports: A={ $memory$flatten\boot.$auto$proc_rom.cc:155:do_switch$721$rdmux[0][4][0]$a$4754 [11] $memory$flatten\boot.$auto$proc_rom.cc:155:do_switch$721$rdmux[0][4][0]$a$4754 [0] $memory$flatten\boot.$auto$proc_rom.cc:155:do_switch$721$rdmux[0][4][0]$a$4754 [11] 1'1 $memory$flatten\boot.$auto$proc_rom.cc:155:do_switch$721$rdmux[0][4][0]$a$4754 [0] }, B={ 1'1 $memory$flatten\boot.$auto$proc_rom.cc:155:do_switch$721$rdmux[0][4][0]$a$4754 [11] 3'000 }, Y={ $memory$flatten\boot.$auto$proc_rom.cc:155:do_switch$721$rdmux[0][3][0]$b$4731 [12:11] $memory$flatten\boot.$auto$proc_rom.cc:155:do_switch$721$rdmux[0][3][0]$b$4731 [4:3] $memory$flatten\boot.$auto$proc_rom.cc:155:do_switch$721$rdmux[0][3][0]$b$4731 [1] }
      New connections: $memory$flatten\boot.$auto$proc_rom.cc:155:do_switch$721$rdmux[0][3][0]$b$4731 [8] = $memory$flatten\boot.$auto$proc_rom.cc:155:do_switch$721$rdmux[0][4][0]$a$4754 [0]
  Optimizing cells in module \amiga_logic_core.
Performed a total of 2 changes.

15.33.12. Executing OPT_MERGE pass (detect identical cells).
Finding identical cells in module `\amiga_logic_core'.
Computing hashes of 930 cells of `\amiga_logic_core'.
Finding duplicate cells in `\amiga_logic_core'.
Removed a total of 0 cells.

15.33.13. Executing OPT_DFF pass (perform DFF optimizations).
Adding SRST signal on $$flatten\boot.$auto$proc_rom.cc:155:do_switch$721$rdreg[0] ($dff) from module amiga_logic_core (D = $memory$flatten\boot.$auto$proc_rom.cc:155:do_switch$721$rdmux[0][2][0]$a$4718 [6], Q = \boot.entry [6], rval = 1'0).
Adding SRST signal on $$flatten\boot.$auto$proc_rom.cc:155:do_switch$721$rdreg[0] ($dff) from module amiga_logic_core (D = { $memory$flatten\boot.$auto$proc_rom.cc:155:do_switch$721$rdmux[0][0][0]$a$4709 [7] $memory$flatten\boot.$auto$proc_rom.cc:155:do_switch$721$rdmux[0][0][0]$a$4709 [5] }, Q = { \boot.entry [7] \boot.entry [5] }, rval = 2'00).

15.33.14. Executing OPT_CLEAN pass (remove unused cells and wires).
Finding unused cells or wires in module \amiga_logic_core..

15.33.15. Executing OPT_EXPR pass (perform const folding).
Optimizing module amiga_logic_core.

15.33.16. Rerunning OPT passes. (Maybe there is more to do..)

15.33.17. Executing OPT_MUXTREE pass (detect dead branches in mux trees).
Running muxtree optimizer on module \amiga_logic_core..
  Creating internal representation of mux trees.
  Evaluating internal representation of mux trees.
  Analyzing evaluation results.
Removed 0 multiplexer ports.
<suppressed ~245 debug messages>

15.33.18. Executing OPT_REDUCE pass (consolidate $*mux and $reduce_* inputs).
  Optimizing cells in module \amiga_logic_core.
Performed a total of 0 changes.

15.33.19. Executing OPT_MERGE pass (detect identical cells).
Finding identical cells in module `\amiga_logic_core'.
Computing hashes of 933 cells of `\amiga_logic_core'.
Finding duplicate cells in `\amiga_logic_core'.
Removed a total of 0 cells.

15.33.20. Executing OPT_DFF pass (perform DFF optimizations).

15.33.21. Executing OPT_CLEAN pass (remove unused cells and wires).
Finding unused cells or wires in module \amiga_logic_core..

15.33.22. Executing OPT_EXPR pass (perform const folding).
Optimizing module amiga_logic_core.

15.33.23. Finished fast OPT passes. (There is nothing left to do.)

15.34. Executing TECHMAP pass (map to technology primitives).

15.34.1. Executing Verilog-2005 frontend: /share/techmap.v
Parsing Verilog input from `/share/techmap.v' to AST representation.
Generating RTLIL representation for module `\_90_simplemap_bool_ops'.
Generating RTLIL representation for module `\_90_simplemap_reduce_ops'.
Generating RTLIL representation for module `\_90_simplemap_logic_ops'.
Generating RTLIL representation for module `\_90_simplemap_compare_ops'.
Generating RTLIL representation for module `\_90_simplemap_various'.
Generating RTLIL representation for module `\_90_simplemap_registers'.
Generating RTLIL representation for module `\_90_shift_ops_shr_shl_sshl_sshr'.
Generating RTLIL representation for module `\_90_shift_shiftx'.
Generating RTLIL representation for module `\_90_fa'.
Generating RTLIL representation for module `\_90_lcu_brent_kung'.
Generating RTLIL representation for module `\_90_alu'.
Generating RTLIL representation for module `\_90_macc'.
Generating RTLIL representation for module `\_90_alumacc'.
Generating RTLIL representation for module `$__div_mod_u'.
Generating RTLIL representation for module `$__div_mod_trunc'.
Generating RTLIL representation for module `\_90_div'.
Generating RTLIL representation for module `\_90_mod'.
Generating RTLIL representation for module `$__div_mod_floor'.
Generating RTLIL representation for module `\_90_divfloor'.
Generating RTLIL representation for module `\_90_modfloor'.
Generating RTLIL representation for module `\_90_pow'.
Generating RTLIL representation for module `\_90_demux'.
Generating RTLIL representation for module `\_90_lut'.
Generating RTLIL representation for module `$connect'.
Generating RTLIL representation for module `$input_port'.
Successfully finished Verilog frontend.

15.34.2. Executing Verilog-2005 frontend: /share/gowin/arith_map.v
Parsing Verilog input from `/share/gowin/arith_map.v' to AST representation.
Generating RTLIL representation for module `\_80_gw1n_alu'.
Successfully finished Verilog frontend.

15.34.3. Continuing TECHMAP pass.
Using extmapper simplemap for cells of type $dff.
Using extmapper simplemap for cells of type $sdff.
Using extmapper simplemap for cells of type $reduce_or.
Using extmapper simplemap for cells of type $sdffe.
Using extmapper simplemap for cells of type $not.
Using template $paramod$a2af9b43308e3114c3b5dd3f4dc3329b2387395d\_80_gw1n_alu for cells of type $alu.
Using template $paramod$d2fa05d38998afabc6d4f34471305d0af4b8b2df\_80_gw1n_alu for cells of type $alu.
Using extmapper simplemap for cells of type $mux.
Using extmapper simplemap for cells of type $and.
Using extmapper simplemap for cells of type $eq.
Using template $paramod$20b1d0597707d55efcb9664e40f63985956d7680\_80_gw1n_alu for cells of type $alu.
Using template $paramod$b8c0a997bce700f23568a5ada79cc6781d1f5ca0\_80_gw1n_alu for cells of type $alu.
Using template $paramod$b3c20b05d9b1fc2c940ef2f6c917486aead042e8\_80_gw1n_alu for cells of type $alu.
Using template $paramod$175e67c02b86e96b1288b9dc100122520d7240d8\_90_alu for cells of type $alu.
Using template $paramod$c3cd1564c35d873179656addd6052d7ea8b6d991\_80_gw1n_alu for cells of type $alu.
Using template $paramod$991bbe18dd1450046b50fa95ae910e30372cfafb\_80_gw1n_alu for cells of type $alu.
Using template $paramod$93b49458bab1c00eb32aff458c583f46ff61e60f\_80_gw1n_alu for cells of type $alu.
Using template $paramod$2f5fb04daf2da94d981bf9455fa4454c6ec8b705\_80_gw1n_alu for cells of type $alu.
Using template $paramod$215440792383f7884e57d9c95f84e9552d0bf4ac\_80_gw1n_alu for cells of type $alu.
Using template $paramod$8f780356cb6cdb52f6a744190131b65634639c4e\_80_gw1n_alu for cells of type $alu.
Using template $paramod$ea402187f386206c0840504755479bf827f47707\_80_gw1n_alu for cells of type $alu.
Using extmapper simplemap for cells of type $or.
Using extmapper simplemap for cells of type $reduce_and.
Using extmapper simplemap for cells of type $xor.
Using template $paramod$050f15daba5036a0512adf25d3c6631f629623f7\_80_gw1n_alu for cells of type $alu.
Using template $paramod$c15aee48e26a714a5f3d013cd387ce60c26c192c\_80_gw1n_alu for cells of type $alu.
Using template $paramod$ce0ec84be7047712840b0952f343ee9e63ef75d1\_80_gw1n_alu for cells of type $alu.
Using template $paramod$32efbfac1c4dc57230cf86180788fdfd12e3b511\_80_gw1n_alu for cells of type $alu.
Using template $paramod$0a77e3c00010cb33e399decd813a7380c6e25cba\_80_gw1n_alu for cells of type $alu.
Using template $paramod$103b4016182df467cceab67bcf3e18e6361ec0fd\_80_gw1n_alu for cells of type $alu.
Using template $paramod$3ef7d3dd227da7627a99c5e5a6a4deb817573e39\_80_gw1n_alu for cells of type $alu.
Using template $paramod$32a7b7b86c07519b7537abc18e96f0331f97914d\_80_gw1n_alu for cells of type $alu.
Using template $paramod$dc04b7d98e503a7bab16fce2df70e6e2c5ca34d6\_80_gw1n_alu for cells of type $alu.
Using template $paramod$a1bc51c02ce12ac21eb18988e83292af48ed7d72\_80_gw1n_alu for cells of type $alu.
Using template $paramod$f956edc9fe4df758d9fdb10bfc518a364c99e75e\_80_gw1n_alu for cells of type $alu.
Using template $paramod$fc972a7a46956c1788f3cb5257b53c8f1df2d0cc\_90_alu for cells of type $alu.
Using template $paramod$8441c334d863ed42b55f25e60c0d690241b4051f\_80_gw1n_alu for cells of type $alu.
Using template $paramod$487c0d6ce38e02d4d40b33bf9d69d05e54d0cf31\_80_gw1n_alu for cells of type $alu.
Using template $paramod$47f54ff2f0cc9449305556c1cf611d590a7c17fb\_80_gw1n_alu for cells of type $alu.
Using template $paramod$2248a14cf51c2d52bf82127b6b5bbf29eae4e7f9\_80_gw1n_alu for cells of type $alu.
Using template $paramod$d67ae1273edc8874e6a00345940ea85493253e52\_80_gw1n_alu for cells of type $alu.
Using template $paramod$dbcdc7e8aa1a4080cea2deda6fdc8772064f4d90\_80_gw1n_alu for cells of type $alu.
Using template $paramod$2116a631f856d4d4902c2618dca73dafa3b8c9c0\_80_gw1n_alu for cells of type $alu.
Using template $paramod$8245a1deaa0ec2c7dc45508fdb710d588877745b\_80_gw1n_alu for cells of type $alu.
Using template $paramod$6f67705c43e5e94c02b6ebb52209ce5aa5ade4c1\_80_gw1n_alu for cells of type $alu.
Using template $paramod$7e708ae28ab761f11d0fb59d3ffc72f6a4baf5d9\_90_alu for cells of type $alu.
Using template $paramod$f6be9c44ab2ca5376bc6f0f45697cdb0ad470520\_80_gw1n_alu for cells of type $alu.
Using template $paramod$9156dc21c2b570fa3660be2e901b5ab03907aeb1\_80_gw1n_alu for cells of type $alu.
Using template $paramod$950cc9f9d9b07c09d0ee4a231126f2c8a3c4f78a\_80_gw1n_alu for cells of type $alu.
Using template $paramod$cd54e322aa4265ca236096fe4bb634aaec4e39b4\_80_gw1n_alu for cells of type $alu.
Using template $paramod$22b95c1bfeece9a7c6bf4fcd9399e4ee87091e97\_80_gw1n_alu for cells of type $alu.
Using extmapper simplemap for cells of type $ne.
Using extmapper simplemap for cells of type $reduce_bool.
Using extmapper simplemap for cells of type $adffe.
Using extmapper simplemap for cells of type $logic_not.
Using extmapper simplemap for cells of type $logic_and.
Using extmapper simplemap for cells of type $adff.
Using extmapper simplemap for cells of type $logic_or.
Using template $paramod$constmap:8876c1e1fa289f4793438d4e34d232728e6a9746$paramod$92adee9538f2381d8e5006822c900eb986d754e8\_90_shift_shiftx for cells of type $shiftx.
Using extmapper simplemap for cells of type $pmux.
Using extmapper simplemap for cells of type $pos.
Using template $paramod\_90_fa\WIDTH=32'00000000000000000000000000000001 for cells of type $fa.
Using template $paramod\_90_lcu_brent_kung\WIDTH=32'00000000000000000000000000000001 for cells of type $lcu.
Using template $paramod\_90_fa\WIDTH=32'00000000000000000000000000000010 for cells of type $fa.
Using template $paramod\_90_lcu_brent_kung\WIDTH=32'00000000000000000000000000000010 for cells of type $lcu.
No more expansions possible.
<suppressed ~2995 debug messages>

15.35. Executing OPT pass (performing simple optimizations).

15.35.1. Executing OPT_EXPR pass (perform const folding).
Optimizing module amiga_logic_core.
<suppressed ~2767 debug messages>

15.35.2. Executing OPT_MERGE pass (detect identical cells).
Finding identical cells in module `\amiga_logic_core'.
Computing hashes of 4269 cells of `\amiga_logic_core'.
Finding duplicate cells in `\amiga_logic_core'.
Computing hashes of 4021 cells of `\amiga_logic_core'.
Finding duplicate cells in `\amiga_logic_core'.
Computing hashes of 3975 cells of `\amiga_logic_core'.
Finding duplicate cells in `\amiga_logic_core'.
Computing hashes of 3969 cells of `\amiga_logic_core'.
Finding duplicate cells in `\amiga_logic_core'.
Computing hashes of 3967 cells of `\amiga_logic_core'.
Finding duplicate cells in `\amiga_logic_core'.
<suppressed ~906 debug messages>
Removed a total of 302 cells.

15.35.3. Executing OPT_DFF pass (perform DFF optimizations).

15.35.4. Executing OPT_CLEAN pass (remove unused cells and wires).
Finding unused cells or wires in module \amiga_logic_core..
Removed 151 unused cells and 2608 unused wires.
<suppressed ~152 debug messages>

15.35.5. Finished fast OPT passes.

15.36. Executing OPT_CLEAN pass (remove unused cells and wires).
Finding unused cells or wires in module \amiga_logic_core..

15.37. Executing DFFLEGALIZE pass (convert FFs and LATCHes to types supported by the target).

15.38. Executing TECHMAP pass (map to technology primitives).

15.38.1. Executing Verilog-2005 frontend: /share/gowin/cells_map.v
Parsing Verilog input from `/share/gowin/cells_map.v' to AST representation.
Generating RTLIL representation for module `$_DFF_N_'.
Generating RTLIL representation for module `$_DFF_P_'.
Generating RTLIL representation for module `$_DFFE_PP_'.
Generating RTLIL representation for module `$_DFFE_NP_'.
Generating RTLIL representation for module `$_SDFF_PP0_'.
Generating RTLIL representation for module `$_SDFF_NP0_'.
Generating RTLIL representation for module `$_SDFFE_PP0P_'.
Generating RTLIL representation for module `$_SDFFE_NP0P_'.
Generating RTLIL representation for module `$_SDFF_PP1_'.
Generating RTLIL representation for module `$_SDFF_NP1_'.
Generating RTLIL representation for module `$_SDFFE_PP1P_'.
Generating RTLIL representation for module `$_SDFFE_NP1P_'.
Generating RTLIL representation for module `$_DFF_PP1_'.
Generating RTLIL representation for module `$_DFF_NP1_'.
Generating RTLIL representation for module `$_DFF_PP0_'.
Generating RTLIL representation for module `$_DFF_NP0_'.
Generating RTLIL representation for module `$_DFFE_PP1P_'.
Generating RTLIL representation for module `$_DFFE_NP1P_'.
Generating RTLIL representation for module `$_DFFE_PP0P_'.
Generating RTLIL representation for module `$_DFFE_NP0P_'.
Generating RTLIL representation for module `$lut'.
Successfully finished Verilog frontend.

15.38.2. Continuing TECHMAP pass.
Using template $_DFF_P_ for cells of type $_DFF_P_.
Using template $_DFFE_NP0P_ for cells of type $_DFFE_NP0P_.
Using template $_DFF_PP0_ for cells of type $_DFF_PP0_.
Using template $_DFFE_NP1P_ for cells of type $_DFFE_NP1P_.
Using template $_DFF_PP1_ for cells of type $_DFF_PP1_.
Using template $_DFF_NP1_ for cells of type $_DFF_NP1_.
Using template $_SDFF_PP0_ for cells of type $_SDFF_PP0_.
Using template $_SDFFE_PP0P_ for cells of type $_SDFFE_PP0P_.
Using template $_SDFF_PP1_ for cells of type $_SDFF_PP1_.
Using template $_SDFFE_PP1P_ for cells of type $_SDFFE_PP1P_.
Using template $_DFFE_PP0P_ for cells of type $_DFFE_PP0P_.
No more expansions possible.
<suppressed ~699 debug messages>

15.39. Executing TECHMAP pass (map to technology primitives).

15.39.1. Executing Verilog-2005 frontend: /share/gowin/cells_latch.v
Parsing Verilog input from `/share/gowin/cells_latch.v' to AST representation.
Generating RTLIL representation for module `$_DLATCH_P_'.
Generating RTLIL representation for module `$_DLATCH_N_'.
Generating RTLIL representation for module `$_DLATCH_PP0_'.
Generating RTLIL representation for module `$_DLATCH_NP0_'.
Generating RTLIL representation for module `$_DLATCH_PP1_'.
Generating RTLIL representation for module `$_DLATCH_NP1_'.
Successfully finished Verilog frontend.

15.39.2. Continuing TECHMAP pass.
No more expansions possible.
<suppressed ~8 debug messages>

15.40. Executing OPT_EXPR pass (perform const folding).
Optimizing module amiga_logic_core.
<suppressed ~2 debug messages>

15.41. Executing SIMPLEMAP pass (map simple cells to gate primitives).

15.42. Executing SORT pass.

15.43. Executing Verilog-2005 frontend: /share/abc9_model.v
Parsing Verilog input from `/share/abc9_model.v' to AST representation.
Generating RTLIL representation for module `$__ABC9_DELAY'.
Generating RTLIL representation for module `$__ABC9_SCC_BREAKER'.
Generating RTLIL representation for module `$__DFF_N__$abc9_flop'.
Generating RTLIL representation for module `$__DFF_P__$abc9_flop'.
Successfully finished Verilog frontend.

15.44. Executing ABC9 pass.

15.44.1. Executing ABC9_OPS pass (helper functions for ABC9).

15.44.2. Executing ABC9_OPS pass (helper functions for ABC9).

15.44.3. Executing PROC pass (convert processes to netlists).

15.44.3.1. Executing PROC_CLEAN pass (remove empty switches from decision trees).
Found and cleaned up 1 empty switch in `$paramod\ALU\ALU_MODE=s32'00000000000000000000000000000010.$proc$/share/gowin/cells_sim.v:1064$14503'.
Cleaned up 1 empty switch.

15.44.3.2. Executing PROC_RMDEAD pass (remove dead branches from decision trees).
Removed a total of 0 dead cases.

15.44.3.3. Executing PROC_PRUNE pass (remove redundant assignments in processes).
Removed 0 redundant assignments.
Promoted 4 assignments to connections.

15.44.3.4. Executing PROC_INIT pass (extract init attributes).

15.44.3.5. Executing PROC_ARST pass (detect async resets in processes).

15.44.3.6. Executing PROC_ROM pass (convert switches to ROMs).
Converted 0 switches.

15.44.3.7. Executing PROC_MUX pass (convert decision trees to multiplexers).
Creating decoders for process `$paramod\ALU\ALU_MODE=s32'00000000000000000000000000000010.$proc$/share/gowin/cells_sim.v:1064$14503'.

15.44.3.8. Executing PROC_DLATCH pass (convert process syncs to latches).
No latch inferred for signal `$paramod\ALU\ALU_MODE=s32'00000000000000000000000000000010.\C' from process `$paramod\ALU\ALU_MODE=s32'00000000000000000000000000000010.$proc$/share/gowin/cells_sim.v:1064$14503'.
No latch inferred for signal `$paramod\ALU\ALU_MODE=s32'00000000000000000000000000000010.\S' from process `$paramod\ALU\ALU_MODE=s32'00000000000000000000000000000010.$proc$/share/gowin/cells_sim.v:1064$14503'.

15.44.3.9. Executing PROC_DFF pass (convert process syncs to FFs).

15.44.3.10. Executing PROC_MEMWR pass (convert process memory writes to cells).

15.44.3.11. Executing PROC_CLEAN pass (remove empty switches from decision trees).
Removing empty process `$paramod\ALU\ALU_MODE=s32'00000000000000000000000000000010.$proc$/share/gowin/cells_sim.v:1064$14503'.
Cleaned up 0 empty switches.

15.44.4. Executing PROC pass (convert processes to netlists).

15.44.4.1. Executing PROC_CLEAN pass (remove empty switches from decision trees).
Cleaned up 0 empty switches.

15.44.4.2. Executing PROC_RMDEAD pass (remove dead branches from decision trees).
Marked 1 switch rules as full_case in process $proc$/share/gowin/cells_sim.v:535$231 in module DFFNCE.
Removed a total of 0 dead cases.

15.44.4.3. Executing PROC_PRUNE pass (remove redundant assignments in processes).
Removed 0 redundant assignments.
Promoted 1 assignment to connection.

15.44.4.4. Executing PROC_INIT pass (extract init attributes).
Found init rule in `\DFFNCE.$proc$/share/gowin/cells_sim.v:526$232'.
  Set init value: \Q = 1'0

15.44.4.5. Executing PROC_ARST pass (detect async resets in processes).
Found async reset \CLEAR in `\DFFNCE.$proc$/share/gowin/cells_sim.v:535$231'.

15.44.4.6. Executing PROC_ROM pass (convert switches to ROMs).
Converted 0 switches.
<suppressed ~1 debug messages>

15.44.4.7. Executing PROC_MUX pass (convert decision trees to multiplexers).
Creating decoders for process `\DFFNCE.$proc$/share/gowin/cells_sim.v:526$232'.
Creating decoders for process `\DFFNCE.$proc$/share/gowin/cells_sim.v:535$231'.
     1/1: $0\Q[0:0]

15.44.4.8. Executing PROC_DLATCH pass (convert process syncs to latches).

15.44.4.9. Executing PROC_DFF pass (convert process syncs to FFs).
Creating register for signal `\DFFNCE.\Q' using process `\DFFNCE.$proc$/share/gowin/cells_sim.v:535$231'.
  created $adff cell `$procdff$14512' with negative edge clock and positive level reset.

15.44.4.10. Executing PROC_MEMWR pass (convert process memory writes to cells).

15.44.4.11. Executing PROC_CLEAN pass (remove empty switches from decision trees).
Removing empty process `DFFNCE.$proc$/share/gowin/cells_sim.v:526$232'.
Found and cleaned up 1 empty switch in `\DFFNCE.$proc$/share/gowin/cells_sim.v:535$231'.
Removing empty process `DFFNCE.$proc$/share/gowin/cells_sim.v:535$231'.
Cleaned up 1 empty switch.

15.44.5. Executing PROC pass (convert processes to netlists).

15.44.5.1. Executing PROC_CLEAN pass (remove empty switches from decision trees).
Cleaned up 0 empty switches.

15.44.5.2. Executing PROC_RMDEAD pass (remove dead branches from decision trees).
Marked 1 switch rules as full_case in process $proc$/share/gowin/cells_sim.v:496$227 in module DFFNPE.
Removed a total of 0 dead cases.

15.44.5.3. Executing PROC_PRUNE pass (remove redundant assignments in processes).
Removed 0 redundant assignments.
Promoted 1 assignment to connection.

15.44.5.4. Executing PROC_INIT pass (extract init attributes).
Found init rule in `\DFFNPE.$proc$/share/gowin/cells_sim.v:487$228'.
  Set init value: \Q = 1'1

15.44.5.5. Executing PROC_ARST pass (detect async resets in processes).
Found async reset \PRESET in `\DFFNPE.$proc$/share/gowin/cells_sim.v:496$227'.

15.44.5.6. Executing PROC_ROM pass (convert switches to ROMs).
Converted 0 switches.
<suppressed ~1 debug messages>

15.44.5.7. Executing PROC_MUX pass (convert decision trees to multiplexers).
Creating decoders for process `\DFFNPE.$proc$/share/gowin/cells_sim.v:487$228'.
Creating decoders for process `\DFFNPE.$proc$/share/gowin/cells_sim.v:496$227'.
     1/1: $0\Q[0:0]

15.44.5.8. Executing PROC_DLATCH pass (convert process syncs to latches).

15.44.5.9. Executing PROC_DFF pass (convert process syncs to FFs).
Creating register for signal `\DFFNPE.\Q' using process `\DFFNPE.$proc$/share/gowin/cells_sim.v:496$227'.
  created $adff cell `$procdff$14517' with negative edge clock and positive level reset.

15.44.5.10. Executing PROC_MEMWR pass (convert process memory writes to cells).

15.44.5.11. Executing PROC_CLEAN pass (remove empty switches from decision trees).
Removing empty process `DFFNPE.$proc$/share/gowin/cells_sim.v:487$228'.
Found and cleaned up 1 empty switch in `\DFFNPE.$proc$/share/gowin/cells_sim.v:496$227'.
Removing empty process `DFFNPE.$proc$/share/gowin/cells_sim.v:496$227'.
Cleaned up 1 empty switch.

15.44.6. Executing PROC pass (convert processes to netlists).

15.44.6.1. Executing PROC_CLEAN pass (remove empty switches from decision trees).
Cleaned up 0 empty switches.

15.44.6.2. Executing PROC_RMDEAD pass (remove dead branches from decision trees).
Marked 1 switch rules as full_case in process $proc$/share/gowin/cells_sim.v:348$211 in module DFFCE.
Removed a total of 0 dead cases.

15.44.6.3. Executing PROC_PRUNE pass (remove redundant assignments in processes).
Removed 0 redundant assignments.
Promoted 1 assignment to connection.

15.44.6.4. Executing PROC_INIT pass (extract init attributes).
Found init rule in `\DFFCE.$proc$/share/gowin/cells_sim.v:339$212'.
  Set init value: \Q = 1'0

15.44.6.5. Executing PROC_ARST pass (detect async resets in processes).
Found async reset \CLEAR in `\DFFCE.$proc$/share/gowin/cells_sim.v:348$211'.

15.44.6.6. Executing PROC_ROM pass (convert switches to ROMs).
Converted 0 switches.
<suppressed ~1 debug messages>

15.44.6.7. Executing PROC_MUX pass (convert decision trees to multiplexers).
Creating decoders for process `\DFFCE.$proc$/share/gowin/cells_sim.v:339$212'.
Creating decoders for process `\DFFCE.$proc$/share/gowin/cells_sim.v:348$211'.
     1/1: $0\Q[0:0]

15.44.6.8. Executing PROC_DLATCH pass (convert process syncs to latches).

15.44.6.9. Executing PROC_DFF pass (convert process syncs to FFs).
Creating register for signal `\DFFCE.\Q' using process `\DFFCE.$proc$/share/gowin/cells_sim.v:348$211'.
  created $adff cell `$procdff$14522' with positive edge clock and positive level reset.

15.44.6.10. Executing PROC_MEMWR pass (convert process memory writes to cells).

15.44.6.11. Executing PROC_CLEAN pass (remove empty switches from decision trees).
Removing empty process `DFFCE.$proc$/share/gowin/cells_sim.v:339$212'.
Found and cleaned up 1 empty switch in `\DFFCE.$proc$/share/gowin/cells_sim.v:348$211'.
Removing empty process `DFFCE.$proc$/share/gowin/cells_sim.v:348$211'.
Cleaned up 1 empty switch.

15.44.7. Executing PROC pass (convert processes to netlists).

15.44.7.1. Executing PROC_CLEAN pass (remove empty switches from decision trees).
Cleaned up 0 empty switches.

15.44.7.2. Executing PROC_RMDEAD pass (remove dead branches from decision trees).
Marked 1 switch rules as full_case in process $proc$/share/gowin/cells_sim.v:328$209 in module DFFC.
Removed a total of 0 dead cases.

15.44.7.3. Executing PROC_PRUNE pass (remove redundant assignments in processes).
Removed 1 redundant assignment.
Promoted 1 assignment to connection.

15.44.7.4. Executing PROC_INIT pass (extract init attributes).
Found init rule in `\DFFC.$proc$/share/gowin/cells_sim.v:320$210'.
  Set init value: \Q = 1'0

15.44.7.5. Executing PROC_ARST pass (detect async resets in processes).
Found async reset \CLEAR in `\DFFC.$proc$/share/gowin/cells_sim.v:328$209'.

15.44.7.6. Executing PROC_ROM pass (convert switches to ROMs).
Converted 0 switches.

15.44.7.7. Executing PROC_MUX pass (convert decision trees to multiplexers).
Creating decoders for process `\DFFC.$proc$/share/gowin/cells_sim.v:320$210'.
Creating decoders for process `\DFFC.$proc$/share/gowin/cells_sim.v:328$209'.
     1/1: $0\Q[0:0]

15.44.7.8. Executing PROC_DLATCH pass (convert process syncs to latches).

15.44.7.9. Executing PROC_DFF pass (convert process syncs to FFs).
Creating register for signal `\DFFC.\Q' using process `\DFFC.$proc$/share/gowin/cells_sim.v:328$209'.
  created $adff cell `$procdff$14525' with positive edge clock and positive level reset.

15.44.7.10. Executing PROC_MEMWR pass (convert process memory writes to cells).

15.44.7.11. Executing PROC_CLEAN pass (remove empty switches from decision trees).
Removing empty process `DFFC.$proc$/share/gowin/cells_sim.v:320$210'.
Removing empty process `DFFC.$proc$/share/gowin/cells_sim.v:328$209'.
Cleaned up 0 empty switches.

15.44.8. Executing PROC pass (convert processes to netlists).

15.44.8.1. Executing PROC_CLEAN pass (remove empty switches from decision trees).
Cleaned up 0 empty switches.

15.44.8.2. Executing PROC_RMDEAD pass (remove dead branches from decision trees).
Marked 1 switch rules as full_case in process $proc$/share/gowin/cells_sim.v:289$205 in module DFFP.
Removed a total of 0 dead cases.

15.44.8.3. Executing PROC_PRUNE pass (remove redundant assignments in processes).
Removed 1 redundant assignment.
Promoted 1 assignment to connection.

15.44.8.4. Executing PROC_INIT pass (extract init attributes).
Found init rule in `\DFFP.$proc$/share/gowin/cells_sim.v:281$206'.
  Set init value: \Q = 1'1

15.44.8.5. Executing PROC_ARST pass (detect async resets in processes).
Found async reset \PRESET in `\DFFP.$proc$/share/gowin/cells_sim.v:289$205'.

15.44.8.6. Executing PROC_ROM pass (convert switches to ROMs).
Converted 0 switches.

15.44.8.7. Executing PROC_MUX pass (convert decision trees to multiplexers).
Creating decoders for process `\DFFP.$proc$/share/gowin/cells_sim.v:281$206'.
Creating decoders for process `\DFFP.$proc$/share/gowin/cells_sim.v:289$205'.
     1/1: $0\Q[0:0]

15.44.8.8. Executing PROC_DLATCH pass (convert process syncs to latches).

15.44.8.9. Executing PROC_DFF pass (convert process syncs to FFs).
Creating register for signal `\DFFP.\Q' using process `\DFFP.$proc$/share/gowin/cells_sim.v:289$205'.
  created $adff cell `$procdff$14528' with positive edge clock and positive level reset.

15.44.8.10. Executing PROC_MEMWR pass (convert process memory writes to cells).

15.44.8.11. Executing PROC_CLEAN pass (remove empty switches from decision trees).
Removing empty process `DFFP.$proc$/share/gowin/cells_sim.v:281$206'.
Removing empty process `DFFP.$proc$/share/gowin/cells_sim.v:289$205'.
Cleaned up 0 empty switches.

15.44.9. Executing PROC pass (convert processes to netlists).

15.44.9.1. Executing PROC_CLEAN pass (remove empty switches from decision trees).
Cleaned up 0 empty switches.

15.44.9.2. Executing PROC_RMDEAD pass (remove dead branches from decision trees).
Marked 1 switch rules as full_case in process $proc$/share/gowin/cells_sim.v:476$225 in module DFFNP.
Removed a total of 0 dead cases.

15.44.9.3. Executing PROC_PRUNE pass (remove redundant assignments in processes).
Removed 1 redundant assignment.
Promoted 1 assignment to connection.

15.44.9.4. Executing PROC_INIT pass (extract init attributes).
Found init rule in `\DFFNP.$proc$/share/gowin/cells_sim.v:468$226'.
  Set init value: \Q = 1'1

15.44.9.5. Executing PROC_ARST pass (detect async resets in processes).
Found async reset \PRESET in `\DFFNP.$proc$/share/gowin/cells_sim.v:476$225'.

15.44.9.6. Executing PROC_ROM pass (convert switches to ROMs).
Converted 0 switches.

15.44.9.7. Executing PROC_MUX pass (convert decision trees to multiplexers).
Creating decoders for process `\DFFNP.$proc$/share/gowin/cells_sim.v:468$226'.
Creating decoders for process `\DFFNP.$proc$/share/gowin/cells_sim.v:476$225'.
     1/1: $0\Q[0:0]

15.44.9.8. Executing PROC_DLATCH pass (convert process syncs to latches).

15.44.9.9. Executing PROC_DFF pass (convert process syncs to FFs).
Creating register for signal `\DFFNP.\Q' using process `\DFFNP.$proc$/share/gowin/cells_sim.v:476$225'.
  created $adff cell `$procdff$14531' with negative edge clock and positive level reset.

15.44.9.10. Executing PROC_MEMWR pass (convert process memory writes to cells).

15.44.9.11. Executing PROC_CLEAN pass (remove empty switches from decision trees).
Removing empty process `DFFNP.$proc$/share/gowin/cells_sim.v:468$226'.
Removing empty process `DFFNP.$proc$/share/gowin/cells_sim.v:476$225'.
Cleaned up 0 empty switches.

15.44.10. Executing SCC pass (detecting logic loops).
Found 0 SCCs in module amiga_logic_core.
Found 0 SCCs.

15.44.11. Executing ABC9_OPS pass (helper functions for ABC9).

15.44.12. Executing TECHMAP pass (map to technology primitives).

15.44.12.1. Executing Verilog-2005 frontend: /share/techmap.v
Parsing Verilog input from `/share/techmap.v' to AST representation.
Generating RTLIL representation for module `\_90_simplemap_bool_ops'.
Generating RTLIL representation for module `\_90_simplemap_reduce_ops'.
Generating RTLIL representation for module `\_90_simplemap_logic_ops'.
Generating RTLIL representation for module `\_90_simplemap_compare_ops'.
Generating RTLIL representation for module `\_90_simplemap_various'.
Generating RTLIL representation for module `\_90_simplemap_registers'.
Generating RTLIL representation for module `\_90_shift_ops_shr_shl_sshl_sshr'.
Generating RTLIL representation for module `\_90_shift_shiftx'.
Generating RTLIL representation for module `\_90_fa'.
Generating RTLIL representation for module `\_90_lcu_brent_kung'.
Generating RTLIL representation for module `\_90_alu'.
Generating RTLIL representation for module `\_90_macc'.
Generating RTLIL representation for module `\_90_alumacc'.
Generating RTLIL representation for module `$__div_mod_u'.
Generating RTLIL representation for module `$__div_mod_trunc'.
Generating RTLIL representation for module `\_90_div'.
Generating RTLIL representation for module `\_90_mod'.
Generating RTLIL representation for module `$__div_mod_floor'.
Generating RTLIL representation for module `\_90_divfloor'.
Generating RTLIL representation for module `\_90_modfloor'.
Generating RTLIL representation for module `\_90_pow'.
Generating RTLIL representation for module `\_90_demux'.
Generating RTLIL representation for module `\_90_lut'.
Generating RTLIL representation for module `$connect'.
Generating RTLIL representation for module `$input_port'.
Successfully finished Verilog frontend.

15.44.12.2. Continuing TECHMAP pass.
No more expansions possible.
<suppressed ~236 debug messages>

15.44.13. Executing OPT pass (performing simple optimizations).

15.44.13.1. Executing OPT_EXPR pass (perform const folding).
Optimizing module DFFNCE.
Optimizing module DFFNPE.
Optimizing module DFFCE.
Optimizing module DFFC.
Optimizing module DFFP.
Optimizing module DFFNP.

15.44.13.2. Executing OPT_MERGE pass (detect identical cells).
Finding identical cells in module `\DFFNCE'.
Computing hashes of 2 cells of `\DFFNCE'.
Finding duplicate cells in `\DFFNCE'.
Finding identical cells in module `\DFFNPE'.
Computing hashes of 2 cells of `\DFFNPE'.
Finding duplicate cells in `\DFFNPE'.
Finding identical cells in module `\DFFCE'.
Computing hashes of 2 cells of `\DFFCE'.
Finding duplicate cells in `\DFFCE'.
Finding identical cells in module `\DFFC'.
Computing hashes of 2 cells of `\DFFC'.
Finding duplicate cells in `\DFFC'.
Finding identical cells in module `\DFFP'.
Computing hashes of 2 cells of `\DFFP'.
Finding duplicate cells in `\DFFP'.
Finding identical cells in module `\DFFNP'.
Computing hashes of 2 cells of `\DFFNP'.
Finding duplicate cells in `\DFFNP'.
Removed a total of 0 cells.

15.44.13.3. Executing OPT_MUXTREE pass (detect dead branches in mux trees).
Running muxtree optimizer on module \DFFNCE..
  Creating internal representation of mux trees.
  No muxes found in this module.
Running muxtree optimizer on module \DFFNPE..
  Creating internal representation of mux trees.
  No muxes found in this module.
Running muxtree optimizer on module \DFFCE..
  Creating internal representation of mux trees.
  No muxes found in this module.
Running muxtree optimizer on module \DFFC..
  Creating internal representation of mux trees.
  No muxes found in this module.
Running muxtree optimizer on module \DFFP..
  Creating internal representation of mux trees.
  No muxes found in this module.
Running muxtree optimizer on module \DFFNP..
  Creating internal representation of mux trees.
  No muxes found in this module.
Removed 0 multiplexer ports.

15.44.13.4. Executing OPT_REDUCE pass (consolidate $*mux and $reduce_* inputs).
  Optimizing cells in module \DFFNCE.
  Optimizing cells in module \DFFNPE.
  Optimizing cells in module \DFFCE.
  Optimizing cells in module \DFFC.
  Optimizing cells in module \DFFP.
  Optimizing cells in module \DFFNP.
Performed a total of 0 changes.

15.44.13.5. Executing OPT_MERGE pass (detect identical cells).
Finding identical cells in module `\DFFNCE'.
Computing hashes of 2 cells of `\DFFNCE'.
Finding duplicate cells in `\DFFNCE'.
Finding identical cells in module `\DFFNPE'.
Computing hashes of 2 cells of `\DFFNPE'.
Finding duplicate cells in `\DFFNPE'.
Finding identical cells in module `\DFFCE'.
Computing hashes of 2 cells of `\DFFCE'.
Finding duplicate cells in `\DFFCE'.
Finding identical cells in module `\DFFC'.
Computing hashes of 2 cells of `\DFFC'.
Finding duplicate cells in `\DFFC'.
Finding identical cells in module `\DFFP'.
Computing hashes of 2 cells of `\DFFP'.
Finding duplicate cells in `\DFFP'.
Finding identical cells in module `\DFFNP'.
Computing hashes of 2 cells of `\DFFNP'.
Finding duplicate cells in `\DFFNP'.
Removed a total of 0 cells.

15.44.13.6. Executing OPT_DFF pass (perform DFF optimizations).

15.44.13.7. Executing OPT_CLEAN pass (remove unused cells and wires).
Finding unused cells or wires in module \DFFNCE..
Finding unused cells or wires in module \DFFNPE..
Finding unused cells or wires in module \DFFCE..
Finding unused cells or wires in module \DFFC..
Finding unused cells or wires in module \DFFP..
Finding unused cells or wires in module \DFFNP..

15.44.13.8. Executing OPT_EXPR pass (perform const folding).
Optimizing module DFFNCE.
Optimizing module DFFNPE.
Optimizing module DFFCE.
Optimizing module DFFC.
Optimizing module DFFP.
Optimizing module DFFNP.

15.44.13.9. Finished fast OPT passes. (There is nothing left to do.)

15.44.14. Executing TECHMAP pass (map to technology primitives).

15.44.14.1. Executing Verilog-2005 frontend: /share/abc9_map.v
Parsing Verilog input from `/share/abc9_map.v' to AST representation.
Successfully finished Verilog frontend.

15.44.14.2. Continuing TECHMAP pass.
Using template DFFNCE for cells of type DFFNCE.
Using template DFFC for cells of type DFFC.
Using template DFFNPE for cells of type DFFNPE.
Using template DFFP for cells of type DFFP.
Using template DFFNP for cells of type DFFNP.
Using template DFFCE for cells of type DFFCE.
No more expansions possible.
<suppressed ~131 debug messages>

15.44.15. Executing Verilog-2005 frontend: /share/abc9_model.v
Parsing Verilog input from `/share/abc9_model.v' to AST representation.
Replacing existing blackbox module `$__ABC9_DELAY' at /share/abc9_model.v:2.1-7.10.
Generating RTLIL representation for module `$__ABC9_DELAY'.
Replacing existing blackbox module `$__ABC9_SCC_BREAKER' at /share/abc9_model.v:9.1-11.10.
Generating RTLIL representation for module `$__ABC9_SCC_BREAKER'.
Replacing existing module `$__DFF_N__$abc9_flop' at /share/abc9_model.v:14.1-20.10.
Generating RTLIL representation for module `$__DFF_N__$abc9_flop'.
Replacing existing module `$__DFF_P__$abc9_flop' at /share/abc9_model.v:23.1-29.10.
Generating RTLIL representation for module `$__DFF_P__$abc9_flop'.
Successfully finished Verilog frontend.

15.44.16. Executing ABC9_OPS pass (helper functions for ABC9).
<suppressed ~1301 debug messages>

15.44.17. Executing ABC9_OPS pass (helper functions for ABC9).

15.44.18. Executing ABC9_OPS pass (helper functions for ABC9).
<suppressed ~2 debug messages>

15.44.19. Executing TECHMAP pass (map to technology primitives).

15.44.19.1. Executing Verilog-2005 frontend: /share/techmap.v
Parsing Verilog input from `/share/techmap.v' to AST representation.
Generating RTLIL representation for module `\_90_simplemap_bool_ops'.
Generating RTLIL representation for module `\_90_simplemap_reduce_ops'.
Generating RTLIL representation for module `\_90_simplemap_logic_ops'.
Generating RTLIL representation for module `\_90_simplemap_compare_ops'.
Generating RTLIL representation for module `\_90_simplemap_various'.
Generating RTLIL representation for module `\_90_simplemap_registers'.
Generating RTLIL representation for module `\_90_shift_ops_shr_shl_sshl_sshr'.
Generating RTLIL representation for module `\_90_shift_shiftx'.
Generating RTLIL representation for module `\_90_fa'.
Generating RTLIL representation for module `\_90_lcu_brent_kung'.
Generating RTLIL representation for module `\_90_alu'.
Generating RTLIL representation for module `\_90_macc'.
Generating RTLIL representation for module `\_90_alumacc'.
Generating RTLIL representation for module `$__div_mod_u'.
Generating RTLIL representation for module `$__div_mod_trunc'.
Generating RTLIL representation for module `\_90_div'.
Generating RTLIL representation for module `\_90_mod'.
Generating RTLIL representation for module `$__div_mod_floor'.
Generating RTLIL representation for module `\_90_divfloor'.
Generating RTLIL representation for module `\_90_modfloor'.
Generating RTLIL representation for module `\_90_pow'.
Generating RTLIL representation for module `\_90_demux'.
Generating RTLIL representation for module `\_90_lut'.
Generating RTLIL representation for module `$connect'.
Generating RTLIL representation for module `$input_port'.
Successfully finished Verilog frontend.

15.44.19.2. Continuing TECHMAP pass.
Using template $paramod\ALU\ALU_MODE=s32'00000000000000000000000000000010 for cells of type $paramod\ALU\ALU_MODE=s32'00000000000000000000000000000010.
Using extmapper simplemap for cells of type $xor.
Using extmapper simplemap for cells of type $mux.
Using extmapper simplemap for cells of type $not.
No more expansions possible.
<suppressed ~245 debug messages>

15.44.20. Executing OPT pass (performing simple optimizations).

15.44.20.1. Executing OPT_EXPR pass (perform const folding).
Optimizing module amiga_logic_core.

15.44.20.2. Executing OPT_MERGE pass (detect identical cells).
Finding identical cells in module `\amiga_logic_core'.
Computing hashes of 14 cells of `\amiga_logic_core'.
Finding duplicate cells in `\amiga_logic_core'.
Removed a total of 0 cells.

15.44.20.3. Executing OPT_MUXTREE pass (detect dead branches in mux trees).
Running muxtree optimizer on module \amiga_logic_core..
  Creating internal representation of mux trees.
  No muxes found in this module.
Removed 0 multiplexer ports.

15.44.20.4. Executing OPT_REDUCE pass (consolidate $*mux and $reduce_* inputs).
  Optimizing cells in module \amiga_logic_core.
Performed a total of 0 changes.

15.44.20.5. Executing OPT_MERGE pass (detect identical cells).
Finding identical cells in module `\amiga_logic_core'.
Computing hashes of 14 cells of `\amiga_logic_core'.
Finding duplicate cells in `\amiga_logic_core'.
Removed a total of 0 cells.

15.44.20.6. Executing OPT_DFF pass (perform DFF optimizations).

15.44.20.7. Executing OPT_CLEAN pass (remove unused cells and wires).
Finding unused cells or wires in module \amiga_logic_core..
Removed 0 unused cells and 16 unused wires.
<suppressed ~1 debug messages>

15.44.20.8. Executing OPT_EXPR pass (perform const folding).
Optimizing module amiga_logic_core.

15.44.20.9. Rerunning OPT passes. (Maybe there is more to do..)

15.44.20.10. Executing OPT_MUXTREE pass (detect dead branches in mux trees).
Running muxtree optimizer on module \amiga_logic_core..
  Creating internal representation of mux trees.
  No muxes found in this module.
Removed 0 multiplexer ports.

15.44.20.11. Executing OPT_REDUCE pass (consolidate $*mux and $reduce_* inputs).
  Optimizing cells in module \amiga_logic_core.
Performed a total of 0 changes.

15.44.20.12. Executing OPT_MERGE pass (detect identical cells).
Finding identical cells in module `\amiga_logic_core'.
Computing hashes of 14 cells of `\amiga_logic_core'.
Finding duplicate cells in `\amiga_logic_core'.
Removed a total of 0 cells.

15.44.20.13. Executing OPT_DFF pass (perform DFF optimizations).

15.44.20.14. Executing OPT_CLEAN pass (remove unused cells and wires).
Finding unused cells or wires in module \amiga_logic_core..

15.44.20.15. Executing OPT_EXPR pass (perform const folding).
Optimizing module amiga_logic_core.

15.44.20.16. Finished fast OPT passes. (There is nothing left to do.)

15.44.21. Executing AIGMAP pass (map logic to AIG).
Module amiga_logic_core: replaced 5 cells with 35 new cells, skipped 9 cells.
  replaced 2 cell types:
       2 $_MUX_
       3 $_XOR_
  not replaced 2 cell types:
       1 $_NOT_
       8 $specify2

15.44.22. Executing AIGMAP pass (map logic to AIG).
Module amiga_logic_core: replaced 1501 cells with 8596 new cells, skipped 3781 cells.
  replaced 3 cell types:
     827 $_MUX_
     637 $_OR_
      37 $_XOR_
  not replaced 24 cell types:
     601 $_AND_
     447 $_NOT_
      12 $scopeinfo
      94 DFF
       8 DFFS
       7 DFFSE
     164 DFFR
     280 DFFRE
       5 DFFP
      83 DFFC
       6 DFFCE
       3 DFFNP
       1 DFFNPE
      25 DFFNCE
       6 DPX9B
     746 $paramod$__ABC9_DELAY\DELAY=32'00000000000000000000000000111111
     553 $paramod$__ABC9_DELAY\DELAY=32'00000000000000000000001001000000
       3 DFFNP_$abc9_byp
       5 DFFP_$abc9_byp
      83 DFFC_$abc9_byp
       6 DFFCE_$abc9_byp
       1 DFFNPE_$abc9_byp
      25 DFFNCE_$abc9_byp
     617 $paramod\ALU\ALU_MODE=s32'00000000000000000000000000000010

15.44.22.1. Executing ABC9_OPS pass (helper functions for ABC9).

15.44.22.2. Executing ABC9_OPS pass (helper functions for ABC9).

15.44.22.3. Executing XAIGER backend.
<suppressed ~687 debug messages>
Extracted 3830 AND gates and 13438 wires from module `amiga_logic_core' to a netlist network with 758 inputs and 1545 outputs.

15.44.22.4. Executing ABC9_EXE pass (technology mapping using ABC9).

15.44.22.5. Executing ABC9.
Running ABC command: "/yosys-abc" -s -f <abc-temp-dir>/abc.script 2>&1

15.44.22.6. Executing AIGER frontend.
<suppressed ~11 debug messages>
Removed 2243 unused cells and 9992 unused wires.

15.44.22.7. Executing ABC_OPS_REINTEGRATE pass (reintegrate ABC mapped design into module).
ABC RESULTS:              $lut cells:      668
ABC RESULTS:   \DFFNP_$abc9_byp cells:        3
ABC RESULTS:   \DFFP_$abc9_byp cells:        5
ABC RESULTS:   \DFFC_$abc9_byp cells:       83
ABC RESULTS:   \DFFCE_$abc9_byp cells:        6
ABC RESULTS:   \DFFNPE_$abc9_byp cells:        1
ABC RESULTS:   \DFFNCE_$abc9_byp cells:       25
ABC RESULTS:   $paramod\ALU\ALU_MODE=s32'00000000000000000000000000000010 cells:      430
ABC RESULTS:           input signals:      230
ABC RESULTS:          output signals:     1393
<suppressed ~4793 debug messages>
Removing temp directory.

15.44.23. Executing TECHMAP pass (map to technology primitives).

15.44.23.1. Executing Verilog-2005 frontend: /share/abc9_unmap.v
Parsing Verilog input from `/share/abc9_unmap.v' to AST representation.
Generating RTLIL representation for module `$__DFF_x__$abc9_flop'.
Generating RTLIL representation for module `$__ABC9_SCC_BREAKER'.
Successfully finished Verilog frontend.

15.44.23.2. Continuing TECHMAP pass.
Using template DFFCE_$abc9_byp for cells of type DFFCE_$abc9_byp.
Using template DFFC_$abc9_byp for cells of type DFFC_$abc9_byp.
Using template DFFP_$abc9_byp for cells of type DFFP_$abc9_byp.
Using template $paramod\ALU\ALU_MODE=s32'00000000000000000000000000000010 for cells of type $paramod\ALU\ALU_MODE=s32'00000000000000000000000000000010.
Using template DFFNP_$abc9_byp for cells of type DFFNP_$abc9_byp.
Using template DFFNCE_$abc9_byp for cells of type DFFNCE_$abc9_byp.
Using template DFFNPE_$abc9_byp for cells of type DFFNPE_$abc9_byp.
No more expansions possible.
<suppressed ~565 debug messages>
Removed 94 unused cells and 21338 unused wires.

15.45. Executing TECHMAP pass (map to technology primitives).

15.45.1. Executing Verilog-2005 frontend: /share/gowin/cells_map.v
Parsing Verilog input from `/share/gowin/cells_map.v' to AST representation.
Generating RTLIL representation for module `$_DFF_N_'.
Generating RTLIL representation for module `$_DFF_P_'.
Generating RTLIL representation for module `$_DFFE_PP_'.
Generating RTLIL representation for module `$_DFFE_NP_'.
Generating RTLIL representation for module `$_SDFF_PP0_'.
Generating RTLIL representation for module `$_SDFF_NP0_'.
Generating RTLIL representation for module `$_SDFFE_PP0P_'.
Generating RTLIL representation for module `$_SDFFE_NP0P_'.
Generating RTLIL representation for module `$_SDFF_PP1_'.
Generating RTLIL representation for module `$_SDFF_NP1_'.
Generating RTLIL representation for module `$_SDFFE_PP1P_'.
Generating RTLIL representation for module `$_SDFFE_NP1P_'.
Generating RTLIL representation for module `$_DFF_PP1_'.
Generating RTLIL representation for module `$_DFF_NP1_'.
Generating RTLIL representation for module `$_DFF_PP0_'.
Generating RTLIL representation for module `$_DFF_NP0_'.
Generating RTLIL representation for module `$_DFFE_PP1P_'.
Generating RTLIL representation for module `$_DFFE_NP1P_'.
Generating RTLIL representation for module `$_DFFE_PP0P_'.
Generating RTLIL representation for module `$_DFFE_NP0P_'.
Generating RTLIL representation for module `$lut'.
Successfully finished Verilog frontend.

15.45.2. Continuing TECHMAP pass.
Using template $paramod$lut\WIDTH=32'00000000000000000000000000000011\LUT=8'00000100 for cells of type $lut.
Using template $paramod$c28a8b7ce0535d090c4cfb52e9c74affd52b110c$lut for cells of type $lut.
Using template $paramod$d4d16e60eafd980cb70ac455fc8540a270691eb4$lut for cells of type $lut.
Using template $paramod$lut\WIDTH=32'00000000000000000000000000000011\LUT=8'11111110 for cells of type $lut.
Using template $paramod$lut\WIDTH=32'00000000000000000000000000000011\LUT=8'11111011 for cells of type $lut.
Using template $paramod$lut\WIDTH=32'00000000000000000000000000000010\LUT=4'1000 for cells of type $lut.
Using template $paramod$lut\WIDTH=32'00000000000000000000000000000011\LUT=8'11011111 for cells of type $lut.
Using template $paramod$lut\WIDTH=32'00000000000000000000000000000010\LUT=4'1101 for cells of type $lut.
Using template $paramod$6e238df02989b317f10820a22773676e71120644$lut for cells of type $lut.
Using template $paramod$d6ca727e39f31d51d29072e0f33aa09c65e37336$lut for cells of type $lut.
Using template $paramod$20f3f4b8e32f8a8b038b0056872dc94926194798$lut for cells of type $lut.
Using template $paramod$658b9ed803f0d3d335616d3858b53e0a2522f1e8$lut for cells of type $lut.
Using template $paramod$f9813472aa48e533b3838c6f2316dc2e78c66111$lut for cells of type $lut.
Using template $paramod$571404c0889eaf57f492cb5e37f8acb5df5852f9$lut for cells of type $lut.
Using template $paramod$30305e55a780880b9c824fe3509a4d981acb0f2b$lut for cells of type $lut.
Using template $paramod$lut\WIDTH=32'00000000000000000000000000000010\LUT=4'1110 for cells of type $lut.
Using template $paramod$a5516fc31d1e552de2435200bb732b4d4ad63a9c$lut for cells of type $lut.
Using template $paramod$lut\WIDTH=32'00000000000000000000000000000011\LUT=8'10000000 for cells of type $lut.
Using template $paramod$153c6cdaaddbc43e6ef3facd06aa851de33910ae$lut for cells of type $lut.
Using template $paramod$7a98e3c834dd83a8af817c3899766b05346484c9$lut for cells of type $lut.
Using template $paramod$66658cbed86a8310f9b7ba1190d35eff90ee749b$lut for cells of type $lut.
Using template $paramod$94d2f1f461ef911482e15efdba185521de732c99$lut for cells of type $lut.
Using template $paramod$b39f0a1f6d92295baeb3322c9c7ab596dc80c144$lut for cells of type $lut.
Using template $paramod$ab761389a6228a5de40b70345b2cdef84219156a$lut for cells of type $lut.
Using template $paramod$5e9374f44a27c3f8a1c38af244ec43ceb4fb8d4f$lut for cells of type $lut.
Using template $paramod$9c881ba530b3b1421b3e6adc58af19aa122c4478$lut for cells of type $lut.
Using template $paramod$lut\WIDTH=32'00000000000000000000000000000010\LUT=4'0001 for cells of type $lut.
Using template $paramod$dbd6bfc0079f30bdbd8251243755394b48ae1fbb$lut for cells of type $lut.
Using template $paramod$44bbb8c9e8d27bfde19ad3046a27d45b61d99c17$lut for cells of type $lut.
Using template $paramod$lut\WIDTH=32'00000000000000000000000000000011\LUT=8'11110001 for cells of type $lut.
Using template $paramod$8f624e7d127388d8739a63e5dd4ef92c7147a5ac$lut for cells of type $lut.
Using template $paramod$6cd12bdee1c8fc46f908f85661901877e27cf7a0$lut for cells of type $lut.
Using template $paramod$cf9fbe38a2a6b972bfa7a2fd658bbde6dad8c25e$lut for cells of type $lut.
Using template $paramod$74df3b166804a8784de44cd358ad2a87ade56aee$lut for cells of type $lut.
Using template $paramod$lut\WIDTH=32'00000000000000000000000000000011\LUT=8'11110010 for cells of type $lut.
Using template $paramod$lut\WIDTH=32'00000000000000000000000000000011\LUT=8'00010000 for cells of type $lut.
Using template $paramod$8a10a67809a4c226e7b6ed397585f1b2ade29b11$lut for cells of type $lut.
Using template $paramod$b54d32381da8726dbba5016f1f9243ef2f34be2e$lut for cells of type $lut.
Using template $paramod$lut\WIDTH=32'00000000000000000000000000000011\LUT=8'00100100 for cells of type $lut.
Using template $paramod$lut\WIDTH=32'00000000000000000000000000000010\LUT=4'1011 for cells of type $lut.
Using template $paramod$lut\WIDTH=32'00000000000000000000000000000010\LUT=4'0110 for cells of type $lut.
Using template $paramod$lut\WIDTH=32'00000000000000000000000000000011\LUT=8'10010000 for cells of type $lut.
Using template $paramod$lut\WIDTH=32'00000000000000000000000000000011\LUT=8'11110100 for cells of type $lut.
Using template $paramod$6d6beead1425af15cf78b27fd9b11b41b5d4bce8$lut for cells of type $lut.
Using template $paramod$lut\WIDTH=32'00000000000000000000000000000011\LUT=8'01000000 for cells of type $lut.
Using template $paramod$364c9ffbffac467d60dfec81bba4e18476c15602$lut for cells of type $lut.
Using template $paramod$lut\WIDTH=32'00000000000000000000000000000011\LUT=8'11001110 for cells of type $lut.
Using template $paramod$lut\WIDTH=32'00000000000000000000000000000010\LUT=4'0010 for cells of type $lut.
Using template $paramod$lut\WIDTH=32'00000000000000000000000000000010\LUT=4'0111 for cells of type $lut.
Using template $paramod$lut\WIDTH=32'00000000000000000000000000000011\LUT=8'00101010 for cells of type $lut.
Using template $paramod$272652f6c6fbe9a75eff76e45cc7e2788835518b$lut for cells of type $lut.
Using template $paramod$lut\WIDTH=32'00000000000000000000000000000011\LUT=8'00000010 for cells of type $lut.
Using template $paramod$4a478f845b7f15cfee97940361435ea2a5faec3a$lut for cells of type $lut.
Using template $paramod$8e44661def013b6bf9fe6f8b049ef2c838d749f9$lut for cells of type $lut.
Using template $paramod$6023c671e114c4eb0467aa8a0b08e183f33ec2fd$lut for cells of type $lut.
Using template $paramod$5dc745bb48e2cf535179547ba13f0fe5364d6d54$lut for cells of type $lut.
Using template $paramod$lut\WIDTH=32'00000000000000000000000000000010\LUT=4'0100 for cells of type $lut.
Using template $paramod$f8f63b209b7230e81958663ff24fef1613156af7$lut for cells of type $lut.
Using template $paramod$4789582d00084c3344b7a6dacf516efd46244876$lut for cells of type $lut.
Using template $paramod$62c165c9095ebbf144e01c2843729d6e3ee4bdb7$lut for cells of type $lut.
Using template $paramod$lut\WIDTH=32'00000000000000000000000000000011\LUT=8'11101100 for cells of type $lut.
Using template $paramod$0d3ac82cf5b8a192d5ff4c23e3143360366ae882$lut for cells of type $lut.
Using template $paramod$34ccb0403abd26609d9a7a8ea9a44b40cc4b3caf$lut for cells of type $lut.
Using template $paramod$47a8214374025465e226fa66bee690ff33268a25$lut for cells of type $lut.
Using template $paramod$2f7deae5fb594b0c70bb82efd4d3682a7baaa352$lut for cells of type $lut.
Using template $paramod$98162d862d449f7c67182f5a43cdfe4123defff8$lut for cells of type $lut.
Using template $paramod$2aa580967e0a926770d19c7b2f627d1206389320$lut for cells of type $lut.
Using template $paramod$lut\WIDTH=32'00000000000000000000000000000011\LUT=8'11111000 for cells of type $lut.
Using template $paramod$lut\WIDTH=32'00000000000000000000000000000011\LUT=8'01100100 for cells of type $lut.
Using template $paramod$lut\WIDTH=32'00000000000000000000000000000011\LUT=8'00000001 for cells of type $lut.
Using template $paramod$2b2b3565ec13859d2b24f2fa297fa46249270140$lut for cells of type $lut.
Using template $paramod$524e3765a3a441078329711cf14da4d026de4e81$lut for cells of type $lut.
Using template $paramod$lut\WIDTH=32'00000000000000000000000000000011\LUT=8'00100000 for cells of type $lut.
Using template $paramod$24394ecfa74147011b7a658d62501d475386f25b$lut for cells of type $lut.
Using template $paramod$b85406dbc0fdd89120b800dd189f849f98b80dd9$lut for cells of type $lut.
Using template $paramod$120c1d242f6daaa584f3eb583af825bb83775cf3$lut for cells of type $lut.
Using template $paramod$7bb6a37e65823eeb4b38c370fec30ab082759a14$lut for cells of type $lut.
Using template $paramod$ef26adabe6060e01077b576cfe34e95e55a26aef$lut for cells of type $lut.
Using template $paramod$6bb47da931ca30324aa7ce5bfeb734c53da5c591$lut for cells of type $lut.
Using template $paramod$ca985c48ff87b07aaab4cffc0a609d1c38d1ed21$lut for cells of type $lut.
Using template $paramod$c13b2531b352acb0a663d8f6bbad99c184af82c2$lut for cells of type $lut.
Using template $paramod$14d1e6b345fb3ccae9034adb204b5cc653ef7fe6$lut for cells of type $lut.
Using template $paramod$a0e322700fd2103a9f93c3fa0958b53fca06ae12$lut for cells of type $lut.
Using template $paramod$ee83a22f608659e7e19ae3f7e7058ca37c1aaf60$lut for cells of type $lut.
Using template $paramod$a76afe794e55ba422468b9db09d48da3f250b812$lut for cells of type $lut.
Using template $paramod$74190755306950a81a07803293f7549508f6f157$lut for cells of type $lut.
Using template $paramod$lut\WIDTH=32'00000000000000000000000000000011\LUT=8'00011011 for cells of type $lut.
Using template $paramod$9e45b1a8f5d89c07bcbb75a2bb1c598231b04feb$lut for cells of type $lut.
Using template $paramod$lut\WIDTH=32'00000000000000000000000000000011\LUT=8'10000010 for cells of type $lut.
Using template $paramod$21cd8b615510010d2490e567840e4cb3f43e8727$lut for cells of type $lut.
Using template $paramod$5502a85110dbca29ac631107f0b0635e7fade476$lut for cells of type $lut.
Using template $paramod$20ba583962918fa0136fc97b1558cc45cc91cc29$lut for cells of type $lut.
Using template $paramod$4bb876346cbc5d13aef9f873277f12d388c5d51a$lut for cells of type $lut.
Using template $paramod$ec6c71d259df49ae0842190ffaff1179e43a8db4$lut for cells of type $lut.
Using template $paramod$833582361e14b3ee2e66ad676022ab35d7aa7e28$lut for cells of type $lut.
Using template $paramod$722bfd9af0ae56ca9d1d12a221cb5ede16461f26$lut for cells of type $lut.
Using template $paramod$9e5e0fef8397926bfc5fbb41a0c92811771f238c$lut for cells of type $lut.
Using template $paramod$c9b2a28dba9ea749b843369fa93fd9d75322f2ac$lut for cells of type $lut.
Using template $paramod$lut\WIDTH=32'00000000000000000000000000000011\LUT=8'01001111 for cells of type $lut.
Using template $paramod$lut\WIDTH=32'00000000000000000000000000000011\LUT=8'11101010 for cells of type $lut.
Using template $paramod$lut\WIDTH=32'00000000000000000000000000000011\LUT=8'11011100 for cells of type $lut.
Using template $paramod$lut\WIDTH=32'00000000000000000000000000000011\LUT=8'11100010 for cells of type $lut.
Using template $paramod$d5e495cd63b7d8a86149eb53e3165db6d76cdbd5$lut for cells of type $lut.
Using template $paramod$lut\WIDTH=32'00000000000000000000000000000001\LUT=2'01 for cells of type $lut.
Using template $paramod$lut\WIDTH=32'00000000000000000000000000000011\LUT=8'00100011 for cells of type $lut.
Using template $paramod$f09754a0b1b203782ce4ad7e0b5316851fef05a0$lut for cells of type $lut.
Using template $paramod$5086e82f6966b9db9259564f4a1d6b2ab8812230$lut for cells of type $lut.
Using template $paramod$b2ffda7e225d2816003221b68989e33ec9ec0849$lut for cells of type $lut.
Using template $paramod$lut\WIDTH=32'00000000000000000000000000000011\LUT=8'10110001 for cells of type $lut.
Using template $paramod$lut\WIDTH=32'00000000000000000000000000000011\LUT=8'00001000 for cells of type $lut.
Using template $paramod$8d7a8d6e3356de09670738ba85f2c6b874f6b06d$lut for cells of type $lut.
Using template $paramod$8512f4fb47fa9596f76cdbe5b407a5b54df368e7$lut for cells of type $lut.
Using template $paramod$df196ed0a1da5c4a58c5e08a1dac304fd3fccaab$lut for cells of type $lut.
Using template $paramod$e51a8a571bee774247b38f52d6e85fd62ae52cea$lut for cells of type $lut.
Using template $paramod$251994398653c4cf8de320f1e306e535d5d2d624$lut for cells of type $lut.
Using template $paramod$09deb89cf77b6e37f6ed7fef8d797dc05c0b2eee$lut for cells of type $lut.
Using template $paramod$2f17e1be43f3ac07ddcc5afec3b8e6a34320bd15$lut for cells of type $lut.
Using template $paramod$608f40069c27841a5b3bdf03643a34bdc8974072$lut for cells of type $lut.
Using template $paramod$lut\WIDTH=32'00000000000000000000000000000011\LUT=8'01010001 for cells of type $lut.
Using template $paramod$7aa8140c7d6de3160b21e7ff84e0f93f69f7fcc6$lut for cells of type $lut.
Using template $paramod$lut\WIDTH=32'00000000000000000000000000000011\LUT=8'00110010 for cells of type $lut.
Using template $paramod$c1ea9a2465ca0c32329bdb7cdb0aaa58d06f4479$lut for cells of type $lut.
Using template $paramod$7776c9f5ae2211fea85581af31384e8ba1fa501e$lut for cells of type $lut.
Using template $paramod$92c3899764cd8074859d6a5a5b733cffe8a391b3$lut for cells of type $lut.
Using template $paramod$8adf7fbd410d2cc654c288d5be5f7508ee8809b0$lut for cells of type $lut.
Using template $paramod$lut\WIDTH=32'00000000000000000000000000000011\LUT=8'01010100 for cells of type $lut.
Using template $paramod$ab3d93f1fcab7eb90dc7107a6f542304d3ebcc5b$lut for cells of type $lut.
Using template $paramod$51e48538280474c9f69a3d6951615d32243ae75c$lut for cells of type $lut.
Using template $paramod$lut\WIDTH=32'00000000000000000000000000000011\LUT=8'01001100 for cells of type $lut.
Using template $paramod$7570309fe7168df91480992af97b4a58b43668e2$lut for cells of type $lut.
Using template $paramod$c24ed72ebb67e9ead6029e42e909ef7fc0abbb11$lut for cells of type $lut.
Using template $paramod$66caeb00a39d236782a97659e3bd99621b74681b$lut for cells of type $lut.
Using template $paramod$b45e5cb971154e30a797eecb0461619c3eeae12d$lut for cells of type $lut.
Using template $paramod$6b7c9c56fc2a32a479d463d5f3b0d3f4673b67f1$lut for cells of type $lut.
Using template $paramod$lut\WIDTH=32'00000000000000000000000000000011\LUT=8'10001101 for cells of type $lut.
Using template $paramod$lut\WIDTH=32'00000000000000000000000000000011\LUT=8'00001101 for cells of type $lut.
Using template $paramod$lut\WIDTH=32'00000000000000000000000000000011\LUT=8'00001110 for cells of type $lut.
Using template $paramod$lut\WIDTH=32'00000000000000000000000000000011\LUT=8'01101001 for cells of type $lut.
Using template $paramod$6edccc00275d9ef8f27d0c5aedeafc07e6cd5987$lut for cells of type $lut.
Using template $paramod$lut\WIDTH=32'00000000000000000000000000000011\LUT=8'01100000 for cells of type $lut.
Using template $paramod$b587e1dcd8f8a9800d395e4aeecac52c55d6f585$lut for cells of type $lut.
Using template $paramod$0cbfd4f068131956c47f3591016a06b9d27e3f11$lut for cells of type $lut.
Using template $paramod$68aab9421ef29fdbca02f5e18d311d64bd94f56a$lut for cells of type $lut.
Using template $paramod$lut\WIDTH=32'00000000000000000000000000000011\LUT=8'10101000 for cells of type $lut.
Using template $paramod$3b5783d9d79443d6654233cfb815ee6e1e59f280$lut for cells of type $lut.
Using template $paramod$lut\WIDTH=32'00000000000000000000000000000011\LUT=8'11001010 for cells of type $lut.
Using template $paramod$4f09540800ac966d6e31a7ccf5f32a559a8ce57a$lut for cells of type $lut.
Using template $paramod$b4d0f4738a5ce50c7f36c2aa2ecc09cfb874f2b6$lut for cells of type $lut.
Using template $paramod$04b674496422df8889c01c3744b94097628ccfbc$lut for cells of type $lut.
Using template $paramod$a4640096cbef09c4ef8613155a589c40164ac034$lut for cells of type $lut.
Using template $paramod$lut\WIDTH=32'00000000000000000000000000000011\LUT=8'00101000 for cells of type $lut.
Using template $paramod$94ac66a11090dca84889e55fcf03297912a5b7ec$lut for cells of type $lut.
Using template $paramod$872def176acf0af46aee1a4df67a9291309e3c01$lut for cells of type $lut.
Using template $paramod$lut\WIDTH=32'00000000000000000000000000000011\LUT=8'00000111 for cells of type $lut.
Using template $paramod$cdc5bba2585477f1744fd1f869bebc8beb23d707$lut for cells of type $lut.
Using template $paramod$9ec7378ab4e31f43bcc32ee03626ed1587aeda6e$lut for cells of type $lut.
Using template $paramod$60a7cf2b851adabf56be742ab40fdf6b156a8f30$lut for cells of type $lut.
Using template $paramod$lut\WIDTH=32'00000000000000000000000000000011\LUT=8'00010101 for cells of type $lut.
Using template $paramod$bc85c8e2cc24fc88c83499140bfbbd5c8403a2f0$lut for cells of type $lut.
Using template $paramod$a6597eda4608f36e684c1dd07ed552fcbec112b2$lut for cells of type $lut.
Using template $paramod$1bf62ab10e48d71d6497bccacf5c70420c470fe9$lut for cells of type $lut.
Using template $paramod$lut\WIDTH=32'00000000000000000000000000000011\LUT=8'10001100 for cells of type $lut.
Using template $paramod$d76edc10344198fdbbc083cbc9765a888a1f48f2$lut for cells of type $lut.
Using template $paramod$c238cddef1840210b803bdd309d4f55773fa8b00$lut for cells of type $lut.
Using template $paramod$101238f3d8d49ab12a9b49a2f01cd503b26e9c61$lut for cells of type $lut.
Using template $paramod$b93d1ea7a612a32c185108f67a153d44ffb9aac2$lut for cells of type $lut.
Using template $paramod$b86b68a00733dbecb31d58a14a13683475a2002a$lut for cells of type $lut.
Using template $paramod$8b4b0a3c7705aa5269ad23850baf23aa53dae166$lut for cells of type $lut.
Using template $paramod$195f790aa538d95c53121872752a28debac176dd$lut for cells of type $lut.
Using template $paramod$77558dcaa87c8cee918b2ab01937c2406698dea3$lut for cells of type $lut.
Using template $paramod$694c95659b447cef99dd4cdbd49b87dfd5f6c806$lut for cells of type $lut.
Using template $paramod$9664483609d9e726df9697364de1aad825ad3979$lut for cells of type $lut.
Using template $paramod$7f4707619d42a863b06d67a645fd818655cf8a3a$lut for cells of type $lut.
Using template $paramod$4f15622943fc4c1eee0915d738630c89506aab1b$lut for cells of type $lut.
Using template $paramod$0833b8af6b972e6137c7dbc1c9d68f5359feefbe$lut for cells of type $lut.
Using template $paramod$fb6c59b3318825ea6708ca0b85e3bcb67dcc4a1d$lut for cells of type $lut.
Using template $paramod$7125b224d5920c893c2dd3de98a266451c2ebe7d$lut for cells of type $lut.
Using template $paramod$45b4d00f395daa84314776ccf3137f12d8a80d42$lut for cells of type $lut.
Using template $paramod$017c6405345f99ed60ed880092f5f703b8018059$lut for cells of type $lut.
Using template $paramod$7589623eef359c428d234d9cd05c66fd383bdb5c$lut for cells of type $lut.
Using template $paramod$73880cf1608683b278234af8f7e256c39a67bcef$lut for cells of type $lut.
Using template $paramod$9fd6a85e0afc61542faa2fda6ca2cc7712a58c9d$lut for cells of type $lut.
Using template $paramod$4b6ad0ebda42cf6130bb7dce8df234a3f8cfe0ef$lut for cells of type $lut.
Using template $paramod$cd758193c10dd860675583ef8e7434e0afe43056$lut for cells of type $lut.
Using template $paramod$98ea2a50a3ce5cc32ae7342411658e8dd20deb67$lut for cells of type $lut.
Using template $paramod$17084c2fa04eae34d7d6e54bc2cca0def1d3cd9d$lut for cells of type $lut.
Using template $paramod$bf0d0292861bdee659ef5cbc5e58b330ac5871f9$lut for cells of type $lut.
Using template $paramod$536e4a936d8991cae004161ef411c98860151f5f$lut for cells of type $lut.
Using template $paramod$5f8ab9a46761e05476da29d8b28b7f6a5f068746$lut for cells of type $lut.
Using template $paramod$82f046e83f6915591523651de12ee15c41efe04e$lut for cells of type $lut.
Using template $paramod$d1c46d50eaf8782e6802093dec834b509a39d975$lut for cells of type $lut.
Using template $paramod$8fe1172215970c5cfaa06557ac89463d76ef7f31$lut for cells of type $lut.
Using template $paramod$55454f3ba6e586fe8e05de546de91e8604a2bbc7$lut for cells of type $lut.
Using template $paramod$e439dec91fc2a99e785798852405ce5caa021e1f$lut for cells of type $lut.
Using template $paramod$faf6e9795ae630b52d88b86f0a502b3aed1b606e$lut for cells of type $lut.
Using template $paramod$bf5406a03801a7fb5ac9dedcc41e435b295d425b$lut for cells of type $lut.
Using template $paramod$82a48e5f5771a531ca9edba4cc6af5165f5035d5$lut for cells of type $lut.
Using template $paramod$3e20f06947707338115c9bda96309397648a29bc$lut for cells of type $lut.
Using template $paramod$a8e39d14d3a99b91b3d22e113d957d3d26444939$lut for cells of type $lut.
Using template $paramod$a8cb9dc6eccb911035b7155b3fa8bdcdb987b386$lut for cells of type $lut.
Using template $paramod$bccfdce6b43a6112e9dbb3761f4ff94d51ded706$lut for cells of type $lut.
Using template $paramod$91609b68acc56826fac9a90eb7b2eedc248f4f08$lut for cells of type $lut.
Using template $paramod$e6eecf1c2f4e975e883c0f9fd361e8fcc4bced4f$lut for cells of type $lut.
Using template $paramod$134091a32910ab56529e7f407593291a99f74b63$lut for cells of type $lut.
Using template $paramod$d8fca1cd584716362c792c7a129cdfd21739133d$lut for cells of type $lut.
Using template $paramod$536626c3c8f09c1aa39730376fc94ebc4a62e0b1$lut for cells of type $lut.
Using template $paramod$1877d470bd08a5130621d176bfc932041c499640$lut for cells of type $lut.
Using template $paramod$c0a87bd4db68aad3b47fe4268ab9ce6fba860326$lut for cells of type $lut.
Using template $paramod$df888b51e4fe54c2399089c29896210b34e9500e$lut for cells of type $lut.
Using template $paramod$d4b674018a0265171266f9891d8b518962fd156a$lut for cells of type $lut.
Using template $paramod$73de901999e5b19030fff5def2d3e506d5fa3fc6$lut for cells of type $lut.
Using template $paramod$d243553a26a0b4e6f36e1ac1edf59e30d06fbca1$lut for cells of type $lut.
Using template $paramod$3c2c41a3dfa511b9d0c6ddbf4ddb8fe22bb4f3cf$lut for cells of type $lut.
Using template $paramod$fe628fd9b8b44d6a74ce92236b90663acb3287e1$lut for cells of type $lut.
Using template $paramod$c315fd171a22ad0b563d890e3adda172ea240769$lut for cells of type $lut.
Using template $paramod$208a3907a46a5e8eb3129a2eec799897b3344676$lut for cells of type $lut.
Using template $paramod$fe2ccc9771c7f3621af3392ea69c0322e13310d4$lut for cells of type $lut.
Using template $paramod$c53602ea89c64f8b321fc0d0edb6c90848e01ef3$lut for cells of type $lut.
Using template $paramod$c3b9e76d7d5b5b76d75bd3377028ee33ef661bae$lut for cells of type $lut.
Using template $paramod$443045f187d17cec215f697ece51a76e072fef00$lut for cells of type $lut.
Using template $paramod$5b0e9cdc1a1de0b314c5690005cebde46701d67b$lut for cells of type $lut.
Using template $paramod$a1102799c4e698c6724df90cc16584e373cdf804$lut for cells of type $lut.
Using template $paramod$303577125cc09d81630b7c6201100ff829e6409b$lut for cells of type $lut.
Using template $paramod$61bc98ece8c76bffd4acdf40e5f231340cba90fc$lut for cells of type $lut.
Using template $paramod$89b6ef75ec387b255d3c8ea85345ed4a9e0ac3c9$lut for cells of type $lut.
Using template $paramod$cc778a82fd81ea9185402656ce1c9108e4328ce0$lut for cells of type $lut.
Using template $paramod$5a3fd59c920288e618618a73b0894366e22db80b$lut for cells of type $lut.
Using template $paramod$d6a5f82e314c4bb4cb166271ac7cb6f8ea97e858$lut for cells of type $lut.
Using template $paramod$f1fecadce8272ccd9d48182f968ddb187f095853$lut for cells of type $lut.
Using template $paramod$9d4d3b11532182a0b0a078072441ba2a213ca5f8$lut for cells of type $lut.
Using template $paramod$734cb5d7d83659ae4da13abb9e04fafa8dc19119$lut for cells of type $lut.
Using template $paramod$1dffa161dcbda686905fd15d4f5f016a9927ec87$lut for cells of type $lut.
Using template $paramod$d7046bceb0d88f754627f0e389625075768b2fd9$lut for cells of type $lut.
Using template $paramod$28a7ad9c6e6e3238115ed3fa82d0220fe563c30a$lut for cells of type $lut.
Using template $paramod$60f8a5ccae42b183ef5d218123ec441cd44384d2$lut for cells of type $lut.
Using template $paramod$a8980680288d419045f46540859fd8db61872c81$lut for cells of type $lut.
Using template $paramod$1871a14817fb451d62f2c18f57842c034e104953$lut for cells of type $lut.
Using template $paramod$da33a30501c924ba7acf3b58bd818999ab774961$lut for cells of type $lut.
Using template $paramod$1705833c7a2f5f5ab9a05563041d93961a1fb1c2$lut for cells of type $lut.
Using template $paramod$d1374dd64afd8f03c51bc71ea5f77235e72d5eab$lut for cells of type $lut.
Using template $paramod$1b972969602ef3a7f0558441384e0b662a8fab14$lut for cells of type $lut.
Using template $paramod$c104b24f10dacfcf94d11308913e43d126fc2f00$lut for cells of type $lut.
Using template $paramod$a004ba25dcf89b8b62e2f0feb24353f39b8c43f3$lut for cells of type $lut.
Using template $paramod$8ad30ecc0bd1e732776968b0e9201c65f1e1e37c$lut for cells of type $lut.
Using template $paramod$8d60e8ebe66fc101a9d950e1573e23d3bdaaa0da$lut for cells of type $lut.
Using template $paramod$21a8371ada460fcae184fabf2a57d3c437933464$lut for cells of type $lut.
Using template $paramod$b26971835fa3c03b8964950444c8338bb0539e68$lut for cells of type $lut.
Using template $paramod$9caa790f1c673fb05955fcae397596611cd0b1c0$lut for cells of type $lut.
Using template $paramod$4132f901d76dd398759442bc679d47e7a2ca8da1$lut for cells of type $lut.
Using template $paramod$94ac6b7bbb88d0cc562c4733f2e9fc3ea86715bc$lut for cells of type $lut.
Using template $paramod$edecc11fb63642d1818f0a073141b70cd5cb8e5e$lut for cells of type $lut.
Using template $paramod$64466727b76b6a97c90d91058a0b183bec8b9682$lut for cells of type $lut.
Using template $paramod$a42a6f6bf668c7af02af9e40be1cf24c274dab92$lut for cells of type $lut.
Using template $paramod$6dfbf2b16544eed6d57b22f5b0b28575863de8fd$lut for cells of type $lut.
Using template $paramod$a470d8cc2b410e6c98799ffffbecb2e88ea6146d$lut for cells of type $lut.
Using template $paramod$b56912c90f877e291e89b5b66da67aba0cc35b6f$lut for cells of type $lut.
Using template $paramod$8877bc69d4272b2779cd3785cc9df60d682b9cea$lut for cells of type $lut.
Using template $paramod$b62cccafd6d8a24b773587fa19d51ff69bb42825$lut for cells of type $lut.
Using template $paramod$2f14ba59dec30a3ecd03a3496ab46722012d8c15$lut for cells of type $lut.
Using template $paramod$97a96ae5e0abc376748954a0cd110ccd97d13df0$lut for cells of type $lut.
Using template $paramod$9255540e333c797ace52365e92561fbc50b7bd6f$lut for cells of type $lut.
Using template $paramod$a2404a68f45b7b35fb74d71cc7c28d4a6e8bf566$lut for cells of type $lut.
Using template $paramod$631ad28b3127ed6e4534b360c1ca4e937d10d031$lut for cells of type $lut.
Using template $paramod$0ff383cfebe0b8ba02bb2c32611194140fe493a0$lut for cells of type $lut.
Using template $paramod$39acca28e2bb2c3d1b665139d402f94121474008$lut for cells of type $lut.
Using template $paramod$5fbe2116b58f2bc8af953907de7d6674cb54e0e4$lut for cells of type $lut.
Using template $paramod$610e7995d8f3e6a0f8513c07c950ca5a1d327956$lut for cells of type $lut.
Using template $paramod$997ab0d581a8c99fe25981465b31aa98f78c440c$lut for cells of type $lut.
Using template $paramod$95127b4a5ed4ed7e34463d4a9a2dbe0d1186ec22$lut for cells of type $lut.
Using template $paramod$235ac5b240c334dc34a49d771618866987c926a2$lut for cells of type $lut.
Using template $paramod$828abae3b587aec1c925cb1048c9c1d6147c2775$lut for cells of type $lut.
Using template $paramod$d262cadfba24aecaa8b6890a9f55234df8b7172b$lut for cells of type $lut.
No more expansions possible.
<suppressed ~3956 debug messages>

15.46. Executing OPT_LUT_INS pass (discard unused LUT inputs).
Optimizing LUTs in amiga_logic_core.
  Optimizing lut $auto$abc_ops_reintegrate.cc:611:reintegrate$34734.genblk1.genblk1.genblk1.genblk1.genblk1.genblk1.genblk1.genblk1.lut0.genblk1.genblk1.genblk1.genblk1.genblk1.genblk1.genblk1.lut1.genblk1.genblk1.genblk1.genblk1.genblk1.genblk1.lut0.genblk1.genblk1.genblk1.genblk1.genblk1.lut1 (4 -> 0)
  Optimizing lut $auto$abc_ops_reintegrate.cc:611:reintegrate$34734.genblk1.genblk1.genblk1.genblk1.genblk1.genblk1.genblk1.genblk1.lut1.genblk1.genblk1.genblk1.genblk1.genblk1.genblk1.genblk1.lut0.genblk1.genblk1.genblk1.genblk1.genblk1.genblk1.lut0.genblk1.genblk1.genblk1.genblk1.genblk1.lut0 (4 -> 0)
  Optimizing lut $auto$abc_ops_reintegrate.cc:611:reintegrate$34734.genblk1.genblk1.genblk1.genblk1.genblk1.genblk1.genblk1.genblk1.lut1.genblk1.genblk1.genblk1.genblk1.genblk1.genblk1.genblk1.lut1.genblk1.genblk1.genblk1.genblk1.genblk1.genblk1.lut1.genblk1.genblk1.genblk1.genblk1.genblk1.lut0 (4 -> 0)
  Optimizing lut $auto$abc_ops_reintegrate.cc:611:reintegrate$34734.genblk1.genblk1.genblk1.genblk1.genblk1.genblk1.genblk1.genblk1.lut1.genblk1.genblk1.genblk1.genblk1.genblk1.genblk1.genblk1.lut1.genblk1.genblk1.genblk1.genblk1.genblk1.genblk1.lut0.genblk1.genblk1.genblk1.genblk1.genblk1.lut0 (4 -> 0)
  Optimizing lut $auto$abc_ops_reintegrate.cc:611:reintegrate$34734.genblk1.genblk1.genblk1.genblk1.genblk1.genblk1.genblk1.genblk1.lut0.genblk1.genblk1.genblk1.genblk1.genblk1.genblk1.genblk1.lut0.genblk1.genblk1.genblk1.genblk1.genblk1.genblk1.lut0.genblk1.genblk1.genblk1.genblk1.genblk1.lut0 (4 -> 0)
  Optimizing lut $auto$abc_ops_reintegrate.cc:611:reintegrate$34734.genblk1.genblk1.genblk1.genblk1.genblk1.genblk1.genblk1.genblk1.lut0.genblk1.genblk1.genblk1.genblk1.genblk1.genblk1.genblk1.lut1.genblk1.genblk1.genblk1.genblk1.genblk1.genblk1.lut1.genblk1.genblk1.genblk1.genblk1.genblk1.lut0 (4 -> 0)
  Optimizing lut $auto$abc_ops_reintegrate.cc:611:reintegrate$34734.genblk1.genblk1.genblk1.genblk1.genblk1.genblk1.genblk1.genblk1.lut0.genblk1.genblk1.genblk1.genblk1.genblk1.genblk1.genblk1.lut1.genblk1.genblk1.genblk1.genblk1.genblk1.genblk1.lut0.genblk1.genblk1.genblk1.genblk1.genblk1.lut0 (4 -> 0)
  Optimizing lut $abc$34688$lut$aiger$o2153.genblk1.genblk1.genblk1.genblk1.genblk1.genblk1.genblk1.lut1.genblk1.genblk1.genblk1.genblk1.genblk1.genblk1.lut0.genblk1.genblk1.genblk1.genblk1.genblk1.lut1 (4 -> 3)
  Optimizing lut $abc$34688$lut$aiger$o2153.genblk1.genblk1.genblk1.genblk1.genblk1.genblk1.genblk1.lut0.genblk1.genblk1.genblk1.genblk1.genblk1.genblk1.lut0.genblk1.genblk1.genblk1.genblk1.genblk1.lut0 (4 -> 3)
  Optimizing lut $abc$34688$lut$aiger$o2153.genblk1.genblk1.genblk1.genblk1.genblk1.genblk1.genblk1.lut1.genblk1.genblk1.genblk1.genblk1.genblk1.genblk1.lut1.genblk1.genblk1.genblk1.genblk1.genblk1.lut0 (4 -> 3)
  Optimizing lut $abc$34688$lut$aiger$o2153.genblk1.genblk1.genblk1.genblk1.genblk1.genblk1.genblk1.lut1.genblk1.genblk1.genblk1.genblk1.genblk1.genblk1.lut0.genblk1.genblk1.genblk1.genblk1.genblk1.lut0 (4 -> 3)
  Optimizing lut $auto$abc_ops_reintegrate.cc:611:reintegrate$34734.genblk1.genblk1.genblk1.genblk1.genblk1.genblk1.genblk1.genblk1.lut1.genblk1.genblk1.genblk1.genblk1.genblk1.genblk1.genblk1.lut1.genblk1.genblk1.genblk1.genblk1.genblk1.genblk1.lut0.genblk1.genblk1.genblk1.genblk1.genblk1.lut1 (4 -> 0)
  Optimizing lut $auto$abc_ops_reintegrate.cc:611:reintegrate$34734.genblk1.genblk1.genblk1.genblk1.genblk1.genblk1.genblk1.genblk1.lut1.genblk1.genblk1.genblk1.genblk1.genblk1.genblk1.genblk1.lut0.genblk1.genblk1.genblk1.genblk1.genblk1.genblk1.lut0.genblk1.genblk1.genblk1.genblk1.genblk1.lut1 (4 -> 0)
  Optimizing lut $abc$34688$lut$aiger$o1957.genblk1.genblk1.genblk1.genblk1.genblk1.genblk1.genblk1.lut1.genblk1.genblk1.genblk1.genblk1.genblk1.genblk1.lut0.genblk1.genblk1.genblk1.genblk1.genblk1.lut1 (4 -> 2)
  Optimizing lut $auto$abc_ops_reintegrate.cc:611:reintegrate$34735.genblk1.genblk1.genblk1.genblk1.genblk1.genblk1.genblk1.lut0.genblk1.genblk1.genblk1.genblk1.genblk1.genblk1.lut0.genblk1.genblk1.genblk1.genblk1.genblk1.lut0 (4 -> 0)
  Optimizing lut $auto$abc_ops_reintegrate.cc:611:reintegrate$34735.genblk1.genblk1.genblk1.genblk1.genblk1.genblk1.genblk1.lut1.genblk1.genblk1.genblk1.genblk1.genblk1.genblk1.lut1.genblk1.genblk1.genblk1.genblk1.genblk1.lut0 (4 -> 0)
  Optimizing lut $auto$abc_ops_reintegrate.cc:611:reintegrate$34735.genblk1.genblk1.genblk1.genblk1.genblk1.genblk1.genblk1.lut1.genblk1.genblk1.genblk1.genblk1.genblk1.genblk1.lut0.genblk1.genblk1.genblk1.genblk1.genblk1.lut0 (4 -> 0)
  Optimizing lut $auto$abc_ops_reintegrate.cc:611:reintegrate$34737.genblk1.genblk1.genblk1.genblk1.genblk1.genblk1.genblk1.lut1.genblk1.genblk1.genblk1.genblk1.genblk1.genblk1.lut1.genblk1.genblk1.genblk1.genblk1.genblk1.lut0 (4 -> 0)
  Optimizing lut $auto$abc_ops_reintegrate.cc:611:reintegrate$34737.genblk1.genblk1.genblk1.genblk1.genblk1.genblk1.genblk1.lut1.genblk1.genblk1.genblk1.genblk1.genblk1.genblk1.lut0.genblk1.genblk1.genblk1.genblk1.genblk1.lut0 (4 -> 0)
  Optimizing lut $auto$abc_ops_reintegrate.cc:611:reintegrate$34739.genblk1.genblk1.genblk1.genblk1.genblk1.genblk1.lut0.genblk1.genblk1.genblk1.genblk1.genblk1.lut1 (4 -> 0)
  Optimizing lut $auto$abc_ops_reintegrate.cc:611:reintegrate$34745.genblk1.genblk1.genblk1.genblk1.genblk1.genblk1.genblk1.lut0.genblk1.genblk1.genblk1.genblk1.genblk1.genblk1.lut0.genblk1.genblk1.genblk1.genblk1.genblk1.lut0 (4 -> 0)
  Optimizing lut $auto$abc_ops_reintegrate.cc:611:reintegrate$34745.genblk1.genblk1.genblk1.genblk1.genblk1.genblk1.genblk1.lut1.genblk1.genblk1.genblk1.genblk1.genblk1.genblk1.lut1.genblk1.genblk1.genblk1.genblk1.genblk1.lut0 (4 -> 0)
  Optimizing lut $auto$abc_ops_reintegrate.cc:611:reintegrate$34745.genblk1.genblk1.genblk1.genblk1.genblk1.genblk1.genblk1.lut1.genblk1.genblk1.genblk1.genblk1.genblk1.genblk1.lut0.genblk1.genblk1.genblk1.genblk1.genblk1.lut0 (4 -> 0)
  Optimizing lut $abc$34688$lut$aiger$o1957.genblk1.genblk1.genblk1.genblk1.genblk1.genblk1.genblk1.lut0.genblk1.genblk1.genblk1.genblk1.genblk1.genblk1.lut0.genblk1.genblk1.genblk1.genblk1.genblk1.lut0 (4 -> 2)
  Optimizing lut $abc$34688$lut$aiger$o1957.genblk1.genblk1.genblk1.genblk1.genblk1.genblk1.genblk1.lut1.genblk1.genblk1.genblk1.genblk1.genblk1.genblk1.lut1.genblk1.genblk1.genblk1.genblk1.genblk1.lut0 (4 -> 2)
  Optimizing lut $abc$34688$lut$aiger$o1957.genblk1.genblk1.genblk1.genblk1.genblk1.genblk1.genblk1.lut1.genblk1.genblk1.genblk1.genblk1.genblk1.genblk1.lut0.genblk1.genblk1.genblk1.genblk1.genblk1.lut0 (4 -> 2)
  Optimizing lut $auto$abc_ops_reintegrate.cc:611:reintegrate$34783.genblk1.genblk1.genblk1.genblk1.genblk1.genblk1.lut0.genblk1.genblk1.genblk1.genblk1.genblk1.lut1 (4 -> 0)
  Optimizing lut $auto$abc_ops_reintegrate.cc:611:reintegrate$34783.genblk1.genblk1.genblk1.genblk1.genblk1.genblk1.lut0.genblk1.genblk1.genblk1.genblk1.genblk1.lut0 (4 -> 0)
  Optimizing lut $auto$abc_ops_reintegrate.cc:611:reintegrate$34745.genblk1.genblk1.genblk1.genblk1.genblk1.genblk1.genblk1.lut1.genblk1.genblk1.genblk1.genblk1.genblk1.genblk1.lut0.genblk1.genblk1.genblk1.genblk1.genblk1.lut1 (4 -> 0)
  Optimizing lut $auto$abc_ops_reintegrate.cc:611:reintegrate$34745.genblk1.genblk1.genblk1.genblk1.genblk1.genblk1.genblk1.lut0.genblk1.genblk1.genblk1.genblk1.genblk1.genblk1.lut0.genblk1.genblk1.genblk1.genblk1.genblk1.lut1 (4 -> 0)
  Optimizing lut $auto$abc_ops_reintegrate.cc:611:reintegrate$34737.genblk1.genblk1.genblk1.genblk1.genblk1.genblk1.genblk1.lut1.genblk1.genblk1.genblk1.genblk1.genblk1.genblk1.lut0.genblk1.genblk1.genblk1.genblk1.genblk1.lut1 (4 -> 0)
  Optimizing lut $auto$abc_ops_reintegrate.cc:611:reintegrate$34743.genblk1.genblk1.genblk1.genblk1.genblk1.genblk1.lut1.genblk1.genblk1.genblk1.genblk1.genblk1.lut0 (4 -> 0)
  Optimizing lut $auto$abc_ops_reintegrate.cc:611:reintegrate$34743.genblk1.genblk1.genblk1.genblk1.genblk1.genblk1.lut0.genblk1.genblk1.genblk1.genblk1.genblk1.lut0 (4 -> 0)
  Optimizing lut $abc$34688$lut$aiger$o1967.genblk1.genblk1.genblk1.genblk1.genblk1.lut1 (4 -> 0)
  Optimizing lut $auto$abc_ops_reintegrate.cc:611:reintegrate$34735.genblk1.genblk1.genblk1.genblk1.genblk1.genblk1.genblk1.lut1.genblk1.genblk1.genblk1.genblk1.genblk1.genblk1.lut0.genblk1.genblk1.genblk1.genblk1.genblk1.lut1 (4 -> 0)
  Optimizing lut $auto$abc_ops_reintegrate.cc:611:reintegrate$34736.genblk1.genblk1.genblk1.genblk1.genblk1.genblk1.lut1.genblk1.genblk1.genblk1.genblk1.genblk1.lut0 (4 -> 0)
  Optimizing lut $auto$abc_ops_reintegrate.cc:611:reintegrate$34736.genblk1.genblk1.genblk1.genblk1.genblk1.genblk1.lut0.genblk1.genblk1.genblk1.genblk1.genblk1.lut0 (4 -> 2)
  Optimizing lut $auto$abc_ops_reintegrate.cc:611:reintegrate$34735.genblk1.genblk1.genblk1.genblk1.genblk1.genblk1.genblk1.lut0.genblk1.genblk1.genblk1.genblk1.genblk1.genblk1.lut0.genblk1.genblk1.genblk1.genblk1.genblk1.lut1 (4 -> 0)
  Optimizing lut $auto$abc_ops_reintegrate.cc:611:reintegrate$34734.genblk1.genblk1.genblk1.genblk1.genblk1.genblk1.genblk1.genblk1.lut1.genblk1.genblk1.genblk1.genblk1.genblk1.genblk1.genblk1.lut0.genblk1.genblk1.genblk1.genblk1.genblk1.genblk1.lut1.genblk1.genblk1.genblk1.genblk1.genblk1.lut0 (4 -> 0)
  Optimizing lut $auto$abc_ops_reintegrate.cc:611:reintegrate$34734.genblk1.genblk1.genblk1.genblk1.genblk1.genblk1.genblk1.genblk1.lut1.genblk1.genblk1.genblk1.genblk1.genblk1.genblk1.genblk1.lut1.genblk1.genblk1.genblk1.genblk1.genblk1.genblk1.lut1.genblk1.genblk1.genblk1.genblk1.genblk1.lut1 (4 -> 0)
  Optimizing lut $auto$abc_ops_reintegrate.cc:611:reintegrate$34734.genblk1.genblk1.genblk1.genblk1.genblk1.genblk1.genblk1.genblk1.lut0.genblk1.genblk1.genblk1.genblk1.genblk1.genblk1.genblk1.lut1.genblk1.genblk1.genblk1.genblk1.genblk1.genblk1.lut1.genblk1.genblk1.genblk1.genblk1.genblk1.lut1 (4 -> 0)
  Optimizing lut $abc$34688$lut$aiger$o2346.genblk1.genblk1.genblk1.genblk1.genblk1.genblk1.lut0.genblk1.genblk1.genblk1.genblk1.genblk1.lut0 (4 -> 3)
  Optimizing lut $abc$34688$lut$aiger$o2065.genblk1.genblk1.genblk1.genblk1.genblk1.lut1 (4 -> 2)
  Optimizing lut $abc$34688$lut$aiger$o1954.genblk1.genblk1.genblk1.genblk1.genblk1.genblk1.lut0.genblk1.genblk1.genblk1.genblk1.genblk1.lut0 (4 -> 3)
  Optimizing lut $abc$34688$lut$aiger34687$4677.genblk1.genblk1.genblk1.genblk1.genblk1.lut0 (4 -> 0)
  Optimizing lut $auto$abc_ops_reintegrate.cc:611:reintegrate$34734.genblk1.genblk1.genblk1.genblk1.genblk1.genblk1.genblk1.genblk1.lut0.genblk1.genblk1.genblk1.genblk1.genblk1.genblk1.genblk1.lut0.genblk1.genblk1.genblk1.genblk1.genblk1.genblk1.lut0.genblk1.genblk1.genblk1.genblk1.genblk1.lut1 (4 -> 0)
  Optimizing lut $auto$abc_ops_reintegrate.cc:611:reintegrate$34734.genblk1.genblk1.genblk1.genblk1.genblk1.genblk1.genblk1.genblk1.lut1.genblk1.genblk1.genblk1.genblk1.genblk1.genblk1.genblk1.lut0.genblk1.genblk1.genblk1.genblk1.genblk1.genblk1.lut1.genblk1.genblk1.genblk1.genblk1.genblk1.lut1 (4 -> 0)
  Optimizing lut $auto$abc_ops_reintegrate.cc:611:reintegrate$34735.genblk1.genblk1.genblk1.genblk1.genblk1.genblk1.genblk1.lut1.genblk1.genblk1.genblk1.genblk1.genblk1.genblk1.lut1.genblk1.genblk1.genblk1.genblk1.genblk1.lut1 (4 -> 0)
  Optimizing lut $auto$abc_ops_reintegrate.cc:611:reintegrate$34737.genblk1.genblk1.genblk1.genblk1.genblk1.genblk1.genblk1.lut0.genblk1.genblk1.genblk1.genblk1.genblk1.genblk1.lut1.genblk1.genblk1.genblk1.genblk1.genblk1.lut0 (4 -> 0)
  Optimizing lut $auto$abc_ops_reintegrate.cc:611:reintegrate$34737.genblk1.genblk1.genblk1.genblk1.genblk1.genblk1.genblk1.lut1.genblk1.genblk1.genblk1.genblk1.genblk1.genblk1.lut1.genblk1.genblk1.genblk1.genblk1.genblk1.lut1 (4 -> 0)
  Optimizing lut $auto$abc_ops_reintegrate.cc:611:reintegrate$34736.genblk1.genblk1.genblk1.genblk1.genblk1.genblk1.lut1.genblk1.genblk1.genblk1.genblk1.genblk1.lut1 (4 -> 0)
  Optimizing lut $auto$abc_ops_reintegrate.cc:611:reintegrate$34743.genblk1.genblk1.genblk1.genblk1.genblk1.genblk1.lut1.genblk1.genblk1.genblk1.genblk1.genblk1.lut1 (4 -> 0)
  Optimizing lut $abc$34688$lut$aiger34687$4314.genblk1.genblk1.genblk1.genblk1.genblk1.lut1 (4 -> 0)
  Optimizing lut $abc$34688$lut$aiger34687$4336.genblk1.genblk1.genblk1.genblk1.genblk1.lut1 (4 -> 0)
  Optimizing lut $abc$34688$lut$aiger$o4791.genblk1.genblk1.genblk1.genblk1.genblk1.lut0 (4 -> 0)
  Optimizing lut $abc$34688$lut$aiger$o4786.genblk1.genblk1.genblk1.genblk1.genblk1.lut0 (4 -> 0)
  Optimizing lut $abc$34688$lut$aiger$o4463.genblk1.genblk1.genblk1.genblk1.genblk1.lut1 (4 -> 0)
  Optimizing lut $abc$34688$lut$aiger$o39.genblk1.genblk1.genblk1.genblk1.genblk1.lut1 (4 -> 3)
  Optimizing lut $abc$34688$lut$aiger34687$4685.genblk1.genblk1.genblk1.genblk1.genblk1.lut0 (4 -> 0)
  Optimizing lut $abc$34688$lut$aiger$o139.genblk1.genblk1.genblk1.genblk1.genblk1.lut1 (4 -> 0)
  Optimizing lut $abc$34688$lut$aiger$o137.genblk1.genblk1.genblk1.genblk1.genblk1.lut1 (4 -> 0)
  Optimizing lut $abc$34688$lut$aiger$o964.genblk1.genblk1.genblk1.genblk1.genblk1.lut1 (4 -> 0)
  Optimizing lut $abc$34688$lut$aiger$o2750.genblk1.genblk1.genblk1.genblk1.genblk1.lut1 (4 -> 0)
  Optimizing lut $abc$34688$lut$aiger34687$3514.genblk1.genblk1.genblk1.genblk1.genblk1.lut0 (4 -> 0)
  Optimizing lut $abc$34688$lut$aiger$o2757.genblk1.genblk1.genblk1.genblk1.genblk1.lut1 (4 -> 0)
  Optimizing lut $abc$34688$lut$aiger34687$3495.genblk1.genblk1.genblk1.genblk1.genblk1.lut0 (4 -> 1)
  Optimizing lut $abc$34688$lut$aiger34687$3068.genblk1.genblk1.genblk1.genblk1.genblk1.lut0 (4 -> 0)
  Optimizing lut $abc$34688$lut$aiger34687$3615.genblk1.genblk1.genblk1.genblk1.genblk1.lut1 (4 -> 0)
  Optimizing lut $abc$34688$lut$aiger$o2153.genblk1.genblk1.genblk1.genblk1.genblk1.genblk1.genblk1.lut0.genblk1.genblk1.genblk1.genblk1.genblk1.genblk1.lut1.genblk1.genblk1.genblk1.genblk1.genblk1.lut1 (4 -> 3)
  Optimizing lut $auto$abc_ops_reintegrate.cc:611:reintegrate$34783.genblk1.genblk1.genblk1.genblk1.genblk1.genblk1.lut1.genblk1.genblk1.genblk1.genblk1.genblk1.lut0 (4 -> 0)
  Optimizing lut $auto$abc_ops_reintegrate.cc:611:reintegrate$34745.genblk1.genblk1.genblk1.genblk1.genblk1.genblk1.genblk1.lut1.genblk1.genblk1.genblk1.genblk1.genblk1.genblk1.lut1.genblk1.genblk1.genblk1.genblk1.genblk1.lut1 (4 -> 0)
  Optimizing lut $auto$abc_ops_reintegrate.cc:611:reintegrate$34763.genblk1.genblk1.genblk1.genblk1.genblk1.lut1 (4 -> 0)
  Optimizing lut $auto$abc_ops_reintegrate.cc:611:reintegrate$34737.genblk1.genblk1.genblk1.genblk1.genblk1.genblk1.genblk1.lut0.genblk1.genblk1.genblk1.genblk1.genblk1.genblk1.lut1.genblk1.genblk1.genblk1.genblk1.genblk1.lut1 (4 -> 0)
  Optimizing lut $abc$34688$lut$aiger34687$3277.genblk1.genblk1.genblk1.genblk1.genblk1.lut0 (4 -> 1)
  Optimizing lut $abc$34688$lut$aiger$o2755.genblk1.genblk1.genblk1.genblk1.genblk1.lut0 (4 -> 0)
  Optimizing lut $abc$34688$lut$aiger$o1954.genblk1.genblk1.genblk1.genblk1.genblk1.genblk1.lut1.genblk1.genblk1.genblk1.genblk1.genblk1.lut0 (4 -> 0)
  Optimizing lut $abc$34688$lut$aiger34687$4300.genblk1.genblk1.genblk1.genblk1.genblk1.lut1 (4 -> 0)
  Optimizing lut $auto$abc_ops_reintegrate.cc:611:reintegrate$34739.genblk1.genblk1.genblk1.genblk1.genblk1.genblk1.lut1.genblk1.genblk1.genblk1.genblk1.genblk1.lut1 (4 -> 0)
  Optimizing lut $abc$34688$lut$aiger34687$3584.genblk1.genblk1.genblk1.genblk1.genblk1.lut0 (4 -> 0)
  Optimizing lut $abc$34688$lut$aiger$o44.genblk1.genblk1.genblk1.genblk1.genblk1.genblk1.lut1.genblk1.genblk1.genblk1.genblk1.genblk1.lut0 (4 -> 3)
  Optimizing lut $abc$34688$lut$aiger34687$3725.genblk1.genblk1.genblk1.genblk1.genblk1.lut1 (4 -> 2)
  Optimizing lut $abc$34688$lut$aiger$o44.genblk1.genblk1.genblk1.genblk1.genblk1.genblk1.lut1.genblk1.genblk1.genblk1.genblk1.genblk1.lut1 (4 -> 0)
  Optimizing lut $abc$34688$lut$aiger34687$3431.genblk1.genblk1.genblk1.genblk1.genblk1.lut0 (4 -> 0)
  Optimizing lut $abc$34688$lut$aiger$o2760.genblk1.genblk1.genblk1.genblk1.genblk1.lut1 (4 -> 0)
  Optimizing lut $abc$34688$lut$aiger$o2153.genblk1.genblk1.genblk1.genblk1.genblk1.genblk1.genblk1.lut1.genblk1.genblk1.genblk1.genblk1.genblk1.genblk1.lut1.genblk1.genblk1.genblk1.genblk1.genblk1.lut1 (4 -> 3)
  Optimizing lut $auto$abc_ops_reintegrate.cc:611:reintegrate$34751.genblk1.genblk1.genblk1.genblk1.genblk1.lut1 (4 -> 0)
  Optimizing lut $abc$34688$lut$aiger$o2346.genblk1.genblk1.genblk1.genblk1.genblk1.genblk1.lut1.genblk1.genblk1.genblk1.genblk1.genblk1.lut0 (4 -> 0)
  Optimizing lut $auto$abc_ops_reintegrate.cc:611:reintegrate$34739.genblk1.genblk1.genblk1.genblk1.genblk1.genblk1.lut1.genblk1.genblk1.genblk1.genblk1.genblk1.lut0 (4 -> 0)
  Optimizing lut $abc$34688$lut$aiger$o1957.genblk1.genblk1.genblk1.genblk1.genblk1.genblk1.genblk1.lut0.genblk1.genblk1.genblk1.genblk1.genblk1.genblk1.lut1.genblk1.genblk1.genblk1.genblk1.genblk1.lut1 (4 -> 2)
  Optimizing lut $abc$34688$lut$aiger$o2346.genblk1.genblk1.genblk1.genblk1.genblk1.genblk1.lut1.genblk1.genblk1.genblk1.genblk1.genblk1.lut1 (4 -> 0)
  Optimizing lut $abc$34688$lut$aiger$o1957.genblk1.genblk1.genblk1.genblk1.genblk1.genblk1.genblk1.lut1.genblk1.genblk1.genblk1.genblk1.genblk1.genblk1.lut1.genblk1.genblk1.genblk1.genblk1.genblk1.lut1 (4 -> 2)
  Optimizing lut $abc$34688$lut$aiger$o44.genblk1.genblk1.genblk1.genblk1.genblk1.genblk1.lut0.genblk1.genblk1.genblk1.genblk1.genblk1.lut1 (4 -> 3)
  Optimizing lut $abc$34688$lut$aiger$o2249.genblk1.genblk1.genblk1.genblk1.genblk1.lut0 (4 -> 0)
  Optimizing lut $abc$34688$lut$aiger$o1954.genblk1.genblk1.genblk1.genblk1.genblk1.genblk1.lut1.genblk1.genblk1.genblk1.genblk1.genblk1.lut1 (4 -> 0)

15.47. Executing HILOMAP pass (mapping to constant drivers).
Removed 0 unused cells and 2008 unused wires.

15.48. Executing AUTONAME pass.
Renamed 3777 objects in module amiga_logic_core.
<suppressed ~3777 debug messages>

15.49. Executing HIERARCHY pass (managing design hierarchy).
Attribute `top' found on module `amiga_logic_core'. Setting top module to amiga_logic_core.

15.49.1. Analyzing design hierarchy..
Top module:  \amiga_logic_core

15.49.2. Analyzing design hierarchy..
Top module:  \amiga_logic_core
Removed 0 unused modules.

15.50. Printing statistics.

=== amiga_logic_core ===

        +----------Local Count, excluding submodules.
        | 
     1970 wires
     3705 wire bits
     1970 public wires
     3705 public wire bits
       28 ports
       87 port bits
      961 cells
       12   $scopeinfo
        6   DPX9B
        1   GND
       92   LUT1
      308   LUT2
      129   LUT3
      277   LUT4
      106   MUX2_LUT5
       21   MUX2_LUT6
        7   MUX2_LUT7
        1   MUX2_LUT8
        1   VCC
     1103 submodules
      430   ALU
       94   DFF
       83   DFFC
        6   DFFCE
       25   DFFNCE
        3   DFFNP
        1   DFFNPE
        5   DFFP
      162   DFFR
      279   DFFRE
        8   DFFS
        7   DFFSE

=== design hierarchy ===

        +----------Count including submodules.
        | 
      961 amiga_logic_core

        +----------Count including submodules.
        | 
     1970 wires
     3705 wire bits
     1970 public wires
     3705 public wire bits
       28 ports
       87 port bits
        - memories
        - memory bits
        - processes
      961 cells
       12   $scopeinfo
        6   DPX9B
        1   GND
       92   LUT1
      308   LUT2
      129   LUT3
      277   LUT4
      106   MUX2_LUT5
       21   MUX2_LUT6
        7   MUX2_LUT7
        1   MUX2_LUT8
        1   VCC
     1103 submodules
      430   ALU
       94   DFF
       83   DFFC
        6   DFFCE
       25   DFFNCE
        3   DFFNP
        1   DFFNPE
        5   DFFP
      162   DFFR
      279   DFFRE
        8   DFFS
        7   DFFSE

15.51. Executing CHECK pass (checking for obvious problems).
Checking module amiga_logic_core...
Found and reported 0 problems.

15.52. Executing JSON backend.

16. Printing statistics.

=== amiga_logic_core ===

        +----------Local Count, excluding submodules.
        | 
     1970 wires
     3705 wire bits
     1970 public wires
     3705 public wire bits
       28 ports
       87 port bits
     2064 cells
       12   $scopeinfo
      430   ALU
       94   DFF
       83   DFFC
        6   DFFCE
       25   DFFNCE
        3   DFFNP
        1   DFFNPE
        5   DFFP
      162   DFFR
      279   DFFRE
        8   DFFS
        7   DFFSE
        6   DPX9B
        1   GND
       92   LUT1
      308   LUT2
      129   LUT3
      277   LUT4
      106   MUX2_LUT5
       21   MUX2_LUT6
        7   MUX2_LUT7
        1   MUX2_LUT8
        1   VCC

Warnings: 1 unique messages, 1 total
End of script. Logfile hash: 8edac412b4, time: 2.81s, user: 2.81s, system: 0.00s
Yosys 0.69 (git sha1 9f75ca1f9, Release, Clang /workspace/YoWASP/yosys/wasi-sdk-33.0-x86_64-linux/share/cmake/../..//bin/clang++ 22.1.0)
Time spent: 24% 1x abc9_exe (0 sec), 12% 14x techmap (0 sec), ...
