
-- Running command `read_verilog -defer -sv outputs/amiga_scandoubler/rtl/line_double.sv outputs/amiga_scandoubler/rtl/field_sync.sv outputs/amiga_scandoubler/rtl/video_core.sv; chparam -set H_SAMPLES 1816 -set HS_WIDTH 4 -set X_START 6 -set X_END 1812 -set Y_START 8 -set Y_END 617 video_core; synth_gowin -top video_core -noiopads -json work/video_gowin.json; stat' --

1. Executing Verilog-2005 frontend: outputs/amiga_scandoubler/rtl/line_double.sv
Parsing SystemVerilog input from `outputs/amiga_scandoubler/rtl/line_double.sv' to AST representation.
Storing AST representation for module `$abstract\line_double'.
Successfully finished Verilog frontend.

2. Executing Verilog-2005 frontend: outputs/amiga_scandoubler/rtl/field_sync.sv
Parsing SystemVerilog input from `outputs/amiga_scandoubler/rtl/field_sync.sv' to AST representation.
Storing AST representation for module `$abstract\field_sync'.
Successfully finished Verilog frontend.

3. Executing Verilog-2005 frontend: outputs/amiga_scandoubler/rtl/video_core.sv
Parsing SystemVerilog input from `outputs/amiga_scandoubler/rtl/video_core.sv' to AST representation.
Storing AST representation for module `$abstract\video_core'.
Successfully finished Verilog frontend.
Parameter \H_SAMPLES = 1816
Parameter \HS_WIDTH = 4
Parameter \X_START = 6
Parameter \X_END = 1812
Parameter \Y_START = 8
Parameter \Y_END = 617

4. Executing AST frontend in derive mode using pre-parsed AST for module `\video_core'.
Parameter \H_SAMPLES = 1816
Parameter \HS_WIDTH = 4
Parameter \X_START = 6
Parameter \X_END = 1812
Parameter \Y_START = 8
Parameter \Y_END = 617
Generating RTLIL representation for module `$paramod$b17e92aa74298494ca60ee5ffe44e63e7ce92bb6\video_core'.

5. Executing SYNTH_GOWIN pass.

5.1. Executing Verilog-2005 frontend: /share/gowin/cells_sim.v
Parsing Verilog input from `/share/gowin/cells_sim.v' to AST representation.
Generating RTLIL representation for module `\LUT1'.
Generating RTLIL representation for module `\LUT2'.
Generating RTLIL representation for module `\LUT3'.
Generating RTLIL representation for module `\LUT4'.
Generating RTLIL representation for module `\__APICULA_LUT5'.
Generating RTLIL representation for module `\__APICULA_LUT6'.
Generating RTLIL representation for module `\__APICULA_LUT7'.
Generating RTLIL representation for module `\__APICULA_LUT8'.
Generating RTLIL representation for module `\MUX2'.
Generating RTLIL representation for module `\MUX2_LUT5'.
Generating RTLIL representation for module `\MUX2_LUT6'.
Generating RTLIL representation for module `\MUX2_LUT7'.
Generating RTLIL representation for module `\MUX2_LUT8'.
Generating RTLIL representation for module `\DFF'.
Generating RTLIL representation for module `\DFFE'.
Generating RTLIL representation for module `\DFFS'.
Generating RTLIL representation for module `\DFFSE'.
Generating RTLIL representation for module `\DFFR'.
Generating RTLIL representation for module `\DFFRE'.
Generating RTLIL representation for module `\DFFP'.
Generating RTLIL representation for module `\DFFPE'.
Generating RTLIL representation for module `\DFFC'.
Generating RTLIL representation for module `\DFFCE'.
Generating RTLIL representation for module `\DFFN'.
Generating RTLIL representation for module `\DFFNE'.
Generating RTLIL representation for module `\DFFNS'.
Generating RTLIL representation for module `\DFFNSE'.
Generating RTLIL representation for module `\DFFNR'.
Generating RTLIL representation for module `\DFFNRE'.
Generating RTLIL representation for module `\DFFNP'.
Generating RTLIL representation for module `\DFFNPE'.
Generating RTLIL representation for module `\DFFNC'.
Generating RTLIL representation for module `\DFFNCE'.
Generating RTLIL representation for module `\DL'.
Generating RTLIL representation for module `\DLN'.
Generating RTLIL representation for module `\DLE'.
Generating RTLIL representation for module `\DLNE'.
Generating RTLIL representation for module `\DLC'.
Generating RTLIL representation for module `\DLCE'.
Generating RTLIL representation for module `\DLNC'.
Generating RTLIL representation for module `\DLNCE'.
Generating RTLIL representation for module `\DLP'.
Generating RTLIL representation for module `\DLPE'.
Generating RTLIL representation for module `\DLNP'.
Generating RTLIL representation for module `\DLNPE'.
Generating RTLIL representation for module `\VCC'.
Generating RTLIL representation for module `\GND'.
Generating RTLIL representation for module `\IBUF'.
Generating RTLIL representation for module `\OBUF'.
Generating RTLIL representation for module `\TBUF'.
Generating RTLIL representation for module `\IOBUF'.
Generating RTLIL representation for module `\ELVDS_OBUF'.
Generating RTLIL representation for module `\TLVDS_OBUF'.
Generating RTLIL representation for module `\OSER4'.
Generating RTLIL representation for module `\OSER4_MEM'.
Generating RTLIL representation for module `\OSER8'.
Generating RTLIL representation for module `\OSER10'.
Generating RTLIL representation for module `\OVIDEO'.
Generating RTLIL representation for module `\OSER16'.
Generating RTLIL representation for module `\IDES4'.
Generating RTLIL representation for module `\IDES4_MEM'.
Generating RTLIL representation for module `\IDES8'.
Generating RTLIL representation for module `\IDES10'.
Generating RTLIL representation for module `\IVIDEO'.
Generating RTLIL representation for module `\IDES16'.
Generating RTLIL representation for module `\IDDR'.
Generating RTLIL representation for module `\IDDRC'.
Generating RTLIL representation for module `\DQS'.
Generating RTLIL representation for module `\ODDR'.
Generating RTLIL representation for module `\ODDRC'.
Generating RTLIL representation for module `\GSR'.
Generating RTLIL representation for module `\BANDGAP'.
Generating RTLIL representation for module `\ALU'.
Generating RTLIL representation for module `\RAM16S1'.
Generating RTLIL representation for module `\RAM16S2'.
Generating RTLIL representation for module `\RAM16S4'.
Generating RTLIL representation for module `\RAM16SDP1'.
Generating RTLIL representation for module `\RAM16SDP2'.
Generating RTLIL representation for module `\RAM16SDP4'.
Generating RTLIL representation for module `\SP'.
Generating RTLIL representation for module `\SPX9'.
Generating RTLIL representation for module `\SDP'.
Generating RTLIL representation for module `\SDPX9'.
Generating RTLIL representation for module `\DP'.
Generating RTLIL representation for module `\DPX9'.
Generating RTLIL representation for module `\rPLL'.
Generating RTLIL representation for module `\PLLVR'.
Generating RTLIL representation for module `\OSC'.
Generating RTLIL representation for module `\OSCZ'.
Generating RTLIL representation for module `\OSCF'.
Generating RTLIL representation for module `\OSCH'.
Generating RTLIL representation for module `\OSCW'.
Generating RTLIL representation for module `\OSCO'.
Generating RTLIL representation for module `\EMCU'.
Successfully finished Verilog frontend.

5.2. Executing Verilog-2005 frontend: /share/gowin/cells_xtra_gw1n.v
Parsing Verilog input from `/share/gowin/cells_xtra_gw1n.v' to AST representation.
Generating RTLIL representation for module `\LUT5'.
Generating RTLIL representation for module `\LUT6'.
Generating RTLIL representation for module `\LUT7'.
Generating RTLIL representation for module `\LUT8'.
Generating RTLIL representation for module `\INV'.
Generating RTLIL representation for module `\IODELAY'.
Generating RTLIL representation for module `\IEM'.
Generating RTLIL representation for module `\ROM16'.
Generating RTLIL representation for module `\ROM'.
Generating RTLIL representation for module `\ROMX9'.
Generating RTLIL representation for module `\pROM'.
Generating RTLIL representation for module `\pROMX9'.
Generating RTLIL representation for module `\SDPB'.
Generating RTLIL representation for module `\SDPX9B'.
Generating RTLIL representation for module `\DPB'.
Generating RTLIL representation for module `\DPX9B'.
Generating RTLIL representation for module `\PADD18'.
Generating RTLIL representation for module `\PADD9'.
Generating RTLIL representation for module `\MULT9X9'.
Generating RTLIL representation for module `\MULT18X18'.
Generating RTLIL representation for module `\MULT36X36'.
Generating RTLIL representation for module `\MULTALU36X18'.
Generating RTLIL representation for module `\MULTADDALU18X18'.
Generating RTLIL representation for module `\MULTALU18X18'.
Generating RTLIL representation for module `\ALU54D'.
Generating RTLIL representation for module `\BUFG'.
Generating RTLIL representation for module `\BUFS'.
Generating RTLIL representation for module `\PLL'.
Generating RTLIL representation for module `\TLVDS_IBUF'.
Generating RTLIL representation for module `\TLVDS_TBUF'.
Generating RTLIL representation for module `\TLVDS_IOBUF'.
Generating RTLIL representation for module `\ELVDS_IBUF'.
Generating RTLIL representation for module `\ELVDS_TBUF'.
Generating RTLIL representation for module `\ELVDS_IOBUF'.
Generating RTLIL representation for module `\MIPI_IBUF'.
Generating RTLIL representation for module `\MIPI_IBUF_HS'.
Generating RTLIL representation for module `\MIPI_IBUF_LP'.
Generating RTLIL representation for module `\MIPI_OBUF'.
Generating RTLIL representation for module `\MIPI_OBUF_A'.
Generating RTLIL representation for module `\ELVDS_IBUF_MIPI'.
Generating RTLIL representation for module `\I3C_IOBUF'.
Generating RTLIL representation for module `\CLKDIV'.
Generating RTLIL representation for module `\DHCEN'.
Generating RTLIL representation for module `\DLLDLY'.
Generating RTLIL representation for module `\FLASH96K'.
Generating RTLIL representation for module `\FLASH256K'.
Generating RTLIL representation for module `\FLASH608K'.
Generating RTLIL representation for module `\DCS'.
Generating RTLIL representation for module `\DQCE'.
Generating RTLIL representation for module `\CLKDIV2'.
Generating RTLIL representation for module `\DHCENC'.
Generating RTLIL representation for module `\FLASH64K'.
Generating RTLIL representation for module `\FLASH64KZ'.
Successfully finished Verilog frontend.

5.3. Executing HIERARCHY pass (managing design hierarchy).

5.4. Executing AST frontend in derive mode using pre-parsed AST for module `\video_core'.
Generating RTLIL representation for module `\video_core'.

5.4.1. Analyzing design hierarchy..
Top module:  \video_core
Parameter \H_SAMPLES = 1816
Parameter \VS_LINES = 5

5.4.2. Executing AST frontend in derive mode using pre-parsed AST for module `\field_sync'.
Parameter \H_SAMPLES = 1816
Parameter \VS_LINES = 5
Generating RTLIL representation for module `$paramod$d6dee0bcd04703285f7c7a34827e153f96219042\field_sync'.
Parameter \H_SAMPLES = 1816

5.4.3. Executing AST frontend in derive mode using pre-parsed AST for module `\line_double'.
Parameter \H_SAMPLES = 1816
Generating RTLIL representation for module `$paramod\line_double\H_SAMPLES=s32'00000000000000000000011100011000'.

5.4.4. Analyzing design hierarchy..
Top module:  \video_core
Used module:     $paramod$d6dee0bcd04703285f7c7a34827e153f96219042\field_sync
Used module:     $paramod\line_double\H_SAMPLES=s32'00000000000000000000011100011000

5.4.5. Analyzing design hierarchy..
Top module:  \video_core
Used module:     $paramod$d6dee0bcd04703285f7c7a34827e153f96219042\field_sync
Used module:     $paramod\line_double\H_SAMPLES=s32'00000000000000000000011100011000
Removing unused module `$abstract\video_core'.
Removing unused module `$abstract\field_sync'.
Removing unused module `$abstract\line_double'.
Removed 3 unused modules.

5.5. Executing PROC pass (convert processes to netlists).

5.5.1. Executing PROC_CLEAN pass (remove empty switches from decision trees).
Found and cleaned up 1 empty switch in `$paramod\line_double\H_SAMPLES=s32'00000000000000000000011100011000.$proc$outputs/amiga_scandoubler/rtl/line_double.sv:45$457'.
Removing empty process `$paramod\line_double\H_SAMPLES=s32'00000000000000000000011100011000.$proc$outputs/amiga_scandoubler/rtl/line_double.sv:45$457'.
Found and cleaned up 1 empty switch in `\video_core.$proc$outputs/amiga_scandoubler/rtl/video_core.sv:31$384'.
Removing empty process `video_core.$proc$outputs/amiga_scandoubler/rtl/video_core.sv:31$384'.
Cleaned up 2 empty switches.

5.5.2. Executing PROC_RMDEAD pass (remove dead branches from decision trees).
Marked 5 switch rules as full_case in process $proc$outputs/amiga_scandoubler/rtl/line_double.sv:50$426 in module $paramod\line_double\H_SAMPLES=s32'00000000000000000000011100011000.
Marked 2 switch rules as full_case in process $proc$outputs/amiga_scandoubler/rtl/line_double.sv:37$406 in module $paramod\line_double\H_SAMPLES=s32'00000000000000000000011100011000.
Marked 5 switch rules as full_case in process $proc$outputs/amiga_scandoubler/rtl/field_sync.sv:19$387 in module $paramod$d6dee0bcd04703285f7c7a34827e153f96219042\field_sync.
Marked 3 switch rules as full_case in process $proc$outputs/amiga_scandoubler/rtl/video_core.sv:51$363 in module video_core.
Marked 1 switch rules as full_case in process $proc$outputs/amiga_scandoubler/rtl/video_core.sv:43$362 in module video_core.
Removed a total of 0 dead cases.

5.5.3. Executing PROC_PRUNE pass (remove redundant assignments in processes).
Removed 16 redundant assignments.
Promoted 8 assignments to connections.

5.5.4. Executing PROC_INIT pass (extract init attributes).

5.5.5. Executing PROC_ARST pass (detect async resets in processes).

5.5.6. Executing PROC_ROM pass (convert switches to ROMs).
Converted 0 switches.
<suppressed ~27 debug messages>

5.5.7. Executing PROC_MUX pass (convert decision trees to multiplexers).
Creating decoders for process `$paramod\line_double\H_SAMPLES=s32'00000000000000000000011100011000.$proc$outputs/amiga_scandoubler/rtl/line_double.sv:50$426'.
     1/12: $0\out_sol[0:0]
     2/12: $0\pixel_valid[0:0]
     3/12: $0\previous_ce[0:0]
     4/12: $0\elapsed[12:0]
     5/12: $0\read_x[10:0]
     6/12: $0\written[11:0]
     7/12: $0\reading[0:0]
     8/12: $0\read_bank[0:0]
     9/12: $0\write_bank[0:0]
    10/12: $0\started[0:0]
    11/12: $0\protocol_error[0:0]
    12/12: $0\out_x[10:0]
Creating decoders for process `$paramod\line_double\H_SAMPLES=s32'00000000000000000000011100011000.$proc$outputs/amiga_scandoubler/rtl/line_double.sv:37$406'.
     1/6: $1$memwr$\bank1$outputs/amiga_scandoubler/rtl/line_double.sv:41$394_EN[23:0]$423
     2/6: $1$memwr$\bank1$outputs/amiga_scandoubler/rtl/line_double.sv:41$394_DATA[23:0]$422
     3/6: $1$memwr$\bank1$outputs/amiga_scandoubler/rtl/line_double.sv:41$394_ADDR[10:0]$421
     4/6: $1$memwr$\bank0$outputs/amiga_scandoubler/rtl/line_double.sv:40$393_EN[23:0]$419
     5/6: $1$memwr$\bank0$outputs/amiga_scandoubler/rtl/line_double.sv:40$393_DATA[23:0]$418
     6/6: $1$memwr$\bank0$outputs/amiga_scandoubler/rtl/line_double.sv:40$393_ADDR[10:0]$417
Creating decoders for process `$paramod$d6dee0bcd04703285f7c7a34827e153f96219042\field_sync.$proc$outputs/amiga_scandoubler/rtl/field_sync.sv:19$387'.
     1/6: $0\frame_start[0:0]
     2/6: $0\remaining[31:0]
     3/6: $0\pending[0:0]
     4/6: $0\delay_active[0:0]
     5/6: $0\delay_count[11:0]
     6/6: $0\vs_n[0:0]
Creating decoders for process `\video_core.$proc$outputs/amiga_scandoubler/rtl/video_core.sv:51$363'.
     1/13: $0\vs_n[0:0]
     2/13: $0\hs_n[0:0]
     3/13: $0\frame_start[0:0]
     4/13: $0\out_sol[0:0]
     5/13: $0\out_x[10:0]
     6/13: $0\x1[10:0]
     7/13: $0\sol1[0:0]
     8/13: $0\valid2[0:0]
     9/13: $0\valid1[0:0]
    10/13: $0\rgb2[23:0]
    11/13: $0\rgb1[23:0]
    12/13: $0\have_frame[0:0]
    13/13: $0\out_y[11:0]
Creating decoders for process `\video_core.$proc$outputs/amiga_scandoubler/rtl/video_core.sv:43$362'.
     1/1: $0\field_delayed[0:0]

5.5.8. Executing PROC_DLATCH pass (convert process syncs to latches).

5.5.9. Executing PROC_DFF pass (convert process syncs to FFs).
Creating register for signal `$paramod\line_double\H_SAMPLES=s32'00000000000000000000011100011000.\out_sol' using process `$paramod\line_double\H_SAMPLES=s32'00000000000000000000011100011000.$proc$outputs/amiga_scandoubler/rtl/line_double.sv:50$426'.
  created $dff cell `$procdff$736' with positive edge clock.
Creating register for signal `$paramod\line_double\H_SAMPLES=s32'00000000000000000000011100011000.\out_x' using process `$paramod\line_double\H_SAMPLES=s32'00000000000000000000011100011000.$proc$outputs/amiga_scandoubler/rtl/line_double.sv:50$426'.
  created $dff cell `$procdff$737' with positive edge clock.
Creating register for signal `$paramod\line_double\H_SAMPLES=s32'00000000000000000000011100011000.\protocol_error' using process `$paramod\line_double\H_SAMPLES=s32'00000000000000000000011100011000.$proc$outputs/amiga_scandoubler/rtl/line_double.sv:50$426'.
  created $dff cell `$procdff$738' with positive edge clock.
Creating register for signal `$paramod\line_double\H_SAMPLES=s32'00000000000000000000011100011000.\pixel_valid' using process `$paramod\line_double\H_SAMPLES=s32'00000000000000000000011100011000.$proc$outputs/amiga_scandoubler/rtl/line_double.sv:50$426'.
  created $dff cell `$procdff$739' with positive edge clock.
Creating register for signal `$paramod\line_double\H_SAMPLES=s32'00000000000000000000011100011000.\started' using process `$paramod\line_double\H_SAMPLES=s32'00000000000000000000011100011000.$proc$outputs/amiga_scandoubler/rtl/line_double.sv:50$426'.
  created $dff cell `$procdff$740' with positive edge clock.
Creating register for signal `$paramod\line_double\H_SAMPLES=s32'00000000000000000000011100011000.\write_bank' using process `$paramod\line_double\H_SAMPLES=s32'00000000000000000000011100011000.$proc$outputs/amiga_scandoubler/rtl/line_double.sv:50$426'.
  created $dff cell `$procdff$741' with positive edge clock.
Creating register for signal `$paramod\line_double\H_SAMPLES=s32'00000000000000000000011100011000.\read_bank' using process `$paramod\line_double\H_SAMPLES=s32'00000000000000000000011100011000.$proc$outputs/amiga_scandoubler/rtl/line_double.sv:50$426'.
  created $dff cell `$procdff$742' with positive edge clock.
Creating register for signal `$paramod\line_double\H_SAMPLES=s32'00000000000000000000011100011000.\reading' using process `$paramod\line_double\H_SAMPLES=s32'00000000000000000000011100011000.$proc$outputs/amiga_scandoubler/rtl/line_double.sv:50$426'.
  created $dff cell `$procdff$743' with positive edge clock.
Creating register for signal `$paramod\line_double\H_SAMPLES=s32'00000000000000000000011100011000.\written' using process `$paramod\line_double\H_SAMPLES=s32'00000000000000000000011100011000.$proc$outputs/amiga_scandoubler/rtl/line_double.sv:50$426'.
  created $dff cell `$procdff$744' with positive edge clock.
Creating register for signal `$paramod\line_double\H_SAMPLES=s32'00000000000000000000011100011000.\read_x' using process `$paramod\line_double\H_SAMPLES=s32'00000000000000000000011100011000.$proc$outputs/amiga_scandoubler/rtl/line_double.sv:50$426'.
  created $dff cell `$procdff$745' with positive edge clock.
Creating register for signal `$paramod\line_double\H_SAMPLES=s32'00000000000000000000011100011000.\elapsed' using process `$paramod\line_double\H_SAMPLES=s32'00000000000000000000011100011000.$proc$outputs/amiga_scandoubler/rtl/line_double.sv:50$426'.
  created $dff cell `$procdff$746' with positive edge clock.
Creating register for signal `$paramod\line_double\H_SAMPLES=s32'00000000000000000000011100011000.\previous_ce' using process `$paramod\line_double\H_SAMPLES=s32'00000000000000000000011100011000.$proc$outputs/amiga_scandoubler/rtl/line_double.sv:50$426'.
  created $dff cell `$procdff$747' with positive edge clock.
Creating register for signal `$paramod\line_double\H_SAMPLES=s32'00000000000000000000011100011000.\bank0_q' using process `$paramod\line_double\H_SAMPLES=s32'00000000000000000000011100011000.$proc$outputs/amiga_scandoubler/rtl/line_double.sv:37$406'.
  created $dff cell `$procdff$748' with positive edge clock.
Creating register for signal `$paramod\line_double\H_SAMPLES=s32'00000000000000000000011100011000.\bank1_q' using process `$paramod\line_double\H_SAMPLES=s32'00000000000000000000011100011000.$proc$outputs/amiga_scandoubler/rtl/line_double.sv:37$406'.
  created $dff cell `$procdff$749' with positive edge clock.
Creating register for signal `$paramod\line_double\H_SAMPLES=s32'00000000000000000000011100011000.$memwr$\bank0$outputs/amiga_scandoubler/rtl/line_double.sv:40$393_ADDR' using process `$paramod\line_double\H_SAMPLES=s32'00000000000000000000011100011000.$proc$outputs/amiga_scandoubler/rtl/line_double.sv:37$406'.
  created $dff cell `$procdff$750' with positive edge clock.
Creating register for signal `$paramod\line_double\H_SAMPLES=s32'00000000000000000000011100011000.$memwr$\bank0$outputs/amiga_scandoubler/rtl/line_double.sv:40$393_DATA' using process `$paramod\line_double\H_SAMPLES=s32'00000000000000000000011100011000.$proc$outputs/amiga_scandoubler/rtl/line_double.sv:37$406'.
  created $dff cell `$procdff$751' with positive edge clock.
Creating register for signal `$paramod\line_double\H_SAMPLES=s32'00000000000000000000011100011000.$memwr$\bank0$outputs/amiga_scandoubler/rtl/line_double.sv:40$393_EN' using process `$paramod\line_double\H_SAMPLES=s32'00000000000000000000011100011000.$proc$outputs/amiga_scandoubler/rtl/line_double.sv:37$406'.
  created $dff cell `$procdff$752' with positive edge clock.
Creating register for signal `$paramod\line_double\H_SAMPLES=s32'00000000000000000000011100011000.$memwr$\bank1$outputs/amiga_scandoubler/rtl/line_double.sv:41$394_ADDR' using process `$paramod\line_double\H_SAMPLES=s32'00000000000000000000011100011000.$proc$outputs/amiga_scandoubler/rtl/line_double.sv:37$406'.
  created $dff cell `$procdff$753' with positive edge clock.
Creating register for signal `$paramod\line_double\H_SAMPLES=s32'00000000000000000000011100011000.$memwr$\bank1$outputs/amiga_scandoubler/rtl/line_double.sv:41$394_DATA' using process `$paramod\line_double\H_SAMPLES=s32'00000000000000000000011100011000.$proc$outputs/amiga_scandoubler/rtl/line_double.sv:37$406'.
  created $dff cell `$procdff$754' with positive edge clock.
Creating register for signal `$paramod\line_double\H_SAMPLES=s32'00000000000000000000011100011000.$memwr$\bank1$outputs/amiga_scandoubler/rtl/line_double.sv:41$394_EN' using process `$paramod\line_double\H_SAMPLES=s32'00000000000000000000011100011000.$proc$outputs/amiga_scandoubler/rtl/line_double.sv:37$406'.
  created $dff cell `$procdff$755' with positive edge clock.
Creating register for signal `$paramod$d6dee0bcd04703285f7c7a34827e153f96219042\field_sync.\vs_n' using process `$paramod$d6dee0bcd04703285f7c7a34827e153f96219042\field_sync.$proc$outputs/amiga_scandoubler/rtl/field_sync.sv:19$387'.
  created $dff cell `$procdff$756' with positive edge clock.
Creating register for signal `$paramod$d6dee0bcd04703285f7c7a34827e153f96219042\field_sync.\frame_start' using process `$paramod$d6dee0bcd04703285f7c7a34827e153f96219042\field_sync.$proc$outputs/amiga_scandoubler/rtl/field_sync.sv:19$387'.
  created $dff cell `$procdff$757' with positive edge clock.
Creating register for signal `$paramod$d6dee0bcd04703285f7c7a34827e153f96219042\field_sync.\delay_count' using process `$paramod$d6dee0bcd04703285f7c7a34827e153f96219042\field_sync.$proc$outputs/amiga_scandoubler/rtl/field_sync.sv:19$387'.
  created $dff cell `$procdff$758' with positive edge clock.
Creating register for signal `$paramod$d6dee0bcd04703285f7c7a34827e153f96219042\field_sync.\delay_active' using process `$paramod$d6dee0bcd04703285f7c7a34827e153f96219042\field_sync.$proc$outputs/amiga_scandoubler/rtl/field_sync.sv:19$387'.
  created $dff cell `$procdff$759' with positive edge clock.
Creating register for signal `$paramod$d6dee0bcd04703285f7c7a34827e153f96219042\field_sync.\pending' using process `$paramod$d6dee0bcd04703285f7c7a34827e153f96219042\field_sync.$proc$outputs/amiga_scandoubler/rtl/field_sync.sv:19$387'.
  created $dff cell `$procdff$760' with positive edge clock.
Creating register for signal `$paramod$d6dee0bcd04703285f7c7a34827e153f96219042\field_sync.\remaining' using process `$paramod$d6dee0bcd04703285f7c7a34827e153f96219042\field_sync.$proc$outputs/amiga_scandoubler/rtl/field_sync.sv:19$387'.
  created $dff cell `$procdff$761' with positive edge clock.
Creating register for signal `\video_core.\hs_n' using process `\video_core.$proc$outputs/amiga_scandoubler/rtl/video_core.sv:51$363'.
  created $dff cell `$procdff$762' with positive edge clock.
Creating register for signal `\video_core.\vs_n' using process `\video_core.$proc$outputs/amiga_scandoubler/rtl/video_core.sv:51$363'.
  created $dff cell `$procdff$763' with positive edge clock.
Creating register for signal `\video_core.\out_sol' using process `\video_core.$proc$outputs/amiga_scandoubler/rtl/video_core.sv:51$363'.
  created $dff cell `$procdff$764' with positive edge clock.
Creating register for signal `\video_core.\frame_start' using process `\video_core.$proc$outputs/amiga_scandoubler/rtl/video_core.sv:51$363'.
  created $dff cell `$procdff$765' with positive edge clock.
Creating register for signal `\video_core.\out_x' using process `\video_core.$proc$outputs/amiga_scandoubler/rtl/video_core.sv:51$363'.
  created $dff cell `$procdff$766' with positive edge clock.
Creating register for signal `\video_core.\out_y' using process `\video_core.$proc$outputs/amiga_scandoubler/rtl/video_core.sv:51$363'.
  created $dff cell `$procdff$767' with positive edge clock.
Creating register for signal `\video_core.\rgb1' using process `\video_core.$proc$outputs/amiga_scandoubler/rtl/video_core.sv:51$363'.
  created $dff cell `$procdff$768' with positive edge clock.
Creating register for signal `\video_core.\rgb2' using process `\video_core.$proc$outputs/amiga_scandoubler/rtl/video_core.sv:51$363'.
  created $dff cell `$procdff$769' with positive edge clock.
Creating register for signal `\video_core.\valid1' using process `\video_core.$proc$outputs/amiga_scandoubler/rtl/video_core.sv:51$363'.
  created $dff cell `$procdff$770' with positive edge clock.
Creating register for signal `\video_core.\valid2' using process `\video_core.$proc$outputs/amiga_scandoubler/rtl/video_core.sv:51$363'.
  created $dff cell `$procdff$771' with positive edge clock.
Creating register for signal `\video_core.\sol1' using process `\video_core.$proc$outputs/amiga_scandoubler/rtl/video_core.sv:51$363'.
  created $dff cell `$procdff$772' with positive edge clock.
Creating register for signal `\video_core.\have_frame' using process `\video_core.$proc$outputs/amiga_scandoubler/rtl/video_core.sv:51$363'.
  created $dff cell `$procdff$773' with positive edge clock.
Creating register for signal `\video_core.\x1' using process `\video_core.$proc$outputs/amiga_scandoubler/rtl/video_core.sv:51$363'.
  created $dff cell `$procdff$774' with positive edge clock.
Creating register for signal `\video_core.\field_delayed' using process `\video_core.$proc$outputs/amiga_scandoubler/rtl/video_core.sv:43$362'.
  created $dff cell `$procdff$775' with positive edge clock.

5.5.10. Executing PROC_MEMWR pass (convert process memory writes to cells).

5.5.11. Executing PROC_CLEAN pass (remove empty switches from decision trees).
Found and cleaned up 12 empty switches in `$paramod\line_double\H_SAMPLES=s32'00000000000000000000011100011000.$proc$outputs/amiga_scandoubler/rtl/line_double.sv:50$426'.
Removing empty process `$paramod\line_double\H_SAMPLES=s32'00000000000000000000011100011000.$proc$outputs/amiga_scandoubler/rtl/line_double.sv:50$426'.
Found and cleaned up 2 empty switches in `$paramod\line_double\H_SAMPLES=s32'00000000000000000000011100011000.$proc$outputs/amiga_scandoubler/rtl/line_double.sv:37$406'.
Removing empty process `$paramod\line_double\H_SAMPLES=s32'00000000000000000000011100011000.$proc$outputs/amiga_scandoubler/rtl/line_double.sv:37$406'.
Found and cleaned up 7 empty switches in `$paramod$d6dee0bcd04703285f7c7a34827e153f96219042\field_sync.$proc$outputs/amiga_scandoubler/rtl/field_sync.sv:19$387'.
Removing empty process `$paramod$d6dee0bcd04703285f7c7a34827e153f96219042\field_sync.$proc$outputs/amiga_scandoubler/rtl/field_sync.sv:19$387'.
Found and cleaned up 5 empty switches in `\video_core.$proc$outputs/amiga_scandoubler/rtl/video_core.sv:51$363'.
Removing empty process `video_core.$proc$outputs/amiga_scandoubler/rtl/video_core.sv:51$363'.
Found and cleaned up 1 empty switch in `\video_core.$proc$outputs/amiga_scandoubler/rtl/video_core.sv:43$362'.
Removing empty process `video_core.$proc$outputs/amiga_scandoubler/rtl/video_core.sv:43$362'.
Cleaned up 27 empty switches.

5.5.12. Executing OPT_EXPR pass (perform const folding).
Optimizing module $paramod\line_double\H_SAMPLES=s32'00000000000000000000011100011000.
<suppressed ~1 debug messages>
Optimizing module $paramod$d6dee0bcd04703285f7c7a34827e153f96219042\field_sync.
<suppressed ~2 debug messages>
Optimizing module video_core.

5.6. Executing CHECK pass (checking for obvious problems).
Checking module $paramod\line_double\H_SAMPLES=s32'00000000000000000000011100011000...
Checking module $paramod$d6dee0bcd04703285f7c7a34827e153f96219042\field_sync...
Checking module video_core...
Found and reported 0 problems.

5.7. Executing FLATTEN pass (flatten design).
Deleting now unused module $paramod\line_double\H_SAMPLES=s32'00000000000000000000011100011000.
Deleting now unused module $paramod$d6dee0bcd04703285f7c7a34827e153f96219042\field_sync.
<suppressed ~2 debug messages>

5.8. Executing TRIBUF pass.

5.9. Executing DEMINOUT pass (demote inout ports to input or output).

5.10. Executing OPT_EXPR pass (perform const folding).
Optimizing module video_core.

5.11. Executing OPT_CLEAN pass (remove unused cells and wires).
Finding unused cells or wires in module \video_core..
Removed 6 unused cells and 162 unused wires.
<suppressed ~7 debug messages>

5.12. Executing CHECK pass (checking for obvious problems).
Checking module video_core...
Found and reported 0 problems.

5.13. Executing OPT pass (performing simple optimizations).

5.13.1. Executing OPT_EXPR pass (perform const folding).
Optimizing module video_core.

5.13.2. Executing OPT_MERGE pass (detect identical cells).
Finding identical cells in module `\video_core'.
Computing hashes of 215 cells of `\video_core'.
Finding duplicate cells in `\video_core'.
Computing hashes of 209 cells of `\video_core'.
Finding duplicate cells in `\video_core'.
<suppressed ~18 debug messages>
Removed a total of 6 cells.

5.13.3. Executing OPT_MUXTREE pass (detect dead branches in mux trees).
Running muxtree optimizer on module \video_core..
  Creating internal representation of mux trees.
  Evaluating internal representation of mux trees.
      Replacing known input bits on port A of cell $flatten\fields.$procmux$648: \fields.delay_active -> 1'0
      Replacing known input bits on port B of cell $flatten\fields.$procmux$646: \fields.delay_active -> 1'1
  Analyzing evaluation results.
Removed 0 multiplexer ports.
<suppressed ~169 debug messages>

5.13.4. Executing OPT_REDUCE pass (consolidate $*mux and $reduce_* inputs).
  Optimizing cells in module \video_core.
    Consolidated identical input bits for $mux cell $flatten\lines.$procmux$593:
      Old ports: A=24'000000000000000000000000, B=24'111111111111111111111111, Y=$flatten\lines.$0$memwr$\bank1$outputs/amiga_scandoubler/rtl/line_double.sv:41$394_EN[23:0]$412
      New ports: A=1'0, B=1'1, Y=$flatten\lines.$0$memwr$\bank1$outputs/amiga_scandoubler/rtl/line_double.sv:41$394_EN[23:0]$412 [0]
      New connections: $flatten\lines.$0$memwr$\bank1$outputs/amiga_scandoubler/rtl/line_double.sv:41$394_EN[23:0]$412 [23:1] = { $flatten\lines.$0$memwr$\bank1$outputs/amiga_scandoubler/rtl/line_double.sv:41$394_EN[23:0]$412 [0] $flatten\lines.$0$memwr$\bank1$outputs/amiga_scandoubler/rtl/line_double.sv:41$394_EN[23:0]$412 [0] $flatten\lines.$0$memwr$\bank1$outputs/amiga_scandoubler/rtl/line_double.sv:41$394_EN[23:0]$412 [0] $flatten\lines.$0$memwr$\bank1$outputs/amiga_scandoubler/rtl/line_double.sv:41$394_EN[23:0]$412 [0] $flatten\lines.$0$memwr$\bank1$outputs/amiga_scandoubler/rtl/line_double.sv:41$394_EN[23:0]$412 [0] $flatten\lines.$0$memwr$\bank1$outputs/amiga_scandoubler/rtl/line_double.sv:41$394_EN[23:0]$412 [0] $flatten\lines.$0$memwr$\bank1$outputs/amiga_scandoubler/rtl/line_double.sv:41$394_EN[23:0]$412 [0] $flatten\lines.$0$memwr$\bank1$outputs/amiga_scandoubler/rtl/line_double.sv:41$394_EN[23:0]$412 [0] $flatten\lines.$0$memwr$\bank1$outputs/amiga_scandoubler/rtl/line_double.sv:41$394_EN[23:0]$412 [0] $flatten\lines.$0$memwr$\bank1$outputs/amiga_scandoubler/rtl/line_double.sv:41$394_EN[23:0]$412 [0] $flatten\lines.$0$memwr$\bank1$outputs/amiga_scandoubler/rtl/line_double.sv:41$394_EN[23:0]$412 [0] $flatten\lines.$0$memwr$\bank1$outputs/amiga_scandoubler/rtl/line_double.sv:41$394_EN[23:0]$412 [0] $flatten\lines.$0$memwr$\bank1$outputs/amiga_scandoubler/rtl/line_double.sv:41$394_EN[23:0]$412 [0] $flatten\lines.$0$memwr$\bank1$outputs/amiga_scandoubler/rtl/line_double.sv:41$394_EN[23:0]$412 [0] $flatten\lines.$0$memwr$\bank1$outputs/amiga_scandoubler/rtl/line_double.sv:41$394_EN[23:0]$412 [0] $flatten\lines.$0$memwr$\bank1$outputs/amiga_scandoubler/rtl/line_double.sv:41$394_EN[23:0]$412 [0] $flatten\lines.$0$memwr$\bank1$outputs/amiga_scandoubler/rtl/line_double.sv:41$394_EN[23:0]$412 [0] $flatten\lines.$0$memwr$\bank1$outputs/amiga_scandoubler/rtl/line_double.sv:41$394_EN[23:0]$412 [0] $flatten\lines.$0$memwr$\bank1$outputs/amiga_scandoubler/rtl/line_double.sv:41$394_EN[23:0]$412 [0] $flatten\lines.$0$memwr$\bank1$outputs/amiga_scandoubler/rtl/line_double.sv:41$394_EN[23:0]$412 [0] $flatten\lines.$0$memwr$\bank1$outputs/amiga_scandoubler/rtl/line_double.sv:41$394_EN[23:0]$412 [0] $flatten\lines.$0$memwr$\bank1$outputs/amiga_scandoubler/rtl/line_double.sv:41$394_EN[23:0]$412 [0] $flatten\lines.$0$memwr$\bank1$outputs/amiga_scandoubler/rtl/line_double.sv:41$394_EN[23:0]$412 [0] }
    Consolidated identical input bits for $mux cell $flatten\lines.$procmux$602:
      Old ports: A=24'000000000000000000000000, B=24'111111111111111111111111, Y=$flatten\lines.$0$memwr$\bank0$outputs/amiga_scandoubler/rtl/line_double.sv:40$393_EN[23:0]$409
      New ports: A=1'0, B=1'1, Y=$flatten\lines.$0$memwr$\bank0$outputs/amiga_scandoubler/rtl/line_double.sv:40$393_EN[23:0]$409 [0]
      New connections: $flatten\lines.$0$memwr$\bank0$outputs/amiga_scandoubler/rtl/line_double.sv:40$393_EN[23:0]$409 [23:1] = { $flatten\lines.$0$memwr$\bank0$outputs/amiga_scandoubler/rtl/line_double.sv:40$393_EN[23:0]$409 [0] $flatten\lines.$0$memwr$\bank0$outputs/amiga_scandoubler/rtl/line_double.sv:40$393_EN[23:0]$409 [0] $flatten\lines.$0$memwr$\bank0$outputs/amiga_scandoubler/rtl/line_double.sv:40$393_EN[23:0]$409 [0] $flatten\lines.$0$memwr$\bank0$outputs/amiga_scandoubler/rtl/line_double.sv:40$393_EN[23:0]$409 [0] $flatten\lines.$0$memwr$\bank0$outputs/amiga_scandoubler/rtl/line_double.sv:40$393_EN[23:0]$409 [0] $flatten\lines.$0$memwr$\bank0$outputs/amiga_scandoubler/rtl/line_double.sv:40$393_EN[23:0]$409 [0] $flatten\lines.$0$memwr$\bank0$outputs/amiga_scandoubler/rtl/line_double.sv:40$393_EN[23:0]$409 [0] $flatten\lines.$0$memwr$\bank0$outputs/amiga_scandoubler/rtl/line_double.sv:40$393_EN[23:0]$409 [0] $flatten\lines.$0$memwr$\bank0$outputs/amiga_scandoubler/rtl/line_double.sv:40$393_EN[23:0]$409 [0] $flatten\lines.$0$memwr$\bank0$outputs/amiga_scandoubler/rtl/line_double.sv:40$393_EN[23:0]$409 [0] $flatten\lines.$0$memwr$\bank0$outputs/amiga_scandoubler/rtl/line_double.sv:40$393_EN[23:0]$409 [0] $flatten\lines.$0$memwr$\bank0$outputs/amiga_scandoubler/rtl/line_double.sv:40$393_EN[23:0]$409 [0] $flatten\lines.$0$memwr$\bank0$outputs/amiga_scandoubler/rtl/line_double.sv:40$393_EN[23:0]$409 [0] $flatten\lines.$0$memwr$\bank0$outputs/amiga_scandoubler/rtl/line_double.sv:40$393_EN[23:0]$409 [0] $flatten\lines.$0$memwr$\bank0$outputs/amiga_scandoubler/rtl/line_double.sv:40$393_EN[23:0]$409 [0] $flatten\lines.$0$memwr$\bank0$outputs/amiga_scandoubler/rtl/line_double.sv:40$393_EN[23:0]$409 [0] $flatten\lines.$0$memwr$\bank0$outputs/amiga_scandoubler/rtl/line_double.sv:40$393_EN[23:0]$409 [0] $flatten\lines.$0$memwr$\bank0$outputs/amiga_scandoubler/rtl/line_double.sv:40$393_EN[23:0]$409 [0] $flatten\lines.$0$memwr$\bank0$outputs/amiga_scandoubler/rtl/line_double.sv:40$393_EN[23:0]$409 [0] $flatten\lines.$0$memwr$\bank0$outputs/amiga_scandoubler/rtl/line_double.sv:40$393_EN[23:0]$409 [0] $flatten\lines.$0$memwr$\bank0$outputs/amiga_scandoubler/rtl/line_double.sv:40$393_EN[23:0]$409 [0] $flatten\lines.$0$memwr$\bank0$outputs/amiga_scandoubler/rtl/line_double.sv:40$393_EN[23:0]$409 [0] $flatten\lines.$0$memwr$\bank0$outputs/amiga_scandoubler/rtl/line_double.sv:40$393_EN[23:0]$409 [0] }
  Optimizing cells in module \video_core.
Performed a total of 2 changes.

5.13.5. Executing OPT_MERGE pass (detect identical cells).
Finding identical cells in module `\video_core'.
Computing hashes of 209 cells of `\video_core'.
Finding duplicate cells in `\video_core'.
Computing hashes of 206 cells of `\video_core'.
Finding duplicate cells in `\video_core'.
Computing hashes of 205 cells of `\video_core'.
Finding duplicate cells in `\video_core'.
<suppressed ~12 debug messages>
Removed a total of 4 cells.

5.13.6. Executing OPT_DFF pass (perform DFF optimizations).

5.13.7. Executing OPT_CLEAN pass (remove unused cells and wires).
Finding unused cells or wires in module \video_core..
Removed 0 unused cells and 10 unused wires.
<suppressed ~1 debug messages>

5.13.8. Executing OPT_EXPR pass (perform const folding).
Optimizing module video_core.

5.13.9. Rerunning OPT passes. (Maybe there is more to do..)

5.13.10. Executing OPT_MUXTREE pass (detect dead branches in mux trees).
Running muxtree optimizer on module \video_core..
  Creating internal representation of mux trees.
  Evaluating internal representation of mux trees.
  Analyzing evaluation results.
Removed 0 multiplexer ports.
<suppressed ~169 debug messages>

5.13.11. Executing OPT_REDUCE pass (consolidate $*mux and $reduce_* inputs).
  Optimizing cells in module \video_core.
Performed a total of 0 changes.

5.13.12. Executing OPT_MERGE pass (detect identical cells).
Finding identical cells in module `\video_core'.
Computing hashes of 205 cells of `\video_core'.
Finding duplicate cells in `\video_core'.
Removed a total of 0 cells.

5.13.13. Executing OPT_DFF pass (perform DFF optimizations).

5.13.14. Executing OPT_CLEAN pass (remove unused cells and wires).
Finding unused cells or wires in module \video_core..

5.13.15. Executing OPT_EXPR pass (perform const folding).
Optimizing module video_core.

5.13.16. Finished fast OPT passes. (There is nothing left to do.)

5.14. Executing FSM pass (extract and optimize FSM).

5.14.1. Executing FSM_DETECT pass (finding FSMs in design).

5.14.2. Executing FSM_EXTRACT pass (extracting FSM from design).

5.14.3. Executing FSM_OPT pass (simple optimizations of FSMs).

5.14.4. Executing OPT_CLEAN pass (remove unused cells and wires).
Finding unused cells or wires in module \video_core..

5.14.5. Executing FSM_OPT pass (simple optimizations of FSMs).

5.14.6. Executing FSM_RECODE pass (re-assigning FSM state encoding).

5.14.7. Executing FSM_INFO pass (dumping all available information on FSM cells).

5.14.8. Executing FSM_MAP pass (mapping FSMs to basic logic).

5.15. Executing OPT pass (performing simple optimizations).

5.15.1. Executing OPT_EXPR pass (perform const folding).
Optimizing module video_core.

5.15.2. Executing OPT_MERGE pass (detect identical cells).
Finding identical cells in module `\video_core'.
Computing hashes of 205 cells of `\video_core'.
Finding duplicate cells in `\video_core'.
Removed a total of 0 cells.

5.15.3. Executing OPT_MUXTREE pass (detect dead branches in mux trees).
Running muxtree optimizer on module \video_core..
  Creating internal representation of mux trees.
  Evaluating internal representation of mux trees.
  Analyzing evaluation results.
Removed 0 multiplexer ports.
<suppressed ~169 debug messages>

5.15.4. Executing OPT_REDUCE pass (consolidate $*mux and $reduce_* inputs).
  Optimizing cells in module \video_core.
Performed a total of 0 changes.

5.15.5. Executing OPT_MERGE pass (detect identical cells).
Finding identical cells in module `\video_core'.
Computing hashes of 205 cells of `\video_core'.
Finding duplicate cells in `\video_core'.
Removed a total of 0 cells.

5.15.6. Executing OPT_DFF pass (perform DFF optimizations).
Adding SRST signal on $procdff$762 ($dff) from module video_core (D = $logic_not$outputs/amiga_scandoubler/rtl/video_core.sv:59$366_Y, Q = \hs_n, rval = 1'1).
Adding SRST signal on $procdff$763 ($dff) from module video_core (D = \fields.vs_n, Q = \vs_n, rval = 1'1).
Adding SRST signal on $procdff$764 ($dff) from module video_core (D = \sol1, Q = \out_sol, rval = 1'0).
Adding SRST signal on $procdff$765 ($dff) from module video_core (D = \fields.frame_start, Q = \frame_start, rval = 1'0).
Adding SRST signal on $procdff$766 ($dff) from module video_core (D = \x1, Q = \out_x, rval = 11'00000000000).
Adding SRST signal on $procdff$767 ($dff) from module video_core (D = $procmux$728_Y, Q = \out_y, rval = 12'000000000000).
Adding EN signal on $auto$ff.cc:337:slice$785 ($sdff) from module video_core (D = $procmux$725_Y, Q = \out_y).
Adding SRST signal on $procdff$768 ($dff) from module video_core (D = $flatten\lines.$ternary$outputs/amiga_scandoubler/rtl/line_double.sv:43$424_Y, Q = \rgb1, rval = 24'000000000000000000000000).
Adding SRST signal on $procdff$769 ($dff) from module video_core (D = \rgb1, Q = \rgb2, rval = 24'000000000000000000000000).
Adding SRST signal on $procdff$770 ($dff) from module video_core (D = \lines.pixel_valid, Q = \valid1, rval = 1'0).
Adding SRST signal on $procdff$771 ($dff) from module video_core (D = \valid1, Q = \valid2, rval = 1'0).
Adding SRST signal on $procdff$772 ($dff) from module video_core (D = \lines.out_sol, Q = \sol1, rval = 1'0).
Adding SRST signal on $procdff$773 ($dff) from module video_core (D = $procmux$712_Y, Q = \have_frame, rval = 1'0).
Adding EN signal on $auto$ff.cc:337:slice$804 ($sdff) from module video_core (D = 1'1, Q = \have_frame).
Adding SRST signal on $procdff$774 ($dff) from module video_core (D = \lines.out_x, Q = \x1, rval = 11'00000000000).
Adding SRST signal on $procdff$775 ($dff) from module video_core (D = \field_start, Q = \field_delayed, rval = 1'0).
Adding SRST signal on $flatten\lines.$procdff$747 ($dff) from module video_core (D = \sample_ce, Q = \lines.previous_ce, rval = 1'0).
Adding SRST signal on $flatten\lines.$procdff$746 ($dff) from module video_core (D = $flatten\lines.$procmux$489_Y, Q = \lines.elapsed, rval = 13'0000000000000).
Adding EN signal on $auto$ff.cc:337:slice$811 ($sdff) from module video_core (D = $flatten\lines.$add$outputs/amiga_scandoubler/rtl/line_double.sv:78$443_Y, Q = \lines.elapsed).
Adding SRST signal on $flatten\lines.$procdff$745 ($dff) from module video_core (D = $flatten\lines.$procmux$508_Y, Q = \lines.read_x, rval = 11'00000000000).
Adding EN signal on $auto$ff.cc:337:slice$817 ($sdff) from module video_core (D = $flatten\lines.$procmux$508_Y, Q = \lines.read_x).
Adding SRST signal on $flatten\lines.$procdff$744 ($dff) from module video_core (D = $flatten\lines.$procmux$518_Y, Q = \lines.written, rval = 12'000000000000).
Adding EN signal on $auto$ff.cc:337:slice$827 ($sdff) from module video_core (D = $flatten\lines.$procmux$518_Y, Q = \lines.written).
Adding SRST signal on $flatten\lines.$procdff$743 ($dff) from module video_core (D = $flatten\lines.$procmux$533_Y, Q = \lines.reading, rval = 1'0).
Adding SRST signal on $flatten\lines.$procdff$742 ($dff) from module video_core (D = $flatten\lines.$procmux$542_Y, Q = \lines.read_bank, rval = 1'0).
Adding EN signal on $auto$ff.cc:337:slice$836 ($sdff) from module video_core (D = \lines.write_bank, Q = \lines.read_bank).
Adding SRST signal on $flatten\lines.$procdff$741 ($dff) from module video_core (D = \lines.ram_write_bank, Q = \lines.write_bank, rval = 1'0).
Adding SRST signal on $flatten\lines.$procdff$740 ($dff) from module video_core (D = $flatten\lines.$procmux$557_Y, Q = \lines.started, rval = 1'0).
Adding EN signal on $auto$ff.cc:337:slice$841 ($sdff) from module video_core (D = 1'1, Q = \lines.started).
Adding SRST signal on $flatten\lines.$procdff$739 ($dff) from module video_core (D = $flatten\lines.$procmux$479_Y, Q = \lines.pixel_valid, rval = 1'0).
Adding SRST signal on $flatten\lines.$procdff$738 ($dff) from module video_core (D = $flatten\lines.$procmux$574_Y, Q = \lines.protocol_error, rval = 1'0).
Adding SRST signal on $flatten\lines.$procdff$737 ($dff) from module video_core (D = $flatten\lines.$procmux$587_Y, Q = \lines.out_x, rval = 11'00000000000).
Adding EN signal on $auto$ff.cc:337:slice$845 ($sdff) from module video_core (D = $flatten\lines.$procmux$587_Y, Q = \lines.out_x).
Adding SRST signal on $flatten\lines.$procdff$736 ($dff) from module video_core (D = $flatten\lines.$procmux$466_Y, Q = \lines.out_sol, rval = 1'0).
Adding SRST signal on $flatten\fields.$procdff$761 ($dff) from module video_core (D = $flatten\fields.$procmux$624_Y, Q = \fields.remaining, rval = 0).
Adding EN signal on $auto$ff.cc:337:slice$856 ($sdff) from module video_core (D = $flatten\fields.$procmux$622_Y, Q = \fields.remaining).
Adding SRST signal on $flatten\fields.$procdff$760 ($dff) from module video_core (D = $flatten\fields.$procmux$640_Y, Q = \fields.pending, rval = 1'0).
Adding SRST signal on $flatten\fields.$procdff$759 ($dff) from module video_core (D = $flatten\fields.$procmux$651_Y, Q = \fields.delay_active, rval = 1'0).
Adding SRST signal on $flatten\fields.$procdff$758 ($dff) from module video_core (D = { $flatten\fields.$procmux$662_Y [11:9] $flatten\fields.$procmux$662_Y [5] $flatten\fields.$procmux$662_Y [3:0] }, Q = { \fields.delay_count [11:9] \fields.delay_count [5] \fields.delay_count [3:0] }, rval = 8'00000000).
Adding SRST signal on $flatten\fields.$procdff$758 ($dff) from module video_core (D = { $flatten\fields.$procmux$659_Y [8:6] $flatten\fields.$procmux$659_Y [4] }, Q = { \fields.delay_count [8:6] \fields.delay_count [4] }, rval = 4'0000).
Adding EN signal on $auto$ff.cc:337:slice$861 ($sdff) from module video_core (D = { $flatten\fields.$sub$outputs/amiga_scandoubler/rtl/field_sync.sv:29$389_Y [8:6] $flatten\fields.$sub$outputs/amiga_scandoubler/rtl/field_sync.sv:29$389_Y [4] }, Q = { \fields.delay_count [8:6] \fields.delay_count [4] }).
Adding EN signal on $auto$ff.cc:337:slice$860 ($sdff) from module video_core (D = { $flatten\fields.$procmux$662_Y [11:9] $flatten\fields.$procmux$662_Y [5] $flatten\fields.$procmux$662_Y [3:0] }, Q = { \fields.delay_count [11:9] \fields.delay_count [5] \fields.delay_count [3:0] }).
Adding SRST signal on $flatten\fields.$procdff$757 ($dff) from module video_core (D = $flatten\fields.$procmux$611_Y, Q = \fields.frame_start, rval = 1'0).
Adding SRST signal on $flatten\fields.$procdff$756 ($dff) from module video_core (D = $flatten\fields.$procmux$673_Y, Q = \fields.vs_n, rval = 1'1).
Adding EN signal on $auto$ff.cc:337:slice$879 ($sdff) from module video_core (D = $flatten\fields.$procmux$671_Y, Q = \fields.vs_n).

5.15.7. Executing OPT_CLEAN pass (remove unused cells and wires).
Finding unused cells or wires in module \video_core..
Removed 45 unused cells and 46 unused wires.
<suppressed ~48 debug messages>

5.15.8. Executing OPT_EXPR pass (perform const folding).
Optimizing module video_core.
<suppressed ~10 debug messages>

5.15.9. Rerunning OPT passes. (Maybe there is more to do..)

5.15.10. Executing OPT_MUXTREE pass (detect dead branches in mux trees).
Running muxtree optimizer on module \video_core..
  Creating internal representation of mux trees.
  Evaluating internal representation of mux trees.
  Analyzing evaluation results.
Removed 0 multiplexer ports.
<suppressed ~107 debug messages>

5.15.11. Executing OPT_REDUCE pass (consolidate $*mux and $reduce_* inputs).
  Optimizing cells in module \video_core.
Performed a total of 0 changes.

5.15.12. Executing OPT_MERGE pass (detect identical cells).
Finding identical cells in module `\video_core'.
Computing hashes of 191 cells of `\video_core'.
Finding duplicate cells in `\video_core'.
Computing hashes of 187 cells of `\video_core'.
Finding duplicate cells in `\video_core'.
Computing hashes of 186 cells of `\video_core'.
Finding duplicate cells in `\video_core'.
<suppressed ~15 debug messages>
Removed a total of 5 cells.

5.15.13. Executing OPT_DFF pass (perform DFF optimizations).

5.15.14. Executing OPT_CLEAN pass (remove unused cells and wires).
Finding unused cells or wires in module \video_core..
Removed 0 unused cells and 5 unused wires.
<suppressed ~1 debug messages>

5.15.15. Executing OPT_EXPR pass (perform const folding).
Optimizing module video_core.

5.15.16. Rerunning OPT passes. (Maybe there is more to do..)

5.15.17. Executing OPT_MUXTREE pass (detect dead branches in mux trees).
Running muxtree optimizer on module \video_core..
  Creating internal representation of mux trees.
  Evaluating internal representation of mux trees.
  Analyzing evaluation results.
Removed 0 multiplexer ports.
<suppressed ~107 debug messages>

5.15.18. Executing OPT_REDUCE pass (consolidate $*mux and $reduce_* inputs).
  Optimizing cells in module \video_core.
Performed a total of 0 changes.

5.15.19. Executing OPT_MERGE pass (detect identical cells).
Finding identical cells in module `\video_core'.
Computing hashes of 186 cells of `\video_core'.
Finding duplicate cells in `\video_core'.
Removed a total of 0 cells.

5.15.20. Executing OPT_DFF pass (perform DFF optimizations).

5.15.21. Executing OPT_CLEAN pass (remove unused cells and wires).
Finding unused cells or wires in module \video_core..

5.15.22. Executing OPT_EXPR pass (perform const folding).
Optimizing module video_core.

5.15.23. Finished fast OPT passes. (There is nothing left to do.)

5.16. Executing WREDUCE pass (reducing word size of cells).
Removed top 1 bits (of 2) from port B of cell video_core.$auto$simple.cc:194:make_patterns_logic$882 ($ne).
Removed top 1 bits (of 2) from port B of cell video_core.$auto$simple.cc:194:make_patterns_logic$824 ($ne).
Removed top 29 bits (of 32) from port B of cell video_core.$lt$outputs/amiga_scandoubler/rtl/video_core.sv:59$364 ($lt).
Removed top 29 bits (of 32) from port B of cell video_core.$ge$outputs/amiga_scandoubler/rtl/video_core.sv:70$375 ($ge).
Removed top 21 bits (of 32) from port B of cell video_core.$lt$outputs/amiga_scandoubler/rtl/video_core.sv:70$377 ($lt).
Removed top 28 bits (of 32) from port B of cell video_core.$ge$outputs/amiga_scandoubler/rtl/video_core.sv:70$379 ($ge).
Removed top 22 bits (of 32) from port B of cell video_core.$lt$outputs/amiga_scandoubler/rtl/video_core.sv:70$381 ($lt).
Removed top 20 bits (of 32) from port B of cell video_core.$flatten\lines.$ge$outputs/amiga_scandoubler/rtl/line_double.sv:88$456 ($ge).
Removed top 20 bits (of 32) from port B of cell video_core.$flatten\lines.$lt$outputs/amiga_scandoubler/rtl/line_double.sv:82$449 ($lt).
Removed top 20 bits (of 32) from port B of cell video_core.$flatten\lines.$lt$outputs/amiga_scandoubler/rtl/line_double.sv:78$442 ($lt).
Removed top 31 bits (of 32) from mux cell video_core.$flatten\lines.$ternary$outputs/amiga_scandoubler/rtl/line_double.sv:76$441 ($mux).
Removed top 1 bits (of 13) from port B of cell video_core.$flatten\lines.$eq$outputs/amiga_scandoubler/rtl/line_double.sv:66$432 ($eq).
Removed top 1 bits (of 12) from port B of cell video_core.$flatten\lines.$eq$outputs/amiga_scandoubler/rtl/line_double.sv:65$430 ($eq).
Removed top 21 bits (of 32) from port B of cell video_core.$flatten\lines.$lt$outputs/amiga_scandoubler/rtl/line_double.sv:36$402 ($lt).
Removed top 30 bits (of 32) from port B of cell video_core.$flatten\fields.$sub$outputs/amiga_scandoubler/rtl/field_sync.sv:36$392 ($sub).
Removed top 30 bits (of 32) from port B of cell video_core.$flatten\fields.$gt$outputs/amiga_scandoubler/rtl/field_sync.sv:36$391 ($gt).
Removed top 31 bits (of 32) from wire video_core.$flatten\lines.$ternary$outputs/amiga_scandoubler/rtl/line_double.sv:76$441_Y.

5.17. Executing PEEPOPT pass (run peephole optimizers).

5.18. Executing OPT_CLEAN pass (remove unused cells and wires).
Finding unused cells or wires in module \video_core..
Removed 0 unused cells and 1 unused wires.
<suppressed ~1 debug messages>

5.19. Executing SHARE pass (SAT-based resource sharing).

5.20. Executing TECHMAP pass (map to technology primitives).

5.20.1. Executing Verilog-2005 frontend: /share/mul2dsp.v
Parsing Verilog input from `/share/mul2dsp.v' to AST representation.
Generating RTLIL representation for module `\_80_mul'.
Generating RTLIL representation for module `\_90_soft_mul'.
Successfully finished Verilog frontend.

5.20.2. Continuing TECHMAP pass.
No more expansions possible.
<suppressed ~4 debug messages>

5.21. Executing TECHMAP pass (map to technology primitives).

5.21.1. Executing Verilog-2005 frontend: /share/mul2dsp.v
Parsing Verilog input from `/share/mul2dsp.v' to AST representation.
Generating RTLIL representation for module `\_80_mul'.
Generating RTLIL representation for module `\_90_soft_mul'.
Successfully finished Verilog frontend.

5.21.2. Continuing TECHMAP pass.
No more expansions possible.
<suppressed ~4 debug messages>

5.22. Executing TECHMAP pass (map to technology primitives).

5.22.1. Executing Verilog-2005 frontend: /share/mul2dsp.v
Parsing Verilog input from `/share/mul2dsp.v' to AST representation.
Generating RTLIL representation for module `\_80_mul'.
Generating RTLIL representation for module `\_90_soft_mul'.
Successfully finished Verilog frontend.

5.22.2. Continuing TECHMAP pass.
No more expansions possible.
<suppressed ~4 debug messages>

5.23. Executing TECHMAP pass (map to technology primitives).

5.23.1. Executing Verilog-2005 frontend: /share/mul2dsp.v
Parsing Verilog input from `/share/mul2dsp.v' to AST representation.
Generating RTLIL representation for module `\_80_mul'.
Generating RTLIL representation for module `\_90_soft_mul'.
Successfully finished Verilog frontend.

5.23.2. Continuing TECHMAP pass.
No more expansions possible.
<suppressed ~4 debug messages>

5.24. Executing TECHMAP pass (map to technology primitives).

5.24.1. Executing Verilog-2005 frontend: /share/gowin/dsp_map.v
Parsing Verilog input from `/share/gowin/dsp_map.v' to AST representation.
Generating RTLIL representation for module `$__MUL9X9'.
Generating RTLIL representation for module `$__MUL18X18'.
Generating RTLIL representation for module `$__MUL36X36'.
Successfully finished Verilog frontend.

5.24.2. Continuing TECHMAP pass.
No more expansions possible.
<suppressed ~5 debug messages>

5.25. Executing ALUMACC pass (create $alu and $macc cells).
Extracting $alu and $macc cells in module video_core:
  creating $macc model for $flatten\fields.$sub$outputs/amiga_scandoubler/rtl/field_sync.sv:36$392 ($sub).
  creating $macc model for $flatten\lines.$add$outputs/amiga_scandoubler/rtl/line_double.sv:78$443 ($add).
  creating $macc model for $flatten\lines.$add$outputs/amiga_scandoubler/rtl/line_double.sv:80$446 ($add).
  creating $macc model for $flatten\lines.$add$outputs/amiga_scandoubler/rtl/line_double.sv:86$455 ($add).
  creating $macc model for $flatten\fields.$sub$outputs/amiga_scandoubler/rtl/field_sync.sv:29$389 ($sub).
  creating $macc model for $add$outputs/amiga_scandoubler/rtl/video_core.sv:65$369 ($add).
  creating $alu model for $macc $add$outputs/amiga_scandoubler/rtl/video_core.sv:65$369.
  creating $alu model for $macc $flatten\fields.$sub$outputs/amiga_scandoubler/rtl/field_sync.sv:29$389.
  creating $alu model for $macc $flatten\lines.$add$outputs/amiga_scandoubler/rtl/line_double.sv:86$455.
  creating $alu model for $macc $flatten\lines.$add$outputs/amiga_scandoubler/rtl/line_double.sv:80$446.
  creating $alu model for $macc $flatten\lines.$add$outputs/amiga_scandoubler/rtl/line_double.sv:78$443.
  creating $alu model for $macc $flatten\fields.$sub$outputs/amiga_scandoubler/rtl/field_sync.sv:36$392.
  creating $alu model for $flatten\lines.$lt$outputs/amiga_scandoubler/rtl/line_double.sv:36$402 ($lt): new $alu
  creating $alu model for $flatten\lines.$lt$outputs/amiga_scandoubler/rtl/line_double.sv:78$442 ($lt): new $alu
  creating $alu model for $flatten\lines.$lt$outputs/amiga_scandoubler/rtl/line_double.sv:82$449 ($lt): new $alu
  creating $alu model for $flatten\lines.$ge$outputs/amiga_scandoubler/rtl/line_double.sv:88$456 ($ge): merged with $flatten\lines.$lt$outputs/amiga_scandoubler/rtl/line_double.sv:82$449.
  creating $alu model for $flatten\fields.$gt$outputs/amiga_scandoubler/rtl/field_sync.sv:36$391 ($gt): merged with $flatten\fields.$sub$outputs/amiga_scandoubler/rtl/field_sync.sv:36$392.
  creating $alu model for $lt$outputs/amiga_scandoubler/rtl/video_core.sv:70$381 ($lt): new $alu
  creating $alu model for $ge$outputs/amiga_scandoubler/rtl/video_core.sv:70$379 ($ge): new $alu
  creating $alu model for $lt$outputs/amiga_scandoubler/rtl/video_core.sv:70$377 ($lt): new $alu
  creating $alu model for $ge$outputs/amiga_scandoubler/rtl/video_core.sv:70$375 ($ge): new $alu
  creating $alu model for $lt$outputs/amiga_scandoubler/rtl/video_core.sv:59$364 ($lt): new $alu
  creating $alu model for $flatten\lines.$eq$outputs/amiga_scandoubler/rtl/line_double.sv:65$430 ($eq): merged with $flatten\lines.$lt$outputs/amiga_scandoubler/rtl/line_double.sv:36$402.
  creating $alu model for $flatten\lines.$eq$outputs/amiga_scandoubler/rtl/line_double.sv:66$432 ($eq): merged with $flatten\lines.$lt$outputs/amiga_scandoubler/rtl/line_double.sv:82$449.
  creating $alu cell for $lt$outputs/amiga_scandoubler/rtl/video_core.sv:59$364: $auto$alumacc.cc:548:replace_alu$894
  creating $alu cell for $ge$outputs/amiga_scandoubler/rtl/video_core.sv:70$375: $auto$alumacc.cc:548:replace_alu$899
  creating $alu cell for $lt$outputs/amiga_scandoubler/rtl/video_core.sv:70$377: $auto$alumacc.cc:548:replace_alu$912
  creating $alu cell for $ge$outputs/amiga_scandoubler/rtl/video_core.sv:70$379: $auto$alumacc.cc:548:replace_alu$917
  creating $alu cell for $lt$outputs/amiga_scandoubler/rtl/video_core.sv:70$381: $auto$alumacc.cc:548:replace_alu$930
  creating $alu cell for $flatten\lines.$lt$outputs/amiga_scandoubler/rtl/line_double.sv:82$449, $flatten\lines.$ge$outputs/amiga_scandoubler/rtl/line_double.sv:88$456, $flatten\lines.$eq$outputs/amiga_scandoubler/rtl/line_double.sv:66$432: $auto$alumacc.cc:548:replace_alu$935
  creating $alu cell for $flatten\lines.$lt$outputs/amiga_scandoubler/rtl/line_double.sv:78$442: $auto$alumacc.cc:548:replace_alu$948
  creating $alu cell for $flatten\lines.$lt$outputs/amiga_scandoubler/rtl/line_double.sv:36$402, $flatten\lines.$eq$outputs/amiga_scandoubler/rtl/line_double.sv:65$430: $auto$alumacc.cc:548:replace_alu$953
  creating $alu cell for $flatten\fields.$sub$outputs/amiga_scandoubler/rtl/field_sync.sv:36$392, $flatten\fields.$gt$outputs/amiga_scandoubler/rtl/field_sync.sv:36$391: $auto$alumacc.cc:548:replace_alu$960
  creating $alu cell for $flatten\lines.$add$outputs/amiga_scandoubler/rtl/line_double.sv:78$443: $auto$alumacc.cc:548:replace_alu$973
  creating $alu cell for $flatten\lines.$add$outputs/amiga_scandoubler/rtl/line_double.sv:80$446: $auto$alumacc.cc:548:replace_alu$976
  creating $alu cell for $flatten\lines.$add$outputs/amiga_scandoubler/rtl/line_double.sv:86$455: $auto$alumacc.cc:548:replace_alu$979
  creating $alu cell for $flatten\fields.$sub$outputs/amiga_scandoubler/rtl/field_sync.sv:29$389: $auto$alumacc.cc:548:replace_alu$982
  creating $alu cell for $add$outputs/amiga_scandoubler/rtl/video_core.sv:65$369: $auto$alumacc.cc:548:replace_alu$985
  created 14 $alu and 0 $macc cells.

5.26. Executing OPT pass (performing simple optimizations).

5.26.1. Executing OPT_EXPR pass (perform const folding).
Optimizing module video_core.
<suppressed ~2 debug messages>

5.26.2. Executing OPT_MERGE pass (detect identical cells).
Finding identical cells in module `\video_core'.
Computing hashes of 208 cells of `\video_core'.
Finding duplicate cells in `\video_core'.
Removed a total of 0 cells.

5.26.3. Executing OPT_MUXTREE pass (detect dead branches in mux trees).
Running muxtree optimizer on module \video_core..
  Creating internal representation of mux trees.
  Evaluating internal representation of mux trees.
  Analyzing evaluation results.
Removed 0 multiplexer ports.
<suppressed ~107 debug messages>

5.26.4. Executing OPT_REDUCE pass (consolidate $*mux and $reduce_* inputs).
  Optimizing cells in module \video_core.
Performed a total of 0 changes.

5.26.5. Executing OPT_MERGE pass (detect identical cells).
Finding identical cells in module `\video_core'.
Computing hashes of 208 cells of `\video_core'.
Finding duplicate cells in `\video_core'.
Removed a total of 0 cells.

5.26.6. Executing OPT_DFF pass (perform DFF optimizations).

5.26.7. Executing OPT_CLEAN pass (remove unused cells and wires).
Finding unused cells or wires in module \video_core..
Removed 0 unused cells and 12 unused wires.
<suppressed ~1 debug messages>

5.26.8. Executing OPT_EXPR pass (perform const folding).
Optimizing module video_core.

5.26.9. Rerunning OPT passes. (Maybe there is more to do..)

5.26.10. Executing OPT_MUXTREE pass (detect dead branches in mux trees).
Running muxtree optimizer on module \video_core..
  Creating internal representation of mux trees.
  Evaluating internal representation of mux trees.
  Analyzing evaluation results.
Removed 0 multiplexer ports.
<suppressed ~107 debug messages>

5.26.11. Executing OPT_REDUCE pass (consolidate $*mux and $reduce_* inputs).
  Optimizing cells in module \video_core.
Performed a total of 0 changes.

5.26.12. Executing OPT_MERGE pass (detect identical cells).
Finding identical cells in module `\video_core'.
Computing hashes of 208 cells of `\video_core'.
Finding duplicate cells in `\video_core'.
Removed a total of 0 cells.

5.26.13. Executing OPT_DFF pass (perform DFF optimizations).

5.26.14. Executing OPT_CLEAN pass (remove unused cells and wires).
Finding unused cells or wires in module \video_core..

5.26.15. Executing OPT_EXPR pass (perform const folding).
Optimizing module video_core.

5.26.16. Finished fast OPT passes. (There is nothing left to do.)

5.27. Executing MEMORY pass.

5.27.1. Executing OPT_MEM pass (optimize memories).
Performed a total of 0 transformations.

5.27.2. Executing OPT_MEM_PRIORITY pass (removing unnecessary memory write priority relations).
Performed a total of 0 transformations.

5.27.3. Executing OPT_MEM_FEEDBACK pass (finding memory read-to-write feedback paths).
  Analyzing video_core.lines.bank0 write port 0.
  Analyzing video_core.lines.bank1 write port 0.

5.27.4. Executing MEMORY_BMUX2ROM pass (converting muxes to ROMs).

5.27.5. Executing MEMORY_DFF pass (merging $dff cells to $memrd).
Checking read port `\lines.bank0'[0] in module `\video_core': merging output FF to cell.
    Write port 0: non-transparent.
Checking read port `\lines.bank1'[0] in module `\video_core': merging output FF to cell.
    Write port 0: non-transparent.

5.27.6. Executing OPT_CLEAN pass (remove unused cells and wires).
Finding unused cells or wires in module \video_core..
Removed 2 unused cells and 50 unused wires.
<suppressed ~3 debug messages>

5.27.7. Executing MEMORY_SHARE pass (consolidating $memrd/$memwr cells).

5.27.8. Executing OPT_MEM_WIDEN pass (optimize memories where all ports are wide).
Performed a total of 0 transformations.

5.27.9. Executing OPT_CLEAN pass (remove unused cells and wires).
Finding unused cells or wires in module \video_core..

5.27.10. Executing MEMORY_COLLECT pass (generating $mem cells).

5.28. Executing OPT_CLEAN pass (remove unused cells and wires).
Finding unused cells or wires in module \video_core..

5.29. Executing MEMORY_LIBMAP pass (mapping memories to cells).
found attribute 'ram_style = block' on memory video_core.lines.bank0, forced mapping to block RAM
mapping memory video_core.lines.bank0 via $__GOWIN_DP_
found attribute 'ram_style = block' on memory video_core.lines.bank1, forced mapping to block RAM
mapping memory video_core.lines.bank1 via $__GOWIN_DP_
<suppressed ~490 debug messages>

5.30. Executing TECHMAP pass (map to technology primitives).

5.30.1. Executing Verilog-2005 frontend: /share/gowin/lutrams_map.v
Parsing Verilog input from `/share/gowin/lutrams_map.v' to AST representation.
Generating RTLIL representation for module `$__GOWIN_LUTRAM_'.
Successfully finished Verilog frontend.

5.30.2. Executing Verilog-2005 frontend: /share/gowin/brams_map.v
Parsing Verilog input from `/share/gowin/brams_map.v' to AST representation.
Generating RTLIL representation for module `$__GOWIN_SP_'.
Generating RTLIL representation for module `$__GOWIN_DP_'.
Generating RTLIL representation for module `$__GOWIN_SDP_'.
Successfully finished Verilog frontend.

5.30.3. Continuing TECHMAP pass.
Using template $paramod$7548bd16310fb138f374a81d2580786f44d367d5$__GOWIN_DP_ for cells of type $__GOWIN_DP_.
No more expansions possible.
<suppressed ~35 debug messages>

5.31. Executing OPT pass (performing simple optimizations).

5.31.1. Executing OPT_EXPR pass (perform const folding).
Optimizing module video_core.
<suppressed ~34 debug messages>

5.31.2. Executing OPT_MERGE pass (detect identical cells).
Finding identical cells in module `\video_core'.
Computing hashes of 217 cells of `\video_core'.
Finding duplicate cells in `\video_core'.
Computing hashes of 213 cells of `\video_core'.
Finding duplicate cells in `\video_core'.
Computing hashes of 211 cells of `\video_core'.
Finding duplicate cells in `\video_core'.
<suppressed ~18 debug messages>
Removed a total of 6 cells.

5.31.3. Executing OPT_DFF pass (perform DFF optimizations).
Removing always-active EN on $auto$mem.cc:1169:emulate_transparency$1045 ($dffe) from module video_core.

5.31.4. Executing OPT_CLEAN pass (remove unused cells and wires).
Finding unused cells or wires in module \video_core..
Removed 7 unused cells and 196 unused wires.
<suppressed ~8 debug messages>

5.31.5. Rerunning OPT passes. (Removed registers in this run.)

5.31.6. Executing OPT_EXPR pass (perform const folding).
Optimizing module video_core.

5.31.7. Executing OPT_MERGE pass (detect identical cells).
Finding identical cells in module `\video_core'.
Computing hashes of 204 cells of `\video_core'.
Finding duplicate cells in `\video_core'.
Removed a total of 0 cells.

5.31.8. Executing OPT_DFF pass (perform DFF optimizations).
Adding SRST signal on $auto$mem.cc:1647:emulate_read_first$1042 ($dff) from module video_core (D = \lines.written [10:0], Q = $auto$mem.cc:1643:emulate_read_first$1039, rval = 11'00000000000).

5.31.9. Executing OPT_CLEAN pass (remove unused cells and wires).
Finding unused cells or wires in module \video_core..
Removed 1 unused cells and 1 unused wires.
<suppressed ~2 debug messages>

5.31.10. Rerunning OPT passes. (Removed registers in this run.)

5.31.11. Executing OPT_EXPR pass (perform const folding).
Optimizing module video_core.

5.31.12. Executing OPT_MERGE pass (detect identical cells).
Finding identical cells in module `\video_core'.
Computing hashes of 203 cells of `\video_core'.
Finding duplicate cells in `\video_core'.
Removed a total of 0 cells.

5.31.13. Executing OPT_DFF pass (perform DFF optimizations).

5.31.14. Executing OPT_CLEAN pass (remove unused cells and wires).
Finding unused cells or wires in module \video_core..

5.31.15. Finished fast OPT passes.

5.32. Executing MEMORY_MAP pass (converting memories to logic and flip-flops).

5.33. Executing OPT pass (performing simple optimizations).

5.33.1. Executing OPT_EXPR pass (perform const folding).
Optimizing module video_core.

5.33.2. Executing OPT_MERGE pass (detect identical cells).
Finding identical cells in module `\video_core'.
Computing hashes of 203 cells of `\video_core'.
Finding duplicate cells in `\video_core'.
Removed a total of 0 cells.

5.33.3. Executing OPT_MUXTREE pass (detect dead branches in mux trees).
Running muxtree optimizer on module \video_core..
  Creating internal representation of mux trees.
  Evaluating internal representation of mux trees.
  Analyzing evaluation results.
Removed 0 multiplexer ports.
<suppressed ~70 debug messages>

5.33.4. Executing OPT_REDUCE pass (consolidate $*mux and $reduce_* inputs).
  Optimizing cells in module \video_core.
Performed a total of 0 changes.

5.33.5. Executing OPT_MERGE pass (detect identical cells).
Finding identical cells in module `\video_core'.
Computing hashes of 203 cells of `\video_core'.
Finding duplicate cells in `\video_core'.
Removed a total of 0 cells.

5.33.6. Executing OPT_DFF pass (perform DFF optimizations).

5.33.7. Executing OPT_CLEAN pass (remove unused cells and wires).
Finding unused cells or wires in module \video_core..

5.33.8. Executing OPT_EXPR pass (perform const folding).
Optimizing module video_core.

5.33.9. Finished fast OPT passes. (There is nothing left to do.)

5.34. Executing TECHMAP pass (map to technology primitives).

5.34.1. Executing Verilog-2005 frontend: /share/techmap.v
Parsing Verilog input from `/share/techmap.v' to AST representation.
Generating RTLIL representation for module `\_90_simplemap_bool_ops'.
Generating RTLIL representation for module `\_90_simplemap_reduce_ops'.
Generating RTLIL representation for module `\_90_simplemap_logic_ops'.
Generating RTLIL representation for module `\_90_simplemap_compare_ops'.
Generating RTLIL representation for module `\_90_simplemap_various'.
Generating RTLIL representation for module `\_90_simplemap_registers'.
Generating RTLIL representation for module `\_90_shift_ops_shr_shl_sshl_sshr'.
Generating RTLIL representation for module `\_90_shift_shiftx'.
Generating RTLIL representation for module `\_90_fa'.
Generating RTLIL representation for module `\_90_lcu_brent_kung'.
Generating RTLIL representation for module `\_90_alu'.
Generating RTLIL representation for module `\_90_macc'.
Generating RTLIL representation for module `\_90_alumacc'.
Generating RTLIL representation for module `$__div_mod_u'.
Generating RTLIL representation for module `$__div_mod_trunc'.
Generating RTLIL representation for module `\_90_div'.
Generating RTLIL representation for module `\_90_mod'.
Generating RTLIL representation for module `$__div_mod_floor'.
Generating RTLIL representation for module `\_90_divfloor'.
Generating RTLIL representation for module `\_90_modfloor'.
Generating RTLIL representation for module `\_90_pow'.
Generating RTLIL representation for module `\_90_demux'.
Generating RTLIL representation for module `\_90_lut'.
Generating RTLIL representation for module `$connect'.
Generating RTLIL representation for module `$input_port'.
Successfully finished Verilog frontend.

5.34.2. Executing Verilog-2005 frontend: /share/gowin/arith_map.v
Parsing Verilog input from `/share/gowin/arith_map.v' to AST representation.
Generating RTLIL representation for module `\_80_gw1n_alu'.
Successfully finished Verilog frontend.

5.34.3. Continuing TECHMAP pass.
Using extmapper simplemap for cells of type $sdff.
Using extmapper simplemap for cells of type $not.
Using extmapper simplemap for cells of type $mux.
Using extmapper simplemap for cells of type $dff.
Using extmapper simplemap for cells of type $and.
Using extmapper simplemap for cells of type $eq.
Using template $paramod$8f780356cb6cdb52f6a744190131b65634639c4e\_80_gw1n_alu for cells of type $alu.
Using template $paramod$6831557730818fb92b11a295f9eb33ff8fa62af1\_80_gw1n_alu for cells of type $alu.
Using template $paramod$2f5fb04daf2da94d981bf9455fa4454c6ec8b705\_80_gw1n_alu for cells of type $alu.
Using template $paramod$215440792383f7884e57d9c95f84e9552d0bf4ac\_80_gw1n_alu for cells of type $alu.
Using extmapper simplemap for cells of type $or.
Using extmapper simplemap for cells of type $reduce_and.
Using extmapper simplemap for cells of type $xor.
Using template $paramod$050f15daba5036a0512adf25d3c6631f629623f7\_80_gw1n_alu for cells of type $alu.
Using template $paramod$cd54e322aa4265ca236096fe4bb634aaec4e39b4\_80_gw1n_alu for cells of type $alu.
Using extmapper simplemap for cells of type $reduce_or.
Using template $paramod$8441c334d863ed42b55f25e60c0d690241b4051f\_80_gw1n_alu for cells of type $alu.
Using template $paramod$9156dc21c2b570fa3660be2e901b5ab03907aeb1\_80_gw1n_alu for cells of type $alu.
Using template $paramod$6f67705c43e5e94c02b6ebb52209ce5aa5ade4c1\_80_gw1n_alu for cells of type $alu.
Using template $paramod$d2fa05d38998afabc6d4f34471305d0af4b8b2df\_80_gw1n_alu for cells of type $alu.
Using template $paramod$f6be9c44ab2ca5376bc6f0f45697cdb0ad470520\_80_gw1n_alu for cells of type $alu.
Using extmapper simplemap for cells of type $ne.
Using extmapper simplemap for cells of type $sdffe.
Using extmapper simplemap for cells of type $reduce_bool.
Using extmapper simplemap for cells of type $logic_and.
Using extmapper simplemap for cells of type $logic_not.
Using extmapper simplemap for cells of type $logic_or.
Using extmapper simplemap for cells of type $pos.
No more expansions possible.
<suppressed ~687 debug messages>

5.35. Executing OPT pass (performing simple optimizations).

5.35.1. Executing OPT_EXPR pass (perform const folding).
Optimizing module video_core.
<suppressed ~589 debug messages>

5.35.2. Executing OPT_MERGE pass (detect identical cells).
Finding identical cells in module `\video_core'.
Computing hashes of 1110 cells of `\video_core'.
Finding duplicate cells in `\video_core'.
Computing hashes of 1055 cells of `\video_core'.
Finding duplicate cells in `\video_core'.
Computing hashes of 1052 cells of `\video_core'.
Finding duplicate cells in `\video_core'.
Computing hashes of 1051 cells of `\video_core'.
Finding duplicate cells in `\video_core'.
Computing hashes of 1050 cells of `\video_core'.
Finding duplicate cells in `\video_core'.
<suppressed ~180 debug messages>
Removed a total of 60 cells.

5.35.3. Executing OPT_DFF pass (perform DFF optimizations).

5.35.4. Executing OPT_CLEAN pass (remove unused cells and wires).
Finding unused cells or wires in module \video_core..
Removed 51 unused cells and 594 unused wires.
<suppressed ~52 debug messages>

5.35.5. Finished fast OPT passes.

5.36. Executing OPT_CLEAN pass (remove unused cells and wires).
Finding unused cells or wires in module \video_core..

5.37. Executing DFFLEGALIZE pass (convert FFs and LATCHes to types supported by the target).

5.38. Executing TECHMAP pass (map to technology primitives).

5.38.1. Executing Verilog-2005 frontend: /share/gowin/cells_map.v
Parsing Verilog input from `/share/gowin/cells_map.v' to AST representation.
Generating RTLIL representation for module `$_DFF_N_'.
Generating RTLIL representation for module `$_DFF_P_'.
Generating RTLIL representation for module `$_DFFE_PP_'.
Generating RTLIL representation for module `$_DFFE_NP_'.
Generating RTLIL representation for module `$_SDFF_PP0_'.
Generating RTLIL representation for module `$_SDFF_NP0_'.
Generating RTLIL representation for module `$_SDFFE_PP0P_'.
Generating RTLIL representation for module `$_SDFFE_NP0P_'.
Generating RTLIL representation for module `$_SDFF_PP1_'.
Generating RTLIL representation for module `$_SDFF_NP1_'.
Generating RTLIL representation for module `$_SDFFE_PP1P_'.
Generating RTLIL representation for module `$_SDFFE_NP1P_'.
Generating RTLIL representation for module `$_DFF_PP1_'.
Generating RTLIL representation for module `$_DFF_NP1_'.
Generating RTLIL representation for module `$_DFF_PP0_'.
Generating RTLIL representation for module `$_DFF_NP0_'.
Generating RTLIL representation for module `$_DFFE_PP1P_'.
Generating RTLIL representation for module `$_DFFE_NP1P_'.
Generating RTLIL representation for module `$_DFFE_PP0P_'.
Generating RTLIL representation for module `$_DFFE_NP0P_'.
Generating RTLIL representation for module `$lut'.
Successfully finished Verilog frontend.

5.38.2. Continuing TECHMAP pass.
Using template $_SDFF_PP1_ for cells of type $_SDFF_PP1_.
Using template $_SDFFE_PP1P_ for cells of type $_SDFFE_PP1P_.
Using template $_SDFF_PP0_ for cells of type $_SDFF_PP0_.
Using template $_SDFFE_PP0P_ for cells of type $_SDFFE_PP0P_.
Using template $_DFF_P_ for cells of type $_DFF_P_.
No more expansions possible.
<suppressed ~280 debug messages>

5.39. Executing TECHMAP pass (map to technology primitives).

5.39.1. Executing Verilog-2005 frontend: /share/gowin/cells_latch.v
Parsing Verilog input from `/share/gowin/cells_latch.v' to AST representation.
Generating RTLIL representation for module `$_DLATCH_P_'.
Generating RTLIL representation for module `$_DLATCH_N_'.
Generating RTLIL representation for module `$_DLATCH_PP0_'.
Generating RTLIL representation for module `$_DLATCH_NP0_'.
Generating RTLIL representation for module `$_DLATCH_PP1_'.
Generating RTLIL representation for module `$_DLATCH_NP1_'.
Successfully finished Verilog frontend.

5.39.2. Continuing TECHMAP pass.
No more expansions possible.
<suppressed ~8 debug messages>

5.40. Executing OPT_EXPR pass (perform const folding).
Optimizing module video_core.
<suppressed ~16 debug messages>

5.41. Executing SIMPLEMAP pass (map simple cells to gate primitives).

5.42. Executing SORT pass.

5.43. Executing Verilog-2005 frontend: /share/abc9_model.v
Parsing Verilog input from `/share/abc9_model.v' to AST representation.
Generating RTLIL representation for module `$__ABC9_DELAY'.
Generating RTLIL representation for module `$__ABC9_SCC_BREAKER'.
Generating RTLIL representation for module `$__DFF_N__$abc9_flop'.
Generating RTLIL representation for module `$__DFF_P__$abc9_flop'.
Successfully finished Verilog frontend.

5.44. Executing ABC9 pass.

5.44.1. Executing ABC9_OPS pass (helper functions for ABC9).

5.44.2. Executing ABC9_OPS pass (helper functions for ABC9).

5.44.3. Executing PROC pass (convert processes to netlists).

5.44.3.1. Executing PROC_CLEAN pass (remove empty switches from decision trees).
Found and cleaned up 1 empty switch in `$paramod\ALU\ALU_MODE=s32'00000000000000000000000000000010.$proc$/share/gowin/cells_sim.v:1064$3688'.
Cleaned up 1 empty switch.

5.44.3.2. Executing PROC_RMDEAD pass (remove dead branches from decision trees).
Removed a total of 0 dead cases.

5.44.3.3. Executing PROC_PRUNE pass (remove redundant assignments in processes).
Removed 0 redundant assignments.
Promoted 4 assignments to connections.

5.44.3.4. Executing PROC_INIT pass (extract init attributes).

5.44.3.5. Executing PROC_ARST pass (detect async resets in processes).

5.44.3.6. Executing PROC_ROM pass (convert switches to ROMs).
Converted 0 switches.

5.44.3.7. Executing PROC_MUX pass (convert decision trees to multiplexers).
Creating decoders for process `$paramod\ALU\ALU_MODE=s32'00000000000000000000000000000010.$proc$/share/gowin/cells_sim.v:1064$3688'.

5.44.3.8. Executing PROC_DLATCH pass (convert process syncs to latches).
No latch inferred for signal `$paramod\ALU\ALU_MODE=s32'00000000000000000000000000000010.\C' from process `$paramod\ALU\ALU_MODE=s32'00000000000000000000000000000010.$proc$/share/gowin/cells_sim.v:1064$3688'.
No latch inferred for signal `$paramod\ALU\ALU_MODE=s32'00000000000000000000000000000010.\S' from process `$paramod\ALU\ALU_MODE=s32'00000000000000000000000000000010.$proc$/share/gowin/cells_sim.v:1064$3688'.

5.44.3.9. Executing PROC_DFF pass (convert process syncs to FFs).

5.44.3.10. Executing PROC_MEMWR pass (convert process memory writes to cells).

5.44.3.11. Executing PROC_CLEAN pass (remove empty switches from decision trees).
Removing empty process `$paramod\ALU\ALU_MODE=s32'00000000000000000000000000000010.$proc$/share/gowin/cells_sim.v:1064$3688'.
Cleaned up 0 empty switches.

5.44.4. Executing SCC pass (detecting logic loops).
Found 0 SCCs in module video_core.
Found 0 SCCs.

5.44.5. Executing ABC9_OPS pass (helper functions for ABC9).

5.44.6. Executing TECHMAP pass (map to technology primitives).

5.44.6.1. Executing Verilog-2005 frontend: /share/techmap.v
Parsing Verilog input from `/share/techmap.v' to AST representation.
Generating RTLIL representation for module `\_90_simplemap_bool_ops'.
Generating RTLIL representation for module `\_90_simplemap_reduce_ops'.
Generating RTLIL representation for module `\_90_simplemap_logic_ops'.
Generating RTLIL representation for module `\_90_simplemap_compare_ops'.
Generating RTLIL representation for module `\_90_simplemap_various'.
Generating RTLIL representation for module `\_90_simplemap_registers'.
Generating RTLIL representation for module `\_90_shift_ops_shr_shl_sshl_sshr'.
Generating RTLIL representation for module `\_90_shift_shiftx'.
Generating RTLIL representation for module `\_90_fa'.
Generating RTLIL representation for module `\_90_lcu_brent_kung'.
Generating RTLIL representation for module `\_90_alu'.
Generating RTLIL representation for module `\_90_macc'.
Generating RTLIL representation for module `\_90_alumacc'.
Generating RTLIL representation for module `$__div_mod_u'.
Generating RTLIL representation for module `$__div_mod_trunc'.
Generating RTLIL representation for module `\_90_div'.
Generating RTLIL representation for module `\_90_mod'.
Generating RTLIL representation for module `$__div_mod_floor'.
Generating RTLIL representation for module `\_90_divfloor'.
Generating RTLIL representation for module `\_90_modfloor'.
Generating RTLIL representation for module `\_90_pow'.
Generating RTLIL representation for module `\_90_demux'.
Generating RTLIL representation for module `\_90_lut'.
Generating RTLIL representation for module `$connect'.
Generating RTLIL representation for module `$input_port'.
Successfully finished Verilog frontend.

5.44.6.2. Continuing TECHMAP pass.
No more expansions possible.
<suppressed ~230 debug messages>

5.44.7. Executing OPT pass (performing simple optimizations).

5.44.7.1. Executing OPT_EXPR pass (perform const folding).

5.44.7.2. Executing OPT_MERGE pass (detect identical cells).
Removed a total of 0 cells.

5.44.7.3. Executing OPT_MUXTREE pass (detect dead branches in mux trees).
Removed 0 multiplexer ports.

5.44.7.4. Executing OPT_REDUCE pass (consolidate $*mux and $reduce_* inputs).
Performed a total of 0 changes.

5.44.7.5. Executing OPT_MERGE pass (detect identical cells).
Removed a total of 0 cells.

5.44.7.6. Executing OPT_DFF pass (perform DFF optimizations).

5.44.7.7. Executing OPT_CLEAN pass (remove unused cells and wires).

5.44.7.8. Executing OPT_EXPR pass (perform const folding).

5.44.7.9. Finished fast OPT passes. (There is nothing left to do.)

5.44.8. Executing TECHMAP pass (map to technology primitives).

5.44.8.1. Executing Verilog-2005 frontend: /share/abc9_map.v
Parsing Verilog input from `/share/abc9_map.v' to AST representation.
Successfully finished Verilog frontend.

5.44.8.2. Continuing TECHMAP pass.
No more expansions possible.
<suppressed ~2 debug messages>

5.44.9. Executing Verilog-2005 frontend: /share/abc9_model.v
Parsing Verilog input from `/share/abc9_model.v' to AST representation.
Replacing existing blackbox module `$__ABC9_DELAY' at /share/abc9_model.v:2.1-7.10.
Generating RTLIL representation for module `$__ABC9_DELAY'.
Replacing existing blackbox module `$__ABC9_SCC_BREAKER' at /share/abc9_model.v:9.1-11.10.
Generating RTLIL representation for module `$__ABC9_SCC_BREAKER'.
Replacing existing module `$__DFF_N__$abc9_flop' at /share/abc9_model.v:14.1-20.10.
Generating RTLIL representation for module `$__DFF_N__$abc9_flop'.
Replacing existing module `$__DFF_P__$abc9_flop' at /share/abc9_model.v:23.1-29.10.
Generating RTLIL representation for module `$__DFF_P__$abc9_flop'.
Successfully finished Verilog frontend.

5.44.10. Executing ABC9_OPS pass (helper functions for ABC9).
<suppressed ~571 debug messages>

5.44.11. Executing ABC9_OPS pass (helper functions for ABC9).

5.44.12. Executing ABC9_OPS pass (helper functions for ABC9).
<suppressed ~2 debug messages>

5.44.13. Executing TECHMAP pass (map to technology primitives).

5.44.13.1. Executing Verilog-2005 frontend: /share/techmap.v
Parsing Verilog input from `/share/techmap.v' to AST representation.
Generating RTLIL representation for module `\_90_simplemap_bool_ops'.
Generating RTLIL representation for module `\_90_simplemap_reduce_ops'.
Generating RTLIL representation for module `\_90_simplemap_logic_ops'.
Generating RTLIL representation for module `\_90_simplemap_compare_ops'.
Generating RTLIL representation for module `\_90_simplemap_various'.
Generating RTLIL representation for module `\_90_simplemap_registers'.
Generating RTLIL representation for module `\_90_shift_ops_shr_shl_sshl_sshr'.
Generating RTLIL representation for module `\_90_shift_shiftx'.
Generating RTLIL representation for module `\_90_fa'.
Generating RTLIL representation for module `\_90_lcu_brent_kung'.
Generating RTLIL representation for module `\_90_alu'.
Generating RTLIL representation for module `\_90_macc'.
Generating RTLIL representation for module `\_90_alumacc'.
Generating RTLIL representation for module `$__div_mod_u'.
Generating RTLIL representation for module `$__div_mod_trunc'.
Generating RTLIL representation for module `\_90_div'.
Generating RTLIL representation for module `\_90_mod'.
Generating RTLIL representation for module `$__div_mod_floor'.
Generating RTLIL representation for module `\_90_divfloor'.
Generating RTLIL representation for module `\_90_modfloor'.
Generating RTLIL representation for module `\_90_pow'.
Generating RTLIL representation for module `\_90_demux'.
Generating RTLIL representation for module `\_90_lut'.
Generating RTLIL representation for module `$connect'.
Generating RTLIL representation for module `$input_port'.
Successfully finished Verilog frontend.

5.44.13.2. Continuing TECHMAP pass.
Using template $paramod\ALU\ALU_MODE=s32'00000000000000000000000000000010 for cells of type $paramod\ALU\ALU_MODE=s32'00000000000000000000000000000010.
Using extmapper simplemap for cells of type $mux.
Using extmapper simplemap for cells of type $xor.
Using extmapper simplemap for cells of type $not.
No more expansions possible.
<suppressed ~239 debug messages>

5.44.14. Executing OPT pass (performing simple optimizations).

5.44.14.1. Executing OPT_EXPR pass (perform const folding).
Optimizing module video_core.

5.44.14.2. Executing OPT_MERGE pass (detect identical cells).
Finding identical cells in module `\video_core'.
Computing hashes of 14 cells of `\video_core'.
Finding duplicate cells in `\video_core'.
Removed a total of 0 cells.

5.44.14.3. Executing OPT_MUXTREE pass (detect dead branches in mux trees).
Running muxtree optimizer on module \video_core..
  Creating internal representation of mux trees.
  No muxes found in this module.
Removed 0 multiplexer ports.

5.44.14.4. Executing OPT_REDUCE pass (consolidate $*mux and $reduce_* inputs).
  Optimizing cells in module \video_core.
Performed a total of 0 changes.

5.44.14.5. Executing OPT_MERGE pass (detect identical cells).
Finding identical cells in module `\video_core'.
Computing hashes of 14 cells of `\video_core'.
Finding duplicate cells in `\video_core'.
Removed a total of 0 cells.

5.44.14.6. Executing OPT_DFF pass (perform DFF optimizations).

5.44.14.7. Executing OPT_CLEAN pass (remove unused cells and wires).
Finding unused cells or wires in module \video_core..
Removed 0 unused cells and 16 unused wires.
<suppressed ~1 debug messages>

5.44.14.8. Executing OPT_EXPR pass (perform const folding).
Optimizing module video_core.

5.44.14.9. Rerunning OPT passes. (Maybe there is more to do..)

5.44.14.10. Executing OPT_MUXTREE pass (detect dead branches in mux trees).
Running muxtree optimizer on module \video_core..
  Creating internal representation of mux trees.
  No muxes found in this module.
Removed 0 multiplexer ports.

5.44.14.11. Executing OPT_REDUCE pass (consolidate $*mux and $reduce_* inputs).
  Optimizing cells in module \video_core.
Performed a total of 0 changes.

5.44.14.12. Executing OPT_MERGE pass (detect identical cells).
Finding identical cells in module `\video_core'.
Computing hashes of 14 cells of `\video_core'.
Finding duplicate cells in `\video_core'.
Removed a total of 0 cells.

5.44.14.13. Executing OPT_DFF pass (perform DFF optimizations).

5.44.14.14. Executing OPT_CLEAN pass (remove unused cells and wires).
Finding unused cells or wires in module \video_core..

5.44.14.15. Executing OPT_EXPR pass (perform const folding).
Optimizing module video_core.

5.44.14.16. Finished fast OPT passes. (There is nothing left to do.)

5.44.15. Executing AIGMAP pass (map logic to AIG).
Module video_core: replaced 5 cells with 35 new cells, skipped 9 cells.
  replaced 2 cell types:
       2 $_MUX_
       3 $_XOR_
  not replaced 2 cell types:
       1 $_NOT_
       8 $specify2

5.44.16. Executing AIGMAP pass (map logic to AIG).
Module video_core: replaced 338 cells with 2141 new cells, skipped 1214 cells.
  replaced 3 cell types:
     249 $_MUX_
      75 $_OR_
      14 $_XOR_
  not replaced 12 cell types:
     112 $_AND_
      96 $_NOT_
       2 $scopeinfo
      52 DFF
       2 DFFS
       1 DFFSE
      96 DFFR
     106 DFFRE
       6 DPX9B
     172 $paramod\ALU\ALU_MODE=s32'00000000000000000000000000000010
     257 $paramod$__ABC9_DELAY\DELAY=32'00000000000000000000001001000000
     312 $paramod$__ABC9_DELAY\DELAY=32'00000000000000000000000000111111

5.44.16.1. Executing ABC9_OPS pass (helper functions for ABC9).

5.44.16.2. Executing ABC9_OPS pass (helper functions for ABC9).

5.44.16.3. Executing XAIGER backend.
<suppressed ~268 debug messages>
Extracted 976 AND gates and 3709 wires from module `video_core' to a netlist network with 334 inputs and 670 outputs.

5.44.16.4. Executing ABC9_EXE pass (technology mapping using ABC9).

5.44.16.5. Executing ABC9.
Running ABC command: "/yosys-abc" -s -f <abc-temp-dir>/abc.script 2>&1

5.44.16.6. Executing AIGER frontend.
<suppressed ~11 debug messages>
Removed 822 unused cells and 3878 unused wires.

5.44.16.7. Executing ABC_OPS_REINTEGRATE pass (reintegrate ABC mapped design into module).
ABC RESULTS:              $lut cells:      232
ABC RESULTS:   $paramod\ALU\ALU_MODE=s32'00000000000000000000000000000010 cells:      163
ABC RESULTS:           input signals:       36
ABC RESULTS:          output signals:      583
<suppressed ~2017 debug messages>
Removing temp directory.

5.44.17. Executing TECHMAP pass (map to technology primitives).

5.44.17.1. Executing Verilog-2005 frontend: /share/abc9_unmap.v
Parsing Verilog input from `/share/abc9_unmap.v' to AST representation.
Generating RTLIL representation for module `$__DFF_x__$abc9_flop'.
Generating RTLIL representation for module `$__ABC9_SCC_BREAKER'.
Successfully finished Verilog frontend.

5.44.17.2. Continuing TECHMAP pass.
Using template $paramod\ALU\ALU_MODE=s32'00000000000000000000000000000010 for cells of type $paramod\ALU\ALU_MODE=s32'00000000000000000000000000000010.
No more expansions possible.
<suppressed ~169 debug messages>
Removed 22 unused cells and 6268 unused wires.

5.45. Executing TECHMAP pass (map to technology primitives).

5.45.1. Executing Verilog-2005 frontend: /share/gowin/cells_map.v
Parsing Verilog input from `/share/gowin/cells_map.v' to AST representation.
Generating RTLIL representation for module `$_DFF_N_'.
Generating RTLIL representation for module `$_DFF_P_'.
Generating RTLIL representation for module `$_DFFE_PP_'.
Generating RTLIL representation for module `$_DFFE_NP_'.
Generating RTLIL representation for module `$_SDFF_PP0_'.
Generating RTLIL representation for module `$_SDFF_NP0_'.
Generating RTLIL representation for module `$_SDFFE_PP0P_'.
Generating RTLIL representation for module `$_SDFFE_NP0P_'.
Generating RTLIL representation for module `$_SDFF_PP1_'.
Generating RTLIL representation for module `$_SDFF_NP1_'.
Generating RTLIL representation for module `$_SDFFE_PP1P_'.
Generating RTLIL representation for module `$_SDFFE_NP1P_'.
Generating RTLIL representation for module `$_DFF_PP1_'.
Generating RTLIL representation for module `$_DFF_NP1_'.
Generating RTLIL representation for module `$_DFF_PP0_'.
Generating RTLIL representation for module `$_DFF_NP0_'.
Generating RTLIL representation for module `$_DFFE_PP1P_'.
Generating RTLIL representation for module `$_DFFE_NP1P_'.
Generating RTLIL representation for module `$_DFFE_PP0P_'.
Generating RTLIL representation for module `$_DFFE_NP0P_'.
Generating RTLIL representation for module `$lut'.
Successfully finished Verilog frontend.

5.45.2. Continuing TECHMAP pass.
Using template $paramod$a5516fc31d1e552de2435200bb732b4d4ad63a9c$lut for cells of type $lut.
Using template $paramod$6d6beead1425af15cf78b27fd9b11b41b5d4bce8$lut for cells of type $lut.
Using template $paramod$364c9ffbffac467d60dfec81bba4e18476c15602$lut for cells of type $lut.
Using template $paramod$571404c0889eaf57f492cb5e37f8acb5df5852f9$lut for cells of type $lut.
Using template $paramod$e51a8a571bee774247b38f52d6e85fd62ae52cea$lut for cells of type $lut.
Using template $paramod$0fcb06ed76df01e8d45bc2b9e6c8a9b43fa42cb4$lut for cells of type $lut.
Using template $paramod$lut\WIDTH=32'00000000000000000000000000000010\LUT=4'0100 for cells of type $lut.
Using template $paramod$lut\WIDTH=32'00000000000000000000000000000011\LUT=8'00010000 for cells of type $lut.
Using template $paramod$8e44661def013b6bf9fe6f8b049ef2c838d749f9$lut for cells of type $lut.
Using template $paramod$lut\WIDTH=32'00000000000000000000000000000010\LUT=4'1001 for cells of type $lut.
Using template $paramod$f9813472aa48e533b3838c6f2316dc2e78c66111$lut for cells of type $lut.
Using template $paramod$lut\WIDTH=32'00000000000000000000000000000011\LUT=8'11101010 for cells of type $lut.
Using template $paramod$lut\WIDTH=32'00000000000000000000000000000011\LUT=8'01011000 for cells of type $lut.
Using template $paramod$lut\WIDTH=32'00000000000000000000000000000010\LUT=4'1101 for cells of type $lut.
Using template $paramod$lut\WIDTH=32'00000000000000000000000000000010\LUT=4'1011 for cells of type $lut.
Using template $paramod$lut\WIDTH=32'00000000000000000000000000000010\LUT=4'1110 for cells of type $lut.
Using template $paramod$4c8de682f2508054a5f7f13444038e3331866a9d$lut for cells of type $lut.
Using template $paramod$1ec3fb8fd1fa98216cb96b4422de32c4ba5f6c9c$lut for cells of type $lut.
Using template $paramod$lut\WIDTH=32'00000000000000000000000000000011\LUT=8'00000001 for cells of type $lut.
Using template $paramod$658b9ed803f0d3d335616d3858b53e0a2522f1e8$lut for cells of type $lut.
Using template $paramod$lut\WIDTH=32'00000000000000000000000000000011\LUT=8'10000000 for cells of type $lut.
Using template $paramod$b4f15f202f50520dbc381cd0880ac94f830f05a8$lut for cells of type $lut.
Using template $paramod$ac977fdb827743bc5fe009760f4eb846eab5907d$lut for cells of type $lut.
Using template $paramod$586c733dbc02946b45f42f2c47b72245f8e1ca79$lut for cells of type $lut.
Using template $paramod$81df3b5b0c68f16cd64a76012a4213a1b5a86efa$lut for cells of type $lut.
Using template $paramod$66caeb00a39d236782a97659e3bd99621b74681b$lut for cells of type $lut.
Using template $paramod$lut\WIDTH=32'00000000000000000000000000000001\LUT=2'01 for cells of type $lut.
Using template $paramod$8512f4fb47fa9596f76cdbe5b407a5b54df368e7$lut for cells of type $lut.
Using template $paramod$lut\WIDTH=32'00000000000000000000000000000011\LUT=8'10010000 for cells of type $lut.
Using template $paramod$8d7a8d6e3356de09670738ba85f2c6b874f6b06d$lut for cells of type $lut.
Using template $paramod$a6597eda4608f36e684c1dd07ed552fcbec112b2$lut for cells of type $lut.
Using template $paramod$lut\WIDTH=32'00000000000000000000000000000010\LUT=4'0110 for cells of type $lut.
Using template $paramod$792c98bca51494f3fb8b24b223b723cdaa97fc7a$lut for cells of type $lut.
Using template $paramod$71e4f20baa0d1c8ca98df21988f02a235e7ca711$lut for cells of type $lut.
Using template $paramod$lut\WIDTH=32'00000000000000000000000000000010\LUT=4'1000 for cells of type $lut.
Using template $paramod$cb3caf177f391e03461034d2e43a101765b8d9f1$lut for cells of type $lut.
Using template $paramod$lut\WIDTH=32'00000000000000000000000000000010\LUT=4'0001 for cells of type $lut.
Using template $paramod$lut\WIDTH=32'00000000000000000000000000000011\LUT=8'11001010 for cells of type $lut.
Using template $paramod$2653cbb0247e873c6cd170f5d7fb7a22e88aeb4f$lut for cells of type $lut.
Using template $paramod$lut\WIDTH=32'00000000000000000000000000000011\LUT=8'11100010 for cells of type $lut.
Using template $paramod$9df4a4fa550f7c33dbf8d916700bf3fa2c854ac2$lut for cells of type $lut.
Using template $paramod$lut\WIDTH=32'00000000000000000000000000000011\LUT=8'10100010 for cells of type $lut.
Using template $paramod$20235ca863361fbc253329cfc7eeea38c77404dc$lut for cells of type $lut.
Using template $paramod$lut\WIDTH=32'00000000000000000000000000000011\LUT=8'10001101 for cells of type $lut.
Using template $paramod$lut\WIDTH=32'00000000000000000000000000000011\LUT=8'10101000 for cells of type $lut.
Using template $paramod$517625bf4a7b846fd553901d881a35fcc8afe4c4$lut for cells of type $lut.
Using template $paramod$f9e6b8c8bbaa4b164a91075c553341d15958d0ba$lut for cells of type $lut.
Using template $paramod$784f4711405f84982df518be1f8d295ab4d5b427$lut for cells of type $lut.
Using template $paramod$30305e55a780880b9c824fe3509a4d981acb0f2b$lut for cells of type $lut.
Using template $paramod$b93d1ea7a612a32c185108f67a153d44ffb9aac2$lut for cells of type $lut.
Using template $paramod$6e238df02989b317f10820a22773676e71120644$lut for cells of type $lut.
Using template $paramod$251994398653c4cf8de320f1e306e535d5d2d624$lut for cells of type $lut.
Using template $paramod$a0902487314ea840cf072ab04a3ead016b9f7c98$lut for cells of type $lut.
Using template $paramod$2a32e8c4c7c94a7bb817064cc244b86eb3838f23$lut for cells of type $lut.
Using template $paramod$82a48e5f5771a531ca9edba4cc6af5165f5035d5$lut for cells of type $lut.
Using template $paramod$9664483609d9e726df9697364de1aad825ad3979$lut for cells of type $lut.
Using template $paramod$2acc56796dae1e7bbd8d34441a24f749523f3d30$lut for cells of type $lut.
Using template $paramod$43bb1f30eebd30ae9bb8cd30dd5054f430a4c0e9$lut for cells of type $lut.
Using template $paramod$3c7975b2f675548aaa2c1e9b76f410315ef0c7b2$lut for cells of type $lut.
Using template $paramod$9e59c5d219363f480ed59c38c2d654c6e80338f8$lut for cells of type $lut.
Using template $paramod$d34e3667c7f3a7733832080839f46941ccb43c7a$lut for cells of type $lut.
Using template $paramod$783935e6af78b6616e329d856f362c4fd2857d5d$lut for cells of type $lut.
Using template $paramod$ff3b04fc04a5df84a70499147f6a962e56652ac9$lut for cells of type $lut.
Using template $paramod$58c47f31700983a8ba5f66878841865aba199f58$lut for cells of type $lut.
Using template $paramod$a8bd02a7e5ce01918f902c876189fe753369e4f7$lut for cells of type $lut.
Using template $paramod$436473fa233b0ca19b53ebd876ad16ffea8fb1c8$lut for cells of type $lut.
Using template $paramod$bf0d0292861bdee659ef5cbc5e58b330ac5871f9$lut for cells of type $lut.
Using template $paramod$3a32a7587b9f95b908af04fb9b75cd3eae00b58e$lut for cells of type $lut.
Using template $paramod$127357723c64bc1f8a421abed91285f8166b9e8e$lut for cells of type $lut.
No more expansions possible.
<suppressed ~1085 debug messages>

5.46. Executing OPT_LUT_INS pass (discard unused LUT inputs).
Optimizing LUTs in video_core.
  Optimizing lut $abc$9338$lut$aiger9337$1319.genblk1.genblk1.genblk1.genblk1.genblk1.genblk1.lut0.genblk1.genblk1.genblk1.genblk1.genblk1.lut1 (4 -> 0)
  Optimizing lut $abc$9338$lut$aiger9337$1326.genblk1.genblk1.genblk1.genblk1.genblk1.lut1 (4 -> 3)
  Optimizing lut $abc$9338$lut$aiger9337$1799.genblk1.genblk1.genblk1.genblk1.genblk1.lut0 (4 -> 0)
  Optimizing lut $abc$9338$lut$aiger9337$1319.genblk1.genblk1.genblk1.genblk1.genblk1.genblk1.lut1.genblk1.genblk1.genblk1.genblk1.genblk1.lut0 (4 -> 0)
  Optimizing lut $abc$9338$lut$aiger9337$1319.genblk1.genblk1.genblk1.genblk1.genblk1.genblk1.lut1.genblk1.genblk1.genblk1.genblk1.genblk1.lut1 (4 -> 0)
  Optimizing lut $abc$9338$lut$aiger9337$1300.genblk1.genblk1.genblk1.genblk1.genblk1.lut0 (4 -> 0)
  Optimizing lut $abc$9338$lut$aiger$o912.genblk1.genblk1.genblk1.genblk1.genblk1.lut1 (4 -> 2)
  Optimizing lut $abc$9338$lut$aiger$o240.genblk1.genblk1.genblk1.genblk1.genblk1.lut0 (4 -> 1)
  Optimizing lut $auto$abc_ops_reintegrate.cc:611:reintegrate$9353.genblk1.genblk1.genblk1.genblk1.genblk1.lut0 (4 -> 1)
  Optimizing lut $abc$9338$lut$aiger$o239.genblk1.genblk1.genblk1.genblk1.genblk1.lut1 (4 -> 1)
  Optimizing lut $abc$9338$lut$aiger9337$1248.genblk1.genblk1.genblk1.genblk1.genblk1.lut0 (4 -> 0)

5.47. Executing HILOMAP pass (mapping to constant drivers).
Removed 0 unused cells and 624 unused wires.

5.48. Executing AUTONAME pass.
Renamed 1364 objects in module video_core.
<suppressed ~1364 debug messages>

5.49. Executing HIERARCHY pass (managing design hierarchy).
Attribute `top' found on module `video_core'. Setting top module to video_core.

5.49.1. Analyzing design hierarchy..
Top module:  \video_core

5.49.2. Analyzing design hierarchy..
Top module:  \video_core
Removed 0 unused modules.

5.50. Printing statistics.

=== video_core ===

        +----------Local Count, excluding submodules.
        | 
      695 wires
     1572 wire bits
      695 public wires
     1572 public wire bits
       15 ports
       82 port bits
      313 cells
        2   $scopeinfo
        6   DPX9B
        1   GND
       11   LUT1
       92   LUT2
       36   LUT3
      129   LUT4
       34   MUX2_LUT5
        1   MUX2_LUT6
        1   VCC
      420 submodules
      163   ALU
       52   DFF
       96   DFFR
      106   DFFRE
        2   DFFS
        1   DFFSE

=== design hierarchy ===

        +----------Count including submodules.
        | 
      313 video_core

        +----------Count including submodules.
        | 
      695 wires
     1572 wire bits
      695 public wires
     1572 public wire bits
       15 ports
       82 port bits
        - memories
        - memory bits
        - processes
      313 cells
        2   $scopeinfo
        6   DPX9B
        1   GND
       11   LUT1
       92   LUT2
       36   LUT3
      129   LUT4
       34   MUX2_LUT5
        1   MUX2_LUT6
        1   VCC
      420 submodules
      163   ALU
       52   DFF
       96   DFFR
      106   DFFRE
        2   DFFS
        1   DFFSE

5.51. Executing CHECK pass (checking for obvious problems).
Checking module video_core...
Found and reported 0 problems.

5.52. Executing JSON backend.

6. Printing statistics.

=== video_core ===

        +----------Local Count, excluding submodules.
        | 
      695 wires
     1572 wire bits
      695 public wires
     1572 public wire bits
       15 ports
       82 port bits
      733 cells
        2   $scopeinfo
      163   ALU
       52   DFF
       96   DFFR
      106   DFFRE
        2   DFFS
        1   DFFSE
        6   DPX9B
        1   GND
       11   LUT1
       92   LUT2
       36   LUT3
      129   LUT4
       34   MUX2_LUT5
        1   MUX2_LUT6
        1   VCC

