
 /----------------------------------------------------------------------------\
 |  yosys -- Yosys Open SYnthesis Suite                                       |
 |  Copyright (C) 2012 - 2026  Claire Xenia Wolf <claire@yosyshq.com>         |
 |  Distributed under an ISC-like license, type "license" to see terms        |
 \----------------------------------------------------------------------------/
 Yosys 0.69+24 (git sha1 d0e71cfb7-dirty, Release, GNU /usr/bin/x86_64-w64-mingw32-g++ 15.2.1)

-- Executing script file `implementation/output_stage/board_2048.ys' --

1. Executing Verilog-2005 frontend: rtl/line_double.sv
Parsing SystemVerilog input from `rtl/line_double.sv' to AST representation.
Storing AST representation for module `$abstract\line_double'.
Successfully finished Verilog frontend.

2. Executing Verilog-2005 frontend: rtl/field_sync.sv
Parsing SystemVerilog input from `rtl/field_sync.sv' to AST representation.
Storing AST representation for module `$abstract\field_sync'.
Successfully finished Verilog frontend.

3. Executing Verilog-2005 frontend: rtl/video_core.sv
Parsing SystemVerilog input from `rtl/video_core.sv' to AST representation.
Storing AST representation for module `$abstract\video_core'.
Successfully finished Verilog frontend.

4. Executing Verilog-2005 frontend: rtl/i2c_register_write.sv
Parsing SystemVerilog input from `rtl/i2c_register_write.sv' to AST representation.
Storing AST representation for module `$abstract\i2c_register_write'.
Successfully finished Verilog frontend.

5. Executing Verilog-2005 frontend: rtl/adc_power_sequence.sv
Parsing SystemVerilog input from `rtl/adc_power_sequence.sv' to AST representation.
Storing AST representation for module `$abstract\adc_power_sequence'.
Successfully finished Verilog frontend.

6. Executing Verilog-2005 frontend: rtl/tvp7002_boot.sv
Parsing SystemVerilog input from `rtl/tvp7002_boot.sv' to AST representation.
Storing AST representation for module `$abstract\tvp7002_boot'.
Successfully finished Verilog frontend.

7. Executing Verilog-2005 frontend: rtl/video_clock_guard.sv
Parsing SystemVerilog input from `rtl/video_clock_guard.sv' to AST representation.
Storing AST representation for module `$abstract\video_clock_guard'.
Successfully finished Verilog frontend.

8. Executing Verilog-2005 frontend: rtl/pll_restart_control.sv
Parsing SystemVerilog input from `rtl/pll_restart_control.sv' to AST representation.
Storing AST representation for module `$abstract\pll_restart_control'.
Successfully finished Verilog frontend.

9. Executing Verilog-2005 frontend: rtl/clock_recovery_system.sv
Parsing SystemVerilog input from `rtl/clock_recovery_system.sv' to AST representation.
Storing AST representation for module `$abstract\clock_recovery_system'.
Successfully finished Verilog frontend.

10. Executing Verilog-2005 frontend: rtl/adc_rgb_capture.sv
Parsing SystemVerilog input from `rtl/adc_rgb_capture.sv' to AST representation.
Storing AST representation for module `$abstract\adc_rgb_capture'.
Successfully finished Verilog frontend.

11. Executing Verilog-2005 frontend: rtl/stream_sync_frontend.sv
Parsing SystemVerilog input from `rtl/stream_sync_frontend.sv' to AST representation.
Storing AST representation for module `$abstract\stream_sync_frontend'.
Successfully finished Verilog frontend.

12. Executing Verilog-2005 frontend: rtl/stream_input_video.sv
Parsing SystemVerilog input from `rtl/stream_input_video.sv' to AST representation.
Storing AST representation for module `$abstract\stream_input_video'.
Successfully finished Verilog frontend.

13. Executing Verilog-2005 frontend: rtl/dac_output_stage.sv
Parsing SystemVerilog input from `rtl/dac_output_stage.sv' to AST representation.
Storing AST representation for module `$abstract\dac_output_stage'.
Successfully finished Verilog frontend.

14. Executing Verilog-2005 frontend: rtl/amiga_logic_core.sv
Parsing SystemVerilog input from `rtl/amiga_logic_core.sv' to AST representation.
Storing AST representation for module `$abstract\amiga_logic_core'.
Successfully finished Verilog frontend.

15. Executing Verilog-2005 frontend: rtl/configuration_reset.sv
Parsing SystemVerilog input from `rtl/configuration_reset.sv' to AST representation.
Storing AST representation for module `$abstract\configuration_reset'.
Successfully finished Verilog frontend.

16. Executing Verilog-2005 frontend: rtl/gowin_video_pll.sv
Parsing SystemVerilog input from `rtl/gowin_video_pll.sv' to AST representation.
Storing AST representation for module `$abstract\gowin_video_pll'.
Successfully finished Verilog frontend.

17. Executing Verilog-2005 frontend: rtl/amiga_board_top.sv
Parsing SystemVerilog input from `rtl/amiga_board_top.sv' to AST representation.
rtl/amiga_board_top.sv:21: Warning: Yosys has only limited support for tri-state logic at the moment.
rtl/amiga_board_top.sv:22: Warning: Yosys has only limited support for tri-state logic at the moment.
Storing AST representation for module `$abstract\amiga_board_top'.
Successfully finished Verilog frontend.
Parameter \H_SAMPLES = 2048
Parameter \VS_ALIGN_CYCLES = 31
Parameter \HS_WIDTH = 4
Parameter \X_START = 6
Parameter \X_END = 2044
Parameter \Y_START = 8
Parameter \Y_END = 617

18. Executing AST frontend in derive mode using pre-parsed AST for module `\amiga_board_top'.
Parameter \H_SAMPLES = 2048
Parameter \VS_ALIGN_CYCLES = 31
Parameter \HS_WIDTH = 4
Parameter \X_START = 6
Parameter \X_END = 2044
Parameter \Y_START = 8
Parameter \Y_END = 617
Generating RTLIL representation for module `$paramod$635ffd3b6b6ac07a03fe233d1232025c9d32838c\amiga_board_top'.

19. Executing SYNTH_GOWIN pass.

19.1. Executing Verilog-2005 frontend: C:\Users\zanac2\Documents\Codex\2026-09-08\m\work\tools\pnr_v015\oss-cad-suite\bin\../share/yosys/gowin/cells_sim.v
Parsing Verilog input from `C:\Users\zanac2\Documents\Codex\2026-09-08\m\work\tools\pnr_v015\oss-cad-suite\bin\../share/yosys/gowin/cells_sim.v' to AST representation.
Generating RTLIL representation for module `\LUT1'.
Generating RTLIL representation for module `\LUT2'.
Generating RTLIL representation for module `\LUT3'.
Generating RTLIL representation for module `\LUT4'.
Generating RTLIL representation for module `\__APICULA_LUT5'.
Generating RTLIL representation for module `\__APICULA_LUT6'.
Generating RTLIL representation for module `\__APICULA_LUT7'.
Generating RTLIL representation for module `\__APICULA_LUT8'.
Generating RTLIL representation for module `\MUX2'.
Generating RTLIL representation for module `\MUX2_LUT5'.
Generating RTLIL representation for module `\MUX2_LUT6'.
Generating RTLIL representation for module `\MUX2_LUT7'.
Generating RTLIL representation for module `\MUX2_LUT8'.
Generating RTLIL representation for module `\DFF'.
Generating RTLIL representation for module `\DFFE'.
Generating RTLIL representation for module `\DFFS'.
Generating RTLIL representation for module `\DFFSE'.
Generating RTLIL representation for module `\DFFR'.
Generating RTLIL representation for module `\DFFRE'.
Generating RTLIL representation for module `\DFFP'.
Generating RTLIL representation for module `\DFFPE'.
Generating RTLIL representation for module `\DFFC'.
Generating RTLIL representation for module `\DFFCE'.
Generating RTLIL representation for module `\DFFN'.
Generating RTLIL representation for module `\DFFNE'.
Generating RTLIL representation for module `\DFFNS'.
Generating RTLIL representation for module `\DFFNSE'.
Generating RTLIL representation for module `\DFFNR'.
Generating RTLIL representation for module `\DFFNRE'.
Generating RTLIL representation for module `\DFFNP'.
Generating RTLIL representation for module `\DFFNPE'.
Generating RTLIL representation for module `\DFFNC'.
Generating RTLIL representation for module `\DFFNCE'.
Generating RTLIL representation for module `\DL'.
Generating RTLIL representation for module `\DLN'.
Generating RTLIL representation for module `\DLE'.
Generating RTLIL representation for module `\DLNE'.
Generating RTLIL representation for module `\DLC'.
Generating RTLIL representation for module `\DLCE'.
Generating RTLIL representation for module `\DLNC'.
Generating RTLIL representation for module `\DLNCE'.
Generating RTLIL representation for module `\DLP'.
Generating RTLIL representation for module `\DLPE'.
Generating RTLIL representation for module `\DLNP'.
Generating RTLIL representation for module `\DLNPE'.
Generating RTLIL representation for module `\VCC'.
Generating RTLIL representation for module `\GND'.
Generating RTLIL representation for module `\IBUF'.
Generating RTLIL representation for module `\OBUF'.
Generating RTLIL representation for module `\TBUF'.
Generating RTLIL representation for module `\IOBUF'.
Generating RTLIL representation for module `\ELVDS_OBUF'.
Generating RTLIL representation for module `\TLVDS_OBUF'.
Generating RTLIL representation for module `\OSER4'.
Generating RTLIL representation for module `\OSER4_MEM'.
Generating RTLIL representation for module `\OSER8'.
Generating RTLIL representation for module `\OSER10'.
Generating RTLIL representation for module `\OVIDEO'.
Generating RTLIL representation for module `\OSER16'.
Generating RTLIL representation for module `\IDES4'.
Generating RTLIL representation for module `\IDES4_MEM'.
Generating RTLIL representation for module `\IDES8'.
Generating RTLIL representation for module `\IDES10'.
Generating RTLIL representation for module `\IVIDEO'.
Generating RTLIL representation for module `\IDES16'.
Generating RTLIL representation for module `\IDDR'.
Generating RTLIL representation for module `\IDDRC'.
Generating RTLIL representation for module `\DQS'.
Generating RTLIL representation for module `\ODDR'.
Generating RTLIL representation for module `\ODDRC'.
Generating RTLIL representation for module `\GSR'.
Generating RTLIL representation for module `\BANDGAP'.
Generating RTLIL representation for module `\ALU'.
Generating RTLIL representation for module `\RAM16S1'.
Generating RTLIL representation for module `\RAM16S2'.
Generating RTLIL representation for module `\RAM16S4'.
Generating RTLIL representation for module `\RAM16SDP1'.
Generating RTLIL representation for module `\RAM16SDP2'.
Generating RTLIL representation for module `\RAM16SDP4'.
Generating RTLIL representation for module `\SP'.
Generating RTLIL representation for module `\SPX9'.
Generating RTLIL representation for module `\SDP'.
Generating RTLIL representation for module `\SDPX9'.
Generating RTLIL representation for module `\DP'.
Generating RTLIL representation for module `\DPX9'.
Generating RTLIL representation for module `\rPLL'.
Generating RTLIL representation for module `\PLLVR'.
Generating RTLIL representation for module `\OSC'.
Generating RTLIL representation for module `\OSCZ'.
Generating RTLIL representation for module `\OSCF'.
Generating RTLIL representation for module `\OSCH'.
Generating RTLIL representation for module `\OSCW'.
Generating RTLIL representation for module `\OSCO'.
Generating RTLIL representation for module `\EMCU'.
Successfully finished Verilog frontend.

19.2. Executing Verilog-2005 frontend: C:\Users\zanac2\Documents\Codex\2026-09-08\m\work\tools\pnr_v015\oss-cad-suite\bin\../share/yosys/gowin/cells_xtra_gw1n.v
Parsing Verilog input from `C:\Users\zanac2\Documents\Codex\2026-09-08\m\work\tools\pnr_v015\oss-cad-suite\bin\../share/yosys/gowin/cells_xtra_gw1n.v' to AST representation.
Generating RTLIL representation for module `\LUT5'.
Generating RTLIL representation for module `\LUT6'.
Generating RTLIL representation for module `\LUT7'.
Generating RTLIL representation for module `\LUT8'.
Generating RTLIL representation for module `\INV'.
Generating RTLIL representation for module `\IODELAY'.
Generating RTLIL representation for module `\IEM'.
Generating RTLIL representation for module `\ROM16'.
Generating RTLIL representation for module `\ROM'.
Generating RTLIL representation for module `\ROMX9'.
Generating RTLIL representation for module `\pROM'.
Generating RTLIL representation for module `\pROMX9'.
Generating RTLIL representation for module `\SDPB'.
Generating RTLIL representation for module `\SDPX9B'.
Generating RTLIL representation for module `\DPB'.
Generating RTLIL representation for module `\DPX9B'.
Generating RTLIL representation for module `\PADD18'.
Generating RTLIL representation for module `\PADD9'.
Generating RTLIL representation for module `\MULT9X9'.
Generating RTLIL representation for module `\MULT18X18'.
Generating RTLIL representation for module `\MULT36X36'.
Generating RTLIL representation for module `\MULTALU36X18'.
Generating RTLIL representation for module `\MULTADDALU18X18'.
Generating RTLIL representation for module `\MULTALU18X18'.
Generating RTLIL representation for module `\ALU54D'.
Generating RTLIL representation for module `\BUFG'.
Generating RTLIL representation for module `\BUFS'.
Generating RTLIL representation for module `\PLL'.
Generating RTLIL representation for module `\TLVDS_IBUF'.
Generating RTLIL representation for module `\TLVDS_TBUF'.
Generating RTLIL representation for module `\TLVDS_IOBUF'.
Generating RTLIL representation for module `\ELVDS_IBUF'.
Generating RTLIL representation for module `\ELVDS_TBUF'.
Generating RTLIL representation for module `\ELVDS_IOBUF'.
Generating RTLIL representation for module `\MIPI_IBUF'.
Generating RTLIL representation for module `\MIPI_IBUF_HS'.
Generating RTLIL representation for module `\MIPI_IBUF_LP'.
Generating RTLIL representation for module `\MIPI_OBUF'.
Generating RTLIL representation for module `\MIPI_OBUF_A'.
Generating RTLIL representation for module `\ELVDS_IBUF_MIPI'.
Generating RTLIL representation for module `\I3C_IOBUF'.
Generating RTLIL representation for module `\CLKDIV'.
Generating RTLIL representation for module `\DHCEN'.
Generating RTLIL representation for module `\DLLDLY'.
Generating RTLIL representation for module `\FLASH96K'.
Generating RTLIL representation for module `\FLASH256K'.
Generating RTLIL representation for module `\FLASH608K'.
Generating RTLIL representation for module `\DCS'.
Generating RTLIL representation for module `\DQCE'.
Generating RTLIL representation for module `\CLKDIV2'.
Generating RTLIL representation for module `\DHCENC'.
Generating RTLIL representation for module `\FLASH64K'.
Generating RTLIL representation for module `\FLASH64KZ'.
Successfully finished Verilog frontend.

19.3. Executing HIERARCHY pass (managing design hierarchy).

19.4. Executing AST frontend in derive mode using pre-parsed AST for module `\amiga_board_top'.
Generating RTLIL representation for module `\amiga_board_top'.

19.4.1. Analyzing design hierarchy..
Top module:  \amiga_board_top
Parameter \H_SAMPLES = 2048
Parameter \VS_ALIGN_CYCLES = 31
Parameter \HS_WIDTH = 4
Parameter \X_START = 6
Parameter \X_END = 2044
Parameter \Y_START = 8
Parameter \Y_END = 617

19.4.2. Executing AST frontend in derive mode using pre-parsed AST for module `\amiga_logic_core'.
Parameter \H_SAMPLES = 2048
Parameter \VS_ALIGN_CYCLES = 31
Parameter \HS_WIDTH = 4
Parameter \X_START = 6
Parameter \X_END = 2044
Parameter \Y_START = 8
Parameter \Y_END = 617
Generating RTLIL representation for module `$paramod$635ffd3b6b6ac07a03fe233d1232025c9d32838c\amiga_logic_core'.
Parameter \INPUT_MHZ = 48'001100100011100000101110001100110011011100110101
Parameter \VCO_DIV = 8

19.4.3. Executing AST frontend in derive mode using pre-parsed AST for module `\gowin_video_pll'.
Parameter \INPUT_MHZ = 48'001100100011100000101110001100110011011100110101
Parameter \VCO_DIV = 8
Generating RTLIL representation for module `$paramod$262101cb2ab80648ec6462bebbfb63ce206bdc07\gowin_video_pll'.

19.4.4. Executing AST frontend in derive mode using pre-parsed AST for module `\configuration_reset'.
Generating RTLIL representation for module `\configuration_reset'.

19.4.5. Analyzing design hierarchy..
Top module:  \amiga_board_top
Used module:     $paramod$635ffd3b6b6ac07a03fe233d1232025c9d32838c\amiga_logic_core
Used module:     $paramod$262101cb2ab80648ec6462bebbfb63ce206bdc07\gowin_video_pll
Used module:     \configuration_reset

19.4.6. Executing AST frontend in derive mode using pre-parsed AST for module `\dac_output_stage'.
Generating RTLIL representation for module `\dac_output_stage'.
Parameter \H_SAMPLES = 2048
Parameter \VS_ALIGN_CYCLES = 31
Parameter \HS_WIDTH = 4
Parameter \X_START = 6
Parameter \X_END = 2044
Parameter \Y_START = 8
Parameter \Y_END = 617

19.4.7. Executing AST frontend in derive mode using pre-parsed AST for module `\stream_input_video'.
Parameter \H_SAMPLES = 2048
Parameter \VS_ALIGN_CYCLES = 31
Parameter \HS_WIDTH = 4
Parameter \X_START = 6
Parameter \X_END = 2044
Parameter \Y_START = 8
Parameter \Y_END = 617
Generating RTLIL representation for module `$paramod$635ffd3b6b6ac07a03fe233d1232025c9d32838c\stream_input_video'.

19.4.8. Executing AST frontend in derive mode using pre-parsed AST for module `\adc_rgb_capture'.
Generating RTLIL representation for module `\adc_rgb_capture'.
Parameter \GOOD_INTERVALS = 8
Parameter \RESET_HOLD_CYCLES = 270
Parameter \LOCK_TIMEOUT_CYCLES = 270000

19.4.9. Executing AST frontend in derive mode using pre-parsed AST for module `\clock_recovery_system'.
Parameter \GOOD_INTERVALS = 8
Parameter \RESET_HOLD_CYCLES = 270
Parameter \LOCK_TIMEOUT_CYCLES = 270000
Generating RTLIL representation for module `$paramod$683e8f5232cafaff99ac6963759532f7c096f897\clock_recovery_system'.
Parameter \H_SAMPLES = 2048
Parameter \HALF_CYCLES = 135
Parameter \TIMEOUT_CYCLES = 270000
Parameter \POWER_WAIT_CYCLES = 135000
Parameter \RESET_CYCLES = 270
Parameter \SETTLE_CYCLES = 27000
Parameter \ALC_WAIT_CYCLES = 810000

19.4.10. Executing AST frontend in derive mode using pre-parsed AST for module `\tvp7002_boot'.
Parameter \H_SAMPLES = 2048
Parameter \HALF_CYCLES = 135
Parameter \TIMEOUT_CYCLES = 270000
Parameter \POWER_WAIT_CYCLES = 135000
Parameter \RESET_CYCLES = 270
Parameter \SETTLE_CYCLES = 27000
Parameter \ALC_WAIT_CYCLES = 810000
Generating RTLIL representation for module `$paramod$a1d5b4e666128cdb38982dd69cf237f464b6f0a6\tvp7002_boot'.

19.4.11. Analyzing design hierarchy..
Top module:  \amiga_board_top
Used module:     $paramod$635ffd3b6b6ac07a03fe233d1232025c9d32838c\amiga_logic_core
Used module:         \dac_output_stage
Used module:         $paramod$635ffd3b6b6ac07a03fe233d1232025c9d32838c\stream_input_video
Used module:         \adc_rgb_capture
Used module:         $paramod$683e8f5232cafaff99ac6963759532f7c096f897\clock_recovery_system
Used module:         $paramod$a1d5b4e666128cdb38982dd69cf237f464b6f0a6\tvp7002_boot
Used module:     $paramod$262101cb2ab80648ec6462bebbfb63ce206bdc07\gowin_video_pll
Used module:     \configuration_reset
Parameter \H_SAMPLES = 2048
Parameter \HS_WIDTH = 4
Parameter \X_START = 6
Parameter \X_END = 2044
Parameter \Y_START = 8
Parameter \Y_END = 617

19.4.12. Executing AST frontend in derive mode using pre-parsed AST for module `\video_core'.
Parameter \H_SAMPLES = 2048
Parameter \HS_WIDTH = 4
Parameter \X_START = 6
Parameter \X_END = 2044
Parameter \Y_START = 8
Parameter \Y_END = 617
Generating RTLIL representation for module `$paramod$09a1f5feb4da21d5e75bb9964def9f8e0dc5b598\video_core'.
Parameter \H_SAMPLES = 2048
Parameter \VS_ALIGN_CYCLES = 31
Parameter \MIN_FIELD_HALF_LINES = 500
Parameter \MAX_FIELD_HALF_LINES = 660

19.4.13. Executing AST frontend in derive mode using pre-parsed AST for module `\stream_sync_frontend'.
Parameter \H_SAMPLES = 2048
Parameter \VS_ALIGN_CYCLES = 31
Parameter \MIN_FIELD_HALF_LINES = 500
Parameter \MAX_FIELD_HALF_LINES = 660
Generating RTLIL representation for module `$paramod$4ef0cad1ef184161886a68c1ecb003c277dc66f2\stream_sync_frontend'.

19.4.14. Executing AST frontend in derive mode using pre-parsed AST for module `\video_clock_guard'.
Generating RTLIL representation for module `\video_clock_guard'.
Parameter \GOOD_INTERVALS = 8
Parameter \RESET_HOLD_CYCLES = 270
Parameter \LOCK_TIMEOUT_CYCLES = 270000

19.4.15. Executing AST frontend in derive mode using pre-parsed AST for module `\pll_restart_control'.
Parameter \GOOD_INTERVALS = 8
Parameter \RESET_HOLD_CYCLES = 270
Parameter \LOCK_TIMEOUT_CYCLES = 270000
Generating RTLIL representation for module `$paramod$683e8f5232cafaff99ac6963759532f7c096f897\pll_restart_control'.
Parameter \HALF_CYCLES = 135
Parameter \TIMEOUT_CYCLES = 270000

19.4.16. Executing AST frontend in derive mode using pre-parsed AST for module `\i2c_register_write'.
Parameter \HALF_CYCLES = 135
Parameter \TIMEOUT_CYCLES = 270000
Generating RTLIL representation for module `$paramod$ca4b7a37322eebe282ffca1ddbda4aa8d3e4aedf\i2c_register_write'.
Warning: Replacing memory \bytes with list of registers. See rtl/i2c_register_write.sv:50
Parameter \POWER_WAIT_CYCLES = 135000
Parameter \RESET_CYCLES = 270
Parameter \SETTLE_CYCLES = 27000

19.4.17. Executing AST frontend in derive mode using pre-parsed AST for module `\adc_power_sequence'.
Parameter \POWER_WAIT_CYCLES = 135000
Parameter \RESET_CYCLES = 270
Parameter \SETTLE_CYCLES = 27000
Generating RTLIL representation for module `$paramod$59e5d031c668cf41650225ca3253dc21d29dbc00\adc_power_sequence'.

19.4.18. Analyzing design hierarchy..
Top module:  \amiga_board_top
Used module:     $paramod$635ffd3b6b6ac07a03fe233d1232025c9d32838c\amiga_logic_core
Used module:         \dac_output_stage
Used module:         $paramod$635ffd3b6b6ac07a03fe233d1232025c9d32838c\stream_input_video
Used module:             $paramod$09a1f5feb4da21d5e75bb9964def9f8e0dc5b598\video_core
Used module:             $paramod$4ef0cad1ef184161886a68c1ecb003c277dc66f2\stream_sync_frontend
Used module:         \adc_rgb_capture
Used module:         $paramod$683e8f5232cafaff99ac6963759532f7c096f897\clock_recovery_system
Used module:             \video_clock_guard
Used module:             $paramod$683e8f5232cafaff99ac6963759532f7c096f897\pll_restart_control
Used module:         $paramod$a1d5b4e666128cdb38982dd69cf237f464b6f0a6\tvp7002_boot
Used module:             $paramod$ca4b7a37322eebe282ffca1ddbda4aa8d3e4aedf\i2c_register_write
Used module:             $paramod$59e5d031c668cf41650225ca3253dc21d29dbc00\adc_power_sequence
Used module:     $paramod$262101cb2ab80648ec6462bebbfb63ce206bdc07\gowin_video_pll
Used module:     \configuration_reset
Parameter \H_SAMPLES = 2048
Parameter \VS_LINES = 5

19.4.19. Executing AST frontend in derive mode using pre-parsed AST for module `\field_sync'.
Parameter \H_SAMPLES = 2048
Parameter \VS_LINES = 5
Generating RTLIL representation for module `$paramod$7b2dfcee3d83e48a5c3011d349d1f430b35f1d98\field_sync'.
Parameter \H_SAMPLES = 2048

19.4.20. Executing AST frontend in derive mode using pre-parsed AST for module `\line_double'.
Parameter \H_SAMPLES = 2048
Generating RTLIL representation for module `$paramod\line_double\H_SAMPLES=s32'00000000000000000000100000000000'.

19.4.21. Analyzing design hierarchy..
Top module:  \amiga_board_top
Used module:     $paramod$635ffd3b6b6ac07a03fe233d1232025c9d32838c\amiga_logic_core
Used module:         \dac_output_stage
Used module:         $paramod$635ffd3b6b6ac07a03fe233d1232025c9d32838c\stream_input_video
Used module:             $paramod$09a1f5feb4da21d5e75bb9964def9f8e0dc5b598\video_core
Used module:                 $paramod$7b2dfcee3d83e48a5c3011d349d1f430b35f1d98\field_sync
Used module:                 $paramod\line_double\H_SAMPLES=s32'00000000000000000000100000000000
Used module:             $paramod$4ef0cad1ef184161886a68c1ecb003c277dc66f2\stream_sync_frontend
Used module:         \adc_rgb_capture
Used module:         $paramod$683e8f5232cafaff99ac6963759532f7c096f897\clock_recovery_system
Used module:             \video_clock_guard
Used module:             $paramod$683e8f5232cafaff99ac6963759532f7c096f897\pll_restart_control
Used module:         $paramod$a1d5b4e666128cdb38982dd69cf237f464b6f0a6\tvp7002_boot
Used module:             $paramod$ca4b7a37322eebe282ffca1ddbda4aa8d3e4aedf\i2c_register_write
Used module:             $paramod$59e5d031c668cf41650225ca3253dc21d29dbc00\adc_power_sequence
Used module:     $paramod$262101cb2ab80648ec6462bebbfb63ce206bdc07\gowin_video_pll
Used module:     \configuration_reset

19.4.22. Analyzing design hierarchy..
Top module:  \amiga_board_top
Used module:     $paramod$635ffd3b6b6ac07a03fe233d1232025c9d32838c\amiga_logic_core
Used module:         \dac_output_stage
Used module:         $paramod$635ffd3b6b6ac07a03fe233d1232025c9d32838c\stream_input_video
Used module:             $paramod$09a1f5feb4da21d5e75bb9964def9f8e0dc5b598\video_core
Used module:                 $paramod$7b2dfcee3d83e48a5c3011d349d1f430b35f1d98\field_sync
Used module:                 $paramod\line_double\H_SAMPLES=s32'00000000000000000000100000000000
Used module:             $paramod$4ef0cad1ef184161886a68c1ecb003c277dc66f2\stream_sync_frontend
Used module:         \adc_rgb_capture
Used module:         $paramod$683e8f5232cafaff99ac6963759532f7c096f897\clock_recovery_system
Used module:             \video_clock_guard
Used module:             $paramod$683e8f5232cafaff99ac6963759532f7c096f897\pll_restart_control
Used module:         $paramod$a1d5b4e666128cdb38982dd69cf237f464b6f0a6\tvp7002_boot
Used module:             $paramod$ca4b7a37322eebe282ffca1ddbda4aa8d3e4aedf\i2c_register_write
Used module:             $paramod$59e5d031c668cf41650225ca3253dc21d29dbc00\adc_power_sequence
Used module:     $paramod$262101cb2ab80648ec6462bebbfb63ce206bdc07\gowin_video_pll
Used module:     \configuration_reset
Removing unused module `$abstract\amiga_board_top'.
Removing unused module `$abstract\gowin_video_pll'.
Removing unused module `$abstract\configuration_reset'.
Removing unused module `$abstract\amiga_logic_core'.
Removing unused module `$abstract\dac_output_stage'.
Removing unused module `$abstract\stream_input_video'.
Removing unused module `$abstract\stream_sync_frontend'.
Removing unused module `$abstract\adc_rgb_capture'.
Removing unused module `$abstract\clock_recovery_system'.
Removing unused module `$abstract\pll_restart_control'.
Removing unused module `$abstract\video_clock_guard'.
Removing unused module `$abstract\tvp7002_boot'.
Removing unused module `$abstract\adc_power_sequence'.
Removing unused module `$abstract\i2c_register_write'.
Removing unused module `$abstract\video_core'.
Removing unused module `$abstract\field_sync'.
Removing unused module `$abstract\line_double'.
Removed 17 unused modules.

19.5. Executing PROC pass (convert processes to netlists).

19.5.1. Executing PROC_CLEAN pass (remove empty switches from decision trees).
Found and cleaned up 1 empty switch in `$paramod\line_double\H_SAMPLES=s32'00000000000000000000100000000000.$proc$rtl/line_double.sv:45$721'.
Removing empty process `$paramod\line_double\H_SAMPLES=s32'00000000000000000000100000000000.$proc$rtl/line_double.sv:45$721'.
Found and cleaned up 1 empty switch in `$paramod$59e5d031c668cf41650225ca3253dc21d29dbc00\adc_power_sequence.$proc$rtl/adc_power_sequence.sv:27$648'.
Removing empty process `$paramod$59e5d031c668cf41650225ca3253dc21d29dbc00\adc_power_sequence.$proc$rtl/adc_power_sequence.sv:27$648'.
Found and cleaned up 1 empty switch in `$paramod$ca4b7a37322eebe282ffca1ddbda4aa8d3e4aedf\i2c_register_write.$proc$rtl/i2c_register_write.sv:34$633'.
Removing empty process `$paramod$ca4b7a37322eebe282ffca1ddbda4aa8d3e4aedf\i2c_register_write.$proc$rtl/i2c_register_write.sv:34$633'.
Found and cleaned up 1 empty switch in `$paramod$683e8f5232cafaff99ac6963759532f7c096f897\pll_restart_control.$proc$rtl/pll_restart_control.sv:30$560'.
Removing empty process `$paramod$683e8f5232cafaff99ac6963759532f7c096f897\pll_restart_control.$proc$rtl/pll_restart_control.sv:30$560'.
Found and cleaned up 1 empty switch in `\video_clock_guard.$proc$rtl/video_clock_guard.sv:19$501'.
Removing empty process `video_clock_guard.$proc$rtl/video_clock_guard.sv:19$501'.
Found and cleaned up 1 empty switch in `$paramod$4ef0cad1ef184161886a68c1ecb003c277dc66f2\stream_sync_frontend.$proc$rtl/stream_sync_frontend.sv:42$468'.
Removing empty process `$paramod$4ef0cad1ef184161886a68c1ecb003c277dc66f2\stream_sync_frontend.$proc$rtl/stream_sync_frontend.sv:42$468'.
Found and cleaned up 1 empty switch in `$paramod$4ef0cad1ef184161886a68c1ecb003c277dc66f2\stream_sync_frontend.$proc$rtl/stream_sync_frontend.sv:53$444'.
Found and cleaned up 1 empty switch in `$paramod$09a1f5feb4da21d5e75bb9964def9f8e0dc5b598\video_core.$proc$rtl/video_core.sv:31$421'.
Removing empty process `$paramod$09a1f5feb4da21d5e75bb9964def9f8e0dc5b598\video_core.$proc$rtl/video_core.sv:31$421'.
Found and cleaned up 1 empty switch in `$paramod$a1d5b4e666128cdb38982dd69cf237f464b6f0a6\tvp7002_boot.$proc$rtl/tvp7002_boot.sv:31$398'.
Removing empty process `$paramod$a1d5b4e666128cdb38982dd69cf237f464b6f0a6\tvp7002_boot.$proc$rtl/tvp7002_boot.sv:31$398'.
Found and cleaned up 1 empty switch in `\configuration_reset.$proc$rtl/configuration_reset.sv:8$351'.
Removing empty process `configuration_reset.$proc$rtl/configuration_reset.sv:8$351'.
Found and cleaned up 1 empty switch in `$paramod$262101cb2ab80648ec6462bebbfb63ce206bdc07\gowin_video_pll.$proc$rtl/gowin_video_pll.sv:14$347'.
Removing empty process `$paramod$262101cb2ab80648ec6462bebbfb63ce206bdc07\gowin_video_pll.$proc$rtl/gowin_video_pll.sv:14$347'.
Cleaned up 11 empty switches.

19.5.2. Executing PROC_RMDEAD pass (remove dead branches from decision trees).
Marked 5 switch rules as full_case in process $proc$rtl/line_double.sv:50$690 in module $paramod\line_double\H_SAMPLES=s32'00000000000000000000100000000000.
Marked 2 switch rules as full_case in process $proc$rtl/line_double.sv:37$670 in module $paramod\line_double\H_SAMPLES=s32'00000000000000000000100000000000.
Marked 5 switch rules as full_case in process $proc$rtl/field_sync.sv:19$651 in module $paramod$7b2dfcee3d83e48a5c3011d349d1f430b35f1d98\field_sync.
Marked 7 switch rules as full_case in process $proc$rtl/adc_power_sequence.sv:35$640 in module $paramod$59e5d031c668cf41650225ca3253dc21d29dbc00\adc_power_sequence.
Marked 1 switch rules as full_case in process $proc$rtl/adc_power_sequence.sv:31$639 in module $paramod$59e5d031c668cf41650225ca3253dc21d29dbc00\adc_power_sequence.
Marked 19 switch rules as full_case in process $proc$rtl/i2c_register_write.sv:46$571 in module $paramod$ca4b7a37322eebe282ffca1ddbda4aa8d3e4aedf\i2c_register_write.
Marked 1 switch rules as full_case in process $proc$rtl/i2c_register_write.sv:38$570 in module $paramod$ca4b7a37322eebe282ffca1ddbda4aa8d3e4aedf\i2c_register_write.
Removed 1 dead cases from process $proc$rtl/pll_restart_control.sv:57$545 in module $paramod$683e8f5232cafaff99ac6963759532f7c096f897\pll_restart_control.
Marked 7 switch rules as full_case in process $proc$rtl/pll_restart_control.sv:57$545 in module $paramod$683e8f5232cafaff99ac6963759532f7c096f897\pll_restart_control.
Marked 4 switch rules as full_case in process $proc$rtl/pll_restart_control.sv:42$532 in module $paramod$683e8f5232cafaff99ac6963759532f7c096f897\pll_restart_control.
Marked 1 switch rules as full_case in process $proc$rtl/pll_restart_control.sv:38$531 in module $paramod$683e8f5232cafaff99ac6963759532f7c096f897\pll_restart_control.
Marked 1 switch rules as full_case in process $proc$rtl/pll_restart_control.sv:36$529 in module $paramod$683e8f5232cafaff99ac6963759532f7c096f897\pll_restart_control.
Marked 1 switch rules as full_case in process $proc$rtl/video_clock_guard.sv:76$499 in module video_clock_guard.
Marked 1 switch rules as full_case in process $proc$rtl/video_clock_guard.sv:70$494 in module video_clock_guard.
Marked 5 switch rules as full_case in process $proc$rtl/video_clock_guard.sv:45$477 in module video_clock_guard.
Marked 1 switch rules as full_case in process $proc$rtl/video_clock_guard.sv:41$476 in module video_clock_guard.
Marked 1 switch rules as full_case in process $proc$rtl/video_clock_guard.sv:37$474 in module video_clock_guard.
Marked 1 switch rules as full_case in process $proc$rtl/video_clock_guard.sv:27$469 in module video_clock_guard.
Marked 10 switch rules as full_case in process $proc$rtl/stream_sync_frontend.sv:53$444 in module $paramod$4ef0cad1ef184161886a68c1ecb003c277dc66f2\stream_sync_frontend.
Marked 1 switch rules as full_case in process $proc$rtl/stream_sync_frontend.sv:49$443 in module $paramod$4ef0cad1ef184161886a68c1ecb003c277dc66f2\stream_sync_frontend.
Marked 3 switch rules as full_case in process $proc$rtl/video_core.sv:51$400 in module $paramod$09a1f5feb4da21d5e75bb9964def9f8e0dc5b598\video_core.
Marked 1 switch rules as full_case in process $proc$rtl/video_core.sv:43$399 in module $paramod$09a1f5feb4da21d5e75bb9964def9f8e0dc5b598\video_core.
Marked 6 switch rules as full_case in process $proc$rtl/tvp7002_boot.sv:91$391 in module $paramod$a1d5b4e666128cdb38982dd69cf237f464b6f0a6\tvp7002_boot.
Marked 1 switch rules as full_case in process $proc$rtl/tvp7002_boot.sv:38$380 in module $paramod$a1d5b4e666128cdb38982dd69cf237f464b6f0a6\tvp7002_boot.
Marked 1 switch rules as full_case in process $proc$rtl/adc_rgb_capture.sv:28$370 in module adc_rgb_capture.
Marked 1 switch rules as full_case in process $proc$rtl/adc_rgb_capture.sv:19$366 in module adc_rgb_capture.
Marked 1 switch rules as full_case in process $proc$rtl/adc_rgb_capture.sv:14$365 in module adc_rgb_capture.
Marked 1 switch rules as full_case in process $proc$rtl/dac_output_stage.sv:15$354 in module dac_output_stage.
Marked 1 switch rules as full_case in process $proc$rtl/amiga_logic_core.sv:29$345 in module $paramod$635ffd3b6b6ac07a03fe233d1232025c9d32838c\amiga_logic_core.
Removed a total of 1 dead cases.

19.5.3. Executing PROC_PRUNE pass (remove redundant assignments in processes).
Removed 56 redundant assignments.
Promoted 19 assignments to connections.

19.5.4. Executing PROC_INIT pass (extract init attributes).
Found init rule in `\dac_output_stage.$proc$rtl/dac_output_stage.sv:13$358'.
  Set init value: \rgb = 24'000000000000000000000000
  Set init value: \blank_n = 1'0
  Set init value: \hs_n = 1'1
  Set init value: \vs_n = 1'1
Found init rule in `\configuration_reset.$proc$rtl/configuration_reset.sv:7$350'.
  Set init value: \released = 0

19.5.5. Executing PROC_ARST pass (detect async resets in processes).
Found async reset \reset in `$paramod$683e8f5232cafaff99ac6963759532f7c096f897\pll_restart_control.$proc$rtl/pll_restart_control.sv:36$529'.
Found async reset \prerequisites in `\video_clock_guard.$proc$rtl/video_clock_guard.sv:76$499'.
Found async reset \permit in `\video_clock_guard.$proc$rtl/video_clock_guard.sv:70$494'.
Found async reset \prerequisites in `\video_clock_guard.$proc$rtl/video_clock_guard.sv:45$477'.
Found async reset \reset in `\video_clock_guard.$proc$rtl/video_clock_guard.sv:41$476'.
Found async reset \prerequisites in `\video_clock_guard.$proc$rtl/video_clock_guard.sv:37$474'.
Found async reset \reset in `\video_clock_guard.$proc$rtl/video_clock_guard.sv:27$469'.
Found async reset \reset in `\adc_rgb_capture.$proc$rtl/adc_rgb_capture.sv:28$370'.
Found async reset \reset in `\adc_rgb_capture.$proc$rtl/adc_rgb_capture.sv:19$366'.
Found async reset \reset in `\adc_rgb_capture.$proc$rtl/adc_rgb_capture.sv:14$365'.
Found async reset \clear in `\dac_output_stage.$proc$rtl/dac_output_stage.sv:15$354'.
Found async reset \reset_video in `$paramod$635ffd3b6b6ac07a03fe233d1232025c9d32838c\amiga_logic_core.$proc$rtl/amiga_logic_core.sv:29$345'.

19.5.6. Executing PROC_ROM pass (convert switches to ROMs).
Converted 1 switch.
<suppressed ~117 debug messages>

19.5.7. Executing PROC_MUX pass (convert decision trees to multiplexers).
Creating decoders for process `$paramod\line_double\H_SAMPLES=s32'00000000000000000000100000000000.$proc$rtl/line_double.sv:50$690'.
     1/12: $0\out_sol[0:0]
     2/12: $0\pixel_valid[0:0]
     3/12: $0\previous_ce[0:0]
     4/12: $0\elapsed[12:0]
     5/12: $0\read_x[10:0]
     6/12: $0\written[11:0]
     7/12: $0\reading[0:0]
     8/12: $0\read_bank[0:0]
     9/12: $0\write_bank[0:0]
    10/12: $0\started[0:0]
    11/12: $0\out_x[10:0]
    12/12: $0\protocol_error[0:0]
Creating decoders for process `$paramod\line_double\H_SAMPLES=s32'00000000000000000000100000000000.$proc$rtl/line_double.sv:37$670'.
     1/6: $1$memwr$\bank1$rtl/line_double.sv:41$658_EN[23:0]$687
     2/6: $1$memwr$\bank1$rtl/line_double.sv:41$658_DATA[23:0]$686
     3/6: $1$memwr$\bank1$rtl/line_double.sv:41$658_ADDR[10:0]$685
     4/6: $1$memwr$\bank0$rtl/line_double.sv:40$657_EN[23:0]$683
     5/6: $1$memwr$\bank0$rtl/line_double.sv:40$657_DATA[23:0]$682
     6/6: $1$memwr$\bank0$rtl/line_double.sv:40$657_ADDR[10:0]$681
Creating decoders for process `$paramod$7b2dfcee3d83e48a5c3011d349d1f430b35f1d98\field_sync.$proc$rtl/field_sync.sv:19$651'.
     1/6: $0\frame_start[0:0]
     2/6: $0\remaining[31:0]
     3/6: $0\pending[0:0]
     4/6: $0\delay_active[0:0]
     5/6: $0\delay_count[12:0]
     6/6: $0\vs_n[0:0]
Creating decoders for process `$paramod$59e5d031c668cf41650225ca3253dc21d29dbc00\adc_power_sequence.$proc$rtl/adc_power_sequence.sv:35$640'.
     1/6: $0\count[17:0]
     2/6: $0\config_allowed[0:0]
     3/6: $0\state[2:0]
     4/6: $0\fault[0:0]
     5/6: $0\adc_pwdn[0:0]
     6/6: $0\adc_reset_n[0:0]
Creating decoders for process `$paramod$59e5d031c668cf41650225ca3253dc21d29dbc00\adc_power_sequence.$proc$rtl/adc_power_sequence.sv:31$639'.
     1/2: $0\pg_sync[0:0]
     2/2: $0\pg_meta[0:0]
Creating decoders for process `$paramod$ca4b7a37322eebe282ffca1ddbda4aa8d3e4aedf\i2c_register_write.$proc$rtl/i2c_register_write.sv:46$571'.
     1/37: $7$mem2reg_rd$\bytes$rtl/i2c_register_write.sv:97$562_DATA[7:0]$624
     2/37: $6$mem2reg_rd$\bytes$rtl/i2c_register_write.sv:97$562_DATA[7:0]$621
     3/37: $6$mem2reg_rd$\bytes$rtl/i2c_register_write.sv:97$562_ADDR[1:0]$620
     4/37: $5$mem2reg_rd$\bytes$rtl/i2c_register_write.sv:97$562_DATA[7:0]$617
     5/37: $5$mem2reg_rd$\bytes$rtl/i2c_register_write.sv:97$562_ADDR[1:0]$616
     6/37: $4$mem2reg_rd$\bytes$rtl/i2c_register_write.sv:97$562_DATA[7:0]$615
     7/37: $4$mem2reg_rd$\bytes$rtl/i2c_register_write.sv:97$562_ADDR[1:0]$614
     8/37: $6$mem2reg_rd$\bytes$rtl/i2c_register_write.sv:83$561_DATA[7:0]$606
     9/37: $5$mem2reg_rd$\bytes$rtl/i2c_register_write.sv:83$561_DATA[7:0]$604
    10/37: $5$mem2reg_rd$\bytes$rtl/i2c_register_write.sv:83$561_ADDR[1:0]$603
    11/37: $4$mem2reg_rd$\bytes$rtl/i2c_register_write.sv:83$561_DATA[7:0]$601
    12/37: $4$mem2reg_rd$\bytes$rtl/i2c_register_write.sv:83$561_ADDR[1:0]$600
    13/37: $3$mem2reg_rd$\bytes$rtl/i2c_register_write.sv:97$562_DATA[7:0]$590
    14/37: $3$mem2reg_rd$\bytes$rtl/i2c_register_write.sv:97$562_ADDR[1:0]$589
    15/37: $3$mem2reg_rd$\bytes$rtl/i2c_register_write.sv:83$561_DATA[7:0]$588
    16/37: $3$mem2reg_rd$\bytes$rtl/i2c_register_write.sv:83$561_ADDR[1:0]$587
    17/37: $2$mem2reg_rd$\bytes$rtl/i2c_register_write.sv:97$562_DATA[7:0]$586
    18/37: $2$mem2reg_rd$\bytes$rtl/i2c_register_write.sv:97$562_ADDR[1:0]$585
    19/37: $2$mem2reg_rd$\bytes$rtl/i2c_register_write.sv:83$561_DATA[7:0]$584
    20/37: $2$mem2reg_rd$\bytes$rtl/i2c_register_write.sv:83$561_ADDR[1:0]$583
    21/37: $0\watchdog[18:0]
    22/37: $0\done[0:0]
    23/37: $1$mem2reg_rd$\bytes$rtl/i2c_register_write.sv:97$562_DATA[7:0]$579
    24/37: $1$mem2reg_rd$\bytes$rtl/i2c_register_write.sv:97$562_ADDR[1:0]$578
    25/37: $1$mem2reg_rd$\bytes$rtl/i2c_register_write.sv:83$561_DATA[7:0]$577
    26/37: $1$mem2reg_rd$\bytes$rtl/i2c_register_write.sv:83$561_ADDR[1:0]$576
    27/37: $0\bytes[2][7:0]
    28/37: $0\bytes[1][7:0]
    29/37: $0\bytes[0][7:0]
    30/37: $0\bit_index[2:0]
    31/37: $0\byte_index[1:0]
    32/37: $0\count[7:0]
    33/37: $0\error[2:0]
    34/37: $0\busy[0:0]
    35/37: $0\state[3:0]
    36/37: $0\sda_low[0:0]
    37/37: $0\scl_low[0:0]
Creating decoders for process `$paramod$ca4b7a37322eebe282ffca1ddbda4aa8d3e4aedf\i2c_register_write.$proc$rtl/i2c_register_write.sv:38$570'.
     1/4: $0\sda_sync[0:0]
     2/4: $0\sda_meta[0:0]
     3/4: $0\scl_sync[0:0]
     4/4: $0\scl_meta[0:0]
Creating decoders for process `$paramod$683e8f5232cafaff99ac6963759532f7c096f897\pll_restart_control.$proc$rtl/pll_restart_control.sv:57$545'.
     1/6: $0\fault_history[2:0] [2]
     2/6: $0\fault_history[2:0] [1]
     3/6: $0\fault_history[2:0] [0]
     4/6: $0\lock_was_low[0:0]
     5/6: $0\state[1:0]
     6/6: $0\count[18:0]
Creating decoders for process `$paramod$683e8f5232cafaff99ac6963759532f7c096f897\pll_restart_control.$proc$rtl/pll_restart_control.sv:42$532'.
     1/6: $0\age[7:0]
     2/6: $0\last_hb[0:0]
     3/6: $0\period_last[7:0]
     4/6: $0\stable[0:0]
     5/6: $0\good[3:0]
     6/6: $0\seen_edge[0:0]
Creating decoders for process `$paramod$683e8f5232cafaff99ac6963759532f7c096f897\pll_restart_control.$proc$rtl/pll_restart_control.sv:38$531'.
     1/2: $0\lock_sync[1:0]
     2/2: $0\hb_sync[1:0]
Creating decoders for process `$paramod$683e8f5232cafaff99ac6963759532f7c096f897\pll_restart_control.$proc$rtl/pll_restart_control.sv:36$529'.
     1/1: $0\heartbeat[7:0]
Creating decoders for process `\video_clock_guard.$proc$rtl/video_clock_guard.sv:76$499'.
     1/1: $0\ready_sync[1:0]
Creating decoders for process `\video_clock_guard.$proc$rtl/video_clock_guard.sv:70$494'.
     1/1: $0\release_pipe[2:0]
Creating decoders for process `\video_clock_guard.$proc$rtl/video_clock_guard.sv:45$477'.
     1/5: $0\age[6:0]
     2/5: $0\heartbeat_last[0:0]
     3/5: $0\good[2:0]
     4/5: $0\healthy[0:0]
     5/5: $0\seen_edge[0:0]
Creating decoders for process `\video_clock_guard.$proc$rtl/video_clock_guard.sv:41$476'.
     1/1: $0\heartbeat_sync[1:0]
Creating decoders for process `\video_clock_guard.$proc$rtl/video_clock_guard.sv:37$474'.
     1/1: $0\prerequisites_sync[1:0]
Creating decoders for process `\video_clock_guard.$proc$rtl/video_clock_guard.sv:27$469'.
     1/1: $0\heartbeat_count[7:0]
Creating decoders for process `$paramod$4ef0cad1ef184161886a68c1ecb003c277dc66f2\stream_sync_frontend.$proc$rtl/stream_sync_frontend.sv:53$444'.
     1/21: $0\fault_history[2:0] [2]
     2/21: $0\fault_history[2:0] [1]
     3/21: $0\fault_history[2:0] [0]
     4/21: $0\vs_count[2:0]
     5/21: $0\rgb_out[23:0]
     6/21: $0\line_start[0:0]
     7/21: $0\sample_ce_out[0:0]
     8/21: $0\ce_seen[0:0]
     9/21: $0\previous_ce[0:0]
    10/21: $0\vs_delay[4:0]
    11/21: $0\v_age[20:0]
    12/21: $0\vs_pending[0:0]
    13/21: $0\v_locked[0:0]
    14/21: $0\have_vs[0:0]
    15/21: $0\vs_level[0:0]
    16/21: $0\h_good[1:0]
    17/21: $0\h_age[12:0]
    18/21: $0\h_locked[0:0]
    19/21: $0\have_hs[0:0]
    20/21: $0\previous_hs[0:0]
    21/21: $0\field_start[0:0]
Creating decoders for process `$paramod$4ef0cad1ef184161886a68c1ecb003c277dc66f2\stream_sync_frontend.$proc$rtl/stream_sync_frontend.sv:49$443'.
     1/1: $0\vs_sync[1:0]
Creating decoders for process `$paramod$09a1f5feb4da21d5e75bb9964def9f8e0dc5b598\video_core.$proc$rtl/video_core.sv:51$400'.
     1/13: $0\vs_n[0:0]
     2/13: $0\hs_n[0:0]
     3/13: $0\frame_start[0:0]
     4/13: $0\out_sol[0:0]
     5/13: $0\out_x[10:0]
     6/13: $0\x1[10:0]
     7/13: $0\sol1[0:0]
     8/13: $0\valid2[0:0]
     9/13: $0\valid1[0:0]
    10/13: $0\rgb2[23:0]
    11/13: $0\rgb1[23:0]
    12/13: $0\have_frame[0:0]
    13/13: $0\out_y[11:0]
Creating decoders for process `$paramod$09a1f5feb4da21d5e75bb9964def9f8e0dc5b598\video_core.$proc$rtl/video_core.sv:43$399'.
     1/1: $0\field_delayed[0:0]
Creating decoders for process `$paramod$a1d5b4e666128cdb38982dd69cf237f464b6f0a6\tvp7002_boot.$proc$rtl/tvp7002_boot.sv:91$391'.
     1/8: $0\start[0:0]
     2/8: $0\config_error[0:0]
     3/8: $0\config_done[0:0]
     4/8: $0\wait_count[19:0]
     5/8: $0\index[5:0]
     6/8: $0\state[2:0]
     7/8: $0\failed_register[7:0]
     8/8: $0\write_error[2:0]
Creating decoders for process `$paramod$a1d5b4e666128cdb38982dd69cf237f464b6f0a6\tvp7002_boot.$proc$rtl/tvp7002_boot.sv:38$380'.
     1/1: $1\entry[15:0]
Creating decoders for process `\adc_rgb_capture.$proc$rtl/adc_rgb_capture.sv:28$370'.
     1/6: $0\last_tag[0:0]
     2/6: $0\tag2[0:0]
     3/6: $0\tag1[0:0]
     4/6: $0\stage2[24:0]
     5/6: $0\stage1[24:0]
     6/6: $0\started[0:0]
Creating decoders for process `\adc_rgb_capture.$proc$rtl/adc_rgb_capture.sv:19$366'.
     1/2: $0\token[0:0]
     2/2: $0\captured[24:0]
Creating decoders for process `\adc_rgb_capture.$proc$rtl/adc_rgb_capture.sv:14$365'.
     1/1: $0\adc_release[2:0]
Creating decoders for process `\dac_output_stage.$proc$rtl/dac_output_stage.sv:13$358'.
Creating decoders for process `\dac_output_stage.$proc$rtl/dac_output_stage.sv:15$354'.
     1/4: $0\vs_n[0:0]
     2/4: $0\hs_n[0:0]
     3/4: $0\rgb[23:0]
     4/4: $0\blank_n[0:0]
Creating decoders for process `\configuration_reset.$proc$rtl/configuration_reset.sv:7$350'.
Creating decoders for process `\configuration_reset.$proc$rtl/configuration_reset.sv:9$348'.
Creating decoders for process `$paramod$635ffd3b6b6ac07a03fe233d1232025c9d32838c\amiga_logic_core.$proc$rtl/amiga_logic_core.sv:29$345'.
     1/1: $0\video_sync[1:0]

19.5.8. Executing PROC_DLATCH pass (convert process syncs to latches).
No latch inferred for signal `$paramod$a1d5b4e666128cdb38982dd69cf237f464b6f0a6\tvp7002_boot.\entry' from process `$paramod$a1d5b4e666128cdb38982dd69cf237f464b6f0a6\tvp7002_boot.$proc$rtl/tvp7002_boot.sv:38$380'.

19.5.9. Executing PROC_DFF pass (convert process syncs to FFs).
Creating register for signal `$paramod\line_double\H_SAMPLES=s32'00000000000000000000100000000000.\protocol_error' using process `$paramod\line_double\H_SAMPLES=s32'00000000000000000000100000000000.$proc$rtl/line_double.sv:50$690'.
  created $dff cell `$procdff$2567' with positive edge clock.
Creating register for signal `$paramod\line_double\H_SAMPLES=s32'00000000000000000000100000000000.\out_sol' using process `$paramod\line_double\H_SAMPLES=s32'00000000000000000000100000000000.$proc$rtl/line_double.sv:50$690'.
  created $dff cell `$procdff$2568' with positive edge clock.
Creating register for signal `$paramod\line_double\H_SAMPLES=s32'00000000000000000000100000000000.\out_x' using process `$paramod\line_double\H_SAMPLES=s32'00000000000000000000100000000000.$proc$rtl/line_double.sv:50$690'.
  created $dff cell `$procdff$2569' with positive edge clock.
Creating register for signal `$paramod\line_double\H_SAMPLES=s32'00000000000000000000100000000000.\started' using process `$paramod\line_double\H_SAMPLES=s32'00000000000000000000100000000000.$proc$rtl/line_double.sv:50$690'.
  created $dff cell `$procdff$2570' with positive edge clock.
Creating register for signal `$paramod\line_double\H_SAMPLES=s32'00000000000000000000100000000000.\pixel_valid' using process `$paramod\line_double\H_SAMPLES=s32'00000000000000000000100000000000.$proc$rtl/line_double.sv:50$690'.
  created $dff cell `$procdff$2571' with positive edge clock.
Creating register for signal `$paramod\line_double\H_SAMPLES=s32'00000000000000000000100000000000.\previous_ce' using process `$paramod\line_double\H_SAMPLES=s32'00000000000000000000100000000000.$proc$rtl/line_double.sv:50$690'.
  created $dff cell `$procdff$2572' with positive edge clock.
Creating register for signal `$paramod\line_double\H_SAMPLES=s32'00000000000000000000100000000000.\write_bank' using process `$paramod\line_double\H_SAMPLES=s32'00000000000000000000100000000000.$proc$rtl/line_double.sv:50$690'.
  created $dff cell `$procdff$2573' with positive edge clock.
Creating register for signal `$paramod\line_double\H_SAMPLES=s32'00000000000000000000100000000000.\read_bank' using process `$paramod\line_double\H_SAMPLES=s32'00000000000000000000100000000000.$proc$rtl/line_double.sv:50$690'.
  created $dff cell `$procdff$2574' with positive edge clock.
Creating register for signal `$paramod\line_double\H_SAMPLES=s32'00000000000000000000100000000000.\reading' using process `$paramod\line_double\H_SAMPLES=s32'00000000000000000000100000000000.$proc$rtl/line_double.sv:50$690'.
  created $dff cell `$procdff$2575' with positive edge clock.
Creating register for signal `$paramod\line_double\H_SAMPLES=s32'00000000000000000000100000000000.\written' using process `$paramod\line_double\H_SAMPLES=s32'00000000000000000000100000000000.$proc$rtl/line_double.sv:50$690'.
  created $dff cell `$procdff$2576' with positive edge clock.
Creating register for signal `$paramod\line_double\H_SAMPLES=s32'00000000000000000000100000000000.\read_x' using process `$paramod\line_double\H_SAMPLES=s32'00000000000000000000100000000000.$proc$rtl/line_double.sv:50$690'.
  created $dff cell `$procdff$2577' with positive edge clock.
Creating register for signal `$paramod\line_double\H_SAMPLES=s32'00000000000000000000100000000000.\elapsed' using process `$paramod\line_double\H_SAMPLES=s32'00000000000000000000100000000000.$proc$rtl/line_double.sv:50$690'.
  created $dff cell `$procdff$2578' with positive edge clock.
Creating register for signal `$paramod\line_double\H_SAMPLES=s32'00000000000000000000100000000000.\bank0_q' using process `$paramod\line_double\H_SAMPLES=s32'00000000000000000000100000000000.$proc$rtl/line_double.sv:37$670'.
  created $dff cell `$procdff$2579' with positive edge clock.
Creating register for signal `$paramod\line_double\H_SAMPLES=s32'00000000000000000000100000000000.\bank1_q' using process `$paramod\line_double\H_SAMPLES=s32'00000000000000000000100000000000.$proc$rtl/line_double.sv:37$670'.
  created $dff cell `$procdff$2580' with positive edge clock.
Creating register for signal `$paramod\line_double\H_SAMPLES=s32'00000000000000000000100000000000.$memwr$\bank0$rtl/line_double.sv:40$657_ADDR' using process `$paramod\line_double\H_SAMPLES=s32'00000000000000000000100000000000.$proc$rtl/line_double.sv:37$670'.
  created $dff cell `$procdff$2581' with positive edge clock.
Creating register for signal `$paramod\line_double\H_SAMPLES=s32'00000000000000000000100000000000.$memwr$\bank0$rtl/line_double.sv:40$657_DATA' using process `$paramod\line_double\H_SAMPLES=s32'00000000000000000000100000000000.$proc$rtl/line_double.sv:37$670'.
  created $dff cell `$procdff$2582' with positive edge clock.
Creating register for signal `$paramod\line_double\H_SAMPLES=s32'00000000000000000000100000000000.$memwr$\bank0$rtl/line_double.sv:40$657_EN' using process `$paramod\line_double\H_SAMPLES=s32'00000000000000000000100000000000.$proc$rtl/line_double.sv:37$670'.
  created $dff cell `$procdff$2583' with positive edge clock.
Creating register for signal `$paramod\line_double\H_SAMPLES=s32'00000000000000000000100000000000.$memwr$\bank1$rtl/line_double.sv:41$658_ADDR' using process `$paramod\line_double\H_SAMPLES=s32'00000000000000000000100000000000.$proc$rtl/line_double.sv:37$670'.
  created $dff cell `$procdff$2584' with positive edge clock.
Creating register for signal `$paramod\line_double\H_SAMPLES=s32'00000000000000000000100000000000.$memwr$\bank1$rtl/line_double.sv:41$658_DATA' using process `$paramod\line_double\H_SAMPLES=s32'00000000000000000000100000000000.$proc$rtl/line_double.sv:37$670'.
  created $dff cell `$procdff$2585' with positive edge clock.
Creating register for signal `$paramod\line_double\H_SAMPLES=s32'00000000000000000000100000000000.$memwr$\bank1$rtl/line_double.sv:41$658_EN' using process `$paramod\line_double\H_SAMPLES=s32'00000000000000000000100000000000.$proc$rtl/line_double.sv:37$670'.
  created $dff cell `$procdff$2586' with positive edge clock.
Creating register for signal `$paramod$7b2dfcee3d83e48a5c3011d349d1f430b35f1d98\field_sync.\vs_n' using process `$paramod$7b2dfcee3d83e48a5c3011d349d1f430b35f1d98\field_sync.$proc$rtl/field_sync.sv:19$651'.
  created $dff cell `$procdff$2587' with positive edge clock.
Creating register for signal `$paramod$7b2dfcee3d83e48a5c3011d349d1f430b35f1d98\field_sync.\frame_start' using process `$paramod$7b2dfcee3d83e48a5c3011d349d1f430b35f1d98\field_sync.$proc$rtl/field_sync.sv:19$651'.
  created $dff cell `$procdff$2588' with positive edge clock.
Creating register for signal `$paramod$7b2dfcee3d83e48a5c3011d349d1f430b35f1d98\field_sync.\delay_count' using process `$paramod$7b2dfcee3d83e48a5c3011d349d1f430b35f1d98\field_sync.$proc$rtl/field_sync.sv:19$651'.
  created $dff cell `$procdff$2589' with positive edge clock.
Creating register for signal `$paramod$7b2dfcee3d83e48a5c3011d349d1f430b35f1d98\field_sync.\delay_active' using process `$paramod$7b2dfcee3d83e48a5c3011d349d1f430b35f1d98\field_sync.$proc$rtl/field_sync.sv:19$651'.
  created $dff cell `$procdff$2590' with positive edge clock.
Creating register for signal `$paramod$7b2dfcee3d83e48a5c3011d349d1f430b35f1d98\field_sync.\pending' using process `$paramod$7b2dfcee3d83e48a5c3011d349d1f430b35f1d98\field_sync.$proc$rtl/field_sync.sv:19$651'.
  created $dff cell `$procdff$2591' with positive edge clock.
Creating register for signal `$paramod$7b2dfcee3d83e48a5c3011d349d1f430b35f1d98\field_sync.\remaining' using process `$paramod$7b2dfcee3d83e48a5c3011d349d1f430b35f1d98\field_sync.$proc$rtl/field_sync.sv:19$651'.
  created $dff cell `$procdff$2592' with positive edge clock.
Creating register for signal `$paramod$59e5d031c668cf41650225ca3253dc21d29dbc00\adc_power_sequence.\adc_reset_n' using process `$paramod$59e5d031c668cf41650225ca3253dc21d29dbc00\adc_power_sequence.$proc$rtl/adc_power_sequence.sv:35$640'.
  created $dff cell `$procdff$2593' with positive edge clock.
Creating register for signal `$paramod$59e5d031c668cf41650225ca3253dc21d29dbc00\adc_power_sequence.\adc_pwdn' using process `$paramod$59e5d031c668cf41650225ca3253dc21d29dbc00\adc_power_sequence.$proc$rtl/adc_power_sequence.sv:35$640'.
  created $dff cell `$procdff$2594' with positive edge clock.
Creating register for signal `$paramod$59e5d031c668cf41650225ca3253dc21d29dbc00\adc_power_sequence.\fault' using process `$paramod$59e5d031c668cf41650225ca3253dc21d29dbc00\adc_power_sequence.$proc$rtl/adc_power_sequence.sv:35$640'.
  created $dff cell `$procdff$2595' with positive edge clock.
Creating register for signal `$paramod$59e5d031c668cf41650225ca3253dc21d29dbc00\adc_power_sequence.\state' using process `$paramod$59e5d031c668cf41650225ca3253dc21d29dbc00\adc_power_sequence.$proc$rtl/adc_power_sequence.sv:35$640'.
  created $dff cell `$procdff$2596' with positive edge clock.
Creating register for signal `$paramod$59e5d031c668cf41650225ca3253dc21d29dbc00\adc_power_sequence.\config_allowed' using process `$paramod$59e5d031c668cf41650225ca3253dc21d29dbc00\adc_power_sequence.$proc$rtl/adc_power_sequence.sv:35$640'.
  created $dff cell `$procdff$2597' with positive edge clock.
Creating register for signal `$paramod$59e5d031c668cf41650225ca3253dc21d29dbc00\adc_power_sequence.\count' using process `$paramod$59e5d031c668cf41650225ca3253dc21d29dbc00\adc_power_sequence.$proc$rtl/adc_power_sequence.sv:35$640'.
  created $dff cell `$procdff$2598' with positive edge clock.
Creating register for signal `$paramod$59e5d031c668cf41650225ca3253dc21d29dbc00\adc_power_sequence.\pg_meta' using process `$paramod$59e5d031c668cf41650225ca3253dc21d29dbc00\adc_power_sequence.$proc$rtl/adc_power_sequence.sv:31$639'.
  created $dff cell `$procdff$2599' with positive edge clock.
Creating register for signal `$paramod$59e5d031c668cf41650225ca3253dc21d29dbc00\adc_power_sequence.\pg_sync' using process `$paramod$59e5d031c668cf41650225ca3253dc21d29dbc00\adc_power_sequence.$proc$rtl/adc_power_sequence.sv:31$639'.
  created $dff cell `$procdff$2600' with positive edge clock.
Creating register for signal `$paramod$ca4b7a37322eebe282ffca1ddbda4aa8d3e4aedf\i2c_register_write.\scl_low' using process `$paramod$ca4b7a37322eebe282ffca1ddbda4aa8d3e4aedf\i2c_register_write.$proc$rtl/i2c_register_write.sv:46$571'.
  created $dff cell `$procdff$2601' with positive edge clock.
Creating register for signal `$paramod$ca4b7a37322eebe282ffca1ddbda4aa8d3e4aedf\i2c_register_write.\sda_low' using process `$paramod$ca4b7a37322eebe282ffca1ddbda4aa8d3e4aedf\i2c_register_write.$proc$rtl/i2c_register_write.sv:46$571'.
  created $dff cell `$procdff$2602' with positive edge clock.
Creating register for signal `$paramod$ca4b7a37322eebe282ffca1ddbda4aa8d3e4aedf\i2c_register_write.\state' using process `$paramod$ca4b7a37322eebe282ffca1ddbda4aa8d3e4aedf\i2c_register_write.$proc$rtl/i2c_register_write.sv:46$571'.
  created $dff cell `$procdff$2603' with positive edge clock.
Creating register for signal `$paramod$ca4b7a37322eebe282ffca1ddbda4aa8d3e4aedf\i2c_register_write.\busy' using process `$paramod$ca4b7a37322eebe282ffca1ddbda4aa8d3e4aedf\i2c_register_write.$proc$rtl/i2c_register_write.sv:46$571'.
  created $dff cell `$procdff$2604' with positive edge clock.
Creating register for signal `$paramod$ca4b7a37322eebe282ffca1ddbda4aa8d3e4aedf\i2c_register_write.\done' using process `$paramod$ca4b7a37322eebe282ffca1ddbda4aa8d3e4aedf\i2c_register_write.$proc$rtl/i2c_register_write.sv:46$571'.
  created $dff cell `$procdff$2605' with positive edge clock.
Creating register for signal `$paramod$ca4b7a37322eebe282ffca1ddbda4aa8d3e4aedf\i2c_register_write.\error' using process `$paramod$ca4b7a37322eebe282ffca1ddbda4aa8d3e4aedf\i2c_register_write.$proc$rtl/i2c_register_write.sv:46$571'.
  created $dff cell `$procdff$2606' with positive edge clock.
Creating register for signal `$paramod$ca4b7a37322eebe282ffca1ddbda4aa8d3e4aedf\i2c_register_write.\count' using process `$paramod$ca4b7a37322eebe282ffca1ddbda4aa8d3e4aedf\i2c_register_write.$proc$rtl/i2c_register_write.sv:46$571'.
  created $dff cell `$procdff$2607' with positive edge clock.
Creating register for signal `$paramod$ca4b7a37322eebe282ffca1ddbda4aa8d3e4aedf\i2c_register_write.\byte_index' using process `$paramod$ca4b7a37322eebe282ffca1ddbda4aa8d3e4aedf\i2c_register_write.$proc$rtl/i2c_register_write.sv:46$571'.
  created $dff cell `$procdff$2608' with positive edge clock.
Creating register for signal `$paramod$ca4b7a37322eebe282ffca1ddbda4aa8d3e4aedf\i2c_register_write.\bit_index' using process `$paramod$ca4b7a37322eebe282ffca1ddbda4aa8d3e4aedf\i2c_register_write.$proc$rtl/i2c_register_write.sv:46$571'.
  created $dff cell `$procdff$2609' with positive edge clock.
Creating register for signal `$paramod$ca4b7a37322eebe282ffca1ddbda4aa8d3e4aedf\i2c_register_write.\watchdog' using process `$paramod$ca4b7a37322eebe282ffca1ddbda4aa8d3e4aedf\i2c_register_write.$proc$rtl/i2c_register_write.sv:46$571'.
  created $dff cell `$procdff$2610' with positive edge clock.
Creating register for signal `$paramod$ca4b7a37322eebe282ffca1ddbda4aa8d3e4aedf\i2c_register_write.\bytes[0]' using process `$paramod$ca4b7a37322eebe282ffca1ddbda4aa8d3e4aedf\i2c_register_write.$proc$rtl/i2c_register_write.sv:46$571'.
  created $dff cell `$procdff$2611' with positive edge clock.
Creating register for signal `$paramod$ca4b7a37322eebe282ffca1ddbda4aa8d3e4aedf\i2c_register_write.\bytes[1]' using process `$paramod$ca4b7a37322eebe282ffca1ddbda4aa8d3e4aedf\i2c_register_write.$proc$rtl/i2c_register_write.sv:46$571'.
  created $dff cell `$procdff$2612' with positive edge clock.
Creating register for signal `$paramod$ca4b7a37322eebe282ffca1ddbda4aa8d3e4aedf\i2c_register_write.\bytes[2]' using process `$paramod$ca4b7a37322eebe282ffca1ddbda4aa8d3e4aedf\i2c_register_write.$proc$rtl/i2c_register_write.sv:46$571'.
  created $dff cell `$procdff$2613' with positive edge clock.
Creating register for signal `$paramod$ca4b7a37322eebe282ffca1ddbda4aa8d3e4aedf\i2c_register_write.$mem2reg_rd$\bytes$rtl/i2c_register_write.sv:83$561_ADDR' using process `$paramod$ca4b7a37322eebe282ffca1ddbda4aa8d3e4aedf\i2c_register_write.$proc$rtl/i2c_register_write.sv:46$571'.
  created $dff cell `$procdff$2614' with positive edge clock.
Creating register for signal `$paramod$ca4b7a37322eebe282ffca1ddbda4aa8d3e4aedf\i2c_register_write.$mem2reg_rd$\bytes$rtl/i2c_register_write.sv:83$561_DATA' using process `$paramod$ca4b7a37322eebe282ffca1ddbda4aa8d3e4aedf\i2c_register_write.$proc$rtl/i2c_register_write.sv:46$571'.
  created $dff cell `$procdff$2615' with positive edge clock.
Creating register for signal `$paramod$ca4b7a37322eebe282ffca1ddbda4aa8d3e4aedf\i2c_register_write.$mem2reg_rd$\bytes$rtl/i2c_register_write.sv:97$562_ADDR' using process `$paramod$ca4b7a37322eebe282ffca1ddbda4aa8d3e4aedf\i2c_register_write.$proc$rtl/i2c_register_write.sv:46$571'.
  created $dff cell `$procdff$2616' with positive edge clock.
Creating register for signal `$paramod$ca4b7a37322eebe282ffca1ddbda4aa8d3e4aedf\i2c_register_write.$mem2reg_rd$\bytes$rtl/i2c_register_write.sv:97$562_DATA' using process `$paramod$ca4b7a37322eebe282ffca1ddbda4aa8d3e4aedf\i2c_register_write.$proc$rtl/i2c_register_write.sv:46$571'.
  created $dff cell `$procdff$2617' with positive edge clock.
Creating register for signal `$paramod$ca4b7a37322eebe282ffca1ddbda4aa8d3e4aedf\i2c_register_write.\scl_meta' using process `$paramod$ca4b7a37322eebe282ffca1ddbda4aa8d3e4aedf\i2c_register_write.$proc$rtl/i2c_register_write.sv:38$570'.
  created $dff cell `$procdff$2618' with positive edge clock.
Creating register for signal `$paramod$ca4b7a37322eebe282ffca1ddbda4aa8d3e4aedf\i2c_register_write.\scl_sync' using process `$paramod$ca4b7a37322eebe282ffca1ddbda4aa8d3e4aedf\i2c_register_write.$proc$rtl/i2c_register_write.sv:38$570'.
  created $dff cell `$procdff$2619' with positive edge clock.
Creating register for signal `$paramod$ca4b7a37322eebe282ffca1ddbda4aa8d3e4aedf\i2c_register_write.\sda_meta' using process `$paramod$ca4b7a37322eebe282ffca1ddbda4aa8d3e4aedf\i2c_register_write.$proc$rtl/i2c_register_write.sv:38$570'.
  created $dff cell `$procdff$2620' with positive edge clock.
Creating register for signal `$paramod$ca4b7a37322eebe282ffca1ddbda4aa8d3e4aedf\i2c_register_write.\sda_sync' using process `$paramod$ca4b7a37322eebe282ffca1ddbda4aa8d3e4aedf\i2c_register_write.$proc$rtl/i2c_register_write.sv:38$570'.
  created $dff cell `$procdff$2621' with positive edge clock.
Creating register for signal `$paramod$683e8f5232cafaff99ac6963759532f7c096f897\pll_restart_control.\fault_history' using process `$paramod$683e8f5232cafaff99ac6963759532f7c096f897\pll_restart_control.$proc$rtl/pll_restart_control.sv:57$545'.
  created $dff cell `$procdff$2622' with positive edge clock.
Creating register for signal `$paramod$683e8f5232cafaff99ac6963759532f7c096f897\pll_restart_control.\state' using process `$paramod$683e8f5232cafaff99ac6963759532f7c096f897\pll_restart_control.$proc$rtl/pll_restart_control.sv:57$545'.
  created $dff cell `$procdff$2623' with positive edge clock.
Creating register for signal `$paramod$683e8f5232cafaff99ac6963759532f7c096f897\pll_restart_control.\lock_was_low' using process `$paramod$683e8f5232cafaff99ac6963759532f7c096f897\pll_restart_control.$proc$rtl/pll_restart_control.sv:57$545'.
  created $dff cell `$procdff$2624' with positive edge clock.
Creating register for signal `$paramod$683e8f5232cafaff99ac6963759532f7c096f897\pll_restart_control.\count' using process `$paramod$683e8f5232cafaff99ac6963759532f7c096f897\pll_restart_control.$proc$rtl/pll_restart_control.sv:57$545'.
  created $dff cell `$procdff$2625' with positive edge clock.
Creating register for signal `$paramod$683e8f5232cafaff99ac6963759532f7c096f897\pll_restart_control.\seen_edge' using process `$paramod$683e8f5232cafaff99ac6963759532f7c096f897\pll_restart_control.$proc$rtl/pll_restart_control.sv:42$532'.
  created $dff cell `$procdff$2626' with positive edge clock.
Creating register for signal `$paramod$683e8f5232cafaff99ac6963759532f7c096f897\pll_restart_control.\age' using process `$paramod$683e8f5232cafaff99ac6963759532f7c096f897\pll_restart_control.$proc$rtl/pll_restart_control.sv:42$532'.
  created $dff cell `$procdff$2627' with positive edge clock.
Creating register for signal `$paramod$683e8f5232cafaff99ac6963759532f7c096f897\pll_restart_control.\good' using process `$paramod$683e8f5232cafaff99ac6963759532f7c096f897\pll_restart_control.$proc$rtl/pll_restart_control.sv:42$532'.
  created $dff cell `$procdff$2628' with positive edge clock.
Creating register for signal `$paramod$683e8f5232cafaff99ac6963759532f7c096f897\pll_restart_control.\last_hb' using process `$paramod$683e8f5232cafaff99ac6963759532f7c096f897\pll_restart_control.$proc$rtl/pll_restart_control.sv:42$532'.
  created $dff cell `$procdff$2629' with positive edge clock.
Creating register for signal `$paramod$683e8f5232cafaff99ac6963759532f7c096f897\pll_restart_control.\stable' using process `$paramod$683e8f5232cafaff99ac6963759532f7c096f897\pll_restart_control.$proc$rtl/pll_restart_control.sv:42$532'.
  created $dff cell `$procdff$2630' with positive edge clock.
Creating register for signal `$paramod$683e8f5232cafaff99ac6963759532f7c096f897\pll_restart_control.\period_last' using process `$paramod$683e8f5232cafaff99ac6963759532f7c096f897\pll_restart_control.$proc$rtl/pll_restart_control.sv:42$532'.
  created $dff cell `$procdff$2631' with positive edge clock.
Creating register for signal `$paramod$683e8f5232cafaff99ac6963759532f7c096f897\pll_restart_control.\hb_sync' using process `$paramod$683e8f5232cafaff99ac6963759532f7c096f897\pll_restart_control.$proc$rtl/pll_restart_control.sv:38$531'.
  created $dff cell `$procdff$2632' with positive edge clock.
Creating register for signal `$paramod$683e8f5232cafaff99ac6963759532f7c096f897\pll_restart_control.\lock_sync' using process `$paramod$683e8f5232cafaff99ac6963759532f7c096f897\pll_restart_control.$proc$rtl/pll_restart_control.sv:38$531'.
  created $dff cell `$procdff$2633' with positive edge clock.
Creating register for signal `$paramod$683e8f5232cafaff99ac6963759532f7c096f897\pll_restart_control.\heartbeat' using process `$paramod$683e8f5232cafaff99ac6963759532f7c096f897\pll_restart_control.$proc$rtl/pll_restart_control.sv:36$529'.
  created $adff cell `$procdff$2636' with positive edge clock and positive level reset.
Creating register for signal `\video_clock_guard.\ready_sync' using process `\video_clock_guard.$proc$rtl/video_clock_guard.sv:76$499'.
  created $adff cell `$procdff$2641' with positive edge clock and positive level reset.
Creating register for signal `\video_clock_guard.\release_pipe' using process `\video_clock_guard.$proc$rtl/video_clock_guard.sv:70$494'.
  created $adff cell `$procdff$2646' with positive edge clock and positive level reset.
Creating register for signal `\video_clock_guard.\heartbeat_last' using process `\video_clock_guard.$proc$rtl/video_clock_guard.sv:45$477'.
  created $adff cell `$procdff$2651' with positive edge clock and positive level reset.
Creating register for signal `\video_clock_guard.\seen_edge' using process `\video_clock_guard.$proc$rtl/video_clock_guard.sv:45$477'.
  created $adff cell `$procdff$2656' with positive edge clock and positive level reset.
Creating register for signal `\video_clock_guard.\healthy' using process `\video_clock_guard.$proc$rtl/video_clock_guard.sv:45$477'.
  created $adff cell `$procdff$2661' with positive edge clock and positive level reset.
Creating register for signal `\video_clock_guard.\age' using process `\video_clock_guard.$proc$rtl/video_clock_guard.sv:45$477'.
  created $adff cell `$procdff$2666' with positive edge clock and positive level reset.
Creating register for signal `\video_clock_guard.\good' using process `\video_clock_guard.$proc$rtl/video_clock_guard.sv:45$477'.
  created $adff cell `$procdff$2671' with positive edge clock and positive level reset.
Creating register for signal `\video_clock_guard.\heartbeat_sync' using process `\video_clock_guard.$proc$rtl/video_clock_guard.sv:41$476'.
  created $adff cell `$procdff$2674' with positive edge clock and positive level reset.
Creating register for signal `\video_clock_guard.\prerequisites_sync' using process `\video_clock_guard.$proc$rtl/video_clock_guard.sv:37$474'.
  created $adff cell `$procdff$2679' with positive edge clock and positive level reset.
Creating register for signal `\video_clock_guard.\heartbeat_count' using process `\video_clock_guard.$proc$rtl/video_clock_guard.sv:27$469'.
  created $adff cell `$procdff$2682' with positive edge clock and positive level reset.
Creating register for signal `$paramod$4ef0cad1ef184161886a68c1ecb003c277dc66f2\stream_sync_frontend.\fault_history' using process `$paramod$4ef0cad1ef184161886a68c1ecb003c277dc66f2\stream_sync_frontend.$proc$rtl/stream_sync_frontend.sv:53$444'.
  created $dff cell `$procdff$2683' with positive edge clock.
Creating register for signal `$paramod$4ef0cad1ef184161886a68c1ecb003c277dc66f2\stream_sync_frontend.\sample_ce_out' using process `$paramod$4ef0cad1ef184161886a68c1ecb003c277dc66f2\stream_sync_frontend.$proc$rtl/stream_sync_frontend.sv:53$444'.
  created $dff cell `$procdff$2684' with positive edge clock.
Creating register for signal `$paramod$4ef0cad1ef184161886a68c1ecb003c277dc66f2\stream_sync_frontend.\line_start' using process `$paramod$4ef0cad1ef184161886a68c1ecb003c277dc66f2\stream_sync_frontend.$proc$rtl/stream_sync_frontend.sv:53$444'.
  created $dff cell `$procdff$2685' with positive edge clock.
Creating register for signal `$paramod$4ef0cad1ef184161886a68c1ecb003c277dc66f2\stream_sync_frontend.\field_start' using process `$paramod$4ef0cad1ef184161886a68c1ecb003c277dc66f2\stream_sync_frontend.$proc$rtl/stream_sync_frontend.sv:53$444'.
  created $dff cell `$procdff$2686' with positive edge clock.
Creating register for signal `$paramod$4ef0cad1ef184161886a68c1ecb003c277dc66f2\stream_sync_frontend.\rgb_out' using process `$paramod$4ef0cad1ef184161886a68c1ecb003c277dc66f2\stream_sync_frontend.$proc$rtl/stream_sync_frontend.sv:53$444'.
  created $dff cell `$procdff$2687' with positive edge clock.
Creating register for signal `$paramod$4ef0cad1ef184161886a68c1ecb003c277dc66f2\stream_sync_frontend.\previous_ce' using process `$paramod$4ef0cad1ef184161886a68c1ecb003c277dc66f2\stream_sync_frontend.$proc$rtl/stream_sync_frontend.sv:53$444'.
  created $dff cell `$procdff$2688' with positive edge clock.
Creating register for signal `$paramod$4ef0cad1ef184161886a68c1ecb003c277dc66f2\stream_sync_frontend.\ce_seen' using process `$paramod$4ef0cad1ef184161886a68c1ecb003c277dc66f2\stream_sync_frontend.$proc$rtl/stream_sync_frontend.sv:53$444'.
  created $dff cell `$procdff$2689' with positive edge clock.
Creating register for signal `$paramod$4ef0cad1ef184161886a68c1ecb003c277dc66f2\stream_sync_frontend.\previous_hs' using process `$paramod$4ef0cad1ef184161886a68c1ecb003c277dc66f2\stream_sync_frontend.$proc$rtl/stream_sync_frontend.sv:53$444'.
  created $dff cell `$procdff$2690' with positive edge clock.
Creating register for signal `$paramod$4ef0cad1ef184161886a68c1ecb003c277dc66f2\stream_sync_frontend.\have_hs' using process `$paramod$4ef0cad1ef184161886a68c1ecb003c277dc66f2\stream_sync_frontend.$proc$rtl/stream_sync_frontend.sv:53$444'.
  created $dff cell `$procdff$2691' with positive edge clock.
Creating register for signal `$paramod$4ef0cad1ef184161886a68c1ecb003c277dc66f2\stream_sync_frontend.\h_locked' using process `$paramod$4ef0cad1ef184161886a68c1ecb003c277dc66f2\stream_sync_frontend.$proc$rtl/stream_sync_frontend.sv:53$444'.
  created $dff cell `$procdff$2692' with positive edge clock.
Creating register for signal `$paramod$4ef0cad1ef184161886a68c1ecb003c277dc66f2\stream_sync_frontend.\h_age' using process `$paramod$4ef0cad1ef184161886a68c1ecb003c277dc66f2\stream_sync_frontend.$proc$rtl/stream_sync_frontend.sv:53$444'.
  created $dff cell `$procdff$2693' with positive edge clock.
Creating register for signal `$paramod$4ef0cad1ef184161886a68c1ecb003c277dc66f2\stream_sync_frontend.\h_good' using process `$paramod$4ef0cad1ef184161886a68c1ecb003c277dc66f2\stream_sync_frontend.$proc$rtl/stream_sync_frontend.sv:53$444'.
  created $dff cell `$procdff$2694' with positive edge clock.
Creating register for signal `$paramod$4ef0cad1ef184161886a68c1ecb003c277dc66f2\stream_sync_frontend.\vs_level' using process `$paramod$4ef0cad1ef184161886a68c1ecb003c277dc66f2\stream_sync_frontend.$proc$rtl/stream_sync_frontend.sv:53$444'.
  created $dff cell `$procdff$2695' with positive edge clock.
Creating register for signal `$paramod$4ef0cad1ef184161886a68c1ecb003c277dc66f2\stream_sync_frontend.\have_vs' using process `$paramod$4ef0cad1ef184161886a68c1ecb003c277dc66f2\stream_sync_frontend.$proc$rtl/stream_sync_frontend.sv:53$444'.
  created $dff cell `$procdff$2696' with positive edge clock.
Creating register for signal `$paramod$4ef0cad1ef184161886a68c1ecb003c277dc66f2\stream_sync_frontend.\v_locked' using process `$paramod$4ef0cad1ef184161886a68c1ecb003c277dc66f2\stream_sync_frontend.$proc$rtl/stream_sync_frontend.sv:53$444'.
  created $dff cell `$procdff$2697' with positive edge clock.
Creating register for signal `$paramod$4ef0cad1ef184161886a68c1ecb003c277dc66f2\stream_sync_frontend.\vs_pending' using process `$paramod$4ef0cad1ef184161886a68c1ecb003c277dc66f2\stream_sync_frontend.$proc$rtl/stream_sync_frontend.sv:53$444'.
  created $dff cell `$procdff$2698' with positive edge clock.
Creating register for signal `$paramod$4ef0cad1ef184161886a68c1ecb003c277dc66f2\stream_sync_frontend.\vs_count' using process `$paramod$4ef0cad1ef184161886a68c1ecb003c277dc66f2\stream_sync_frontend.$proc$rtl/stream_sync_frontend.sv:53$444'.
  created $dff cell `$procdff$2699' with positive edge clock.
Creating register for signal `$paramod$4ef0cad1ef184161886a68c1ecb003c277dc66f2\stream_sync_frontend.\v_age' using process `$paramod$4ef0cad1ef184161886a68c1ecb003c277dc66f2\stream_sync_frontend.$proc$rtl/stream_sync_frontend.sv:53$444'.
  created $dff cell `$procdff$2700' with positive edge clock.
Creating register for signal `$paramod$4ef0cad1ef184161886a68c1ecb003c277dc66f2\stream_sync_frontend.\vs_delay' using process `$paramod$4ef0cad1ef184161886a68c1ecb003c277dc66f2\stream_sync_frontend.$proc$rtl/stream_sync_frontend.sv:53$444'.
  created $dff cell `$procdff$2701' with positive edge clock.
Creating register for signal `$paramod$4ef0cad1ef184161886a68c1ecb003c277dc66f2\stream_sync_frontend.\vs_sync' using process `$paramod$4ef0cad1ef184161886a68c1ecb003c277dc66f2\stream_sync_frontend.$proc$rtl/stream_sync_frontend.sv:49$443'.
  created $dff cell `$procdff$2702' with positive edge clock.
Creating register for signal `$paramod$09a1f5feb4da21d5e75bb9964def9f8e0dc5b598\video_core.\hs_n' using process `$paramod$09a1f5feb4da21d5e75bb9964def9f8e0dc5b598\video_core.$proc$rtl/video_core.sv:51$400'.
  created $dff cell `$procdff$2703' with positive edge clock.
Creating register for signal `$paramod$09a1f5feb4da21d5e75bb9964def9f8e0dc5b598\video_core.\vs_n' using process `$paramod$09a1f5feb4da21d5e75bb9964def9f8e0dc5b598\video_core.$proc$rtl/video_core.sv:51$400'.
  created $dff cell `$procdff$2704' with positive edge clock.
Creating register for signal `$paramod$09a1f5feb4da21d5e75bb9964def9f8e0dc5b598\video_core.\out_sol' using process `$paramod$09a1f5feb4da21d5e75bb9964def9f8e0dc5b598\video_core.$proc$rtl/video_core.sv:51$400'.
  created $dff cell `$procdff$2705' with positive edge clock.
Creating register for signal `$paramod$09a1f5feb4da21d5e75bb9964def9f8e0dc5b598\video_core.\frame_start' using process `$paramod$09a1f5feb4da21d5e75bb9964def9f8e0dc5b598\video_core.$proc$rtl/video_core.sv:51$400'.
  created $dff cell `$procdff$2706' with positive edge clock.
Creating register for signal `$paramod$09a1f5feb4da21d5e75bb9964def9f8e0dc5b598\video_core.\out_x' using process `$paramod$09a1f5feb4da21d5e75bb9964def9f8e0dc5b598\video_core.$proc$rtl/video_core.sv:51$400'.
  created $dff cell `$procdff$2707' with positive edge clock.
Creating register for signal `$paramod$09a1f5feb4da21d5e75bb9964def9f8e0dc5b598\video_core.\out_y' using process `$paramod$09a1f5feb4da21d5e75bb9964def9f8e0dc5b598\video_core.$proc$rtl/video_core.sv:51$400'.
  created $dff cell `$procdff$2708' with positive edge clock.
Creating register for signal `$paramod$09a1f5feb4da21d5e75bb9964def9f8e0dc5b598\video_core.\rgb1' using process `$paramod$09a1f5feb4da21d5e75bb9964def9f8e0dc5b598\video_core.$proc$rtl/video_core.sv:51$400'.
  created $dff cell `$procdff$2709' with positive edge clock.
Creating register for signal `$paramod$09a1f5feb4da21d5e75bb9964def9f8e0dc5b598\video_core.\rgb2' using process `$paramod$09a1f5feb4da21d5e75bb9964def9f8e0dc5b598\video_core.$proc$rtl/video_core.sv:51$400'.
  created $dff cell `$procdff$2710' with positive edge clock.
Creating register for signal `$paramod$09a1f5feb4da21d5e75bb9964def9f8e0dc5b598\video_core.\valid1' using process `$paramod$09a1f5feb4da21d5e75bb9964def9f8e0dc5b598\video_core.$proc$rtl/video_core.sv:51$400'.
  created $dff cell `$procdff$2711' with positive edge clock.
Creating register for signal `$paramod$09a1f5feb4da21d5e75bb9964def9f8e0dc5b598\video_core.\valid2' using process `$paramod$09a1f5feb4da21d5e75bb9964def9f8e0dc5b598\video_core.$proc$rtl/video_core.sv:51$400'.
  created $dff cell `$procdff$2712' with positive edge clock.
Creating register for signal `$paramod$09a1f5feb4da21d5e75bb9964def9f8e0dc5b598\video_core.\sol1' using process `$paramod$09a1f5feb4da21d5e75bb9964def9f8e0dc5b598\video_core.$proc$rtl/video_core.sv:51$400'.
  created $dff cell `$procdff$2713' with positive edge clock.
Creating register for signal `$paramod$09a1f5feb4da21d5e75bb9964def9f8e0dc5b598\video_core.\have_frame' using process `$paramod$09a1f5feb4da21d5e75bb9964def9f8e0dc5b598\video_core.$proc$rtl/video_core.sv:51$400'.
  created $dff cell `$procdff$2714' with positive edge clock.
Creating register for signal `$paramod$09a1f5feb4da21d5e75bb9964def9f8e0dc5b598\video_core.\x1' using process `$paramod$09a1f5feb4da21d5e75bb9964def9f8e0dc5b598\video_core.$proc$rtl/video_core.sv:51$400'.
  created $dff cell `$procdff$2715' with positive edge clock.
Creating register for signal `$paramod$09a1f5feb4da21d5e75bb9964def9f8e0dc5b598\video_core.\field_delayed' using process `$paramod$09a1f5feb4da21d5e75bb9964def9f8e0dc5b598\video_core.$proc$rtl/video_core.sv:43$399'.
  created $dff cell `$procdff$2716' with positive edge clock.
Creating register for signal `$paramod$a1d5b4e666128cdb38982dd69cf237f464b6f0a6\tvp7002_boot.\write_error' using process `$paramod$a1d5b4e666128cdb38982dd69cf237f464b6f0a6\tvp7002_boot.$proc$rtl/tvp7002_boot.sv:91$391'.
  created $dff cell `$procdff$2717' with positive edge clock.
Creating register for signal `$paramod$a1d5b4e666128cdb38982dd69cf237f464b6f0a6\tvp7002_boot.\failed_register' using process `$paramod$a1d5b4e666128cdb38982dd69cf237f464b6f0a6\tvp7002_boot.$proc$rtl/tvp7002_boot.sv:91$391'.
  created $dff cell `$procdff$2718' with positive edge clock.
Creating register for signal `$paramod$a1d5b4e666128cdb38982dd69cf237f464b6f0a6\tvp7002_boot.\state' using process `$paramod$a1d5b4e666128cdb38982dd69cf237f464b6f0a6\tvp7002_boot.$proc$rtl/tvp7002_boot.sv:91$391'.
  created $dff cell `$procdff$2719' with positive edge clock.
Creating register for signal `$paramod$a1d5b4e666128cdb38982dd69cf237f464b6f0a6\tvp7002_boot.\index' using process `$paramod$a1d5b4e666128cdb38982dd69cf237f464b6f0a6\tvp7002_boot.$proc$rtl/tvp7002_boot.sv:91$391'.
  created $dff cell `$procdff$2720' with positive edge clock.
Creating register for signal `$paramod$a1d5b4e666128cdb38982dd69cf237f464b6f0a6\tvp7002_boot.\wait_count' using process `$paramod$a1d5b4e666128cdb38982dd69cf237f464b6f0a6\tvp7002_boot.$proc$rtl/tvp7002_boot.sv:91$391'.
  created $dff cell `$procdff$2721' with positive edge clock.
Creating register for signal `$paramod$a1d5b4e666128cdb38982dd69cf237f464b6f0a6\tvp7002_boot.\start' using process `$paramod$a1d5b4e666128cdb38982dd69cf237f464b6f0a6\tvp7002_boot.$proc$rtl/tvp7002_boot.sv:91$391'.
  created $dff cell `$procdff$2722' with positive edge clock.
Creating register for signal `$paramod$a1d5b4e666128cdb38982dd69cf237f464b6f0a6\tvp7002_boot.\config_done' using process `$paramod$a1d5b4e666128cdb38982dd69cf237f464b6f0a6\tvp7002_boot.$proc$rtl/tvp7002_boot.sv:91$391'.
  created $dff cell `$procdff$2723' with positive edge clock.
Creating register for signal `$paramod$a1d5b4e666128cdb38982dd69cf237f464b6f0a6\tvp7002_boot.\config_error' using process `$paramod$a1d5b4e666128cdb38982dd69cf237f464b6f0a6\tvp7002_boot.$proc$rtl/tvp7002_boot.sv:91$391'.
  created $dff cell `$procdff$2724' with positive edge clock.
Creating register for signal `\adc_rgb_capture.\stage1' using process `\adc_rgb_capture.$proc$rtl/adc_rgb_capture.sv:28$370'.
  created $adff cell `$procdff$2727' with positive edge clock and positive level reset.
Creating register for signal `\adc_rgb_capture.\stage2' using process `\adc_rgb_capture.$proc$rtl/adc_rgb_capture.sv:28$370'.
  created $adff cell `$procdff$2730' with positive edge clock and positive level reset.
Creating register for signal `\adc_rgb_capture.\tag1' using process `\adc_rgb_capture.$proc$rtl/adc_rgb_capture.sv:28$370'.
  created $adff cell `$procdff$2733' with positive edge clock and positive level reset.
Creating register for signal `\adc_rgb_capture.\tag2' using process `\adc_rgb_capture.$proc$rtl/adc_rgb_capture.sv:28$370'.
  created $adff cell `$procdff$2736' with positive edge clock and positive level reset.
Creating register for signal `\adc_rgb_capture.\last_tag' using process `\adc_rgb_capture.$proc$rtl/adc_rgb_capture.sv:28$370'.
  created $adff cell `$procdff$2739' with positive edge clock and positive level reset.
Creating register for signal `\adc_rgb_capture.\started' using process `\adc_rgb_capture.$proc$rtl/adc_rgb_capture.sv:28$370'.
  created $adff cell `$procdff$2742' with positive edge clock and positive level reset.
Creating register for signal `\adc_rgb_capture.\captured' using process `\adc_rgb_capture.$proc$rtl/adc_rgb_capture.sv:19$366'.
  created $adff cell `$procdff$2745' with negative edge clock and positive level reset.
Creating register for signal `\adc_rgb_capture.\token' using process `\adc_rgb_capture.$proc$rtl/adc_rgb_capture.sv:19$366'.
  created $adff cell `$procdff$2748' with negative edge clock and positive level reset.
Creating register for signal `\adc_rgb_capture.\adc_release' using process `\adc_rgb_capture.$proc$rtl/adc_rgb_capture.sv:14$365'.
  created $adff cell `$procdff$2751' with negative edge clock and positive level reset.
Creating register for signal `\dac_output_stage.\rgb' using process `\dac_output_stage.$proc$rtl/dac_output_stage.sv:15$354'.
  created $adff cell `$procdff$2754' with positive edge clock and positive level reset.
Creating register for signal `\dac_output_stage.\blank_n' using process `\dac_output_stage.$proc$rtl/dac_output_stage.sv:15$354'.
  created $adff cell `$procdff$2757' with positive edge clock and positive level reset.
Creating register for signal `\dac_output_stage.\hs_n' using process `\dac_output_stage.$proc$rtl/dac_output_stage.sv:15$354'.
  created $adff cell `$procdff$2760' with positive edge clock and positive level reset.
Creating register for signal `\dac_output_stage.\vs_n' using process `\dac_output_stage.$proc$rtl/dac_output_stage.sv:15$354'.
  created $adff cell `$procdff$2763' with positive edge clock and positive level reset.
Creating register for signal `\configuration_reset.\released' using process `\configuration_reset.$proc$rtl/configuration_reset.sv:9$348'.
  created $dff cell `$procdff$2764' with positive edge clock.
Creating register for signal `$paramod$635ffd3b6b6ac07a03fe233d1232025c9d32838c\amiga_logic_core.\video_sync' using process `$paramod$635ffd3b6b6ac07a03fe233d1232025c9d32838c\amiga_logic_core.$proc$rtl/amiga_logic_core.sv:29$345'.
  created $adff cell `$procdff$2767' with positive edge clock and positive level reset.

19.5.10. Executing PROC_MEMWR pass (convert process memory writes to cells).

19.5.11. Executing PROC_CLEAN pass (remove empty switches from decision trees).
Found and cleaned up 12 empty switches in `$paramod\line_double\H_SAMPLES=s32'00000000000000000000100000000000.$proc$rtl/line_double.sv:50$690'.
Removing empty process `$paramod\line_double\H_SAMPLES=s32'00000000000000000000100000000000.$proc$rtl/line_double.sv:50$690'.
Found and cleaned up 2 empty switches in `$paramod\line_double\H_SAMPLES=s32'00000000000000000000100000000000.$proc$rtl/line_double.sv:37$670'.
Removing empty process `$paramod\line_double\H_SAMPLES=s32'00000000000000000000100000000000.$proc$rtl/line_double.sv:37$670'.
Found and cleaned up 7 empty switches in `$paramod$7b2dfcee3d83e48a5c3011d349d1f430b35f1d98\field_sync.$proc$rtl/field_sync.sv:19$651'.
Removing empty process `$paramod$7b2dfcee3d83e48a5c3011d349d1f430b35f1d98\field_sync.$proc$rtl/field_sync.sv:19$651'.
Found and cleaned up 9 empty switches in `$paramod$59e5d031c668cf41650225ca3253dc21d29dbc00\adc_power_sequence.$proc$rtl/adc_power_sequence.sv:35$640'.
Removing empty process `$paramod$59e5d031c668cf41650225ca3253dc21d29dbc00\adc_power_sequence.$proc$rtl/adc_power_sequence.sv:35$640'.
Found and cleaned up 1 empty switch in `$paramod$59e5d031c668cf41650225ca3253dc21d29dbc00\adc_power_sequence.$proc$rtl/adc_power_sequence.sv:31$639'.
Removing empty process `$paramod$59e5d031c668cf41650225ca3253dc21d29dbc00\adc_power_sequence.$proc$rtl/adc_power_sequence.sv:31$639'.
Found and cleaned up 23 empty switches in `$paramod$ca4b7a37322eebe282ffca1ddbda4aa8d3e4aedf\i2c_register_write.$proc$rtl/i2c_register_write.sv:46$571'.
Removing empty process `$paramod$ca4b7a37322eebe282ffca1ddbda4aa8d3e4aedf\i2c_register_write.$proc$rtl/i2c_register_write.sv:46$571'.
Found and cleaned up 1 empty switch in `$paramod$ca4b7a37322eebe282ffca1ddbda4aa8d3e4aedf\i2c_register_write.$proc$rtl/i2c_register_write.sv:38$570'.
Removing empty process `$paramod$ca4b7a37322eebe282ffca1ddbda4aa8d3e4aedf\i2c_register_write.$proc$rtl/i2c_register_write.sv:38$570'.
Found and cleaned up 11 empty switches in `$paramod$683e8f5232cafaff99ac6963759532f7c096f897\pll_restart_control.$proc$rtl/pll_restart_control.sv:57$545'.
Removing empty process `$paramod$683e8f5232cafaff99ac6963759532f7c096f897\pll_restart_control.$proc$rtl/pll_restart_control.sv:57$545'.
Found and cleaned up 6 empty switches in `$paramod$683e8f5232cafaff99ac6963759532f7c096f897\pll_restart_control.$proc$rtl/pll_restart_control.sv:42$532'.
Removing empty process `$paramod$683e8f5232cafaff99ac6963759532f7c096f897\pll_restart_control.$proc$rtl/pll_restart_control.sv:42$532'.
Found and cleaned up 1 empty switch in `$paramod$683e8f5232cafaff99ac6963759532f7c096f897\pll_restart_control.$proc$rtl/pll_restart_control.sv:38$531'.
Removing empty process `$paramod$683e8f5232cafaff99ac6963759532f7c096f897\pll_restart_control.$proc$rtl/pll_restart_control.sv:38$531'.
Removing empty process `$paramod$683e8f5232cafaff99ac6963759532f7c096f897\pll_restart_control.$proc$rtl/pll_restart_control.sv:36$529'.
Removing empty process `video_clock_guard.$proc$rtl/video_clock_guard.sv:76$499'.
Removing empty process `video_clock_guard.$proc$rtl/video_clock_guard.sv:70$494'.
Found and cleaned up 6 empty switches in `\video_clock_guard.$proc$rtl/video_clock_guard.sv:45$477'.
Removing empty process `video_clock_guard.$proc$rtl/video_clock_guard.sv:45$477'.
Removing empty process `video_clock_guard.$proc$rtl/video_clock_guard.sv:41$476'.
Removing empty process `video_clock_guard.$proc$rtl/video_clock_guard.sv:37$474'.
Removing empty process `video_clock_guard.$proc$rtl/video_clock_guard.sv:27$469'.
Found and cleaned up 20 empty switches in `$paramod$4ef0cad1ef184161886a68c1ecb003c277dc66f2\stream_sync_frontend.$proc$rtl/stream_sync_frontend.sv:53$444'.
Removing empty process `$paramod$4ef0cad1ef184161886a68c1ecb003c277dc66f2\stream_sync_frontend.$proc$rtl/stream_sync_frontend.sv:53$444'.
Found and cleaned up 1 empty switch in `$paramod$4ef0cad1ef184161886a68c1ecb003c277dc66f2\stream_sync_frontend.$proc$rtl/stream_sync_frontend.sv:49$443'.
Removing empty process `$paramod$4ef0cad1ef184161886a68c1ecb003c277dc66f2\stream_sync_frontend.$proc$rtl/stream_sync_frontend.sv:49$443'.
Found and cleaned up 5 empty switches in `$paramod$09a1f5feb4da21d5e75bb9964def9f8e0dc5b598\video_core.$proc$rtl/video_core.sv:51$400'.
Removing empty process `$paramod$09a1f5feb4da21d5e75bb9964def9f8e0dc5b598\video_core.$proc$rtl/video_core.sv:51$400'.
Found and cleaned up 1 empty switch in `$paramod$09a1f5feb4da21d5e75bb9964def9f8e0dc5b598\video_core.$proc$rtl/video_core.sv:43$399'.
Removing empty process `$paramod$09a1f5feb4da21d5e75bb9964def9f8e0dc5b598\video_core.$proc$rtl/video_core.sv:43$399'.
Found and cleaned up 9 empty switches in `$paramod$a1d5b4e666128cdb38982dd69cf237f464b6f0a6\tvp7002_boot.$proc$rtl/tvp7002_boot.sv:91$391'.
Removing empty process `$paramod$a1d5b4e666128cdb38982dd69cf237f464b6f0a6\tvp7002_boot.$proc$rtl/tvp7002_boot.sv:91$391'.
Found and cleaned up 1 empty switch in `$paramod$a1d5b4e666128cdb38982dd69cf237f464b6f0a6\tvp7002_boot.$proc$rtl/tvp7002_boot.sv:38$380'.
Removing empty process `$paramod$a1d5b4e666128cdb38982dd69cf237f464b6f0a6\tvp7002_boot.$proc$rtl/tvp7002_boot.sv:38$380'.
Found and cleaned up 1 empty switch in `\adc_rgb_capture.$proc$rtl/adc_rgb_capture.sv:28$370'.
Removing empty process `adc_rgb_capture.$proc$rtl/adc_rgb_capture.sv:28$370'.
Found and cleaned up 1 empty switch in `\adc_rgb_capture.$proc$rtl/adc_rgb_capture.sv:19$366'.
Removing empty process `adc_rgb_capture.$proc$rtl/adc_rgb_capture.sv:19$366'.
Removing empty process `adc_rgb_capture.$proc$rtl/adc_rgb_capture.sv:14$365'.
Removing empty process `dac_output_stage.$proc$rtl/dac_output_stage.sv:13$358'.
Removing empty process `dac_output_stage.$proc$rtl/dac_output_stage.sv:15$354'.
Removing empty process `configuration_reset.$proc$rtl/configuration_reset.sv:7$350'.
Removing empty process `configuration_reset.$proc$rtl/configuration_reset.sv:9$348'.
Removing empty process `$paramod$635ffd3b6b6ac07a03fe233d1232025c9d32838c\amiga_logic_core.$proc$rtl/amiga_logic_core.sv:29$345'.
Cleaned up 118 empty switches.

19.5.12. Executing OPT_EXPR pass (perform const folding).
Optimizing module $paramod\line_double\H_SAMPLES=s32'00000000000000000000100000000000.
<suppressed ~1 debug messages>
Optimizing module $paramod$7b2dfcee3d83e48a5c3011d349d1f430b35f1d98\field_sync.
<suppressed ~2 debug messages>
Optimizing module $paramod$59e5d031c668cf41650225ca3253dc21d29dbc00\adc_power_sequence.
<suppressed ~11 debug messages>
Optimizing module $paramod$ca4b7a37322eebe282ffca1ddbda4aa8d3e4aedf\i2c_register_write.
<suppressed ~16 debug messages>
Optimizing module $paramod$683e8f5232cafaff99ac6963759532f7c096f897\pll_restart_control.
<suppressed ~20 debug messages>
Optimizing module video_clock_guard.
<suppressed ~22 debug messages>
Optimizing module $paramod$4ef0cad1ef184161886a68c1ecb003c277dc66f2\stream_sync_frontend.
<suppressed ~1 debug messages>
Optimizing module $paramod$09a1f5feb4da21d5e75bb9964def9f8e0dc5b598\video_core.
Optimizing module $paramod$a1d5b4e666128cdb38982dd69cf237f464b6f0a6\tvp7002_boot.
<suppressed ~8 debug messages>
Optimizing module $paramod$683e8f5232cafaff99ac6963759532f7c096f897\clock_recovery_system.
Optimizing module adc_rgb_capture.
<suppressed ~11 debug messages>
Optimizing module $paramod$635ffd3b6b6ac07a03fe233d1232025c9d32838c\stream_input_video.
Optimizing module dac_output_stage.
<suppressed ~4 debug messages>
Optimizing module configuration_reset.
Optimizing module $paramod$262101cb2ab80648ec6462bebbfb63ce206bdc07\gowin_video_pll.
Optimizing module $paramod$635ffd3b6b6ac07a03fe233d1232025c9d32838c\amiga_logic_core.
<suppressed ~1 debug messages>
Optimizing module amiga_board_top.

19.6. Executing CHECK pass (checking for obvious problems).
Checking module $paramod\line_double\H_SAMPLES=s32'00000000000000000000100000000000...
Checking module $paramod$7b2dfcee3d83e48a5c3011d349d1f430b35f1d98\field_sync...
Checking module $paramod$59e5d031c668cf41650225ca3253dc21d29dbc00\adc_power_sequence...
Checking module $paramod$ca4b7a37322eebe282ffca1ddbda4aa8d3e4aedf\i2c_register_write...
Checking module $paramod$683e8f5232cafaff99ac6963759532f7c096f897\pll_restart_control...
Checking module video_clock_guard...
Checking module $paramod$4ef0cad1ef184161886a68c1ecb003c277dc66f2\stream_sync_frontend...
Checking module $paramod$09a1f5feb4da21d5e75bb9964def9f8e0dc5b598\video_core...
Checking module $paramod$a1d5b4e666128cdb38982dd69cf237f464b6f0a6\tvp7002_boot...
Checking module $paramod$683e8f5232cafaff99ac6963759532f7c096f897\clock_recovery_system...
Checking module adc_rgb_capture...
Checking module $paramod$635ffd3b6b6ac07a03fe233d1232025c9d32838c\stream_input_video...
Checking module dac_output_stage...
Checking module configuration_reset...
Checking module $paramod$262101cb2ab80648ec6462bebbfb63ce206bdc07\gowin_video_pll...
Checking module $paramod$635ffd3b6b6ac07a03fe233d1232025c9d32838c\amiga_logic_core...
Checking module amiga_board_top...
Found and reported 0 problems.

19.7. Executing FLATTEN pass (flatten design).
Deleting now unused module $paramod\line_double\H_SAMPLES=s32'00000000000000000000100000000000.
Deleting now unused module $paramod$7b2dfcee3d83e48a5c3011d349d1f430b35f1d98\field_sync.
Deleting now unused module $paramod$59e5d031c668cf41650225ca3253dc21d29dbc00\adc_power_sequence.
Deleting now unused module $paramod$ca4b7a37322eebe282ffca1ddbda4aa8d3e4aedf\i2c_register_write.
Deleting now unused module $paramod$683e8f5232cafaff99ac6963759532f7c096f897\pll_restart_control.
Deleting now unused module video_clock_guard.
Deleting now unused module $paramod$4ef0cad1ef184161886a68c1ecb003c277dc66f2\stream_sync_frontend.
Deleting now unused module $paramod$09a1f5feb4da21d5e75bb9964def9f8e0dc5b598\video_core.
Deleting now unused module $paramod$a1d5b4e666128cdb38982dd69cf237f464b6f0a6\tvp7002_boot.
Deleting now unused module $paramod$683e8f5232cafaff99ac6963759532f7c096f897\clock_recovery_system.
Deleting now unused module adc_rgb_capture.
Deleting now unused module $paramod$635ffd3b6b6ac07a03fe233d1232025c9d32838c\stream_input_video.
Deleting now unused module dac_output_stage.
Deleting now unused module configuration_reset.
Deleting now unused module $paramod$262101cb2ab80648ec6462bebbfb63ce206bdc07\gowin_video_pll.
Deleting now unused module $paramod$635ffd3b6b6ac07a03fe233d1232025c9d32838c\amiga_logic_core.
<suppressed ~16 debug messages>

19.8. Executing TRIBUF pass.

19.9. Executing DEMINOUT pass (demote inout ports to input or output).

19.10. Executing OPT_EXPR pass (perform const folding).
Optimizing module amiga_board_top.
<suppressed ~30 debug messages>

19.11. Executing CHECK pass (checking for obvious problems).
Checking module amiga_board_top...
Found and reported 0 problems.

19.12. Executing OPT_CLEAN pass (remove unused cells and wires).
Finding unused cells or wires in module \amiga_board_top..
Removed 183 unused cells and 935 unused wires.
<suppressed ~208 debug messages>

19.13. Executing OPT pass (performing simple optimizations).

19.13.1. Executing OPT_EXPR pass (perform const folding).
Optimizing module amiga_board_top.

19.13.2. Executing OPT_MERGE pass (detect identical cells).
Finding identical cells in module `\amiga_board_top'.
Computing hashes of 1009 cells of `\amiga_board_top'.
Finding duplicate cells in `\amiga_board_top'.
Computing hashes of 832 cells of `\amiga_board_top'.
Finding duplicate cells in `\amiga_board_top'.
Computing hashes of 831 cells of `\amiga_board_top'.
Finding duplicate cells in `\amiga_board_top'.
<suppressed ~534 debug messages>
Removed a total of 178 cells.

19.13.3. Executing OPT_MUXTREE pass (detect dead branches in mux trees).
Running muxtree optimizer on module \amiga_board_top..
  Creating internal representation of mux trees.
  Evaluating internal representation of mux trees.
      Replacing known input bits on port A of cell $flatten\logic_core.\video.\core.\fields.$procmux$916: \logic_core.video.core.fields.delay_active -> 1'0
      Replacing known input bits on port B of cell $flatten\logic_core.\video.\core.\fields.$procmux$914: \logic_core.video.core.fields.delay_active -> 1'1
      Replacing known input bits on port A of cell $flatten\logic_core.\video.\front.$procmux$2251: \logic_core.video.front.have_vs -> 1'0
      Replacing known input bits on port A of cell $flatten\logic_core.\video.\front.$procmux$2249: \logic_core.video.front.have_vs -> 1'1
  Analyzing evaluation results.
Removed 0 multiplexer ports.
<suppressed ~586 debug messages>

19.13.4. Executing OPT_REDUCE pass (consolidate $*mux and $reduce_* inputs).
  Optimizing cells in module \amiga_board_top.
    New ctrl vector for $pmux cell $flatten\logic_core.\boot.\writer.$procmux$1662: { $auto$opt_reduce.cc:137:opt_pmux$2787 $flatten\logic_core.\boot.\writer.$procmux$1560_CMP $flatten\logic_core.\boot.\writer.$procmux$1492_CMP }
    New ctrl vector for $pmux cell $flatten\logic_core.\boot.\power_sequence.$procmux$971: { $auto$opt_reduce.cc:137:opt_pmux$2789 $flatten\logic_core.\boot.\power_sequence.$procmux$978_CMP $flatten\logic_core.\boot.\power_sequence.$procmux$954_CMP }
    New ctrl vector for $pmux cell $flatten\logic_core.\boot.\power_sequence.$procmux$1022: { $auto$opt_reduce.cc:137:opt_pmux$2791 $flatten\logic_core.\boot.\power_sequence.$procmux$972_CMP $flatten\logic_core.\boot.\power_sequence.$procmux$978_CMP }
    New ctrl vector for $pmux cell $flatten\logic_core.\boot.\writer.$procmux$1694: { $flatten\logic_core.\boot.\writer.$procmux$1607_CMP $auto$opt_reduce.cc:137:opt_pmux$2793 $flatten\logic_core.\boot.\writer.$procmux$1492_CMP }
    New ctrl vector for $pmux cell $flatten\logic_core.\boot.\writer.$procmux$1444: { $flatten\logic_core.\boot.\writer.$procmux$1607_CMP $auto$opt_reduce.cc:137:opt_pmux$2795 }
    New ctrl vector for $pmux cell $flatten\logic_core.\boot.$procmux$2492: { $auto$opt_reduce.cc:137:opt_pmux$2797 $flatten\logic_core.\boot.$procmux$2498_CMP $flatten\logic_core.\boot.$procmux$2507_CMP $flatten\logic_core.\boot.$procmux$2510_CMP $flatten\logic_core.\boot.$procmux$2513_CMP }
    New ctrl vector for $pmux cell $flatten\logic_core.\boot.$procmux$2413: { $auto$opt_reduce.cc:137:opt_pmux$2799 $flatten\logic_core.\boot.$procmux$2507_CMP }
    New ctrl vector for $pmux cell $flatten\logic_core.\boot.\writer.$procmux$1785: { $auto$opt_reduce.cc:137:opt_pmux$2801 $flatten\logic_core.\boot.\writer.$procmux$1611_CMP $flatten\logic_core.\boot.\writer.$procmux$1560_CMP $flatten\logic_core.\boot.\writer.$procmux$1567_CMP $flatten\logic_core.\boot.\writer.$procmux$1644_CMP $flatten\logic_core.\boot.\writer.$procmux$1651_CMP }
    Consolidated identical input bits for $mux cell $flatten\logic_core.\video.\core.\lines.$procmux$870:
      Old ports: A=24'000000000000000000000000, B=24'111111111111111111111111, Y=$flatten\logic_core.\video.\core.\lines.$0$memwr$\bank0$rtl/line_double.sv:40$657_EN[23:0]$673
      New ports: A=1'0, B=1'1, Y=$flatten\logic_core.\video.\core.\lines.$0$memwr$\bank0$rtl/line_double.sv:40$657_EN[23:0]$673 [0]
      New connections: $flatten\logic_core.\video.\core.\lines.$0$memwr$\bank0$rtl/line_double.sv:40$657_EN[23:0]$673 [23:1] = { $flatten\logic_core.\video.\core.\lines.$0$memwr$\bank0$rtl/line_double.sv:40$657_EN[23:0]$673 [0] $flatten\logic_core.\video.\core.\lines.$0$memwr$\bank0$rtl/line_double.sv:40$657_EN[23:0]$673 [0] $flatten\logic_core.\video.\core.\lines.$0$memwr$\bank0$rtl/line_double.sv:40$657_EN[23:0]$673 [0] $flatten\logic_core.\video.\core.\lines.$0$memwr$\bank0$rtl/line_double.sv:40$657_EN[23:0]$673 [0] $flatten\logic_core.\video.\core.\lines.$0$memwr$\bank0$rtl/line_double.sv:40$657_EN[23:0]$673 [0] $flatten\logic_core.\video.\core.\lines.$0$memwr$\bank0$rtl/line_double.sv:40$657_EN[23:0]$673 [0] $flatten\logic_core.\video.\core.\lines.$0$memwr$\bank0$rtl/line_double.sv:40$657_EN[23:0]$673 [0] $flatten\logic_core.\video.\core.\lines.$0$memwr$\bank0$rtl/line_double.sv:40$657_EN[23:0]$673 [0] $flatten\logic_core.\video.\core.\lines.$0$memwr$\bank0$rtl/line_double.sv:40$657_EN[23:0]$673 [0] $flatten\logic_core.\video.\core.\lines.$0$memwr$\bank0$rtl/line_double.sv:40$657_EN[23:0]$673 [0] $flatten\logic_core.\video.\core.\lines.$0$memwr$\bank0$rtl/line_double.sv:40$657_EN[23:0]$673 [0] $flatten\logic_core.\video.\core.\lines.$0$memwr$\bank0$rtl/line_double.sv:40$657_EN[23:0]$673 [0] $flatten\logic_core.\video.\core.\lines.$0$memwr$\bank0$rtl/line_double.sv:40$657_EN[23:0]$673 [0] $flatten\logic_core.\video.\core.\lines.$0$memwr$\bank0$rtl/line_double.sv:40$657_EN[23:0]$673 [0] $flatten\logic_core.\video.\core.\lines.$0$memwr$\bank0$rtl/line_double.sv:40$657_EN[23:0]$673 [0] $flatten\logic_core.\video.\core.\lines.$0$memwr$\bank0$rtl/line_double.sv:40$657_EN[23:0]$673 [0] $flatten\logic_core.\video.\core.\lines.$0$memwr$\bank0$rtl/line_double.sv:40$657_EN[23:0]$673 [0] $flatten\logic_core.\video.\core.\lines.$0$memwr$\bank0$rtl/line_double.sv:40$657_EN[23:0]$673 [0] $flatten\logic_core.\video.\core.\lines.$0$memwr$\bank0$rtl/line_double.sv:40$657_EN[23:0]$673 [0] $flatten\logic_core.\video.\core.\lines.$0$memwr$\bank0$rtl/line_double.sv:40$657_EN[23:0]$673 [0] $flatten\logic_core.\video.\core.\lines.$0$memwr$\bank0$rtl/line_double.sv:40$657_EN[23:0]$673 [0] $flatten\logic_core.\video.\core.\lines.$0$memwr$\bank0$rtl/line_double.sv:40$657_EN[23:0]$673 [0] $flatten\logic_core.\video.\core.\lines.$0$memwr$\bank0$rtl/line_double.sv:40$657_EN[23:0]$673 [0] }
    Consolidated identical input bits for $mux cell $flatten\logic_core.\video.\core.\lines.$procmux$861:
      Old ports: A=24'000000000000000000000000, B=24'111111111111111111111111, Y=$flatten\logic_core.\video.\core.\lines.$0$memwr$\bank1$rtl/line_double.sv:41$658_EN[23:0]$676
      New ports: A=1'0, B=1'1, Y=$flatten\logic_core.\video.\core.\lines.$0$memwr$\bank1$rtl/line_double.sv:41$658_EN[23:0]$676 [0]
      New connections: $flatten\logic_core.\video.\core.\lines.$0$memwr$\bank1$rtl/line_double.sv:41$658_EN[23:0]$676 [23:1] = { $flatten\logic_core.\video.\core.\lines.$0$memwr$\bank1$rtl/line_double.sv:41$658_EN[23:0]$676 [0] $flatten\logic_core.\video.\core.\lines.$0$memwr$\bank1$rtl/line_double.sv:41$658_EN[23:0]$676 [0] $flatten\logic_core.\video.\core.\lines.$0$memwr$\bank1$rtl/line_double.sv:41$658_EN[23:0]$676 [0] $flatten\logic_core.\video.\core.\lines.$0$memwr$\bank1$rtl/line_double.sv:41$658_EN[23:0]$676 [0] $flatten\logic_core.\video.\core.\lines.$0$memwr$\bank1$rtl/line_double.sv:41$658_EN[23:0]$676 [0] $flatten\logic_core.\video.\core.\lines.$0$memwr$\bank1$rtl/line_double.sv:41$658_EN[23:0]$676 [0] $flatten\logic_core.\video.\core.\lines.$0$memwr$\bank1$rtl/line_double.sv:41$658_EN[23:0]$676 [0] $flatten\logic_core.\video.\core.\lines.$0$memwr$\bank1$rtl/line_double.sv:41$658_EN[23:0]$676 [0] $flatten\logic_core.\video.\core.\lines.$0$memwr$\bank1$rtl/line_double.sv:41$658_EN[23:0]$676 [0] $flatten\logic_core.\video.\core.\lines.$0$memwr$\bank1$rtl/line_double.sv:41$658_EN[23:0]$676 [0] $flatten\logic_core.\video.\core.\lines.$0$memwr$\bank1$rtl/line_double.sv:41$658_EN[23:0]$676 [0] $flatten\logic_core.\video.\core.\lines.$0$memwr$\bank1$rtl/line_double.sv:41$658_EN[23:0]$676 [0] $flatten\logic_core.\video.\core.\lines.$0$memwr$\bank1$rtl/line_double.sv:41$658_EN[23:0]$676 [0] $flatten\logic_core.\video.\core.\lines.$0$memwr$\bank1$rtl/line_double.sv:41$658_EN[23:0]$676 [0] $flatten\logic_core.\video.\core.\lines.$0$memwr$\bank1$rtl/line_double.sv:41$658_EN[23:0]$676 [0] $flatten\logic_core.\video.\core.\lines.$0$memwr$\bank1$rtl/line_double.sv:41$658_EN[23:0]$676 [0] $flatten\logic_core.\video.\core.\lines.$0$memwr$\bank1$rtl/line_double.sv:41$658_EN[23:0]$676 [0] $flatten\logic_core.\video.\core.\lines.$0$memwr$\bank1$rtl/line_double.sv:41$658_EN[23:0]$676 [0] $flatten\logic_core.\video.\core.\lines.$0$memwr$\bank1$rtl/line_double.sv:41$658_EN[23:0]$676 [0] $flatten\logic_core.\video.\core.\lines.$0$memwr$\bank1$rtl/line_double.sv:41$658_EN[23:0]$676 [0] $flatten\logic_core.\video.\core.\lines.$0$memwr$\bank1$rtl/line_double.sv:41$658_EN[23:0]$676 [0] $flatten\logic_core.\video.\core.\lines.$0$memwr$\bank1$rtl/line_double.sv:41$658_EN[23:0]$676 [0] $flatten\logic_core.\video.\core.\lines.$0$memwr$\bank1$rtl/line_double.sv:41$658_EN[23:0]$676 [0] }
    New ctrl vector for $pmux cell $flatten\logic_core.\boot.\writer.$procmux$1833: { $auto$opt_reduce.cc:137:opt_pmux$2803 $flatten\logic_core.\boot.\writer.$procmux$1618_CMP $flatten\logic_core.\boot.\writer.$procmux$1560_CMP $flatten\logic_core.\boot.\writer.$procmux$1629_CMP $flatten\logic_core.\boot.\writer.$procmux$1567_CMP $flatten\logic_core.\boot.\writer.$procmux$1640_CMP $flatten\logic_core.\boot.\writer.$procmux$1644_CMP }
  Optimizing cells in module \amiga_board_top.
Performed a total of 11 changes.

19.13.5. Executing OPT_MERGE pass (detect identical cells).
Finding identical cells in module `\amiga_board_top'.
Computing hashes of 840 cells of `\amiga_board_top'.
Finding duplicate cells in `\amiga_board_top'.
Computing hashes of 816 cells of `\amiga_board_top'.
Finding duplicate cells in `\amiga_board_top'.
Computing hashes of 814 cells of `\amiga_board_top'.
Finding duplicate cells in `\amiga_board_top'.
<suppressed ~78 debug messages>
Removed a total of 26 cells.

19.13.6. Executing OPT_DFF pass (perform DFF optimizations).

19.13.7. Executing OPT_CLEAN pass (remove unused cells and wires).
Finding unused cells or wires in module \amiga_board_top..
Removed 0 unused cells and 203 unused wires.
<suppressed ~1 debug messages>

19.13.8. Executing OPT_EXPR pass (perform const folding).
Optimizing module amiga_board_top.

19.13.9. Rerunning OPT passes. (Maybe there is more to do..)

19.13.10. Executing OPT_MUXTREE pass (detect dead branches in mux trees).
Running muxtree optimizer on module \amiga_board_top..
  Creating internal representation of mux trees.
  Evaluating internal representation of mux trees.
  Analyzing evaluation results.
Removed 0 multiplexer ports.
<suppressed ~599 debug messages>

19.13.11. Executing OPT_REDUCE pass (consolidate $*mux and $reduce_* inputs).
  Optimizing cells in module \amiga_board_top.
    New ctrl vector for $pmux cell $flatten\logic_core.\boot.\power_sequence.$procmux$1022: { $auto$opt_reduce.cc:137:opt_pmux$2805 $auto$opt_reduce.cc:137:opt_pmux$2791 }
    New ctrl vector for $pmux cell $flatten\logic_core.\boot.\writer.$procmux$1414: { $auto$opt_reduce.cc:137:opt_pmux$2807 $flatten\logic_core.\boot.\writer.$eq$rtl/i2c_register_write.sv:33$563_Y $flatten\logic_core.\boot.\writer.$procmux$1433_CMP }
    New ctrl vector for $pmux cell $flatten\logic_core.\boot.\writer.$procmux$1606: { $auto$opt_reduce.cc:137:opt_pmux$2811 $auto$opt_reduce.cc:137:opt_pmux$2809 $flatten\logic_core.\boot.\writer.$eq$rtl/i2c_register_write.sv:33$563_Y $flatten\logic_core.\boot.\writer.$procmux$1433_CMP }
    New ctrl vector for $pmux cell $flatten\logic_core.\boot.\writer.$procmux$1833: { $auto$opt_reduce.cc:137:opt_pmux$2815 $auto$opt_reduce.cc:137:opt_pmux$2813 $auto$opt_reduce.cc:137:opt_pmux$2803 }
  Optimizing cells in module \amiga_board_top.
Performed a total of 4 changes.

19.13.12. Executing OPT_MERGE pass (detect identical cells).
Finding identical cells in module `\amiga_board_top'.
Computing hashes of 820 cells of `\amiga_board_top'.
Finding duplicate cells in `\amiga_board_top'.
Computing hashes of 819 cells of `\amiga_board_top'.
Finding duplicate cells in `\amiga_board_top'.
<suppressed ~3 debug messages>
Removed a total of 1 cells.

19.13.13. Executing OPT_DFF pass (perform DFF optimizations).

19.13.14. Executing OPT_CLEAN pass (remove unused cells and wires).
Finding unused cells or wires in module \amiga_board_top..
Removed 0 unused cells and 1 unused wires.
<suppressed ~1 debug messages>

19.13.15. Executing OPT_EXPR pass (perform const folding).
Optimizing module amiga_board_top.

19.13.16. Rerunning OPT passes. (Maybe there is more to do..)

19.13.17. Executing OPT_MUXTREE pass (detect dead branches in mux trees).
Running muxtree optimizer on module \amiga_board_top..
  Creating internal representation of mux trees.
  Evaluating internal representation of mux trees.
  Analyzing evaluation results.
Removed 0 multiplexer ports.
<suppressed ~573 debug messages>

19.13.18. Executing OPT_REDUCE pass (consolidate $*mux and $reduce_* inputs).
  Optimizing cells in module \amiga_board_top.
Performed a total of 0 changes.

19.13.19. Executing OPT_MERGE pass (detect identical cells).
Finding identical cells in module `\amiga_board_top'.
Computing hashes of 819 cells of `\amiga_board_top'.
Finding duplicate cells in `\amiga_board_top'.
Removed a total of 0 cells.

19.13.20. Executing OPT_DFF pass (perform DFF optimizations).

19.13.21. Executing OPT_CLEAN pass (remove unused cells and wires).
Finding unused cells or wires in module \amiga_board_top..

19.13.22. Executing OPT_EXPR pass (perform const folding).
Optimizing module amiga_board_top.

19.13.23. Finished fast OPT passes. (There is nothing left to do.)

19.14. Executing FSM pass (extract and optimize FSM).

19.14.1. Executing FSM_DETECT pass (finding FSMs in design).
Found FSM state register amiga_board_top.logic_core.clocks.restart.state.
Found FSM state register amiga_board_top.logic_core.boot.power_sequence.state.
Found FSM state register amiga_board_top.logic_core.boot.state.
Not marking amiga_board_top.logic_core.boot.writer.bytes[0] as FSM state register:
    Users of register don't seem to benefit from recoding.
Found FSM state register amiga_board_top.logic_core.boot.writer.state.

19.14.2. Executing FSM_EXTRACT pass (extracting FSM from design).
Extracting FSM `\logic_core.clocks.restart.state' from module `\amiga_board_top'.
  found $dff cell for state register: $flatten\logic_core.\clocks.\restart.$procdff$2623
  root of input selection tree: $flatten\logic_core.\clocks.\restart.$0\state[1:0]
  found reset state: 2'00 (guessed from mux tree)
  found ctrl input: \startup.released [31]
  found state code: 2'00
  found ctrl input: \logic_core.clocks.qualified_ref
  found ctrl input: \logic_core.clocks.restart.stable
  found ctrl input: $flatten\logic_core.\clocks.\restart.$procmux$1928_CMP
  found ctrl input: $flatten\logic_core.\clocks.\restart.$procmux$1937_CMP
  found ctrl input: $flatten\logic_core.\clocks.\restart.$eq$rtl/pll_restart_control.sv:28$524_Y
  found ctrl input: $flatten\logic_core.\clocks.\restart.$eq$rtl/pll_restart_control.sv:28$522_Y
  found ctrl input: $flatten\logic_core.\clocks.\restart.$logic_or$rtl/pll_restart_control.sv:77$559_Y
  found state code: 2'01
  found ctrl input: $flatten\logic_core.\clocks.\restart.$logic_and$rtl/pll_restart_control.sv:72$554_Y
  found ctrl input: $flatten\logic_core.\clocks.\restart.$eq$rtl/pll_restart_control.sv:73$555_Y
  found state code: 2'11
  found ctrl input: $flatten\logic_core.\clocks.\restart.$eq$rtl/pll_restart_control.sv:67$550_Y
  found state code: 2'10
  found ctrl output: $flatten\logic_core.\clocks.\restart.$procmux$1937_CMP
  found ctrl output: $flatten\logic_core.\clocks.\restart.$procmux$1928_CMP
  found ctrl output: $flatten\logic_core.\clocks.\restart.$eq$rtl/pll_restart_control.sv:28$524_Y
  found ctrl output: $flatten\logic_core.\clocks.\restart.$eq$rtl/pll_restart_control.sv:28$522_Y
  ctrl inputs: { \logic_core.clocks.restart.stable $flatten\logic_core.\clocks.\restart.$eq$rtl/pll_restart_control.sv:67$550_Y $flatten\logic_core.\clocks.\restart.$logic_and$rtl/pll_restart_control.sv:72$554_Y $flatten\logic_core.\clocks.\restart.$eq$rtl/pll_restart_control.sv:73$555_Y $flatten\logic_core.\clocks.\restart.$logic_or$rtl/pll_restart_control.sv:77$559_Y \logic_core.clocks.qualified_ref \startup.released [31] }
  ctrl outputs: { $flatten\logic_core.\clocks.\restart.$eq$rtl/pll_restart_control.sv:28$522_Y $flatten\logic_core.\clocks.\restart.$eq$rtl/pll_restart_control.sv:28$524_Y $flatten\logic_core.\clocks.\restart.$0\state[1:0] $flatten\logic_core.\clocks.\restart.$procmux$1928_CMP $flatten\logic_core.\clocks.\restart.$procmux$1937_CMP }
  transition:       2'00 7'------0 ->       2'00 6'100000
  transition:       2'00 7'-----01 ->       2'00 6'100000
  transition:       2'00 7'0----11 ->       2'00 6'100000
  transition:       2'00 7'1----11 ->       2'01 6'100100
  transition:       2'10 7'------0 ->       2'00 6'000001
  transition:       2'10 7'-----01 ->       2'00 6'000001
  transition:       2'10 7'0----11 ->       2'00 6'000001
  transition:       2'10 7'1-00-11 ->       2'10 6'001001
  transition:       2'10 7'1-01-11 ->       2'01 6'000101
  transition:       2'10 7'1-1--11 ->       2'11 6'001101
  transition:       2'01 7'------0 ->       2'00 6'010000
  transition:       2'01 7'-----01 ->       2'00 6'010000
  transition:       2'01 7'0----11 ->       2'00 6'010000
  transition:       2'01 7'10---11 ->       2'01 6'010100
  transition:       2'01 7'11---11 ->       2'10 6'011000
  transition:       2'11 7'------0 ->       2'00 6'000010
  transition:       2'11 7'-----01 ->       2'00 6'000010
  transition:       2'11 7'0----11 ->       2'00 6'000010
  transition:       2'11 7'1---011 ->       2'11 6'001110
  transition:       2'11 7'1---111 ->       2'01 6'000110
Extracting FSM `\logic_core.boot.power_sequence.state' from module `\amiga_board_top'.
  found $dff cell for state register: $flatten\logic_core.\boot.\power_sequence.$procdff$2596
  root of input selection tree: $flatten\logic_core.\boot.\power_sequence.$0\state[2:0]
  found reset state: 3'000 (guessed from mux tree)
  found ctrl input: \startup.released [31]
  found state code: 3'000
  found ctrl input: \logic_core.boot.power_sequence.pg_sync
  found ctrl input: $flatten\logic_core.\boot.\power_sequence.$procmux$1023_CMP
  found ctrl input: $flatten\logic_core.\boot.\power_sequence.$procmux$1026_CMP
  found ctrl input: $flatten\logic_core.\boot.\power_sequence.$procmux$1002_CMP
  found ctrl input: $flatten\logic_core.\boot.\power_sequence.$procmux$1006_CMP
  found ctrl input: $flatten\logic_core.\boot.\power_sequence.$procmux$1010_CMP
  found ctrl input: $flatten\logic_core.\boot.\power_sequence.$procmux$1014_CMP
  found state code: 3'101
  found ctrl input: \logic_core.boot.config_error
  found ctrl input: \logic_core.boot.config_done
  found state code: 3'100
  found ctrl input: $flatten\logic_core.\boot.\power_sequence.$eq$rtl/adc_power_sequence.sv:50$646_Y
  found state code: 3'011
  found ctrl input: $flatten\logic_core.\boot.\power_sequence.$eq$rtl/adc_power_sequence.sv:47$644_Y
  found state code: 3'010
  found ctrl input: $flatten\logic_core.\boot.\power_sequence.$eq$rtl/adc_power_sequence.sv:44$642_Y
  found state code: 3'001
  found ctrl output: $flatten\logic_core.\boot.\power_sequence.$procmux$1023_CMP
  found ctrl output: $flatten\logic_core.\boot.\power_sequence.$procmux$1002_CMP
  found ctrl output: $flatten\logic_core.\boot.\power_sequence.$procmux$1026_CMP
  found ctrl output: $flatten\logic_core.\boot.\power_sequence.$procmux$1014_CMP
  found ctrl output: $flatten\logic_core.\boot.\power_sequence.$procmux$1010_CMP
  found ctrl output: $flatten\logic_core.\boot.\power_sequence.$procmux$1006_CMP
  ctrl inputs: { \logic_core.boot.power_sequence.pg_sync $flatten\logic_core.\boot.\power_sequence.$eq$rtl/adc_power_sequence.sv:44$642_Y $flatten\logic_core.\boot.\power_sequence.$eq$rtl/adc_power_sequence.sv:47$644_Y $flatten\logic_core.\boot.\power_sequence.$eq$rtl/adc_power_sequence.sv:50$646_Y \logic_core.boot.config_error \logic_core.boot.config_done \startup.released [31] }
  ctrl outputs: { $flatten\logic_core.\boot.\power_sequence.$0\state[2:0] $flatten\logic_core.\boot.\power_sequence.$procmux$1002_CMP $flatten\logic_core.\boot.\power_sequence.$procmux$1006_CMP $flatten\logic_core.\boot.\power_sequence.$procmux$1010_CMP $flatten\logic_core.\boot.\power_sequence.$procmux$1014_CMP $flatten\logic_core.\boot.\power_sequence.$procmux$1023_CMP $flatten\logic_core.\boot.\power_sequence.$procmux$1026_CMP }
  transition:      3'000 7'------0 ->      3'000 9'000000100
  transition:      3'000 7'0-----1 ->      3'000 9'000000100
  transition:      3'000 7'10----1 ->      3'000 9'000000100
  transition:      3'000 7'11----1 ->      3'001 9'001000100
  transition:      3'100 7'------0 ->      3'000 9'000000001
  transition:      3'100 7'0-----1 ->      3'000 9'000000001
  transition:      3'100 7'1---0-1 ->      3'100 9'100000001
  transition:      3'100 7'1---1-1 ->      3'101 9'101000001
  transition:      3'010 7'------0 ->      3'000 9'000010000
  transition:      3'010 7'0-----1 ->      3'000 9'000010000
  transition:      3'010 7'1--0--1 ->      3'010 9'010010000
  transition:      3'010 7'1--1--1 ->      3'011 9'011010000
  transition:      3'001 7'------0 ->      3'000 9'000001000
  transition:      3'001 7'0-----1 ->      3'000 9'000001000
  transition:      3'001 7'1-0---1 ->      3'001 9'001001000
  transition:      3'001 7'1-1---1 ->      3'010 9'010001000
  transition:      3'101 7'------0 ->      3'000 9'000000010
  transition:      3'101 7'0-----1 ->      3'000 9'000000010
  transition:      3'101 7'1-----1 ->      3'101 9'101000010
  transition:      3'011 7'------0 ->      3'000 9'000100000
  transition:      3'011 7'0-----1 ->      3'000 9'000100000
  transition:      3'011 7'1---001 ->      3'011 9'011100000
  transition:      3'011 7'1---011 ->      3'100 9'100100000
  transition:      3'011 7'1---1-1 ->      3'101 9'101100000
Extracting FSM `\logic_core.boot.state' from module `\amiga_board_top'.
  found $dff cell for state register: $flatten\logic_core.\boot.$procdff$2719
  root of input selection tree: $flatten\logic_core.\boot.$0\state[2:0]
  found reset state: 3'000 (guessed from mux tree)
  found ctrl input: \startup.released [31]
  found state code: 3'000
  found ctrl input: \logic_core.boot.transaction_reset
  found ctrl input: $flatten\logic_core.\boot.$procmux$2424_CMP
  found ctrl input: $flatten\logic_core.\boot.$procmux$2405_CMP
  found ctrl input: $flatten\logic_core.\boot.$procmux$2422_CMP
  found ctrl input: $flatten\logic_core.\boot.$procmux$2416_CMP
  found ctrl input: $auto$opt_reduce.cc:137:opt_pmux$2797
  found state code: 3'101
  found ctrl input: \logic_core.boot.power_sequence.config_allowed
  found state code: 3'001
  found ctrl input: \logic_core.boot.writer.busy
  found state code: 3'010
  found ctrl input: \logic_core.boot.writer.done
  found ctrl input: $flatten\logic_core.\boot.$ne$rtl/tvp7002_boot.sv:106$393_Y
  found ctrl input: $flatten\logic_core.\boot.$eq$rtl/tvp7002_boot.sv:109$394_Y
  found state code: 3'011
  found ctrl input: $flatten\logic_core.\boot.$eq$rtl/tvp7002_boot.sv:112$396_Y
  found state code: 3'100
  found ctrl output: $flatten\logic_core.\boot.$procmux$2414_CMP
  found ctrl output: $flatten\logic_core.\boot.$procmux$2415_CMP
  found ctrl output: $flatten\logic_core.\boot.$procmux$2416_CMP
  found ctrl output: $flatten\logic_core.\boot.$procmux$2422_CMP
  found ctrl output: $flatten\logic_core.\boot.$procmux$2405_CMP
  found ctrl output: $flatten\logic_core.\boot.$procmux$2424_CMP
  ctrl inputs: { \logic_core.boot.writer.busy \logic_core.boot.writer.done \logic_core.boot.power_sequence.config_allowed $flatten\logic_core.\boot.$eq$rtl/tvp7002_boot.sv:112$396_Y $flatten\logic_core.\boot.$eq$rtl/tvp7002_boot.sv:109$394_Y $flatten\logic_core.\boot.$ne$rtl/tvp7002_boot.sv:106$393_Y \logic_core.boot.transaction_reset \startup.released [31] $auto$opt_reduce.cc:137:opt_pmux$2797 }
  ctrl outputs: { $flatten\logic_core.\boot.$procmux$2424_CMP $flatten\logic_core.\boot.$procmux$2422_CMP $flatten\logic_core.\boot.$procmux$2416_CMP $flatten\logic_core.\boot.$procmux$2415_CMP $flatten\logic_core.\boot.$procmux$2414_CMP $flatten\logic_core.\boot.$procmux$2405_CMP $flatten\logic_core.\boot.$0\state[2:0] }
  transition:      3'000 9'-------0- ->      3'000 9'100000000
  transition:      3'000 9'--0---01- ->      3'000 9'100000000
  transition:      3'000 9'--1---01- ->      3'001 9'100000001
  transition:      3'000 9'------11- ->      3'000 9'100000000
  transition:      3'100 9'-------0- ->      3'000 9'000100000
  transition:      3'100 9'------01- ->      3'100 9'000100100
  transition:      3'100 9'------11- ->      3'000 9'000100000
  transition:      3'010 9'-------0- ->      3'000 9'010000000
  transition:      3'010 9'-0----01- ->      3'010 9'010000010
  transition:      3'010 9'-1--0001- ->      3'001 9'010000001
  transition:      3'010 9'-1--1001- ->      3'011 9'010000011
  transition:      3'010 9'-1---101- ->      3'101 9'010000101
  transition:      3'010 9'------11- ->      3'000 9'010000000
  transition:      3'001 9'-------0- ->      3'000 9'000001000
  transition:      3'001 9'0-----01- ->      3'010 9'000001010
  transition:      3'001 9'1-----01- ->      3'001 9'000001001
  transition:      3'001 9'------11- ->      3'000 9'000001000
  transition:      3'101 9'-------0- ->      3'000 9'000010000
  transition:      3'101 9'------01- ->      3'101 9'000010101
  transition:      3'101 9'------11- ->      3'000 9'000010000
  transition:      3'011 9'-------0- ->      3'000 9'001000000
  transition:      3'011 9'---0--01- ->      3'011 9'001000011
  transition:      3'011 9'---1--01- ->      3'100 9'001000100
  transition:      3'011 9'------11- ->      3'000 9'001000000
Extracting FSM `\logic_core.boot.writer.state' from module `\amiga_board_top'.
  found $dff cell for state register: $flatten\logic_core.\boot.\writer.$procdff$2603
  root of input selection tree: $flatten\logic_core.\boot.\writer.$0\state[3:0]
  found reset state: 4'0000 (guessed from mux tree)
  found ctrl input: \logic_core.boot.transaction_reset
  found ctrl input: $flatten\logic_core.\boot.\writer.$logic_and$rtl/i2c_register_write.sv:55$582_Y
  found ctrl input: $flatten\logic_core.\boot.\writer.$procmux$1445_CMP
  found ctrl input: $flatten\logic_core.\boot.\writer.$procmux$1446_CMP
  found ctrl input: $flatten\logic_core.\boot.\writer.$eq$rtl/i2c_register_write.sv:33$568_Y
  found ctrl input: $flatten\logic_core.\boot.\writer.$procmux$1415_CMP
  found ctrl input: $flatten\logic_core.\boot.\writer.$procmux$1092_CMP
  found ctrl input: $flatten\logic_core.\boot.\writer.$eq$rtl/i2c_register_write.sv:33$566_Y
  found ctrl input: $flatten\logic_core.\boot.\writer.$procmux$1419_CMP
  found ctrl input: $flatten\logic_core.\boot.\writer.$procmux$1233_CMP
  found ctrl input: $flatten\logic_core.\boot.\writer.$eq$rtl/i2c_register_write.sv:33$564_Y
  found ctrl input: $flatten\logic_core.\boot.\writer.$procmux$1423_CMP
  found ctrl input: $flatten\logic_core.\boot.\writer.$procmux$1455_CMP
  found ctrl input: $flatten\logic_core.\boot.\writer.$eq$rtl/i2c_register_write.sv:33$563_Y
  found ctrl input: $flatten\logic_core.\boot.\writer.$procmux$1433_CMP
  found state code: 4'0000
  found ctrl input: $flatten\logic_core.\boot.\writer.$eq$rtl/i2c_register_write.sv:100$627_Y
  found state code: 4'1100
  found ctrl input: \logic_core.boot.writer.scl_sync
  found state code: 4'1011
  found state code: 4'1010
  found ctrl input: \logic_core.boot.writer.sda_sync
  found ctrl input: $flatten\logic_core.\boot.\writer.$eq$rtl/i2c_register_write.sv:94$619_Y
  found state code: 4'0011
  found state code: 4'1001
  found state code: 4'1000
  found state code: 4'0111
  found ctrl input: $flatten\logic_core.\boot.\writer.$eq$rtl/i2c_register_write.sv:80$602_Y
  found state code: 4'0110
  found state code: 4'0101
  found state code: 4'0100
  found ctrl input: $flatten\logic_core.\boot.\writer.$logic_and$rtl/i2c_register_write.sv:65$591_Y
  found state code: 4'0010
  found ctrl input: \logic_core.boot.start
  found state code: 4'0001
  found ctrl output: $flatten\logic_core.\boot.\writer.$eq$rtl/i2c_register_write.sv:33$563_Y
  found ctrl output: $flatten\logic_core.\boot.\writer.$procmux$1455_CMP
  found ctrl output: $flatten\logic_core.\boot.\writer.$procmux$1423_CMP
  found ctrl output: $flatten\logic_core.\boot.\writer.$eq$rtl/i2c_register_write.sv:33$564_Y
  found ctrl output: $flatten\logic_core.\boot.\writer.$procmux$1419_CMP
  found ctrl output: $flatten\logic_core.\boot.\writer.$eq$rtl/i2c_register_write.sv:33$566_Y
  found ctrl output: $flatten\logic_core.\boot.\writer.$procmux$1415_CMP
  found ctrl output: $flatten\logic_core.\boot.\writer.$eq$rtl/i2c_register_write.sv:33$568_Y
  found ctrl output: $flatten\logic_core.\boot.\writer.$procmux$1446_CMP
  found ctrl output: $flatten\logic_core.\boot.\writer.$procmux$1445_CMP
  found ctrl output: $flatten\logic_core.\boot.\writer.$procmux$1233_CMP
  found ctrl output: $flatten\logic_core.\boot.\writer.$procmux$1092_CMP
  found ctrl output: $flatten\logic_core.\boot.\writer.$procmux$1433_CMP
  ctrl inputs: { \logic_core.boot.writer.scl_sync \logic_core.boot.writer.sda_sync $flatten\logic_core.\boot.\writer.$logic_and$rtl/i2c_register_write.sv:55$582_Y $flatten\logic_core.\boot.\writer.$logic_and$rtl/i2c_register_write.sv:65$591_Y $flatten\logic_core.\boot.\writer.$eq$rtl/i2c_register_write.sv:80$602_Y $flatten\logic_core.\boot.\writer.$eq$rtl/i2c_register_write.sv:94$619_Y $flatten\logic_core.\boot.\writer.$eq$rtl/i2c_register_write.sv:100$627_Y \logic_core.boot.transaction_reset \logic_core.boot.start }
  ctrl outputs: { $flatten\logic_core.\boot.\writer.$eq$rtl/i2c_register_write.sv:33$563_Y $flatten\logic_core.\boot.\writer.$eq$rtl/i2c_register_write.sv:33$564_Y $flatten\logic_core.\boot.\writer.$eq$rtl/i2c_register_write.sv:33$566_Y $flatten\logic_core.\boot.\writer.$eq$rtl/i2c_register_write.sv:33$568_Y $flatten\logic_core.\boot.\writer.$0\state[3:0] $flatten\logic_core.\boot.\writer.$procmux$1092_CMP $flatten\logic_core.\boot.\writer.$procmux$1233_CMP $flatten\logic_core.\boot.\writer.$procmux$1415_CMP $flatten\logic_core.\boot.\writer.$procmux$1419_CMP $flatten\logic_core.\boot.\writer.$procmux$1423_CMP $flatten\logic_core.\boot.\writer.$procmux$1433_CMP $flatten\logic_core.\boot.\writer.$procmux$1445_CMP $flatten\logic_core.\boot.\writer.$procmux$1446_CMP $flatten\logic_core.\boot.\writer.$procmux$1455_CMP }
  transition:     4'0000 9'--0----00 ->     4'0000 17'00000000000001000
  transition:     4'0000 9'--0----01 ->     4'0001 17'00000001000001000
  transition:     4'0000 9'--1----0- ->     4'0000 17'00000000000001000
  transition:     4'0000 9'-------1- ->     4'0000 17'00000000000001000
  transition:     4'1000 9'--0---00- ->     4'1000 17'00001000100000000
  transition:     4'1000 9'-00--010- ->     4'0011 17'00000011100000000
  transition:     4'1000 9'-00--110- ->     4'1001 17'00001001100000000
  transition:     4'1000 9'-10---10- ->     4'1001 17'00001001100000000
  transition:     4'1000 9'--1----0- ->     4'0000 17'00000000100000000
  transition:     4'1000 9'-------1- ->     4'0000 17'00000000100000000
  transition:     4'0100 9'0-0----0- ->     4'0100 17'01000100000000000
  transition:     4'0100 9'1-0----0- ->     4'0101 17'01000101000000000
  transition:     4'0100 9'--1----0- ->     4'0000 17'01000000000000000
  transition:     4'0100 9'-------1- ->     4'0000 17'01000000000000000
  transition:     4'1100 9'--0---00- ->     4'1100 17'00001100000000100
  transition:     4'1100 9'--0---10- ->     4'0000 17'00000000000000100
  transition:     4'1100 9'--1----0- ->     4'0000 17'00000000000000100
  transition:     4'1100 9'-------1- ->     4'0000 17'00000000000000100
  transition:     4'0010 9'--0---00- ->     4'0010 17'00000010000000001
  transition:     4'0010 9'--0---10- ->     4'0011 17'00000011000000001
  transition:     4'0010 9'--1----0- ->     4'0000 17'00000000000000001
  transition:     4'0010 9'-------1- ->     4'0000 17'00000000000000001
  transition:     4'1010 9'0-0----0- ->     4'1010 17'00011010000000000
  transition:     4'1010 9'1-0----0- ->     4'1011 17'00011011000000000
  transition:     4'1010 9'--1----0- ->     4'0000 17'00010000000000000
  transition:     4'1010 9'-------1- ->     4'0000 17'00010000000000000
  transition:     4'0110 9'--0---00- ->     4'0110 17'00000110000100000
  transition:     4'0110 9'--0---10- ->     4'0111 17'00000111000100000
  transition:     4'0110 9'--1----0- ->     4'0000 17'00000000000100000
  transition:     4'0110 9'-------1- ->     4'0000 17'00000000000100000
  transition:     4'0001 9'--00---0- ->     4'0001 17'10000001000000000
  transition:     4'0001 9'--01--00- ->     4'0001 17'10000001000000000
  transition:     4'0001 9'--01--10- ->     4'0010 17'10000010000000000
  transition:     4'0001 9'--1----0- ->     4'0000 17'10000000000000000
  transition:     4'0001 9'-------1- ->     4'0000 17'10000000000000000
  transition:     4'1001 9'--0---00- ->     4'1001 17'00001001001000000
  transition:     4'1001 9'--0---10- ->     4'1010 17'00001010001000000
  transition:     4'1001 9'--1----0- ->     4'0000 17'00000000001000000
  transition:     4'1001 9'-------1- ->     4'0000 17'00000000001000000
  transition:     4'0101 9'--0---00- ->     4'0101 17'00000101010000000
  transition:     4'0101 9'--0-0-10- ->     4'0011 17'00000011010000000
  transition:     4'0101 9'--0-1-10- ->     4'0110 17'00000110010000000
  transition:     4'0101 9'--1----0- ->     4'0000 17'00000000010000000
  transition:     4'0101 9'-------1- ->     4'0000 17'00000000010000000
  transition:     4'0011 9'--0---00- ->     4'0011 17'00000011000010000
  transition:     4'0011 9'--0---10- ->     4'0100 17'00000100000010000
  transition:     4'0011 9'--1----0- ->     4'0000 17'00000000000010000
  transition:     4'0011 9'-------1- ->     4'0000 17'00000000000010000
  transition:     4'1011 9'--0---00- ->     4'1011 17'00001011000000010
  transition:     4'1011 9'--0---10- ->     4'1100 17'00001100000000010
  transition:     4'1011 9'--1----0- ->     4'0000 17'00000000000000010
  transition:     4'1011 9'-------1- ->     4'0000 17'00000000000000010
  transition:     4'0111 9'0-0----0- ->     4'0111 17'00100111000000000
  transition:     4'0111 9'1-0----0- ->     4'1000 17'00101000000000000
  transition:     4'0111 9'--1----0- ->     4'0000 17'00100000000000000
  transition:     4'0111 9'-------1- ->     4'0000 17'00100000000000000

19.14.3. Executing FSM_OPT pass (simple optimizations of FSMs).
Optimizing FSM `$fsm$\logic_core.boot.writer.state$2838' from module `\amiga_board_top'.
Optimizing FSM `$fsm$\logic_core.boot.state$2830' from module `\amiga_board_top'.
  Removing unused input signal $auto$opt_reduce.cc:137:opt_pmux$2797.
Optimizing FSM `$fsm$\logic_core.boot.power_sequence.state$2822' from module `\amiga_board_top'.
Optimizing FSM `$fsm$\logic_core.clocks.restart.state$2816' from module `\amiga_board_top'.

19.14.4. Executing OPT_CLEAN pass (remove unused cells and wires).
Finding unused cells or wires in module \amiga_board_top..
Removed 80 unused cells and 80 unused wires.
<suppressed ~81 debug messages>

19.14.5. Executing FSM_OPT pass (simple optimizations of FSMs).
Optimizing FSM `$fsm$\logic_core.boot.writer.state$2838' from module `\amiga_board_top'.
  Removing unused output signal $flatten\logic_core.\boot.\writer.$0\state[3:0] [0].
  Removing unused output signal $flatten\logic_core.\boot.\writer.$0\state[3:0] [1].
  Removing unused output signal $flatten\logic_core.\boot.\writer.$0\state[3:0] [2].
  Removing unused output signal $flatten\logic_core.\boot.\writer.$0\state[3:0] [3].
Optimizing FSM `$fsm$\logic_core.clocks.restart.state$2816' from module `\amiga_board_top'.
  Removing unused output signal $flatten\logic_core.\clocks.\restart.$0\state[1:0] [0].
  Removing unused output signal $flatten\logic_core.\clocks.\restart.$0\state[1:0] [1].
Optimizing FSM `$fsm$\logic_core.boot.power_sequence.state$2822' from module `\amiga_board_top'.
  Removing unused output signal $flatten\logic_core.\boot.\power_sequence.$0\state[2:0] [0].
  Removing unused output signal $flatten\logic_core.\boot.\power_sequence.$0\state[2:0] [1].
  Removing unused output signal $flatten\logic_core.\boot.\power_sequence.$0\state[2:0] [2].
Optimizing FSM `$fsm$\logic_core.boot.state$2830' from module `\amiga_board_top'.
  Removing unused output signal $flatten\logic_core.\boot.$0\state[2:0] [0].
  Removing unused output signal $flatten\logic_core.\boot.$0\state[2:0] [1].
  Removing unused output signal $flatten\logic_core.\boot.$0\state[2:0] [2].

19.14.6. Executing FSM_RECODE pass (re-assigning FSM state encoding).
Recoding FSM `$fsm$\logic_core.boot.writer.state$2838' from module `\amiga_board_top' using `auto' encoding:
  mapping auto encoding to `one-hot` for this FSM.
  0000 -> ------------1
  1000 -> -----------1-
  0100 -> ----------1--
  1100 -> ---------1---
  0010 -> --------1----
  1010 -> -------1-----
  0110 -> ------1------
  0001 -> -----1-------
  1001 -> ----1--------
  0101 -> ---1---------
  0011 -> --1----------
  1011 -> -1-----------
  0111 -> 1------------
Recoding FSM `$fsm$\logic_core.clocks.restart.state$2816' from module `\amiga_board_top' using `auto' encoding:
  mapping auto encoding to `one-hot` for this FSM.
  00 -> ---1
  10 -> --1-
  01 -> -1--
  11 -> 1---
Recoding FSM `$fsm$\logic_core.boot.power_sequence.state$2822' from module `\amiga_board_top' using `auto' encoding:
  mapping auto encoding to `one-hot` for this FSM.
  000 -> -----1
  100 -> ----1-
  010 -> ---1--
  001 -> --1---
  101 -> -1----
  011 -> 1-----
Recoding FSM `$fsm$\logic_core.boot.state$2830' from module `\amiga_board_top' using `auto' encoding:
  mapping auto encoding to `one-hot` for this FSM.
  000 -> -----1
  100 -> ----1-
  010 -> ---1--
  001 -> --1---
  101 -> -1----
  011 -> 1-----

19.14.7. Executing FSM_INFO pass (dumping all available information on FSM cells).

FSM `$fsm$\logic_core.boot.writer.state$2838' from module `amiga_board_top':
-------------------------------------

  Information on FSM $fsm$\logic_core.boot.writer.state$2838 (\logic_core.boot.writer.state):

  Number of input signals:    9
  Number of output signals:  13
  Number of state bits:      13

  Input signals:
    0: \logic_core.boot.start
    1: \logic_core.boot.transaction_reset
    2: $flatten\logic_core.\boot.\writer.$eq$rtl/i2c_register_write.sv:100$627_Y
    3: $flatten\logic_core.\boot.\writer.$eq$rtl/i2c_register_write.sv:94$619_Y
    4: $flatten\logic_core.\boot.\writer.$eq$rtl/i2c_register_write.sv:80$602_Y
    5: $flatten\logic_core.\boot.\writer.$logic_and$rtl/i2c_register_write.sv:65$591_Y
    6: $flatten\logic_core.\boot.\writer.$logic_and$rtl/i2c_register_write.sv:55$582_Y
    7: \logic_core.boot.writer.sda_sync
    8: \logic_core.boot.writer.scl_sync

  Output signals:
    0: $flatten\logic_core.\boot.\writer.$procmux$1455_CMP
    1: $flatten\logic_core.\boot.\writer.$procmux$1446_CMP
    2: $flatten\logic_core.\boot.\writer.$procmux$1445_CMP
    3: $flatten\logic_core.\boot.\writer.$procmux$1433_CMP
    4: $flatten\logic_core.\boot.\writer.$procmux$1423_CMP
    5: $flatten\logic_core.\boot.\writer.$procmux$1419_CMP
    6: $flatten\logic_core.\boot.\writer.$procmux$1415_CMP
    7: $flatten\logic_core.\boot.\writer.$procmux$1233_CMP
    8: $flatten\logic_core.\boot.\writer.$procmux$1092_CMP
    9: $flatten\logic_core.\boot.\writer.$eq$rtl/i2c_register_write.sv:33$568_Y
   10: $flatten\logic_core.\boot.\writer.$eq$rtl/i2c_register_write.sv:33$566_Y
   11: $flatten\logic_core.\boot.\writer.$eq$rtl/i2c_register_write.sv:33$564_Y
   12: $flatten\logic_core.\boot.\writer.$eq$rtl/i2c_register_write.sv:33$563_Y

  State encoding:
    0: 13'------------1  <RESET STATE>
    1: 13'-----------1-
    2: 13'----------1--
    3: 13'---------1---
    4: 13'--------1----
    5: 13'-------1-----
    6: 13'------1------
    7: 13'-----1-------
    8: 13'----1--------
    9: 13'---1---------
   10: 13'--1----------
   11: 13'-1-----------
   12: 13'1------------

  Transition Table (state_in, ctrl_in, state_out, ctrl_out):
      0:     0 9'--0----00   ->     0 13'0000000001000
      1:     0 9'--1----0-   ->     0 13'0000000001000
      2:     0 9'-------1-   ->     0 13'0000000001000
      3:     0 9'--0----01   ->     7 13'0000000001000
      4:     1 9'--1----0-   ->     0 13'0000100000000
      5:     1 9'-------1-   ->     0 13'0000100000000
      6:     1 9'--0---00-   ->     1 13'0000100000000
      7:     1 9'-00--110-   ->     8 13'0000100000000
      8:     1 9'-10---10-   ->     8 13'0000100000000
      9:     1 9'-00--010-   ->    10 13'0000100000000
     10:     2 9'--1----0-   ->     0 13'0100000000000
     11:     2 9'-------1-   ->     0 13'0100000000000
     12:     2 9'0-0----0-   ->     2 13'0100000000000
     13:     2 9'1-0----0-   ->     9 13'0100000000000
     14:     3 9'--0---10-   ->     0 13'0000000000100
     15:     3 9'--1----0-   ->     0 13'0000000000100
     16:     3 9'-------1-   ->     0 13'0000000000100
     17:     3 9'--0---00-   ->     3 13'0000000000100
     18:     4 9'--1----0-   ->     0 13'0000000000001
     19:     4 9'-------1-   ->     0 13'0000000000001
     20:     4 9'--0---00-   ->     4 13'0000000000001
     21:     4 9'--0---10-   ->    10 13'0000000000001
     22:     5 9'--1----0-   ->     0 13'0001000000000
     23:     5 9'-------1-   ->     0 13'0001000000000
     24:     5 9'0-0----0-   ->     5 13'0001000000000
     25:     5 9'1-0----0-   ->    11 13'0001000000000
     26:     6 9'--1----0-   ->     0 13'0000000100000
     27:     6 9'-------1-   ->     0 13'0000000100000
     28:     6 9'--0---00-   ->     6 13'0000000100000
     29:     6 9'--0---10-   ->    12 13'0000000100000
     30:     7 9'--1----0-   ->     0 13'1000000000000
     31:     7 9'-------1-   ->     0 13'1000000000000
     32:     7 9'--01--10-   ->     4 13'1000000000000
     33:     7 9'--01--00-   ->     7 13'1000000000000
     34:     7 9'--00---0-   ->     7 13'1000000000000
     35:     8 9'--1----0-   ->     0 13'0000001000000
     36:     8 9'-------1-   ->     0 13'0000001000000
     37:     8 9'--0---10-   ->     5 13'0000001000000
     38:     8 9'--0---00-   ->     8 13'0000001000000
     39:     9 9'--1----0-   ->     0 13'0000010000000
     40:     9 9'-------1-   ->     0 13'0000010000000
     41:     9 9'--0-1-10-   ->     6 13'0000010000000
     42:     9 9'--0---00-   ->     9 13'0000010000000
     43:     9 9'--0-0-10-   ->    10 13'0000010000000
     44:    10 9'--1----0-   ->     0 13'0000000010000
     45:    10 9'-------1-   ->     0 13'0000000010000
     46:    10 9'--0---10-   ->     2 13'0000000010000
     47:    10 9'--0---00-   ->    10 13'0000000010000
     48:    11 9'--1----0-   ->     0 13'0000000000010
     49:    11 9'-------1-   ->     0 13'0000000000010
     50:    11 9'--0---10-   ->     3 13'0000000000010
     51:    11 9'--0---00-   ->    11 13'0000000000010
     52:    12 9'--1----0-   ->     0 13'0010000000000
     53:    12 9'-------1-   ->     0 13'0010000000000
     54:    12 9'1-0----0-   ->     1 13'0010000000000
     55:    12 9'0-0----0-   ->    12 13'0010000000000

-------------------------------------

FSM `$fsm$\logic_core.clocks.restart.state$2816' from module `amiga_board_top':
-------------------------------------

  Information on FSM $fsm$\logic_core.clocks.restart.state$2816 (\logic_core.clocks.restart.state):

  Number of input signals:    7
  Number of output signals:   4
  Number of state bits:       4

  Input signals:
    0: \startup.released [31]
    1: \logic_core.clocks.qualified_ref
    2: $flatten\logic_core.\clocks.\restart.$logic_or$rtl/pll_restart_control.sv:77$559_Y
    3: $flatten\logic_core.\clocks.\restart.$eq$rtl/pll_restart_control.sv:73$555_Y
    4: $flatten\logic_core.\clocks.\restart.$logic_and$rtl/pll_restart_control.sv:72$554_Y
    5: $flatten\logic_core.\clocks.\restart.$eq$rtl/pll_restart_control.sv:67$550_Y
    6: \logic_core.clocks.restart.stable

  Output signals:
    0: $flatten\logic_core.\clocks.\restart.$procmux$1937_CMP
    1: $flatten\logic_core.\clocks.\restart.$procmux$1928_CMP
    2: $flatten\logic_core.\clocks.\restart.$eq$rtl/pll_restart_control.sv:28$524_Y
    3: $flatten\logic_core.\clocks.\restart.$eq$rtl/pll_restart_control.sv:28$522_Y

  State encoding:
    0:     4'---1  <RESET STATE>
    1:     4'--1-
    2:     4'-1--
    3:     4'1---

  Transition Table (state_in, ctrl_in, state_out, ctrl_out):
      0:     0 7'------0   ->     0 4'1000
      1:     0 7'-----01   ->     0 4'1000
      2:     0 7'0----11   ->     0 4'1000
      3:     0 7'1----11   ->     2 4'1000
      4:     1 7'------0   ->     0 4'0001
      5:     1 7'-----01   ->     0 4'0001
      6:     1 7'0----11   ->     0 4'0001
      7:     1 7'1-00-11   ->     1 4'0001
      8:     1 7'1-01-11   ->     2 4'0001
      9:     1 7'1-1--11   ->     3 4'0001
     10:     2 7'------0   ->     0 4'0100
     11:     2 7'-----01   ->     0 4'0100
     12:     2 7'0----11   ->     0 4'0100
     13:     2 7'11---11   ->     1 4'0100
     14:     2 7'10---11   ->     2 4'0100
     15:     3 7'------0   ->     0 4'0010
     16:     3 7'-----01   ->     0 4'0010
     17:     3 7'0----11   ->     0 4'0010
     18:     3 7'1---111   ->     2 4'0010
     19:     3 7'1---011   ->     3 4'0010

-------------------------------------

FSM `$fsm$\logic_core.boot.power_sequence.state$2822' from module `amiga_board_top':
-------------------------------------

  Information on FSM $fsm$\logic_core.boot.power_sequence.state$2822 (\logic_core.boot.power_sequence.state):

  Number of input signals:    7
  Number of output signals:   6
  Number of state bits:       6

  Input signals:
    0: \startup.released [31]
    1: \logic_core.boot.config_done
    2: \logic_core.boot.config_error
    3: $flatten\logic_core.\boot.\power_sequence.$eq$rtl/adc_power_sequence.sv:50$646_Y
    4: $flatten\logic_core.\boot.\power_sequence.$eq$rtl/adc_power_sequence.sv:47$644_Y
    5: $flatten\logic_core.\boot.\power_sequence.$eq$rtl/adc_power_sequence.sv:44$642_Y
    6: \logic_core.boot.power_sequence.pg_sync

  Output signals:
    0: $flatten\logic_core.\boot.\power_sequence.$procmux$1026_CMP
    1: $flatten\logic_core.\boot.\power_sequence.$procmux$1023_CMP
    2: $flatten\logic_core.\boot.\power_sequence.$procmux$1014_CMP
    3: $flatten\logic_core.\boot.\power_sequence.$procmux$1010_CMP
    4: $flatten\logic_core.\boot.\power_sequence.$procmux$1006_CMP
    5: $flatten\logic_core.\boot.\power_sequence.$procmux$1002_CMP

  State encoding:
    0:   6'-----1  <RESET STATE>
    1:   6'----1-
    2:   6'---1--
    3:   6'--1---
    4:   6'-1----
    5:   6'1-----

  Transition Table (state_in, ctrl_in, state_out, ctrl_out):
      0:     0 7'------0   ->     0 6'000100
      1:     0 7'10----1   ->     0 6'000100
      2:     0 7'0-----1   ->     0 6'000100
      3:     0 7'11----1   ->     3 6'000100
      4:     1 7'------0   ->     0 6'000001
      5:     1 7'0-----1   ->     0 6'000001
      6:     1 7'1---0-1   ->     1 6'000001
      7:     1 7'1---1-1   ->     4 6'000001
      8:     2 7'------0   ->     0 6'010000
      9:     2 7'0-----1   ->     0 6'010000
     10:     2 7'1--0--1   ->     2 6'010000
     11:     2 7'1--1--1   ->     5 6'010000
     12:     3 7'------0   ->     0 6'001000
     13:     3 7'0-----1   ->     0 6'001000
     14:     3 7'1-1---1   ->     2 6'001000
     15:     3 7'1-0---1   ->     3 6'001000
     16:     4 7'------0   ->     0 6'000010
     17:     4 7'0-----1   ->     0 6'000010
     18:     4 7'1-----1   ->     4 6'000010
     19:     5 7'------0   ->     0 6'100000
     20:     5 7'0-----1   ->     0 6'100000
     21:     5 7'1---011   ->     1 6'100000
     22:     5 7'1---1-1   ->     4 6'100000
     23:     5 7'1---001   ->     5 6'100000

-------------------------------------

FSM `$fsm$\logic_core.boot.state$2830' from module `amiga_board_top':
-------------------------------------

  Information on FSM $fsm$\logic_core.boot.state$2830 (\logic_core.boot.state):

  Number of input signals:    8
  Number of output signals:   6
  Number of state bits:       6

  Input signals:
    0: \startup.released [31]
    1: \logic_core.boot.transaction_reset
    2: $flatten\logic_core.\boot.$ne$rtl/tvp7002_boot.sv:106$393_Y
    3: $flatten\logic_core.\boot.$eq$rtl/tvp7002_boot.sv:109$394_Y
    4: $flatten\logic_core.\boot.$eq$rtl/tvp7002_boot.sv:112$396_Y
    5: \logic_core.boot.power_sequence.config_allowed
    6: \logic_core.boot.writer.done
    7: \logic_core.boot.writer.busy

  Output signals:
    0: $flatten\logic_core.\boot.$procmux$2405_CMP
    1: $flatten\logic_core.\boot.$procmux$2414_CMP
    2: $flatten\logic_core.\boot.$procmux$2415_CMP
    3: $flatten\logic_core.\boot.$procmux$2416_CMP
    4: $flatten\logic_core.\boot.$procmux$2422_CMP
    5: $flatten\logic_core.\boot.$procmux$2424_CMP

  State encoding:
    0:   6'-----1  <RESET STATE>
    1:   6'----1-
    2:   6'---1--
    3:   6'--1---
    4:   6'-1----
    5:   6'1-----

  Transition Table (state_in, ctrl_in, state_out, ctrl_out):
      0:     0 8'-------0   ->     0 6'100000
      1:     0 8'--0---01   ->     0 6'100000
      2:     0 8'------11   ->     0 6'100000
      3:     0 8'--1---01   ->     3 6'100000
      4:     1 8'-------0   ->     0 6'000100
      5:     1 8'------11   ->     0 6'000100
      6:     1 8'------01   ->     1 6'000100
      7:     2 8'-------0   ->     0 6'010000
      8:     2 8'------11   ->     0 6'010000
      9:     2 8'-0----01   ->     2 6'010000
     10:     2 8'-1--0001   ->     3 6'010000
     11:     2 8'-1---101   ->     4 6'010000
     12:     2 8'-1--1001   ->     5 6'010000
     13:     3 8'-------0   ->     0 6'000001
     14:     3 8'------11   ->     0 6'000001
     15:     3 8'0-----01   ->     2 6'000001
     16:     3 8'1-----01   ->     3 6'000001
     17:     4 8'-------0   ->     0 6'000010
     18:     4 8'------11   ->     0 6'000010
     19:     4 8'------01   ->     4 6'000010
     20:     5 8'-------0   ->     0 6'001000
     21:     5 8'------11   ->     0 6'001000
     22:     5 8'---1--01   ->     1 6'001000
     23:     5 8'---0--01   ->     5 6'001000

-------------------------------------

19.14.8. Executing FSM_MAP pass (mapping FSMs to basic logic).
Mapping FSM `$fsm$\logic_core.boot.writer.state$2838' from module `\amiga_board_top'.
Mapping FSM `$fsm$\logic_core.clocks.restart.state$2816' from module `\amiga_board_top'.
Mapping FSM `$fsm$\logic_core.boot.power_sequence.state$2822' from module `\amiga_board_top'.
Mapping FSM `$fsm$\logic_core.boot.state$2830' from module `\amiga_board_top'.

19.15. Executing OPT pass (performing simple optimizations).

19.15.1. Executing OPT_EXPR pass (perform const folding).
Optimizing module amiga_board_top.
<suppressed ~17 debug messages>

19.15.2. Executing OPT_MERGE pass (detect identical cells).
Finding identical cells in module `\amiga_board_top'.
Computing hashes of 903 cells of `\amiga_board_top'.
Finding duplicate cells in `\amiga_board_top'.
Computing hashes of 883 cells of `\amiga_board_top'.
Finding duplicate cells in `\amiga_board_top'.
<suppressed ~60 debug messages>
Removed a total of 20 cells.

19.15.3. Executing OPT_MUXTREE pass (detect dead branches in mux trees).
Running muxtree optimizer on module \amiga_board_top..
  Creating internal representation of mux trees.
  Evaluating internal representation of mux trees.
  Analyzing evaluation results.
Removed 0 multiplexer ports.
<suppressed ~523 debug messages>

19.15.4. Executing OPT_REDUCE pass (consolidate $*mux and $reduce_* inputs).
  Optimizing cells in module \amiga_board_top.
Performed a total of 0 changes.

19.15.5. Executing OPT_MERGE pass (detect identical cells).
Finding identical cells in module `\amiga_board_top'.
Computing hashes of 883 cells of `\amiga_board_top'.
Finding duplicate cells in `\amiga_board_top'.
Removed a total of 0 cells.

19.15.6. Executing OPT_DFF pass (perform DFF optimizations).
Adding SRST signal on $flatten\logic_core.\video.\front.$procdff$2702 ($dff) from module amiga_board_top (D = { \logic_core.video.front.vs_sync [0] \ADC_VS }, Q = \logic_core.video.front.vs_sync, rval = 2'11).
Adding SRST signal on $flatten\logic_core.\video.\front.$procdff$2701 ($dff) from module amiga_board_top (D = $flatten\logic_core.\video.\front.$procmux$2190_Y, Q = \logic_core.video.front.vs_delay, rval = 5'00000).
Adding EN signal on $auto$ff.cc:337:slice$3163 ($sdff) from module amiga_board_top (D = $flatten\logic_core.\video.\front.$procmux$2187_Y, Q = \logic_core.video.front.vs_delay).
Adding SRST signal on $flatten\logic_core.\video.\front.$procdff$2700 ($dff) from module amiga_board_top (D = $flatten\logic_core.\video.\front.$procmux$2198_Y, Q = \logic_core.video.front.v_age, rval = 21'000000000000000000000).
Adding EN signal on $auto$ff.cc:337:slice$3175 ($sdff) from module amiga_board_top (D = $flatten\logic_core.\video.\front.$add$rtl/stream_sync_frontend.sv:102$465_Y, Q = \logic_core.video.front.v_age).
Adding SRST signal on $flatten\logic_core.\video.\front.$procdff$2699 ($dff) from module amiga_board_top (D = $flatten\logic_core.\video.\front.$add$rtl/stream_sync_frontend.sv:82$454_Y, Q = \logic_core.video.front.vs_count, rval = 3'000).
Adding SRST signal on $flatten\logic_core.\video.\front.$procdff$2698 ($dff) from module amiga_board_top (D = $flatten\logic_core.\video.\front.$procmux$2223_Y, Q = \logic_core.video.front.vs_pending, rval = 1'0).
Adding SRST signal on $flatten\logic_core.\video.\front.$procdff$2697 ($dff) from module amiga_board_top (D = $flatten\logic_core.\video.\front.$procmux$2240_Y, Q = \logic_core.video.front.v_locked, rval = 1'0).
Adding EN signal on $auto$ff.cc:337:slice$3189 ($sdff) from module amiga_board_top (D = $flatten\logic_core.\video.\front.$procmux$2240_Y, Q = \logic_core.video.front.v_locked).
Adding SRST signal on $flatten\logic_core.\video.\front.$procdff$2696 ($dff) from module amiga_board_top (D = $flatten\logic_core.\video.\front.$procmux$2254_Y, Q = \logic_core.video.front.have_vs, rval = 1'0).
Adding SRST signal on $flatten\logic_core.\video.\front.$procdff$2695 ($dff) from module amiga_board_top (D = $flatten\logic_core.\video.\front.$procmux$2266_Y, Q = \logic_core.video.front.vs_level, rval = 1'1).
Adding EN signal on $auto$ff.cc:337:slice$3202 ($sdff) from module amiga_board_top (D = \logic_core.video.front.vs_sync [1], Q = \logic_core.video.front.vs_level).
Adding SRST signal on $flatten\logic_core.\video.\front.$procdff$2694 ($dff) from module amiga_board_top (D = $flatten\logic_core.\video.\front.$procmux$2276_Y, Q = \logic_core.video.front.h_good, rval = 2'00).
Adding EN signal on $auto$ff.cc:337:slice$3208 ($sdff) from module amiga_board_top (D = $flatten\logic_core.\video.\front.$add$rtl/stream_sync_frontend.sv:74$449_Y, Q = \logic_core.video.front.h_good).
Adding SRST signal on $flatten\logic_core.\video.\front.$procdff$2693 ($dff) from module amiga_board_top (D = $flatten\logic_core.\video.\front.$procmux$2284_Y, Q = \logic_core.video.front.h_age, rval = 13'0000000000000).
Adding EN signal on $auto$ff.cc:337:slice$3214 ($sdff) from module amiga_board_top (D = $flatten\logic_core.\video.\front.$add$rtl/stream_sync_frontend.sv:77$451_Y, Q = \logic_core.video.front.h_age).
Adding SRST signal on $flatten\logic_core.\video.\front.$procdff$2692 ($dff) from module amiga_board_top (D = $flatten\logic_core.\video.\front.$procmux$2300_Y, Q = \logic_core.video.front.h_locked, rval = 1'0).
Adding EN signal on $auto$ff.cc:337:slice$3218 ($sdff) from module amiga_board_top (D = 1'1, Q = \logic_core.video.front.h_locked).
Adding SRST signal on $flatten\logic_core.\video.\front.$procdff$2691 ($dff) from module amiga_board_top (D = $flatten\logic_core.\video.\front.$procmux$2312_Y, Q = \logic_core.video.front.have_hs, rval = 1'0).
Adding EN signal on $auto$ff.cc:337:slice$3224 ($sdff) from module amiga_board_top (D = $flatten\logic_core.\video.\front.$procmux$2312_Y, Q = \logic_core.video.front.have_hs).
Adding SRST signal on $flatten\logic_core.\video.\front.$procdff$2690 ($dff) from module amiga_board_top (D = $flatten\logic_core.\video.\front.$procmux$2317_Y, Q = \logic_core.video.front.previous_hs, rval = 1'1).
Adding EN signal on $auto$ff.cc:337:slice$3228 ($sdff) from module amiga_board_top (D = \logic_core.capture.stage2 [24], Q = \logic_core.video.front.previous_hs).
Adding SRST signal on $flatten\logic_core.\boot.\writer.$procdff$2606 ($dff) from module amiga_board_top (D = $flatten\logic_core.\boot.\writer.$procmux$1685_Y [2], Q = \logic_core.boot.writer.error [2], rval = 1'0).
Adding SRST signal on $flatten\logic_core.\boot.\writer.$procdff$2606 ($dff) from module amiga_board_top (D = $flatten\logic_core.\boot.\writer.$procmux$1662_Y [1:0], Q = \logic_core.boot.writer.error [1:0], rval = 2'00).
Adding EN signal on $auto$ff.cc:337:slice$3231 ($sdff) from module amiga_board_top (D = $flatten\logic_core.\boot.\writer.$procmux$1662_Y [1:0], Q = \logic_core.boot.writer.error [1:0]).
Adding EN signal on $auto$ff.cc:337:slice$3230 ($sdff) from module amiga_board_top (D = $flatten\logic_core.\boot.\writer.$procmux$1685_Y [2], Q = \logic_core.boot.writer.error [2]).
Adding SRST signal on $flatten\logic_core.\video.\front.$procdff$2687 ($dff) from module amiga_board_top (D = \logic_core.capture.stage2 [23:0], Q = \logic_core.video.front.rgb_out, rval = 24'000000000000000000000000).
Adding SRST signal on $flatten\logic_core.\video.\front.$procdff$2686 ($dff) from module amiga_board_top (D = $flatten\logic_core.\video.\front.$procmux$2323_Y, Q = \logic_core.video.front.field_start, rval = 1'0).
Adding SRST signal on $flatten\logic_core.\video.\front.$procdff$2685 ($dff) from module amiga_board_top (D = $flatten\logic_core.\video.\front.$procmux$2157_Y, Q = \logic_core.video.front.line_start, rval = 1'0).
Adding SRST signal on $flatten\logic_core.\video.\front.$procdff$2684 ($dff) from module amiga_board_top (D = \logic_core.video.front.sample_ce, Q = \logic_core.video.front.sample_ce_out, rval = 1'0).
Adding SRST signal on $flatten\logic_core.\boot.\writer.$procdff$2604 ($dff) from module amiga_board_top (D = $flatten\logic_core.\boot.\writer.$procmux$1694_Y, Q = \logic_core.boot.writer.busy, rval = 1'0).
Adding EN signal on $auto$ff.cc:337:slice$3270 ($sdff) from module amiga_board_top (D = $flatten\logic_core.\boot.\writer.$procmux$1694_Y, Q = \logic_core.boot.writer.busy).
Adding SRST signal on $flatten\logic_core.\boot.\writer.$procdff$2602 ($dff) from module amiga_board_top (D = $flatten\logic_core.\boot.\writer.$procmux$1785_Y, Q = \logic_core.boot.writer.sda_low, rval = 1'0).
Adding EN signal on $auto$ff.cc:337:slice$3282 ($sdff) from module amiga_board_top (D = $flatten\logic_core.\boot.\writer.$procmux$1785_Y, Q = \logic_core.boot.writer.sda_low).
Adding SRST signal on $flatten\logic_core.\boot.\writer.$procdff$2601 ($dff) from module amiga_board_top (D = $flatten\logic_core.\boot.\writer.$procmux$1833_Y, Q = \logic_core.boot.writer.scl_low, rval = 1'0).
Adding EN signal on $auto$ff.cc:337:slice$3302 ($sdff) from module amiga_board_top (D = $flatten\logic_core.\boot.\writer.$procmux$1833_Y, Q = \logic_core.boot.writer.scl_low).
Adding SRST signal on $flatten\logic_core.\video.\core.\fields.$procdff$2587 ($dff) from module amiga_board_top (D = $flatten\logic_core.\video.\core.\fields.$procmux$941_Y, Q = \logic_core.video.core.fields.vs_n, rval = 1'1).
Adding EN signal on $auto$ff.cc:337:slice$3314 ($sdff) from module amiga_board_top (D = $flatten\logic_core.\video.\core.\fields.$procmux$939_Y, Q = \logic_core.video.core.fields.vs_n).
Adding SRST signal on $flatten\logic_core.\video.\core.\fields.$procdff$2588 ($dff) from module amiga_board_top (D = $flatten\logic_core.\video.\core.\fields.$procmux$879_Y, Q = \logic_core.video.core.fields.frame_start, rval = 1'0).
Adding SRST signal on $flatten\logic_core.\video.\core.\fields.$procdff$2589 ($dff) from module amiga_board_top (D = $flatten\logic_core.\video.\core.\fields.$procmux$930_Y [11:0], Q = \logic_core.video.core.fields.delay_count [11:0], rval = 12'000000000000).
Adding SRST signal on $flatten\logic_core.\video.\core.\fields.$procdff$2589 ($dff) from module amiga_board_top (D = $flatten\logic_core.\video.\core.\fields.$procmux$927_Y [12], Q = \logic_core.video.core.fields.delay_count [12], rval = 1'0).
Adding EN signal on $auto$ff.cc:337:slice$3326 ($sdff) from module amiga_board_top (D = $flatten\logic_core.\video.\core.\fields.$sub$rtl/field_sync.sv:29$653_Y [12], Q = \logic_core.video.core.fields.delay_count [12]).
Adding EN signal on $auto$ff.cc:337:slice$3325 ($sdff) from module amiga_board_top (D = $flatten\logic_core.\video.\core.\fields.$procmux$930_Y [11:0], Q = \logic_core.video.core.fields.delay_count [11:0]).
Adding SRST signal on $flatten\logic_core.\video.\core.\fields.$procdff$2590 ($dff) from module amiga_board_top (D = $flatten\logic_core.\video.\core.\fields.$procmux$919_Y, Q = \logic_core.video.core.fields.delay_active, rval = 1'0).
Adding SRST signal on $flatten\logic_core.\video.\core.\fields.$procdff$2591 ($dff) from module amiga_board_top (D = $flatten\logic_core.\video.\core.\fields.$procmux$908_Y, Q = \logic_core.video.core.fields.pending, rval = 1'0).
Adding SRST signal on $flatten\logic_core.\video.\core.\fields.$procdff$2592 ($dff) from module amiga_board_top (D = $flatten\logic_core.\video.\core.\fields.$procmux$892_Y, Q = \logic_core.video.core.fields.remaining, rval = 0).
Adding EN signal on $auto$ff.cc:337:slice$3341 ($sdff) from module amiga_board_top (D = $flatten\logic_core.\video.\core.\fields.$procmux$890_Y, Q = \logic_core.video.core.fields.remaining).
Adding SRST signal on $flatten\logic_core.\boot.\writer.$procdff$2605 ($dff) from module amiga_board_top (D = $flatten\logic_core.\boot.\writer.$procmux$1459_Y, Q = \logic_core.boot.writer.done, rval = 1'0).
Adding SRST signal on $flatten\logic_core.\video.\core.\lines.$procdff$2567 ($dff) from module amiga_board_top (D = $flatten\logic_core.\video.\core.\lines.$procmux$855_Y, Q = \logic_core.video.core.lines.protocol_error, rval = 1'0).
Adding SRST signal on $flatten\logic_core.\video.\core.\lines.$procdff$2568 ($dff) from module amiga_board_top (D = $flatten\logic_core.\video.\core.\lines.$procmux$734_Y, Q = \logic_core.video.core.lines.out_sol, rval = 1'0).
Adding SRST signal on $flatten\logic_core.\video.\core.\lines.$procdff$2569 ($dff) from module amiga_board_top (D = $flatten\logic_core.\video.\core.\lines.$procmux$838_Y, Q = \logic_core.video.core.lines.out_x, rval = 11'00000000000).
Adding EN signal on $auto$ff.cc:337:slice$3346 ($sdff) from module amiga_board_top (D = $flatten\logic_core.\video.\core.\lines.$procmux$838_Y, Q = \logic_core.video.core.lines.out_x).
Adding SRST signal on $flatten\logic_core.\video.\core.\lines.$procdff$2570 ($dff) from module amiga_board_top (D = $flatten\logic_core.\video.\core.\lines.$procmux$825_Y, Q = \logic_core.video.core.lines.started, rval = 1'0).
Adding EN signal on $auto$ff.cc:337:slice$3356 ($sdff) from module amiga_board_top (D = 1'1, Q = \logic_core.video.core.lines.started).
Adding SRST signal on $flatten\logic_core.\video.\core.\lines.$procdff$2571 ($dff) from module amiga_board_top (D = $flatten\logic_core.\video.\core.\lines.$procmux$747_Y, Q = \logic_core.video.core.lines.pixel_valid, rval = 1'0).
Adding SRST signal on $flatten\logic_core.\video.\core.\lines.$procdff$2572 ($dff) from module amiga_board_top (D = \logic_core.video.front.sample_ce_out, Q = \logic_core.video.core.lines.previous_ce, rval = 1'0).
Adding SRST signal on $flatten\logic_core.\video.\core.\lines.$procdff$2573 ($dff) from module amiga_board_top (D = \logic_core.video.core.lines.ram_write_bank, Q = \logic_core.video.core.lines.write_bank, rval = 1'0).
Adding SRST signal on $flatten\logic_core.\video.\core.\lines.$procdff$2574 ($dff) from module amiga_board_top (D = $flatten\logic_core.\video.\core.\lines.$procmux$810_Y, Q = \logic_core.video.core.lines.read_bank, rval = 1'0).
Adding EN signal on $auto$ff.cc:337:slice$3361 ($sdff) from module amiga_board_top (D = \logic_core.video.core.lines.write_bank, Q = \logic_core.video.core.lines.read_bank).
Adding SRST signal on $flatten\logic_core.\video.\core.\lines.$procdff$2575 ($dff) from module amiga_board_top (D = $flatten\logic_core.\video.\core.\lines.$procmux$801_Y, Q = \logic_core.video.core.lines.reading, rval = 1'0).
Adding SRST signal on $flatten\logic_core.\video.\core.\lines.$procdff$2576 ($dff) from module amiga_board_top (D = $flatten\logic_core.\video.\core.\lines.$procmux$786_Y, Q = \logic_core.video.core.lines.written, rval = 12'000000000000).
Adding EN signal on $auto$ff.cc:337:slice$3366 ($sdff) from module amiga_board_top (D = $flatten\logic_core.\video.\core.\lines.$procmux$786_Y, Q = \logic_core.video.core.lines.written).
Adding SRST signal on $flatten\logic_core.\video.\core.\lines.$procdff$2577 ($dff) from module amiga_board_top (D = $flatten\logic_core.\video.\core.\lines.$procmux$776_Y, Q = \logic_core.video.core.lines.read_x, rval = 11'00000000000).
Adding EN signal on $auto$ff.cc:337:slice$3374 ($sdff) from module amiga_board_top (D = $flatten\logic_core.\video.\core.\lines.$procmux$776_Y, Q = \logic_core.video.core.lines.read_x).
Adding SRST signal on $flatten\logic_core.\video.\core.\lines.$procdff$2578 ($dff) from module amiga_board_top (D = $flatten\logic_core.\video.\core.\lines.$procmux$757_Y, Q = \logic_core.video.core.lines.elapsed, rval = 13'0000000000000).
Adding EN signal on $auto$ff.cc:337:slice$3384 ($sdff) from module amiga_board_top (D = $flatten\logic_core.\video.\core.\lines.$add$rtl/line_double.sv:78$707_Y, Q = \logic_core.video.core.lines.elapsed).
Adding SRST signal on $flatten\logic_core.\video.\core.$procdff$2716 ($dff) from module amiga_board_top (D = \logic_core.video.front.field_start, Q = \logic_core.video.core.field_delayed, rval = 1'0).
Adding SRST signal on $flatten\logic_core.\video.\core.$procdff$2715 ($dff) from module amiga_board_top (D = \logic_core.video.core.lines.out_x, Q = \logic_core.video.core.x1, rval = 11'00000000000).
Adding SRST signal on $flatten\logic_core.\video.\core.$procdff$2714 ($dff) from module amiga_board_top (D = $flatten\logic_core.\video.\core.$procmux$2373_Y, Q = \logic_core.video.core.have_frame, rval = 1'0).
Adding EN signal on $auto$ff.cc:337:slice$3392 ($sdff) from module amiga_board_top (D = 1'1, Q = \logic_core.video.core.have_frame).
Adding SRST signal on $flatten\logic_core.\video.\core.$procdff$2713 ($dff) from module amiga_board_top (D = \logic_core.video.core.lines.out_sol, Q = \logic_core.video.core.sol1, rval = 1'0).
Adding SRST signal on $flatten\logic_core.\video.\core.$procdff$2712 ($dff) from module amiga_board_top (D = \logic_core.video.core.valid1, Q = \logic_core.video.core.valid2, rval = 1'0).
Adding SRST signal on $flatten\logic_core.\video.\core.$procdff$2711 ($dff) from module amiga_board_top (D = \logic_core.video.core.lines.pixel_valid, Q = \logic_core.video.core.valid1, rval = 1'0).
Adding SRST signal on $flatten\logic_core.\video.\core.$procdff$2710 ($dff) from module amiga_board_top (D = \logic_core.video.core.rgb1, Q = \logic_core.video.core.rgb2, rval = 24'000000000000000000000000).
Adding SRST signal on $flatten\logic_core.\video.\core.$procdff$2709 ($dff) from module amiga_board_top (D = $flatten\logic_core.\video.\core.\lines.$ternary$rtl/line_double.sv:43$688_Y, Q = \logic_core.video.core.rgb1, rval = 24'000000000000000000000000).
Adding SRST signal on $flatten\logic_core.\video.\core.$procdff$2708 ($dff) from module amiga_board_top (D = $flatten\logic_core.\video.\core.$procmux$2389_Y, Q = \logic_core.video.core.out_y, rval = 12'000000000000).
Adding EN signal on $auto$ff.cc:337:slice$3405 ($sdff) from module amiga_board_top (D = $flatten\logic_core.\video.\core.$procmux$2386_Y, Q = \logic_core.video.core.out_y).
Adding SRST signal on $flatten\logic_core.\video.\core.$procdff$2707 ($dff) from module amiga_board_top (D = \logic_core.video.core.x1, Q = \logic_core.video.core.out_x, rval = 11'00000000000).
Adding SRST signal on $flatten\logic_core.\video.\core.$procdff$2704 ($dff) from module amiga_board_top (D = \logic_core.video.core.fields.vs_n, Q = \logic_core.video.core.vs_n, rval = 1'1).
Adding SRST signal on $flatten\logic_core.\video.\core.$procdff$2703 ($dff) from module amiga_board_top (D = $flatten\logic_core.\video.\core.$logic_not$rtl/video_core.sv:59$403_Y, Q = \logic_core.video.core.hs_n, rval = 1'1).
Adding EN signal on $flatten\logic_core.\capture.$procdff$2742 ($adff) from module amiga_board_top (D = 1'1, Q = \logic_core.capture.started).
Adding EN signal on $flatten\logic_core.\capture.$procdff$2748 ($adff) from module amiga_board_top (D = $flatten\logic_core.\capture.$logic_not$rtl/adc_rgb_capture.sv:21$369_Y, Q = \logic_core.capture.token).
Adding EN signal on $flatten\logic_core.\capture.$procdff$2745 ($adff) from module amiga_board_top (D = { \ADC_HS \ADC_R \ADC_G \ADC_B }, Q = \logic_core.capture.captured).
Adding SRST signal on $flatten\logic_core.\clocks.\restart.$procdff$2633 ($dff) from module amiga_board_top (D = { \logic_core.clocks.restart.lock_sync [0] \clocks.locked }, Q = \logic_core.clocks.restart.lock_sync, rval = 2'00).
Adding SRST signal on $flatten\logic_core.\clocks.\restart.$procdff$2632 ($dff) from module amiga_board_top (D = { \logic_core.clocks.restart.hb_sync [0] \logic_core.clocks.restart.heartbeat [7] }, Q = \logic_core.clocks.restart.hb_sync, rval = 2'00).
Adding SRST signal on $flatten\logic_core.\clocks.\restart.$procdff$2631 ($dff) from module amiga_board_top (D = $flatten\logic_core.\clocks.\restart.$procmux$2013_Y, Q = \logic_core.clocks.restart.period_last, rval = 8'00000000).
Adding EN signal on $auto$ff.cc:337:slice$3423 ($sdff) from module amiga_board_top (D = $flatten\logic_core.\clocks.\restart.$add$rtl/pll_restart_control.sv:25$503_Y [7:0], Q = \logic_core.clocks.restart.period_last).
Adding SRST signal on $flatten\logic_core.\clocks.\restart.$procdff$2630 ($dff) from module amiga_board_top (D = $flatten\logic_core.\clocks.\restart.$procmux$2027_Y, Q = \logic_core.clocks.restart.stable, rval = 1'0).
Adding EN signal on $auto$ff.cc:337:slice$3425 ($sdff) from module amiga_board_top (D = $flatten\logic_core.\clocks.\restart.$procmux$2027_Y, Q = \logic_core.clocks.restart.stable).
Adding SRST signal on $flatten\logic_core.\clocks.\restart.$procdff$2628 ($dff) from module amiga_board_top (D = $flatten\logic_core.\clocks.\restart.$procmux$2041_Y, Q = \logic_core.clocks.restart.good, rval = 4'0000).
Adding EN signal on $auto$ff.cc:337:slice$3433 ($sdff) from module amiga_board_top (D = $flatten\logic_core.\clocks.\restart.$procmux$2041_Y, Q = \logic_core.clocks.restart.good).
Adding SRST signal on $flatten\logic_core.\clocks.\restart.$procdff$2627 ($dff) from module amiga_board_top (D = { $flatten\logic_core.\clocks.\restart.$add$rtl/pll_restart_control.sv:54$544_Y [6] $flatten\logic_core.\clocks.\restart.$add$rtl/pll_restart_control.sv:54$544_Y [4] $flatten\logic_core.\clocks.\restart.$add$rtl/pll_restart_control.sv:54$544_Y [2] $flatten\logic_core.\clocks.\restart.$add$rtl/pll_restart_control.sv:54$544_Y [0] }, Q = { \logic_core.clocks.restart.age [6] \logic_core.clocks.restart.age [4] \logic_core.clocks.restart.age [2] \logic_core.clocks.restart.age [0] }, rval = 4'0000).
Adding SRST signal on $flatten\logic_core.\clocks.\restart.$procdff$2627 ($dff) from module amiga_board_top (D = { $flatten\logic_core.\clocks.\restart.$procmux$2002_Y [7] $flatten\logic_core.\clocks.\restart.$procmux$2002_Y [5] $flatten\logic_core.\clocks.\restart.$procmux$2002_Y [3] $flatten\logic_core.\clocks.\restart.$procmux$2002_Y [1] }, Q = { \logic_core.clocks.restart.age [7] \logic_core.clocks.restart.age [5] \logic_core.clocks.restart.age [3] \logic_core.clocks.restart.age [1] }, rval = 4'0000).
Adding SRST signal on $flatten\logic_core.\clocks.\restart.$procdff$2626 ($dff) from module amiga_board_top (D = $flatten\logic_core.\clocks.\restart.$procmux$2050_Y, Q = \logic_core.clocks.restart.seen_edge, rval = 1'0).
Adding EN signal on $auto$ff.cc:337:slice$3447 ($sdff) from module amiga_board_top (D = $flatten\logic_core.\clocks.\restart.$procmux$2050_Y, Q = \logic_core.clocks.restart.seen_edge).
Adding SRST signal on $flatten\logic_core.\clocks.\restart.$procdff$2625 ($dff) from module amiga_board_top (D = $flatten\logic_core.\clocks.\restart.$procmux$1978_Y, Q = \logic_core.clocks.restart.count, rval = 19'0000000000000000000).
Adding EN signal on $auto$ff.cc:337:slice$3451 ($sdff) from module amiga_board_top (D = $flatten\logic_core.\clocks.\restart.$procmux$1978_Y, Q = \logic_core.clocks.restart.count).
Adding SRST signal on $flatten\logic_core.\clocks.\restart.$procdff$2624 ($dff) from module amiga_board_top (D = $flatten\logic_core.\clocks.\restart.$procmux$1927_Y, Q = \logic_core.clocks.restart.lock_was_low, rval = 1'0).
Adding EN signal on $auto$ff.cc:337:slice$3461 ($sdff) from module amiga_board_top (D = $flatten\logic_core.\clocks.\restart.$procmux$1927_Y, Q = \logic_core.clocks.restart.lock_was_low).
Adding SRST signal on $flatten\logic_core.\boot.\writer.$procdff$2607 ($dff) from module amiga_board_top (D = $flatten\logic_core.\boot.\writer.$procmux$1606_Y, Q = \logic_core.boot.writer.count, rval = 8'00000000).
Adding EN signal on $auto$ff.cc:337:slice$3471 ($sdff) from module amiga_board_top (D = $flatten\logic_core.\boot.\writer.$procmux$1606_Y, Q = \logic_core.boot.writer.count).
Adding SRST signal on $flatten\logic_core.\boot.\writer.$procdff$2608 ($dff) from module amiga_board_top (D = $flatten\logic_core.\boot.\writer.$procmux$1597_Y, Q = \logic_core.boot.writer.byte_index, rval = 2'00).
Adding EN signal on $auto$ff.cc:337:slice$3483 ($sdff) from module amiga_board_top (D = $flatten\logic_core.\boot.\writer.$procmux$1591_Y, Q = \logic_core.boot.writer.byte_index).
Adding SRST signal on $flatten\logic_core.\boot.\writer.$procdff$2609 ($dff) from module amiga_board_top (D = $flatten\logic_core.\boot.\writer.$procmux$1572_Y, Q = \logic_core.boot.writer.bit_index, rval = 3'111).
Adding EN signal on $auto$ff.cc:337:slice$3499 ($sdff) from module amiga_board_top (D = $flatten\logic_core.\boot.\writer.$procmux$1559_Y, Q = \logic_core.boot.writer.bit_index).
Adding SRST signal on $flatten\logic_core.\boot.\writer.$procdff$2610 ($dff) from module amiga_board_top (D = $flatten\logic_core.\boot.\writer.$procmux$1414_Y, Q = \logic_core.boot.writer.watchdog, rval = 19'0000000000000000000).
Adding SRST signal on $flatten\logic_core.\boot.\writer.$procdff$2611 ($dff) from module amiga_board_top (D = $flatten\logic_core.\boot.\writer.$procmux$1540_Y, Q = \logic_core.boot.writer.bytes[0], rval = 8'00000000).
Adding EN signal on $auto$ff.cc:337:slice$3522 ($sdff) from module amiga_board_top (D = 8'10111000, Q = \logic_core.boot.writer.bytes[0]).
Adding EN signal on $flatten\logic_core.\clocks.\guard.$procdff$2661 ($adff) from module amiga_board_top (D = $flatten\logic_core.\clocks.\guard.$0\healthy[0:0], Q = \logic_core.clocks.guard.healthy).
Adding EN signal on $flatten\logic_core.\clocks.\guard.$procdff$2656 ($adff) from module amiga_board_top (D = $flatten\logic_core.\clocks.\guard.$0\seen_edge[0:0], Q = \logic_core.clocks.guard.seen_edge).
Adding EN signal on $flatten\logic_core.\clocks.\guard.$procdff$2671 ($adff) from module amiga_board_top (D = $flatten\logic_core.\clocks.\guard.$0\good[2:0], Q = \logic_core.clocks.guard.good).
Adding SRST signal on $flatten\logic_core.\boot.\writer.$procdff$2612 ($dff) from module amiga_board_top (D = $flatten\logic_core.\boot.\writer.$procmux$1517_Y, Q = \logic_core.boot.writer.bytes[1], rval = 8'00000000).
Adding EN signal on $auto$ff.cc:337:slice$3545 ($sdff) from module amiga_board_top (D = \logic_core.boot.entry [15:8], Q = \logic_core.boot.writer.bytes[1]).
Adding SRST signal on $flatten\logic_core.\boot.\writer.$procdff$2613 ($dff) from module amiga_board_top (D = $flatten\logic_core.\boot.\writer.$procmux$1494_Y, Q = \logic_core.boot.writer.bytes[2], rval = 8'00000000).
Adding EN signal on $auto$ff.cc:337:slice$3551 ($sdff) from module amiga_board_top (D = \logic_core.boot.entry [7:0], Q = \logic_core.boot.writer.bytes[2]).
Adding SRST signal on $flatten\logic_core.\boot.\writer.$procdff$2618 ($dff) from module amiga_board_top (D = \I2C_SCL, Q = \logic_core.boot.writer.scl_meta, rval = 1'1).
Adding SRST signal on $flatten\logic_core.\boot.\writer.$procdff$2619 ($dff) from module amiga_board_top (D = \logic_core.boot.writer.scl_meta, Q = \logic_core.boot.writer.scl_sync, rval = 1'1).
Adding SRST signal on $flatten\logic_core.\boot.\writer.$procdff$2620 ($dff) from module amiga_board_top (D = \I2C_SDA, Q = \logic_core.boot.writer.sda_meta, rval = 1'1).
Adding SRST signal on $flatten\logic_core.\boot.\writer.$procdff$2621 ($dff) from module amiga_board_top (D = \logic_core.boot.writer.sda_meta, Q = \logic_core.boot.writer.sda_sync, rval = 1'1).
Adding SRST signal on $flatten\logic_core.\boot.$procdff$2720 ($dff) from module amiga_board_top (D = $flatten\logic_core.\boot.$procmux$2480_Y, Q = \logic_core.boot.index, rval = 6'000000).
Adding EN signal on $auto$ff.cc:337:slice$3561 ($sdff) from module amiga_board_top (D = $flatten\logic_core.\boot.$procmux$2480_Y, Q = \logic_core.boot.index).
Adding SRST signal on $flatten\logic_core.\boot.$procdff$2721 ($dff) from module amiga_board_top (D = $flatten\logic_core.\boot.$procmux$2451_Y, Q = \logic_core.boot.wait_count, rval = 20'00000000000000000000).
Adding EN signal on $auto$ff.cc:337:slice$3579 ($sdff) from module amiga_board_top (D = $flatten\logic_core.\boot.$procmux$2451_Y, Q = \logic_core.boot.wait_count).
Adding SRST signal on $flatten\logic_core.\boot.$procdff$2722 ($dff) from module amiga_board_top (D = $flatten\logic_core.\boot.$procmux$2402_Y, Q = \logic_core.boot.start, rval = 1'0).
Adding SRST signal on $flatten\logic_core.\boot.$procdff$2723 ($dff) from module amiga_board_top (D = $flatten\logic_core.\boot.$procmux$2437_Y, Q = \logic_core.boot.config_done, rval = 1'0).
Adding EN signal on $auto$ff.cc:337:slice$3604 ($sdff) from module amiga_board_top (D = 1'1, Q = \logic_core.boot.config_done).
Adding SRST signal on $flatten\logic_core.\boot.$procdff$2724 ($dff) from module amiga_board_top (D = $flatten\logic_core.\boot.$procmux$2413_Y, Q = \logic_core.boot.config_error, rval = 1'0).
Adding EN signal on $auto$ff.cc:337:slice$3612 ($sdff) from module amiga_board_top (D = $flatten\logic_core.\boot.$procmux$2413_Y, Q = \logic_core.boot.config_error).
Adding SRST signal on $flatten\logic_core.\boot.\power_sequence.$procdff$2600 ($dff) from module amiga_board_top (D = \logic_core.boot.power_sequence.pg_meta, Q = \logic_core.boot.power_sequence.pg_sync, rval = 1'0).
Adding SRST signal on $flatten\logic_core.\boot.\power_sequence.$procdff$2599 ($dff) from module amiga_board_top (D = \POWER_GOOD, Q = \logic_core.boot.power_sequence.pg_meta, rval = 1'0).
Adding SRST signal on $flatten\logic_core.\boot.\power_sequence.$procdff$2598 ($dff) from module amiga_board_top (D = $flatten\logic_core.\boot.\power_sequence.$procmux$953_Y, Q = \logic_core.boot.power_sequence.count, rval = 18'000000000000000000).
Adding EN signal on $auto$ff.cc:337:slice$3628 ($sdff) from module amiga_board_top (D = $flatten\logic_core.\boot.\power_sequence.$procmux$953_Y, Q = \logic_core.boot.power_sequence.count).
Adding SRST signal on $flatten\logic_core.\boot.\power_sequence.$procdff$2597 ($dff) from module amiga_board_top (D = $flatten\logic_core.\boot.\power_sequence.$procmux$971_Y, Q = \logic_core.boot.power_sequence.config_allowed, rval = 1'0).
Adding EN signal on $auto$ff.cc:337:slice$3634 ($sdff) from module amiga_board_top (D = $flatten\logic_core.\boot.\power_sequence.$procmux$971_Y, Q = \logic_core.boot.power_sequence.config_allowed).
Adding SRST signal on $flatten\logic_core.\boot.\power_sequence.$procdff$2595 ($dff) from module amiga_board_top (D = $flatten\logic_core.\boot.\power_sequence.$procmux$1022_Y, Q = \logic_core.boot.power_sequence.fault, rval = 1'0).
Adding EN signal on $auto$ff.cc:337:slice$3646 ($sdff) from module amiga_board_top (D = $flatten\logic_core.\boot.\power_sequence.$procmux$1022_Y, Q = \logic_core.boot.power_sequence.fault).
Adding SRST signal on $flatten\logic_core.\boot.\power_sequence.$procdff$2594 ($dff) from module amiga_board_top (D = $flatten\logic_core.\boot.\power_sequence.$procmux$1041_Y, Q = \logic_core.boot.power_sequence.adc_pwdn, rval = 1'1).
Adding EN signal on $auto$ff.cc:337:slice$3656 ($sdff) from module amiga_board_top (D = $flatten\logic_core.\boot.\power_sequence.$procmux$1041_Y, Q = \logic_core.boot.power_sequence.adc_pwdn).
Adding SRST signal on $flatten\logic_core.\boot.\power_sequence.$procdff$2593 ($dff) from module amiga_board_top (D = $flatten\logic_core.\boot.\power_sequence.$procmux$1054_Y, Q = \logic_core.boot.power_sequence.adc_reset_n, rval = 1'0).
Adding EN signal on $auto$ff.cc:337:slice$3666 ($sdff) from module amiga_board_top (D = $flatten\logic_core.\boot.\power_sequence.$procmux$1054_Y, Q = \logic_core.boot.power_sequence.adc_reset_n).
Setting constant 0-bit at position 0 on $auto$ff.cc:337:slice$3523 ($sdffe) from module amiga_board_top.
Setting constant 0-bit at position 1 on $auto$ff.cc:337:slice$3523 ($sdffe) from module amiga_board_top.
Setting constant 0-bit at position 2 on $auto$ff.cc:337:slice$3523 ($sdffe) from module amiga_board_top.
Setting constant 0-bit at position 6 on $auto$ff.cc:337:slice$3523 ($sdffe) from module amiga_board_top.

19.15.7. Executing OPT_CLEAN pass (remove unused cells and wires).
Finding unused cells or wires in module \amiga_board_top..
Removed 165 unused cells and 228 unused wires.
<suppressed ~168 debug messages>

19.15.8. Executing OPT_EXPR pass (perform const folding).
Optimizing module amiga_board_top.
<suppressed ~34 debug messages>

19.15.9. Rerunning OPT passes. (Maybe there is more to do..)

19.15.10. Executing OPT_MUXTREE pass (detect dead branches in mux trees).
Running muxtree optimizer on module \amiga_board_top..
  Creating internal representation of mux trees.
  Evaluating internal representation of mux trees.
  Analyzing evaluation results.
Removed 0 multiplexer ports.
<suppressed ~318 debug messages>

19.15.11. Executing OPT_REDUCE pass (consolidate $*mux and $reduce_* inputs).
  Optimizing cells in module \amiga_board_top.
Performed a total of 0 changes.

19.15.12. Executing OPT_MERGE pass (detect identical cells).
Finding identical cells in module `\amiga_board_top'.
Computing hashes of 908 cells of `\amiga_board_top'.
Finding duplicate cells in `\amiga_board_top'.
Computing hashes of 858 cells of `\amiga_board_top'.
Finding duplicate cells in `\amiga_board_top'.
Computing hashes of 851 cells of `\amiga_board_top'.
Finding duplicate cells in `\amiga_board_top'.
<suppressed ~171 debug messages>
Removed a total of 57 cells.

19.15.13. Executing OPT_DFF pass (perform DFF optimizations).

19.15.14. Executing OPT_CLEAN pass (remove unused cells and wires).
Finding unused cells or wires in module \amiga_board_top..
Removed 0 unused cells and 57 unused wires.
<suppressed ~1 debug messages>

19.15.15. Executing OPT_EXPR pass (perform const folding).
Optimizing module amiga_board_top.

19.15.16. Rerunning OPT passes. (Maybe there is more to do..)

19.15.17. Executing OPT_MUXTREE pass (detect dead branches in mux trees).
Running muxtree optimizer on module \amiga_board_top..
  Creating internal representation of mux trees.
  Evaluating internal representation of mux trees.
  Analyzing evaluation results.
Removed 0 multiplexer ports.
<suppressed ~326 debug messages>

19.15.18. Executing OPT_REDUCE pass (consolidate $*mux and $reduce_* inputs).
  Optimizing cells in module \amiga_board_top.
Performed a total of 0 changes.

19.15.19. Executing OPT_MERGE pass (detect identical cells).
Finding identical cells in module `\amiga_board_top'.
Computing hashes of 851 cells of `\amiga_board_top'.
Finding duplicate cells in `\amiga_board_top'.
Removed a total of 0 cells.

19.15.20. Executing OPT_DFF pass (perform DFF optimizations).

19.15.21. Executing OPT_CLEAN pass (remove unused cells and wires).
Finding unused cells or wires in module \amiga_board_top..

19.15.22. Executing OPT_EXPR pass (perform const folding).
Optimizing module amiga_board_top.

19.15.23. Finished fast OPT passes. (There is nothing left to do.)

19.16. Executing WREDUCE pass (reducing word size of cells).
Removed top 26 address bits (of 32) from memory init port amiga_board_top.$flatten\logic_core.\boot.$auto$mem.cc:351:emit$725 ($flatten\logic_core.\boot.$auto$proc_rom.cc:155:do_switch$723).
Removed top 3 bits (of 4) from FF cell amiga_board_top.$auto$ff.cc:337:slice$3676 ($sdffe).
Removed top 1 bits (of 2) from port B of cell amiga_board_top.$auto$simple.cc:194:make_patterns_logic$3651 ($ne).
Removed top 1 bits (of 2) from port B of cell amiga_board_top.$auto$simple.cc:194:make_patterns_logic$3621 ($ne).
Removed top 1 bits (of 2) from port B of cell amiga_board_top.$auto$simple.cc:194:make_patterns_logic$3590 ($ne).
Removed top 1 bits (of 2) from port B of cell amiga_board_top.$auto$simple.cc:194:make_patterns_logic$3576 ($ne).
Removed top 1 bits (of 2) from port B of cell amiga_board_top.$auto$simple.cc:194:make_patterns_logic$3570 ($ne).
Removed top 1 bits (of 2) from port B of cell amiga_board_top.$auto$simple.cc:194:make_patterns_logic$3478 ($ne).
Removed top 1 bits (of 2) from port B of cell amiga_board_top.$auto$simple.cc:194:make_patterns_logic$3353 ($ne).
Removed top 1 bits (of 2) from port B of cell amiga_board_top.$auto$simple.cc:194:make_patterns_logic$3309 ($ne).
Removed top 1 bits (of 2) from port B of cell amiga_board_top.$auto$simple.cc:194:make_patterns_logic$3307 ($ne).
Removed top 1 bits (of 2) from port B of cell amiga_board_top.$auto$simple.cc:194:make_patterns_logic$3247 ($ne).
Removed top 1 bits (of 2) from port B of cell amiga_board_top.$auto$simple.cc:194:make_patterns_logic$3166 ($ne).
Removed top 2 bits (of 3) from port B of cell amiga_board_top.$auto$fsm_map.cc:77:implement_pattern_cache$3158 ($eq).
Removed top 1 bits (of 2) from port B of cell amiga_board_top.$auto$fsm_map.cc:77:implement_pattern_cache$3149 ($eq).
Removed top 2 bits (of 3) from port B of cell amiga_board_top.$auto$fsm_map.cc:77:implement_pattern_cache$3127 ($eq).
Removed top 2 bits (of 3) from port B of cell amiga_board_top.$auto$fsm_map.cc:77:implement_pattern_cache$3123 ($eq).
Removed top 2 bits (of 3) from port B of cell amiga_board_top.$auto$fsm_map.cc:77:implement_pattern_cache$3107 ($eq).
Removed top 1 bits (of 2) from port B of cell amiga_board_top.$auto$fsm_map.cc:77:implement_pattern_cache$3051 ($eq).
Removed top 1 bits (of 3) from port B of cell amiga_board_top.$auto$fsm_map.cc:77:implement_pattern_cache$3003 ($eq).
Removed top 1 bits (of 2) from port B of cell amiga_board_top.$auto$fsm_map.cc:77:implement_pattern_cache$3001 ($eq).
Removed top 1 bits (of 3) from port B of cell amiga_board_top.$auto$fsm_map.cc:77:implement_pattern_cache$2986 ($eq).
Removed top 2 bits (of 4) from port B of cell amiga_board_top.$auto$fsm_map.cc:77:implement_pattern_cache$2968 ($eq).
Removed top 3 bits (of 5) from port B of cell amiga_board_top.$auto$fsm_map.cc:77:implement_pattern_cache$2964 ($eq).
Removed top 2 bits (of 5) from port B of cell amiga_board_top.$auto$fsm_map.cc:77:implement_pattern_cache$2942 ($eq).
Removed top 1 bits (of 4) from port B of cell amiga_board_top.$auto$fsm_map.cc:77:implement_pattern_cache$2929 ($eq).
Removed top 2 bits (of 3) from port B of cell amiga_board_top.$auto$fsm_map.cc:77:implement_pattern_cache$2925 ($eq).
Removed top 1 bits (of 4) from port B of cell amiga_board_top.$auto$fsm_map.cc:77:implement_pattern_cache$2920 ($eq).
Removed top 1 bits (of 4) from port B of cell amiga_board_top.$auto$fsm_map.cc:77:implement_pattern_cache$2902 ($eq).
Removed top 11 bits (of 32) from port B of cell amiga_board_top.$flatten\logic_core.\video.\front.$ge$rtl/stream_sync_frontend.sv:100$464 ($ge).
Removed top 11 bits (of 32) from port B of cell amiga_board_top.$flatten\logic_core.\video.\front.$le$rtl/stream_sync_frontend.sv:90$462 ($le).
Removed top 12 bits (of 32) from port B of cell amiga_board_top.$flatten\logic_core.\video.\front.$ge$rtl/stream_sync_frontend.sv:90$459 ($ge).
Removed top 31 bits (of 32) from port B of cell amiga_board_top.$flatten\logic_core.\video.\front.$add$rtl/stream_sync_frontend.sv:90$458 ($add).
Removed top 10 bits (of 32) from port Y of cell amiga_board_top.$flatten\logic_core.\video.\front.$add$rtl/stream_sync_frontend.sv:90$458 ($add).
Removed top 30 bits (of 32) from port B of cell amiga_board_top.$flatten\logic_core.\video.\front.$ge$rtl/stream_sync_frontend.sv:75$450 ($ge).
Removed top 30 bits (of 32) from port B of cell amiga_board_top.$flatten\logic_core.\video.\front.$lt$rtl/stream_sync_frontend.sv:74$448 ($lt).
Removed top 1 bits (of 3) from port B of cell amiga_board_top.$flatten\logic_core.\video.\front.$eq$rtl/stream_sync_frontend.sv:39$436 ($eq).
Removed top 20 bits (of 32) from port B of cell amiga_board_top.$flatten\logic_core.\video.\front.$ge$rtl/stream_sync_frontend.sv:38$430 ($ge).
Removed top 1 bits (of 13) from port B of cell amiga_board_top.$flatten\logic_core.\video.\front.$ne$rtl/stream_sync_frontend.sv:37$427 ($ne).
Removed top 30 bits (of 32) from port B of cell amiga_board_top.$flatten\logic_core.\video.\core.\fields.$gt$rtl/field_sync.sv:36$655 ($gt).
Removed top 30 bits (of 32) from port B of cell amiga_board_top.$flatten\logic_core.\video.\core.\fields.$sub$rtl/field_sync.sv:36$656 ($sub).
Removed top 1 bits (of 13) from mux cell amiga_board_top.$flatten\logic_core.\video.\core.\fields.$procmux$930 ($mux).
Removed top 1 bits (of 13) from port B of cell amiga_board_top.$flatten\logic_core.\video.\core.\lines.$eq$rtl/line_double.sv:66$696 ($eq).
Removed top 31 bits (of 32) from mux cell amiga_board_top.$flatten\logic_core.\video.\core.\lines.$ternary$rtl/line_double.sv:76$705 ($mux).
Removed top 19 bits (of 32) from port B of cell amiga_board_top.$flatten\logic_core.\video.\core.\lines.$lt$rtl/line_double.sv:78$706 ($lt).
Removed top 20 bits (of 32) from port B of cell amiga_board_top.$flatten\logic_core.\video.\core.\lines.$lt$rtl/line_double.sv:79$708 ($lt).
Removed top 20 bits (of 32) from port B of cell amiga_board_top.$flatten\logic_core.\video.\core.\lines.$lt$rtl/line_double.sv:82$713 ($lt).
Removed top 20 bits (of 32) from port B of cell amiga_board_top.$flatten\logic_core.\video.\core.\lines.$ge$rtl/line_double.sv:88$720 ($ge).
Removed top 22 bits (of 32) from port B of cell amiga_board_top.$flatten\logic_core.\video.\core.$lt$rtl/video_core.sv:70$418 ($lt).
Removed top 28 bits (of 32) from port B of cell amiga_board_top.$flatten\logic_core.\video.\core.$ge$rtl/video_core.sv:70$416 ($ge).
Removed top 21 bits (of 32) from port B of cell amiga_board_top.$flatten\logic_core.\video.\core.$lt$rtl/video_core.sv:70$414 ($lt).
Removed top 29 bits (of 32) from port B of cell amiga_board_top.$flatten\logic_core.\video.\core.$ge$rtl/video_core.sv:70$412 ($ge).
Removed top 29 bits (of 32) from port B of cell amiga_board_top.$flatten\logic_core.\video.\core.$lt$rtl/video_core.sv:59$401 ($lt).
Removed top 10 bits (of 19) from port B of cell amiga_board_top.$flatten\logic_core.\clocks.\restart.$eq$rtl/pll_restart_control.sv:67$550 ($eq).
Removed top 24 bits (of 32) from port B of cell amiga_board_top.$flatten\logic_core.\clocks.\restart.$ge$rtl/pll_restart_control.sv:53$543 ($ge).
Removed top 29 bits (of 32) from port B of cell amiga_board_top.$flatten\logic_core.\clocks.\restart.$ge$rtl/pll_restart_control.sv:51$542 ($ge).
Removed top 28 bits (of 32) from port B of cell amiga_board_top.$flatten\logic_core.\clocks.\restart.$lt$rtl/pll_restart_control.sv:50$540 ($lt).
Removed top 30 bits (of 32) from port B of cell amiga_board_top.$flatten\logic_core.\clocks.\restart.$add$rtl/pll_restart_control.sv:26$512 ($add).
Removed top 23 bits (of 32) from port Y of cell amiga_board_top.$flatten\logic_core.\clocks.\restart.$add$rtl/pll_restart_control.sv:26$512 ($add).
Removed top 30 bits (of 32) from port B of cell amiga_board_top.$flatten\logic_core.\clocks.\restart.$add$rtl/pll_restart_control.sv:26$509 ($add).
Removed top 24 bits (of 32) from port B of cell amiga_board_top.$flatten\logic_core.\clocks.\restart.$le$rtl/pll_restart_control.sv:25$506 ($le).
Removed top 25 bits (of 32) from port B of cell amiga_board_top.$flatten\logic_core.\clocks.\restart.$ge$rtl/pll_restart_control.sv:25$504 ($ge).
Removed top 31 bits (of 32) from port B of cell amiga_board_top.$flatten\logic_core.\clocks.\restart.$add$rtl/pll_restart_control.sv:25$503 ($add).
Removed top 23 bits (of 32) from port Y of cell amiga_board_top.$flatten\logic_core.\clocks.\restart.$add$rtl/pll_restart_control.sv:25$503 ($add).
Removed top 25 bits (of 32) from port B of cell amiga_board_top.$flatten\logic_core.\clocks.\guard.$ge$rtl/video_clock_guard.sv:59$490 ($ge).
Removed top 30 bits (of 32) from port B of cell amiga_board_top.$flatten\logic_core.\clocks.\guard.$ge$rtl/video_clock_guard.sv:57$489 ($ge).
Removed top 29 bits (of 32) from port B of cell amiga_board_top.$flatten\logic_core.\clocks.\guard.$lt$rtl/video_clock_guard.sv:56$487 ($lt).
Removed top 25 bits (of 32) from port B of cell amiga_board_top.$flatten\logic_core.\clocks.\guard.$le$rtl/video_clock_guard.sv:55$485 ($le).
Removed top 26 bits (of 32) from port B of cell amiga_board_top.$flatten\logic_core.\clocks.\guard.$ge$rtl/video_clock_guard.sv:55$482 ($ge).
Removed top 31 bits (of 32) from port B of cell amiga_board_top.$flatten\logic_core.\clocks.\guard.$add$rtl/video_clock_guard.sv:55$481 ($add).
Removed top 24 bits (of 32) from port Y of cell amiga_board_top.$flatten\logic_core.\clocks.\guard.$add$rtl/video_clock_guard.sv:55$481 ($add).
Removed top 3 bits (of 18) from port B of cell amiga_board_top.$flatten\logic_core.\boot.\power_sequence.$eq$rtl/adc_power_sequence.sv:50$646 ($eq).
Removed top 9 bits (of 18) from port B of cell amiga_board_top.$flatten\logic_core.\boot.\power_sequence.$eq$rtl/adc_power_sequence.sv:47$644 ($eq).
Removed top 1 bits (of 2) from port B of cell amiga_board_top.$flatten\logic_core.\boot.\writer.$procmux$1225_CMP0 ($eq).
Removed top 1 bits (of 2) from port B of cell amiga_board_top.$flatten\logic_core.\boot.\writer.$procmux$1081_CMP0 ($eq).
Removed top 1 bits (of 3) from port A of cell amiga_board_top.$flatten\logic_core.\boot.\writer.$add$rtl/i2c_register_write.sv:93$618 ($add).
Removed top 2 bits (of 3) from port B of cell amiga_board_top.$flatten\logic_core.\boot.\writer.$add$rtl/i2c_register_write.sv:93$618 ($add).
Removed top 1 bits (of 13) from mux cell amiga_board_top.$flatten\logic_core.\video.\core.\fields.$procmux$927 ($mux).
Removed top 1 bits (of 13) from mux cell amiga_board_top.$flatten\logic_core.\video.\core.\fields.$procmux$925 ($mux).
Removed top 23 bits (of 32) from wire amiga_board_top.$flatten\logic_core.\clocks.\restart.$add$rtl/pll_restart_control.sv:26$512_Y.
Removed top 23 bits (of 32) from wire amiga_board_top.$flatten\logic_core.\clocks.\restart.$add$rtl/pll_restart_control.sv:25$503_Y.
Removed top 24 bits (of 32) from wire amiga_board_top.$flatten\logic_core.\clocks.\guard.$add$rtl/video_clock_guard.sv:55$481_Y.
Removed top 31 bits (of 32) from wire amiga_board_top.$flatten\logic_core.\video.\core.\lines.$ternary$rtl/line_double.sv:76$705_Y.
Removed top 1 bits (of 13) from wire amiga_board_top.$flatten\logic_core.\video.\core.\fields.$procmux$930_Y.
Removed top 1 bits (of 13) from wire amiga_board_top.$flatten\logic_core.\video.\core.\fields.$procmux$927_Y.
Removed top 1 bits (of 13) from wire amiga_board_top.$flatten\logic_core.\video.\core.\fields.$procmux$925_Y.
Removed top 10 bits (of 32) from wire amiga_board_top.$flatten\logic_core.\video.\front.$add$rtl/stream_sync_frontend.sv:90$458_Y.

19.17. Executing PEEPOPT pass (run peephole optimizers).

19.18. Executing OPT_CLEAN pass (remove unused cells and wires).
Finding unused cells or wires in module \amiga_board_top..
Removed 0 unused cells and 8 unused wires.
<suppressed ~1 debug messages>

19.19. Executing SHARE pass (SAT-based resource sharing).

19.20. Executing TECHMAP pass (map to technology primitives).

19.20.1. Executing Verilog-2005 frontend: C:\Users\zanac2\Documents\Codex\2026-09-08\m\work\tools\pnr_v015\oss-cad-suite\bin\../share/yosys/mul2dsp.v
Parsing Verilog input from `C:\Users\zanac2\Documents\Codex\2026-09-08\m\work\tools\pnr_v015\oss-cad-suite\bin\../share/yosys/mul2dsp.v' to AST representation.
Generating RTLIL representation for module `\_80_mul'.
Generating RTLIL representation for module `\_90_soft_mul'.
Successfully finished Verilog frontend.

19.20.2. Continuing TECHMAP pass.
No more expansions possible.
<suppressed ~4 debug messages>

19.21. Executing TECHMAP pass (map to technology primitives).

19.21.1. Executing Verilog-2005 frontend: C:\Users\zanac2\Documents\Codex\2026-09-08\m\work\tools\pnr_v015\oss-cad-suite\bin\../share/yosys/mul2dsp.v
Parsing Verilog input from `C:\Users\zanac2\Documents\Codex\2026-09-08\m\work\tools\pnr_v015\oss-cad-suite\bin\../share/yosys/mul2dsp.v' to AST representation.
Generating RTLIL representation for module `\_80_mul'.
Generating RTLIL representation for module `\_90_soft_mul'.
Successfully finished Verilog frontend.

19.21.2. Continuing TECHMAP pass.
No more expansions possible.
<suppressed ~4 debug messages>

19.22. Executing TECHMAP pass (map to technology primitives).

19.22.1. Executing Verilog-2005 frontend: C:\Users\zanac2\Documents\Codex\2026-09-08\m\work\tools\pnr_v015\oss-cad-suite\bin\../share/yosys/mul2dsp.v
Parsing Verilog input from `C:\Users\zanac2\Documents\Codex\2026-09-08\m\work\tools\pnr_v015\oss-cad-suite\bin\../share/yosys/mul2dsp.v' to AST representation.
Generating RTLIL representation for module `\_80_mul'.
Generating RTLIL representation for module `\_90_soft_mul'.
Successfully finished Verilog frontend.

19.22.2. Continuing TECHMAP pass.
No more expansions possible.
<suppressed ~4 debug messages>

19.23. Executing TECHMAP pass (map to technology primitives).

19.23.1. Executing Verilog-2005 frontend: C:\Users\zanac2\Documents\Codex\2026-09-08\m\work\tools\pnr_v015\oss-cad-suite\bin\../share/yosys/mul2dsp.v
Parsing Verilog input from `C:\Users\zanac2\Documents\Codex\2026-09-08\m\work\tools\pnr_v015\oss-cad-suite\bin\../share/yosys/mul2dsp.v' to AST representation.
Generating RTLIL representation for module `\_80_mul'.
Generating RTLIL representation for module `\_90_soft_mul'.
Successfully finished Verilog frontend.

19.23.2. Continuing TECHMAP pass.
No more expansions possible.
<suppressed ~4 debug messages>

19.24. Executing TECHMAP pass (map to technology primitives).

19.24.1. Executing Verilog-2005 frontend: C:\Users\zanac2\Documents\Codex\2026-09-08\m\work\tools\pnr_v015\oss-cad-suite\bin\../share/yosys/gowin/dsp_map.v
Parsing Verilog input from `C:\Users\zanac2\Documents\Codex\2026-09-08\m\work\tools\pnr_v015\oss-cad-suite\bin\../share/yosys/gowin/dsp_map.v' to AST representation.
Generating RTLIL representation for module `$__MUL9X9'.
Generating RTLIL representation for module `$__MUL18X18'.
Generating RTLIL representation for module `$__MUL36X36'.
Successfully finished Verilog frontend.

19.24.2. Continuing TECHMAP pass.
No more expansions possible.
<suppressed ~5 debug messages>

19.25. Executing ALUMACC pass (create $alu and $macc cells).
Extracting $alu and $macc cells in module amiga_board_top:
  creating $macc model for $flatten\logic_core.\boot.$add$rtl/tvp7002_boot.sv:114$397 ($add).
  creating $macc model for $flatten\logic_core.\boot.$add$rtl/tvp7002_boot.sv:110$395 ($add).
  creating $macc model for $flatten\logic_core.\clocks.\guard.$add$rtl/video_clock_guard.sv:55$481 ($add).
  creating $macc model for $flatten\logic_core.\clocks.\guard.$add$rtl/video_clock_guard.sv:56$488 ($add).
  creating $macc model for $flatten\logic_core.\clocks.\guard.$add$rtl/video_clock_guard.sv:61$491 ($add).
  creating $macc model for $flatten\logic_core.\clocks.\restart.$add$rtl/pll_restart_control.sv:25$503 ($add).
  creating $macc model for $flatten\logic_core.\clocks.\restart.$add$rtl/pll_restart_control.sv:26$509 ($add).
  creating $macc model for $flatten\logic_core.\clocks.\restart.$add$rtl/pll_restart_control.sv:26$512 ($add).
  creating $macc model for $flatten\logic_core.\clocks.\restart.$add$rtl/pll_restart_control.sv:37$530 ($add).
  creating $macc model for $flatten\logic_core.\clocks.\restart.$add$rtl/pll_restart_control.sv:50$541 ($add).
  creating $macc model for $flatten\logic_core.\clocks.\restart.$add$rtl/pll_restart_control.sv:54$544 ($add).
  creating $macc model for $flatten\logic_core.\boot.\writer.$add$rtl/i2c_register_write.sv:109$632 ($add).
  creating $macc model for $flatten\logic_core.\clocks.\restart.$add$rtl/pll_restart_control.sv:68$551 ($add).
  creating $macc model for $flatten\logic_core.\boot.\writer.$add$rtl/i2c_register_write.sv:97$623 ($add).
  creating $macc model for $flatten\logic_core.\boot.\writer.$add$rtl/i2c_register_write.sv:93$618 ($add).
  creating $macc model for $flatten\logic_core.\boot.\writer.$sub$rtl/i2c_register_write.sv:83$607 ($sub).
  creating $macc model for $flatten\logic_core.\boot.\power_sequence.$add$rtl/adc_power_sequence.sv:46$643 ($add).
  creating $macc model for $flatten\logic_core.\clocks.\guard.$add$rtl/video_clock_guard.sv:29$470 ($add).
  creating $macc model for $flatten\logic_core.\video.\core.$add$rtl/video_core.sv:65$406 ($add).
  creating $macc model for $flatten\logic_core.\video.\core.\lines.$add$rtl/line_double.sv:86$719 ($add).
  creating $macc model for $flatten\logic_core.\video.\core.\lines.$add$rtl/line_double.sv:80$710 ($add).
  creating $macc model for $flatten\logic_core.\video.\core.\lines.$add$rtl/line_double.sv:78$707 ($add).
  creating $macc model for $flatten\logic_core.\video.\core.\fields.$sub$rtl/field_sync.sv:36$656 ($sub).
  creating $macc model for $flatten\logic_core.\video.\core.\fields.$sub$rtl/field_sync.sv:29$653 ($sub).
  creating $macc model for $flatten\logic_core.\video.\front.$add$rtl/stream_sync_frontend.sv:74$449 ($add).
  creating $macc model for $flatten\logic_core.\video.\front.$add$rtl/stream_sync_frontend.sv:77$451 ($add).
  creating $macc model for $flatten\logic_core.\video.\front.$add$rtl/stream_sync_frontend.sv:82$454 ($add).
  creating $macc model for $flatten\logic_core.\video.\front.$add$rtl/stream_sync_frontend.sv:90$458 ($add).
  creating $macc model for $flatten\logic_core.\video.\front.$add$rtl/stream_sync_frontend.sv:102$465 ($add).
  creating $macc model for $flatten\logic_core.\video.\front.$sub$rtl/stream_sync_frontend.sv:106$467 ($sub).
  creating $macc model for $flatten\logic_core.\boot.\writer.$add$rtl/i2c_register_write.sv:53$580 ($add).
  creating $alu model for $macc $flatten\logic_core.\boot.\writer.$add$rtl/i2c_register_write.sv:53$580.
  creating $alu model for $macc $flatten\logic_core.\video.\front.$sub$rtl/stream_sync_frontend.sv:106$467.
  creating $alu model for $macc $flatten\logic_core.\video.\front.$add$rtl/stream_sync_frontend.sv:102$465.
  creating $alu model for $macc $flatten\logic_core.\video.\front.$add$rtl/stream_sync_frontend.sv:90$458.
  creating $alu model for $macc $flatten\logic_core.\video.\front.$add$rtl/stream_sync_frontend.sv:82$454.
  creating $alu model for $macc $flatten\logic_core.\video.\front.$add$rtl/stream_sync_frontend.sv:77$451.
  creating $alu model for $macc $flatten\logic_core.\video.\front.$add$rtl/stream_sync_frontend.sv:74$449.
  creating $alu model for $macc $flatten\logic_core.\video.\core.\fields.$sub$rtl/field_sync.sv:29$653.
  creating $alu model for $macc $flatten\logic_core.\video.\core.\fields.$sub$rtl/field_sync.sv:36$656.
  creating $alu model for $macc $flatten\logic_core.\video.\core.\lines.$add$rtl/line_double.sv:78$707.
  creating $alu model for $macc $flatten\logic_core.\video.\core.\lines.$add$rtl/line_double.sv:80$710.
  creating $alu model for $macc $flatten\logic_core.\video.\core.\lines.$add$rtl/line_double.sv:86$719.
  creating $alu model for $macc $flatten\logic_core.\video.\core.$add$rtl/video_core.sv:65$406.
  creating $alu model for $macc $flatten\logic_core.\clocks.\guard.$add$rtl/video_clock_guard.sv:29$470.
  creating $alu model for $macc $flatten\logic_core.\boot.\power_sequence.$add$rtl/adc_power_sequence.sv:46$643.
  creating $alu model for $macc $flatten\logic_core.\boot.\writer.$sub$rtl/i2c_register_write.sv:83$607.
  creating $alu model for $macc $flatten\logic_core.\boot.\writer.$add$rtl/i2c_register_write.sv:93$618.
  creating $alu model for $macc $flatten\logic_core.\boot.\writer.$add$rtl/i2c_register_write.sv:97$623.
  creating $alu model for $macc $flatten\logic_core.\clocks.\restart.$add$rtl/pll_restart_control.sv:68$551.
  creating $alu model for $macc $flatten\logic_core.\boot.\writer.$add$rtl/i2c_register_write.sv:109$632.
  creating $alu model for $macc $flatten\logic_core.\clocks.\restart.$add$rtl/pll_restart_control.sv:54$544.
  creating $alu model for $macc $flatten\logic_core.\clocks.\restart.$add$rtl/pll_restart_control.sv:50$541.
  creating $alu model for $macc $flatten\logic_core.\clocks.\restart.$add$rtl/pll_restart_control.sv:37$530.
  creating $alu model for $macc $flatten\logic_core.\clocks.\restart.$add$rtl/pll_restart_control.sv:26$512.
  creating $alu model for $macc $flatten\logic_core.\clocks.\restart.$add$rtl/pll_restart_control.sv:26$509.
  creating $alu model for $macc $flatten\logic_core.\clocks.\restart.$add$rtl/pll_restart_control.sv:25$503.
  creating $alu model for $macc $flatten\logic_core.\clocks.\guard.$add$rtl/video_clock_guard.sv:61$491.
  creating $alu model for $macc $flatten\logic_core.\clocks.\guard.$add$rtl/video_clock_guard.sv:56$488.
  creating $alu model for $macc $flatten\logic_core.\clocks.\guard.$add$rtl/video_clock_guard.sv:55$481.
  creating $alu model for $macc $flatten\logic_core.\boot.$add$rtl/tvp7002_boot.sv:110$395.
  creating $alu model for $macc $flatten\logic_core.\boot.$add$rtl/tvp7002_boot.sv:114$397.
  creating $alu model for $flatten\logic_core.\clocks.\guard.$ge$rtl/video_clock_guard.sv:55$482 ($ge): new $alu
  creating $alu model for $flatten\logic_core.\clocks.\guard.$le$rtl/video_clock_guard.sv:55$485 ($le): new $alu
  creating $alu model for $flatten\logic_core.\clocks.\guard.$lt$rtl/video_clock_guard.sv:56$487 ($lt): new $alu
  creating $alu model for $flatten\logic_core.\clocks.\guard.$ge$rtl/video_clock_guard.sv:57$489 ($ge): new $alu
  creating $alu model for $flatten\logic_core.\clocks.\guard.$ge$rtl/video_clock_guard.sv:59$490 ($ge): new $alu
  creating $alu model for $flatten\logic_core.\clocks.\restart.$ge$rtl/pll_restart_control.sv:25$504 ($ge): new $alu
  creating $alu model for $flatten\logic_core.\clocks.\restart.$le$rtl/pll_restart_control.sv:25$506 ($le): new $alu
  creating $alu model for $flatten\logic_core.\clocks.\restart.$ge$rtl/pll_restart_control.sv:26$510 ($ge): new $alu
  creating $alu model for $flatten\logic_core.\clocks.\restart.$le$rtl/pll_restart_control.sv:26$513 ($le): new $alu
  creating $alu model for $flatten\logic_core.\clocks.\restart.$lt$rtl/pll_restart_control.sv:50$540 ($lt): new $alu
  creating $alu model for $flatten\logic_core.\clocks.\restart.$ge$rtl/pll_restart_control.sv:51$542 ($ge): new $alu
  creating $alu model for $flatten\logic_core.\clocks.\restart.$ge$rtl/pll_restart_control.sv:53$543 ($ge): new $alu
  creating $alu model for $flatten\logic_core.\video.\core.$lt$rtl/video_core.sv:59$401 ($lt): new $alu
  creating $alu model for $flatten\logic_core.\video.\core.$ge$rtl/video_core.sv:70$412 ($ge): new $alu
  creating $alu model for $flatten\logic_core.\video.\core.$lt$rtl/video_core.sv:70$414 ($lt): new $alu
  creating $alu model for $flatten\logic_core.\video.\core.$ge$rtl/video_core.sv:70$416 ($ge): new $alu
  creating $alu model for $flatten\logic_core.\video.\core.$lt$rtl/video_core.sv:70$418 ($lt): new $alu
  creating $alu model for $flatten\logic_core.\video.\core.\lines.$ge$rtl/line_double.sv:88$720 ($ge): new $alu
  creating $alu model for $flatten\logic_core.\video.\core.\lines.$lt$rtl/line_double.sv:82$713 ($lt): merged with $flatten\logic_core.\video.\core.\lines.$ge$rtl/line_double.sv:88$720.
  creating $alu model for $flatten\logic_core.\video.\core.\lines.$lt$rtl/line_double.sv:79$708 ($lt): new $alu
  creating $alu model for $flatten\logic_core.\video.\core.\lines.$lt$rtl/line_double.sv:78$706 ($lt): new $alu
  creating $alu model for $flatten\logic_core.\video.\core.\fields.$gt$rtl/field_sync.sv:36$655 ($gt): merged with $flatten\logic_core.\video.\core.\fields.$sub$rtl/field_sync.sv:36$656.
  creating $alu model for $flatten\logic_core.\video.\front.$ge$rtl/stream_sync_frontend.sv:38$430 ($ge): new $alu
  creating $alu model for $flatten\logic_core.\video.\front.$lt$rtl/stream_sync_frontend.sv:74$448 ($lt): new $alu
  creating $alu model for $flatten\logic_core.\video.\front.$ge$rtl/stream_sync_frontend.sv:75$450 ($ge): new $alu
  creating $alu model for $flatten\logic_core.\video.\front.$ge$rtl/stream_sync_frontend.sv:90$459 ($ge): new $alu
  creating $alu model for $flatten\logic_core.\video.\front.$le$rtl/stream_sync_frontend.sv:90$462 ($le): new $alu
  creating $alu model for $flatten\logic_core.\video.\front.$ge$rtl/stream_sync_frontend.sv:100$464 ($ge): new $alu
  creating $alu model for $flatten\logic_core.\video.\core.\lines.$eq$rtl/line_double.sv:66$696 ($eq): merged with $flatten\logic_core.\video.\core.\lines.$ge$rtl/line_double.sv:88$720.
  creating $alu model for $flatten\logic_core.\video.\core.\lines.$eq$rtl/line_double.sv:65$694 ($eq): merged with $flatten\logic_core.\video.\core.\lines.$lt$rtl/line_double.sv:79$708.
  creating $alu model for $flatten\logic_core.\video.\front.$ne$rtl/stream_sync_frontend.sv:37$427 ($ne): merged with $flatten\logic_core.\video.\front.$ge$rtl/stream_sync_frontend.sv:38$430.
  creating $alu cell for $flatten\logic_core.\video.\front.$ge$rtl/stream_sync_frontend.sv:100$464: $auto$alumacc.cc:548:replace_alu$3711
  creating $alu cell for $flatten\logic_core.\video.\front.$le$rtl/stream_sync_frontend.sv:90$462: $auto$alumacc.cc:548:replace_alu$3724
  creating $alu cell for $flatten\logic_core.\video.\front.$ge$rtl/stream_sync_frontend.sv:90$459: $auto$alumacc.cc:548:replace_alu$3733
  creating $alu cell for $flatten\logic_core.\video.\front.$ge$rtl/stream_sync_frontend.sv:75$450: $auto$alumacc.cc:548:replace_alu$3746
  creating $alu cell for $flatten\logic_core.\video.\front.$lt$rtl/stream_sync_frontend.sv:74$448: $auto$alumacc.cc:548:replace_alu$3759
  creating $alu cell for $flatten\logic_core.\video.\front.$ge$rtl/stream_sync_frontend.sv:38$430, $flatten\logic_core.\video.\front.$ne$rtl/stream_sync_frontend.sv:37$427: $auto$alumacc.cc:548:replace_alu$3764
  creating $alu cell for $flatten\logic_core.\video.\core.\lines.$lt$rtl/line_double.sv:78$706: $auto$alumacc.cc:548:replace_alu$3779
  creating $alu cell for $flatten\logic_core.\video.\core.\lines.$lt$rtl/line_double.sv:79$708, $flatten\logic_core.\video.\core.\lines.$eq$rtl/line_double.sv:65$694: $auto$alumacc.cc:548:replace_alu$3784
  creating $alu cell for $flatten\logic_core.\video.\core.\lines.$ge$rtl/line_double.sv:88$720, $flatten\logic_core.\video.\core.\lines.$lt$rtl/line_double.sv:82$713, $flatten\logic_core.\video.\core.\lines.$eq$rtl/line_double.sv:66$696: $auto$alumacc.cc:548:replace_alu$3791
  creating $alu cell for $flatten\logic_core.\video.\core.$lt$rtl/video_core.sv:70$418: $auto$alumacc.cc:548:replace_alu$3804
  creating $alu cell for $flatten\logic_core.\video.\core.$ge$rtl/video_core.sv:70$416: $auto$alumacc.cc:548:replace_alu$3809
  creating $alu cell for $flatten\logic_core.\video.\core.$lt$rtl/video_core.sv:70$414: $auto$alumacc.cc:548:replace_alu$3822
  creating $alu cell for $flatten\logic_core.\video.\core.$ge$rtl/video_core.sv:70$412: $auto$alumacc.cc:548:replace_alu$3827
  creating $alu cell for $flatten\logic_core.\video.\core.$lt$rtl/video_core.sv:59$401: $auto$alumacc.cc:548:replace_alu$3840
  creating $alu cell for $flatten\logic_core.\clocks.\restart.$ge$rtl/pll_restart_control.sv:53$543: $auto$alumacc.cc:548:replace_alu$3845
  creating $alu cell for $flatten\logic_core.\clocks.\restart.$ge$rtl/pll_restart_control.sv:51$542: $auto$alumacc.cc:548:replace_alu$3858
  creating $alu cell for $flatten\logic_core.\clocks.\restart.$lt$rtl/pll_restart_control.sv:50$540: $auto$alumacc.cc:548:replace_alu$3871
  creating $alu cell for $flatten\logic_core.\clocks.\restart.$le$rtl/pll_restart_control.sv:26$513: $auto$alumacc.cc:548:replace_alu$3876
  creating $alu cell for $flatten\logic_core.\clocks.\restart.$ge$rtl/pll_restart_control.sv:26$510: $auto$alumacc.cc:548:replace_alu$3885
  creating $alu cell for $flatten\logic_core.\clocks.\restart.$le$rtl/pll_restart_control.sv:25$506: $auto$alumacc.cc:548:replace_alu$3898
  creating $alu cell for $flatten\logic_core.\clocks.\restart.$ge$rtl/pll_restart_control.sv:25$504: $auto$alumacc.cc:548:replace_alu$3907
  creating $alu cell for $flatten\logic_core.\clocks.\guard.$ge$rtl/video_clock_guard.sv:59$490: $auto$alumacc.cc:548:replace_alu$3920
  creating $alu cell for $flatten\logic_core.\clocks.\guard.$ge$rtl/video_clock_guard.sv:57$489: $auto$alumacc.cc:548:replace_alu$3933
  creating $alu cell for $flatten\logic_core.\clocks.\guard.$lt$rtl/video_clock_guard.sv:56$487: $auto$alumacc.cc:548:replace_alu$3946
  creating $alu cell for $flatten\logic_core.\clocks.\guard.$le$rtl/video_clock_guard.sv:55$485: $auto$alumacc.cc:548:replace_alu$3951
  creating $alu cell for $flatten\logic_core.\clocks.\guard.$ge$rtl/video_clock_guard.sv:55$482: $auto$alumacc.cc:548:replace_alu$3960
  creating $alu cell for $flatten\logic_core.\boot.$add$rtl/tvp7002_boot.sv:114$397: $auto$alumacc.cc:548:replace_alu$3973
  creating $alu cell for $flatten\logic_core.\boot.$add$rtl/tvp7002_boot.sv:110$395: $auto$alumacc.cc:548:replace_alu$3976
  creating $alu cell for $flatten\logic_core.\clocks.\guard.$add$rtl/video_clock_guard.sv:56$488: $auto$alumacc.cc:548:replace_alu$3979
  creating $alu cell for $flatten\logic_core.\clocks.\guard.$add$rtl/video_clock_guard.sv:55$481: $auto$alumacc.cc:548:replace_alu$3982
  creating $alu cell for $flatten\logic_core.\clocks.\guard.$add$rtl/video_clock_guard.sv:61$491: $auto$alumacc.cc:548:replace_alu$3985
  creating $alu cell for $flatten\logic_core.\clocks.\restart.$add$rtl/pll_restart_control.sv:26$509: $auto$alumacc.cc:548:replace_alu$3988
  creating $alu cell for $flatten\logic_core.\clocks.\restart.$add$rtl/pll_restart_control.sv:26$512: $auto$alumacc.cc:548:replace_alu$3991
  creating $alu cell for $flatten\logic_core.\clocks.\restart.$add$rtl/pll_restart_control.sv:37$530: $auto$alumacc.cc:548:replace_alu$3994
  creating $alu cell for $flatten\logic_core.\clocks.\restart.$add$rtl/pll_restart_control.sv:50$541: $auto$alumacc.cc:548:replace_alu$3997
  creating $alu cell for $flatten\logic_core.\clocks.\restart.$add$rtl/pll_restart_control.sv:25$503: $auto$alumacc.cc:548:replace_alu$4000
  creating $alu cell for $flatten\logic_core.\clocks.\restart.$add$rtl/pll_restart_control.sv:54$544: $auto$alumacc.cc:548:replace_alu$4003
  creating $alu cell for $flatten\logic_core.\boot.\writer.$add$rtl/i2c_register_write.sv:109$632: $auto$alumacc.cc:548:replace_alu$4006
  creating $alu cell for $flatten\logic_core.\clocks.\restart.$add$rtl/pll_restart_control.sv:68$551: $auto$alumacc.cc:548:replace_alu$4009
  creating $alu cell for $flatten\logic_core.\boot.\writer.$add$rtl/i2c_register_write.sv:97$623: $auto$alumacc.cc:548:replace_alu$4012
  creating $alu cell for $flatten\logic_core.\boot.\writer.$add$rtl/i2c_register_write.sv:93$618: $auto$alumacc.cc:548:replace_alu$4015
  creating $alu cell for $flatten\logic_core.\boot.\writer.$sub$rtl/i2c_register_write.sv:83$607: $auto$alumacc.cc:548:replace_alu$4018
  creating $alu cell for $flatten\logic_core.\boot.\power_sequence.$add$rtl/adc_power_sequence.sv:46$643: $auto$alumacc.cc:548:replace_alu$4021
  creating $alu cell for $flatten\logic_core.\clocks.\guard.$add$rtl/video_clock_guard.sv:29$470: $auto$alumacc.cc:548:replace_alu$4024
  creating $alu cell for $flatten\logic_core.\video.\core.$add$rtl/video_core.sv:65$406: $auto$alumacc.cc:548:replace_alu$4027
  creating $alu cell for $flatten\logic_core.\video.\core.\lines.$add$rtl/line_double.sv:86$719: $auto$alumacc.cc:548:replace_alu$4030
  creating $alu cell for $flatten\logic_core.\video.\core.\lines.$add$rtl/line_double.sv:80$710: $auto$alumacc.cc:548:replace_alu$4033
  creating $alu cell for $flatten\logic_core.\video.\core.\lines.$add$rtl/line_double.sv:78$707: $auto$alumacc.cc:548:replace_alu$4036
  creating $alu cell for $flatten\logic_core.\video.\core.\fields.$sub$rtl/field_sync.sv:36$656, $flatten\logic_core.\video.\core.\fields.$gt$rtl/field_sync.sv:36$655: $auto$alumacc.cc:548:replace_alu$4039
  creating $alu cell for $flatten\logic_core.\video.\core.\fields.$sub$rtl/field_sync.sv:29$653: $auto$alumacc.cc:548:replace_alu$4052
  creating $alu cell for $flatten\logic_core.\video.\front.$add$rtl/stream_sync_frontend.sv:74$449: $auto$alumacc.cc:548:replace_alu$4055
  creating $alu cell for $flatten\logic_core.\video.\front.$add$rtl/stream_sync_frontend.sv:77$451: $auto$alumacc.cc:548:replace_alu$4058
  creating $alu cell for $flatten\logic_core.\video.\front.$add$rtl/stream_sync_frontend.sv:82$454: $auto$alumacc.cc:548:replace_alu$4061
  creating $alu cell for $flatten\logic_core.\video.\front.$add$rtl/stream_sync_frontend.sv:90$458: $auto$alumacc.cc:548:replace_alu$4064
  creating $alu cell for $flatten\logic_core.\video.\front.$add$rtl/stream_sync_frontend.sv:102$465: $auto$alumacc.cc:548:replace_alu$4067
  creating $alu cell for $flatten\logic_core.\video.\front.$sub$rtl/stream_sync_frontend.sv:106$467: $auto$alumacc.cc:548:replace_alu$4070
  creating $alu cell for $flatten\logic_core.\boot.\writer.$add$rtl/i2c_register_write.sv:53$580: $auto$alumacc.cc:548:replace_alu$4073
  created 57 $alu and 0 $macc cells.

19.26. Executing OPT pass (performing simple optimizations).

19.26.1. Executing OPT_EXPR pass (perform const folding).
Optimizing module amiga_board_top.
<suppressed ~4 debug messages>

19.26.2. Executing OPT_MERGE pass (detect identical cells).
Finding identical cells in module `\amiga_board_top'.
Computing hashes of 943 cells of `\amiga_board_top'.
Finding duplicate cells in `\amiga_board_top'.
Removed a total of 0 cells.

19.26.3. Executing OPT_MUXTREE pass (detect dead branches in mux trees).
Running muxtree optimizer on module \amiga_board_top..
  Creating internal representation of mux trees.
  Evaluating internal representation of mux trees.
  Analyzing evaluation results.
Removed 0 multiplexer ports.
<suppressed ~326 debug messages>

19.26.4. Executing OPT_REDUCE pass (consolidate $*mux and $reduce_* inputs).
  Optimizing cells in module \amiga_board_top.
    New input vector for $reduce_or cell $auto$simple.cc:236:combine_resets$3443: { \logic_core.clocks.restart.edge_seen $flatten\logic_core.\clocks.\restart.$logic_or$rtl/pll_restart_control.sv:28$519_Y $auto$rtlil.cc:3237:ReduceAnd$3851 $auto$rtlil.cc:3234:Not$3855 }
  Optimizing cells in module \amiga_board_top.
Performed a total of 1 changes.

19.26.5. Executing OPT_MERGE pass (detect identical cells).
Finding identical cells in module `\amiga_board_top'.
Computing hashes of 943 cells of `\amiga_board_top'.
Finding duplicate cells in `\amiga_board_top'.
Removed a total of 0 cells.

19.26.6. Executing OPT_DFF pass (perform DFF optimizations).

19.26.7. Executing OPT_CLEAN pass (remove unused cells and wires).
Finding unused cells or wires in module \amiga_board_top..
Removed 0 unused cells and 31 unused wires.
<suppressed ~1 debug messages>

19.26.8. Executing OPT_EXPR pass (perform const folding).
Optimizing module amiga_board_top.

19.26.9. Rerunning OPT passes. (Maybe there is more to do..)

19.26.10. Executing OPT_MUXTREE pass (detect dead branches in mux trees).
Running muxtree optimizer on module \amiga_board_top..
  Creating internal representation of mux trees.
  Evaluating internal representation of mux trees.
  Analyzing evaluation results.
Removed 0 multiplexer ports.
<suppressed ~326 debug messages>

19.26.11. Executing OPT_REDUCE pass (consolidate $*mux and $reduce_* inputs).
  Optimizing cells in module \amiga_board_top.
Performed a total of 0 changes.

19.26.12. Executing OPT_MERGE pass (detect identical cells).
Finding identical cells in module `\amiga_board_top'.
Computing hashes of 943 cells of `\amiga_board_top'.
Finding duplicate cells in `\amiga_board_top'.
Removed a total of 0 cells.

19.26.13. Executing OPT_DFF pass (perform DFF optimizations).

19.26.14. Executing OPT_CLEAN pass (remove unused cells and wires).
Finding unused cells or wires in module \amiga_board_top..

19.26.15. Executing OPT_EXPR pass (perform const folding).
Optimizing module amiga_board_top.

19.26.16. Finished fast OPT passes. (There is nothing left to do.)

19.27. Executing MEMORY pass.

19.27.1. Executing OPT_MEM pass (optimize memories).
amiga_board_top.$flatten\logic_core.\boot.$auto$proc_rom.cc:155:do_switch$723: removing const-0 lane 14
amiga_board_top.$flatten\logic_core.\boot.$auto$proc_rom.cc:155:do_switch$723: removing const-0 lane 15
Performed a total of 1 transformations.

19.27.2. Executing OPT_MEM_PRIORITY pass (removing unnecessary memory write priority relations).
Performed a total of 0 transformations.

19.27.3. Executing OPT_MEM_FEEDBACK pass (finding memory read-to-write feedback paths).
  Analyzing amiga_board_top.logic_core.video.core.lines.bank1 write port 0.
  Analyzing amiga_board_top.logic_core.video.core.lines.bank0 write port 0.

19.27.4. Executing MEMORY_BMUX2ROM pass (converting muxes to ROMs).

19.27.5. Executing MEMORY_DFF pass (merging $dff cells to $memrd).
Checking read port `$flatten\logic_core.\boot.$auto$proc_rom.cc:155:do_switch$723'[0] in module `\amiga_board_top': merging output FF to cell.
Checking read port `\logic_core.video.core.lines.bank1'[0] in module `\amiga_board_top': merging output FF to cell.
    Write port 0: non-transparent.
Checking read port `\logic_core.video.core.lines.bank0'[0] in module `\amiga_board_top': merging output FF to cell.
    Write port 0: non-transparent.

19.27.6. Executing OPT_CLEAN pass (remove unused cells and wires).
Finding unused cells or wires in module \amiga_board_top..
Removed 3 unused cells and 58 unused wires.
<suppressed ~4 debug messages>

19.27.7. Executing MEMORY_SHARE pass (consolidating $memrd/$memwr cells).

19.27.8. Executing OPT_MEM_WIDEN pass (optimize memories where all ports are wide).
Performed a total of 0 transformations.

19.27.9. Executing OPT_CLEAN pass (remove unused cells and wires).
Finding unused cells or wires in module \amiga_board_top..

19.27.10. Executing MEMORY_COLLECT pass (generating $mem cells).

19.28. Executing OPT_CLEAN pass (remove unused cells and wires).
Finding unused cells or wires in module \amiga_board_top..

19.29. Executing MEMORY_LIBMAP pass (mapping memories to cells).
using FF mapping for memory amiga_board_top.$flatten\logic_core.\boot.$auto$proc_rom.cc:155:do_switch$723
found attribute 'ram_style = block' on memory amiga_board_top.logic_core.video.core.lines.bank1, forced mapping to block RAM
mapping memory amiga_board_top.logic_core.video.core.lines.bank1 via $__GOWIN_DP_
found attribute 'ram_style = block' on memory amiga_board_top.logic_core.video.core.lines.bank0, forced mapping to block RAM
mapping memory amiga_board_top.logic_core.video.core.lines.bank0 via $__GOWIN_DP_
<suppressed ~701 debug messages>

19.30. Executing TECHMAP pass (map to technology primitives).

19.30.1. Executing Verilog-2005 frontend: C:\Users\zanac2\Documents\Codex\2026-09-08\m\work\tools\pnr_v015\oss-cad-suite\bin\../share/yosys/gowin/lutrams_map.v
Parsing Verilog input from `C:\Users\zanac2\Documents\Codex\2026-09-08\m\work\tools\pnr_v015\oss-cad-suite\bin\../share/yosys/gowin/lutrams_map.v' to AST representation.
Generating RTLIL representation for module `$__GOWIN_LUTRAM_'.
Successfully finished Verilog frontend.

19.30.2. Executing Verilog-2005 frontend: C:\Users\zanac2\Documents\Codex\2026-09-08\m\work\tools\pnr_v015\oss-cad-suite\bin\../share/yosys/gowin/brams_map.v
Parsing Verilog input from `C:\Users\zanac2\Documents\Codex\2026-09-08\m\work\tools\pnr_v015\oss-cad-suite\bin\../share/yosys/gowin/brams_map.v' to AST representation.
Generating RTLIL representation for module `$__GOWIN_SP_'.
Generating RTLIL representation for module `$__GOWIN_DP_'.
Generating RTLIL representation for module `$__GOWIN_SDP_'.
Successfully finished Verilog frontend.

19.30.3. Continuing TECHMAP pass.
Using template $paramod$7548bd16310fb138f374a81d2580786f44d367d5$__GOWIN_DP_ for cells of type $__GOWIN_DP_.
No more expansions possible.
<suppressed ~35 debug messages>

19.31. Executing OPT pass (performing simple optimizations).

19.31.1. Executing OPT_EXPR pass (perform const folding).
Optimizing module amiga_board_top.
<suppressed ~234 debug messages>

19.31.2. Executing OPT_MERGE pass (detect identical cells).
Finding identical cells in module `\amiga_board_top'.
Computing hashes of 937 cells of `\amiga_board_top'.
Finding duplicate cells in `\amiga_board_top'.
Computing hashes of 916 cells of `\amiga_board_top'.
Finding duplicate cells in `\amiga_board_top'.
Computing hashes of 914 cells of `\amiga_board_top'.
Finding duplicate cells in `\amiga_board_top'.
<suppressed ~69 debug messages>
Removed a total of 23 cells.

19.31.3. Executing OPT_DFF pass (perform DFF optimizations).
Removing always-active EN on $auto$mem.cc:1169:emulate_transparency$4176 ($dffe) from module amiga_board_top.
Setting constant 0-bit at position 0 on $auto$ff.cc:337:slice$3546 ($sdffe) from module amiga_board_top.
Setting constant 0-bit at position 1 on $auto$ff.cc:337:slice$3546 ($sdffe) from module amiga_board_top.
Setting constant 0-bit at position 2 on $auto$ff.cc:337:slice$3546 ($sdffe) from module amiga_board_top.
Setting constant 0-bit at position 3 on $auto$ff.cc:337:slice$3546 ($sdffe) from module amiga_board_top.
Setting constant 0-bit at position 4 on $auto$ff.cc:337:slice$3546 ($sdffe) from module amiga_board_top.
Setting constant 0-bit at position 5 on $auto$ff.cc:337:slice$3546 ($sdffe) from module amiga_board_top.
Setting constant 0-bit at position 6 on $auto$ff.cc:337:slice$3546 ($sdffe) from module amiga_board_top.
Setting constant 0-bit at position 7 on $auto$ff.cc:337:slice$3546 ($sdffe) from module amiga_board_top.

19.31.4. Executing OPT_CLEAN pass (remove unused cells and wires).
Finding unused cells or wires in module \amiga_board_top..
Removed 22 unused cells and 358 unused wires.
<suppressed ~23 debug messages>

19.31.5. Rerunning OPT passes. (Removed registers in this run.)

19.31.6. Executing OPT_EXPR pass (perform const folding).
Optimizing module amiga_board_top.
<suppressed ~5 debug messages>

19.31.7. Executing OPT_MERGE pass (detect identical cells).
Finding identical cells in module `\amiga_board_top'.
Computing hashes of 886 cells of `\amiga_board_top'.
Finding duplicate cells in `\amiga_board_top'.
Removed a total of 0 cells.

19.31.8. Executing OPT_DFF pass (perform DFF optimizations).
Adding SRST signal on $auto$mem.cc:1647:emulate_read_first$4173 ($dff) from module amiga_board_top (D = \logic_core.video.core.lines.written [10:0], Q = $auto$mem.cc:1643:emulate_read_first$4142, rval = 11'00000000000).

19.31.9. Executing OPT_CLEAN pass (remove unused cells and wires).
Finding unused cells or wires in module \amiga_board_top..
Removed 1 unused cells and 6 unused wires.
<suppressed ~3 debug messages>

19.31.10. Rerunning OPT passes. (Removed registers in this run.)

19.31.11. Executing OPT_EXPR pass (perform const folding).
Optimizing module amiga_board_top.

19.31.12. Executing OPT_MERGE pass (detect identical cells).
Finding identical cells in module `\amiga_board_top'.
Computing hashes of 885 cells of `\amiga_board_top'.
Finding duplicate cells in `\amiga_board_top'.
Removed a total of 0 cells.

19.31.13. Executing OPT_DFF pass (perform DFF optimizations).

19.31.14. Executing OPT_CLEAN pass (remove unused cells and wires).
Finding unused cells or wires in module \amiga_board_top..

19.31.15. Finished fast OPT passes.

19.32. Executing MEMORY_MAP pass (converting memories to logic and flip-flops).
Mapping memory $flatten\logic_core.\boot.$auto$proc_rom.cc:155:do_switch$723 in module \amiga_board_top:
  created 64 $dff cells and 0 static cells of width 14.
Extracted data FF from read port 0 of amiga_board_top.$flatten\logic_core.\boot.$auto$proc_rom.cc:155:do_switch$723: $$flatten\logic_core.\boot.$auto$proc_rom.cc:155:do_switch$723$rdreg[0]
  read interface: 1 $dff and 63 $mux cells.
  write interface: 0 write mux blocks.

19.33. Executing OPT pass (performing simple optimizations).

19.33.1. Executing OPT_EXPR pass (perform const folding).
Optimizing module amiga_board_top.
<suppressed ~25 debug messages>

19.33.2. Executing OPT_MERGE pass (detect identical cells).
Finding identical cells in module `\amiga_board_top'.
Computing hashes of 923 cells of `\amiga_board_top'.
Finding duplicate cells in `\amiga_board_top'.
Removed a total of 0 cells.

19.33.3. Executing OPT_MUXTREE pass (detect dead branches in mux trees).
Running muxtree optimizer on module \amiga_board_top..
  Creating internal representation of mux trees.
  Evaluating internal representation of mux trees.
  Analyzing evaluation results.
Removed 0 multiplexer ports.
<suppressed ~228 debug messages>

19.33.4. Executing OPT_REDUCE pass (consolidate $*mux and $reduce_* inputs).
  Optimizing cells in module \amiga_board_top.
    Consolidated identical input bits for $mux cell $memory$flatten\logic_core.\boot.$auto$proc_rom.cc:155:do_switch$723$rdmux[0][5][5]$4774:
      Old ports: A=14'00001100010000, B=14'00010000000000, Y=$memory$flatten\logic_core.\boot.$auto$proc_rom.cc:155:do_switch$723$rdmux[0][4][2]$b$4719
      New ports: A=2'01, B=2'10, Y={ $memory$flatten\logic_core.\boot.$auto$proc_rom.cc:155:do_switch$723$rdmux[0][4][2]$b$4719 [10] $memory$flatten\logic_core.\boot.$auto$proc_rom.cc:155:do_switch$723$rdmux[0][4][2]$b$4719 [4] }
      New connections: { $memory$flatten\logic_core.\boot.$auto$proc_rom.cc:155:do_switch$723$rdmux[0][4][2]$b$4719 [13:11] $memory$flatten\logic_core.\boot.$auto$proc_rom.cc:155:do_switch$723$rdmux[0][4][2]$b$4719 [9:5] $memory$flatten\logic_core.\boot.$auto$proc_rom.cc:155:do_switch$723$rdmux[0][4][2]$b$4719 [3:0] } = { 3'000 $memory$flatten\logic_core.\boot.$auto$proc_rom.cc:155:do_switch$723$rdmux[0][4][2]$b$4719 [4] $memory$flatten\logic_core.\boot.$auto$proc_rom.cc:155:do_switch$723$rdmux[0][4][2]$b$4719 [4] 7'0000000 }
    Consolidated identical input bits for $mux cell $memory$flatten\logic_core.\boot.$auto$proc_rom.cc:155:do_switch$723$rdmux[0][5][4]$4771:
      Old ports: A=14'00000110000000, B=14'00001000000000, Y=$memory$flatten\logic_core.\boot.$auto$proc_rom.cc:155:do_switch$723$rdmux[0][4][2]$a$4718
      New ports: A=2'01, B=2'10, Y={ $memory$flatten\logic_core.\boot.$auto$proc_rom.cc:155:do_switch$723$rdmux[0][4][2]$a$4718 [9] $memory$flatten\logic_core.\boot.$auto$proc_rom.cc:155:do_switch$723$rdmux[0][4][2]$a$4718 [7] }
      New connections: { $memory$flatten\logic_core.\boot.$auto$proc_rom.cc:155:do_switch$723$rdmux[0][4][2]$a$4718 [13:10] $memory$flatten\logic_core.\boot.$auto$proc_rom.cc:155:do_switch$723$rdmux[0][4][2]$a$4718 [8] $memory$flatten\logic_core.\boot.$auto$proc_rom.cc:155:do_switch$723$rdmux[0][4][2]$a$4718 [6:0] } = { 4'0000 $memory$flatten\logic_core.\boot.$auto$proc_rom.cc:155:do_switch$723$rdmux[0][4][2]$a$4718 [7] 7'0000000 }
    Consolidated identical input bits for $mux cell $memory$flatten\logic_core.\boot.$auto$proc_rom.cc:155:do_switch$723$rdmux[0][5][3]$4768:
      Old ports: A=14'01010100000000, B=14'01100000000000, Y=$memory$flatten\logic_core.\boot.$auto$proc_rom.cc:155:do_switch$723$rdmux[0][4][1]$b$4716
      New ports: A=2'01, B=2'10, Y={ $memory$flatten\logic_core.\boot.$auto$proc_rom.cc:155:do_switch$723$rdmux[0][4][1]$b$4716 [11] $memory$flatten\logic_core.\boot.$auto$proc_rom.cc:155:do_switch$723$rdmux[0][4][1]$b$4716 [8] }
      New connections: { $memory$flatten\logic_core.\boot.$auto$proc_rom.cc:155:do_switch$723$rdmux[0][4][1]$b$4716 [13:12] $memory$flatten\logic_core.\boot.$auto$proc_rom.cc:155:do_switch$723$rdmux[0][4][1]$b$4716 [10:9] $memory$flatten\logic_core.\boot.$auto$proc_rom.cc:155:do_switch$723$rdmux[0][4][1]$b$4716 [7:0] } = { 2'01 $memory$flatten\logic_core.\boot.$auto$proc_rom.cc:155:do_switch$723$rdmux[0][4][1]$b$4716 [8] 9'000000000 }
    Consolidated identical input bits for $mux cell $memory$flatten\logic_core.\boot.$auto$proc_rom.cc:155:do_switch$723$rdmux[0][5][2]$4765:
      Old ports: A=14'00111100101110, B=14'01000001011000, Y=$memory$flatten\logic_core.\boot.$auto$proc_rom.cc:155:do_switch$723$rdmux[0][4][1]$a$4715
      New ports: A=2'01, B=2'10, Y={ $memory$flatten\logic_core.\boot.$auto$proc_rom.cc:155:do_switch$723$rdmux[0][4][1]$a$4715 [4] $memory$flatten\logic_core.\boot.$auto$proc_rom.cc:155:do_switch$723$rdmux[0][4][1]$a$4715 [1] }
      New connections: { $memory$flatten\logic_core.\boot.$auto$proc_rom.cc:155:do_switch$723$rdmux[0][4][1]$a$4715 [13:5] $memory$flatten\logic_core.\boot.$auto$proc_rom.cc:155:do_switch$723$rdmux[0][4][1]$a$4715 [3:2] $memory$flatten\logic_core.\boot.$auto$proc_rom.cc:155:do_switch$723$rdmux[0][4][1]$a$4715 [0] } = { 1'0 $memory$flatten\logic_core.\boot.$auto$proc_rom.cc:155:do_switch$723$rdmux[0][4][1]$a$4715 [4] $memory$flatten\logic_core.\boot.$auto$proc_rom.cc:155:do_switch$723$rdmux[0][4][1]$a$4715 [1] $memory$flatten\logic_core.\boot.$auto$proc_rom.cc:155:do_switch$723$rdmux[0][4][1]$a$4715 [1] $memory$flatten\logic_core.\boot.$auto$proc_rom.cc:155:do_switch$723$rdmux[0][4][1]$a$4715 [1] $memory$flatten\logic_core.\boot.$auto$proc_rom.cc:155:do_switch$723$rdmux[0][4][1]$a$4715 [1] 1'0 $memory$flatten\logic_core.\boot.$auto$proc_rom.cc:155:do_switch$723$rdmux[0][4][1]$a$4715 [4] $memory$flatten\logic_core.\boot.$auto$proc_rom.cc:155:do_switch$723$rdmux[0][4][1]$a$4715 [1] 1'1 $memory$flatten\logic_core.\boot.$auto$proc_rom.cc:155:do_switch$723$rdmux[0][4][1]$a$4715 [1] 1'0 }
    Consolidated identical input bits for $mux cell $memory$flatten\logic_core.\boot.$auto$proc_rom.cc:155:do_switch$723$rdmux[0][5][1]$4762:
      Old ports: A=14'01101011001010, B=14'00111000010010, Y=$memory$flatten\logic_core.\boot.$auto$proc_rom.cc:155:do_switch$723$rdmux[0][4][0]$b$4713
      New ports: A=2'01, B=2'10, Y=$memory$flatten\logic_core.\boot.$auto$proc_rom.cc:155:do_switch$723$rdmux[0][4][0]$b$4713 [4:3]
      New connections: { $memory$flatten\logic_core.\boot.$auto$proc_rom.cc:155:do_switch$723$rdmux[0][4][0]$b$4713 [13:5] $memory$flatten\logic_core.\boot.$auto$proc_rom.cc:155:do_switch$723$rdmux[0][4][0]$b$4713 [2:0] } = { 1'0 $memory$flatten\logic_core.\boot.$auto$proc_rom.cc:155:do_switch$723$rdmux[0][4][0]$b$4713 [3] 1'1 $memory$flatten\logic_core.\boot.$auto$proc_rom.cc:155:do_switch$723$rdmux[0][4][0]$b$4713 [4] 2'10 $memory$flatten\logic_core.\boot.$auto$proc_rom.cc:155:do_switch$723$rdmux[0][4][0]$b$4713 [3] $memory$flatten\logic_core.\boot.$auto$proc_rom.cc:155:do_switch$723$rdmux[0][4][0]$b$4713 [3] 4'0010 }
    Consolidated identical input bits for $mux cell $memory$flatten\logic_core.\boot.$auto$proc_rom.cc:155:do_switch$723$rdmux[0][5][0]$4759:
      Old ports: A=14'01011100000011, B=14'01100100000000, Y=$memory$flatten\logic_core.\boot.$auto$proc_rom.cc:155:do_switch$723$rdmux[0][4][0]$a$4712
      New ports: A=2'01, B=2'10, Y={ $memory$flatten\logic_core.\boot.$auto$proc_rom.cc:155:do_switch$723$rdmux[0][4][0]$a$4712 [11] $memory$flatten\logic_core.\boot.$auto$proc_rom.cc:155:do_switch$723$rdmux[0][4][0]$a$4712 [0] }
      New connections: { $memory$flatten\logic_core.\boot.$auto$proc_rom.cc:155:do_switch$723$rdmux[0][4][0]$a$4712 [13:12] $memory$flatten\logic_core.\boot.$auto$proc_rom.cc:155:do_switch$723$rdmux[0][4][0]$a$4712 [10:1] } = { 2'01 $memory$flatten\logic_core.\boot.$auto$proc_rom.cc:155:do_switch$723$rdmux[0][4][0]$a$4712 [0] $memory$flatten\logic_core.\boot.$auto$proc_rom.cc:155:do_switch$723$rdmux[0][4][0]$a$4712 [0] 7'1000000 $memory$flatten\logic_core.\boot.$auto$proc_rom.cc:155:do_switch$723$rdmux[0][4][0]$a$4712 [0] }
    Consolidated identical input bits for $mux cell $memory$flatten\logic_core.\boot.$auto$proc_rom.cc:155:do_switch$723$rdmux[0][5][16]$4807:
      Old ports: A=14'10101000000111, B=14'10110100000000, Y=$memory$flatten\logic_core.\boot.$auto$proc_rom.cc:155:do_switch$723$rdmux[0][4][8]$a$4736
      New ports: A=2'01, B=2'10, Y={ $memory$flatten\logic_core.\boot.$auto$proc_rom.cc:155:do_switch$723$rdmux[0][4][8]$a$4736 [8] $memory$flatten\logic_core.\boot.$auto$proc_rom.cc:155:do_switch$723$rdmux[0][4][8]$a$4736 [0] }
      New connections: { $memory$flatten\logic_core.\boot.$auto$proc_rom.cc:155:do_switch$723$rdmux[0][4][8]$a$4736 [13:9] $memory$flatten\logic_core.\boot.$auto$proc_rom.cc:155:do_switch$723$rdmux[0][4][8]$a$4736 [7:1] } = { 3'101 $memory$flatten\logic_core.\boot.$auto$proc_rom.cc:155:do_switch$723$rdmux[0][4][8]$a$4736 [8] $memory$flatten\logic_core.\boot.$auto$proc_rom.cc:155:do_switch$723$rdmux[0][4][8]$a$4736 [0] 5'00000 $memory$flatten\logic_core.\boot.$auto$proc_rom.cc:155:do_switch$723$rdmux[0][4][8]$a$4736 [0] $memory$flatten\logic_core.\boot.$auto$proc_rom.cc:155:do_switch$723$rdmux[0][4][8]$a$4736 [0] }
    Consolidated identical input bits for $mux cell $memory$flatten\logic_core.\boot.$auto$proc_rom.cc:155:do_switch$723$rdmux[0][5][15]$4804:
      Old ports: A=14'10011010000000, B=14'10100000110011, Y=$memory$flatten\logic_core.\boot.$auto$proc_rom.cc:155:do_switch$723$rdmux[0][4][7]$b$4734
      New ports: A=2'10, B=2'01, Y={ $memory$flatten\logic_core.\boot.$auto$proc_rom.cc:155:do_switch$723$rdmux[0][4][7]$b$4734 [7] $memory$flatten\logic_core.\boot.$auto$proc_rom.cc:155:do_switch$723$rdmux[0][4][7]$b$4734 [0] }
      New connections: { $memory$flatten\logic_core.\boot.$auto$proc_rom.cc:155:do_switch$723$rdmux[0][4][7]$b$4734 [13:8] $memory$flatten\logic_core.\boot.$auto$proc_rom.cc:155:do_switch$723$rdmux[0][4][7]$b$4734 [6:1] } = { 2'10 $memory$flatten\logic_core.\boot.$auto$proc_rom.cc:155:do_switch$723$rdmux[0][4][7]$b$4734 [0] $memory$flatten\logic_core.\boot.$auto$proc_rom.cc:155:do_switch$723$rdmux[0][4][7]$b$4734 [7] $memory$flatten\logic_core.\boot.$auto$proc_rom.cc:155:do_switch$723$rdmux[0][4][7]$b$4734 [7] 2'00 $memory$flatten\logic_core.\boot.$auto$proc_rom.cc:155:do_switch$723$rdmux[0][4][7]$b$4734 [0] $memory$flatten\logic_core.\boot.$auto$proc_rom.cc:155:do_switch$723$rdmux[0][4][7]$b$4734 [0] 2'00 $memory$flatten\logic_core.\boot.$auto$proc_rom.cc:155:do_switch$723$rdmux[0][4][7]$b$4734 [0] }
    Consolidated identical input bits for $mux cell $memory$flatten\logic_core.\boot.$auto$proc_rom.cc:155:do_switch$723$rdmux[0][5][14]$4801:
      Old ports: A=14'01111100010000, B=14'10000000010000, Y=$memory$flatten\logic_core.\boot.$auto$proc_rom.cc:155:do_switch$723$rdmux[0][4][7]$a$4733
      New ports: A=2'01, B=2'10, Y={ $memory$flatten\logic_core.\boot.$auto$proc_rom.cc:155:do_switch$723$rdmux[0][4][7]$a$4733 [13] $memory$flatten\logic_core.\boot.$auto$proc_rom.cc:155:do_switch$723$rdmux[0][4][7]$a$4733 [8] }
      New connections: { $memory$flatten\logic_core.\boot.$auto$proc_rom.cc:155:do_switch$723$rdmux[0][4][7]$a$4733 [12:9] $memory$flatten\logic_core.\boot.$auto$proc_rom.cc:155:do_switch$723$rdmux[0][4][7]$a$4733 [7:0] } = { $memory$flatten\logic_core.\boot.$auto$proc_rom.cc:155:do_switch$723$rdmux[0][4][7]$a$4733 [8] $memory$flatten\logic_core.\boot.$auto$proc_rom.cc:155:do_switch$723$rdmux[0][4][7]$a$4733 [8] $memory$flatten\logic_core.\boot.$auto$proc_rom.cc:155:do_switch$723$rdmux[0][4][7]$a$4733 [8] $memory$flatten\logic_core.\boot.$auto$proc_rom.cc:155:do_switch$723$rdmux[0][4][7]$a$4733 [8] 8'00010000 }
    Consolidated identical input bits for $mux cell $memory$flatten\logic_core.\boot.$auto$proc_rom.cc:155:do_switch$723$rdmux[0][5][13]$4798:
      Old ports: A=14'01110100000000, B=14'01111000010000, Y=$memory$flatten\logic_core.\boot.$auto$proc_rom.cc:155:do_switch$723$rdmux[0][4][6]$b$4731
      New ports: A=2'10, B=2'01, Y={ $memory$flatten\logic_core.\boot.$auto$proc_rom.cc:155:do_switch$723$rdmux[0][4][6]$b$4731 [8] $memory$flatten\logic_core.\boot.$auto$proc_rom.cc:155:do_switch$723$rdmux[0][4][6]$b$4731 [4] }
      New connections: { $memory$flatten\logic_core.\boot.$auto$proc_rom.cc:155:do_switch$723$rdmux[0][4][6]$b$4731 [13:9] $memory$flatten\logic_core.\boot.$auto$proc_rom.cc:155:do_switch$723$rdmux[0][4][6]$b$4731 [7:5] $memory$flatten\logic_core.\boot.$auto$proc_rom.cc:155:do_switch$723$rdmux[0][4][6]$b$4731 [3:0] } = { 4'0111 $memory$flatten\logic_core.\boot.$auto$proc_rom.cc:155:do_switch$723$rdmux[0][4][6]$b$4731 [4] 7'0000000 }
    Consolidated identical input bits for $mux cell $memory$flatten\logic_core.\boot.$auto$proc_rom.cc:155:do_switch$723$rdmux[0][5][12]$4795:
      Old ports: A=14'00110010000000, B=14'00110110000000, Y=$memory$flatten\logic_core.\boot.$auto$proc_rom.cc:155:do_switch$723$rdmux[0][4][6]$a$4730
      New ports: A=1'0, B=1'1, Y=$memory$flatten\logic_core.\boot.$auto$proc_rom.cc:155:do_switch$723$rdmux[0][4][6]$a$4730 [8]
      New connections: { $memory$flatten\logic_core.\boot.$auto$proc_rom.cc:155:do_switch$723$rdmux[0][4][6]$a$4730 [13:9] $memory$flatten\logic_core.\boot.$auto$proc_rom.cc:155:do_switch$723$rdmux[0][4][6]$a$4730 [7:0] } = 13'0011010000000
    Consolidated identical input bits for $mux cell $memory$flatten\logic_core.\boot.$auto$proc_rom.cc:155:do_switch$723$rdmux[0][5][11]$4792:
      Old ports: A=14'00101000011001, B=14'00101110000000, Y=$memory$flatten\logic_core.\boot.$auto$proc_rom.cc:155:do_switch$723$rdmux[0][4][5]$b$4728
      New ports: A=2'01, B=2'10, Y={ $memory$flatten\logic_core.\boot.$auto$proc_rom.cc:155:do_switch$723$rdmux[0][4][5]$b$4728 [7] $memory$flatten\logic_core.\boot.$auto$proc_rom.cc:155:do_switch$723$rdmux[0][4][5]$b$4728 [0] }
      New connections: { $memory$flatten\logic_core.\boot.$auto$proc_rom.cc:155:do_switch$723$rdmux[0][4][5]$b$4728 [13:8] $memory$flatten\logic_core.\boot.$auto$proc_rom.cc:155:do_switch$723$rdmux[0][4][5]$b$4728 [6:1] } = { 5'00101 $memory$flatten\logic_core.\boot.$auto$proc_rom.cc:155:do_switch$723$rdmux[0][4][5]$b$4728 [7] 2'00 $memory$flatten\logic_core.\boot.$auto$proc_rom.cc:155:do_switch$723$rdmux[0][4][5]$b$4728 [0] $memory$flatten\logic_core.\boot.$auto$proc_rom.cc:155:do_switch$723$rdmux[0][4][5]$b$4728 [0] 2'00 }
    Consolidated identical input bits for $mux cell $memory$flatten\logic_core.\boot.$auto$proc_rom.cc:155:do_switch$723$rdmux[0][5][10]$4789:
      Old ports: A=14'00100000011001, B=14'00100100011001, Y=$memory$flatten\logic_core.\boot.$auto$proc_rom.cc:155:do_switch$723$rdmux[0][4][5]$a$4727
      New ports: A=1'0, B=1'1, Y=$memory$flatten\logic_core.\boot.$auto$proc_rom.cc:155:do_switch$723$rdmux[0][4][5]$a$4727 [8]
      New connections: { $memory$flatten\logic_core.\boot.$auto$proc_rom.cc:155:do_switch$723$rdmux[0][4][5]$a$4727 [13:9] $memory$flatten\logic_core.\boot.$auto$proc_rom.cc:155:do_switch$723$rdmux[0][4][5]$a$4727 [7:0] } = 13'0010000011001
    Consolidated identical input bits for $mux cell $memory$flatten\logic_core.\boot.$auto$proc_rom.cc:155:do_switch$723$rdmux[0][5][9]$4786:
      Old ports: A=14'01101110001000, B=14'01110000001000, Y=$memory$flatten\logic_core.\boot.$auto$proc_rom.cc:155:do_switch$723$rdmux[0][4][4]$b$4725
      New ports: A=2'01, B=2'10, Y={ $memory$flatten\logic_core.\boot.$auto$proc_rom.cc:155:do_switch$723$rdmux[0][4][4]$b$4725 [10] $memory$flatten\logic_core.\boot.$auto$proc_rom.cc:155:do_switch$723$rdmux[0][4][4]$b$4725 [7] }
      New connections: { $memory$flatten\logic_core.\boot.$auto$proc_rom.cc:155:do_switch$723$rdmux[0][4][4]$b$4725 [13:11] $memory$flatten\logic_core.\boot.$auto$proc_rom.cc:155:do_switch$723$rdmux[0][4][4]$b$4725 [9:8] $memory$flatten\logic_core.\boot.$auto$proc_rom.cc:155:do_switch$723$rdmux[0][4][4]$b$4725 [6:0] } = { 3'011 $memory$flatten\logic_core.\boot.$auto$proc_rom.cc:155:do_switch$723$rdmux[0][4][4]$b$4725 [7] $memory$flatten\logic_core.\boot.$auto$proc_rom.cc:155:do_switch$723$rdmux[0][4][4]$b$4725 [7] 7'0001000 }
    Consolidated identical input bits for $mux cell $memory$flatten\logic_core.\boot.$auto$proc_rom.cc:155:do_switch$723$rdmux[0][5][8]$4783:
      Old ports: A=14'10001000000100, B=14'11011000000010, Y=$memory$flatten\logic_core.\boot.$auto$proc_rom.cc:155:do_switch$723$rdmux[0][4][4]$a$4724
      New ports: A=2'10, B=2'01, Y=$memory$flatten\logic_core.\boot.$auto$proc_rom.cc:155:do_switch$723$rdmux[0][4][4]$a$4724 [2:1]
      New connections: { $memory$flatten\logic_core.\boot.$auto$proc_rom.cc:155:do_switch$723$rdmux[0][4][4]$a$4724 [13:3] $memory$flatten\logic_core.\boot.$auto$proc_rom.cc:155:do_switch$723$rdmux[0][4][4]$a$4724 [0] } = { 1'1 $memory$flatten\logic_core.\boot.$auto$proc_rom.cc:155:do_switch$723$rdmux[0][4][4]$a$4724 [1] 1'0 $memory$flatten\logic_core.\boot.$auto$proc_rom.cc:155:do_switch$723$rdmux[0][4][4]$a$4724 [1] 8'10000000 }
    Consolidated identical input bits for $mux cell $memory$flatten\logic_core.\boot.$auto$proc_rom.cc:155:do_switch$723$rdmux[0][5][7]$4780:
      Old ports: A=14'00011110000000, B=14'10000100001101, Y=$memory$flatten\logic_core.\boot.$auto$proc_rom.cc:155:do_switch$723$rdmux[0][4][3]$b$4722
      New ports: A=2'10, B=2'01, Y={ $memory$flatten\logic_core.\boot.$auto$proc_rom.cc:155:do_switch$723$rdmux[0][4][3]$b$4722 [7] $memory$flatten\logic_core.\boot.$auto$proc_rom.cc:155:do_switch$723$rdmux[0][4][3]$b$4722 [0] }
      New connections: { $memory$flatten\logic_core.\boot.$auto$proc_rom.cc:155:do_switch$723$rdmux[0][4][3]$b$4722 [13:8] $memory$flatten\logic_core.\boot.$auto$proc_rom.cc:155:do_switch$723$rdmux[0][4][3]$b$4722 [6:1] } = { $memory$flatten\logic_core.\boot.$auto$proc_rom.cc:155:do_switch$723$rdmux[0][4][3]$b$4722 [0] 2'00 $memory$flatten\logic_core.\boot.$auto$proc_rom.cc:155:do_switch$723$rdmux[0][4][3]$b$4722 [7] $memory$flatten\logic_core.\boot.$auto$proc_rom.cc:155:do_switch$723$rdmux[0][4][3]$b$4722 [7] 4'1000 $memory$flatten\logic_core.\boot.$auto$proc_rom.cc:155:do_switch$723$rdmux[0][4][3]$b$4722 [0] $memory$flatten\logic_core.\boot.$auto$proc_rom.cc:155:do_switch$723$rdmux[0][4][3]$b$4722 [0] 1'0 }
    Consolidated identical input bits for $mux cell $memory$flatten\logic_core.\boot.$auto$proc_rom.cc:155:do_switch$723$rdmux[0][5][6]$4777:
      Old ports: A=14'00010100000110, B=14'00011000010000, Y=$memory$flatten\logic_core.\boot.$auto$proc_rom.cc:155:do_switch$723$rdmux[0][4][3]$a$4721
      New ports: A=2'01, B=2'10, Y={ $memory$flatten\logic_core.\boot.$auto$proc_rom.cc:155:do_switch$723$rdmux[0][4][3]$a$4721 [4] $memory$flatten\logic_core.\boot.$auto$proc_rom.cc:155:do_switch$723$rdmux[0][4][3]$a$4721 [1] }
      New connections: { $memory$flatten\logic_core.\boot.$auto$proc_rom.cc:155:do_switch$723$rdmux[0][4][3]$a$4721 [13:5] $memory$flatten\logic_core.\boot.$auto$proc_rom.cc:155:do_switch$723$rdmux[0][4][3]$a$4721 [3:2] $memory$flatten\logic_core.\boot.$auto$proc_rom.cc:155:do_switch$723$rdmux[0][4][3]$a$4721 [0] } = { 4'0001 $memory$flatten\logic_core.\boot.$auto$proc_rom.cc:155:do_switch$723$rdmux[0][4][3]$a$4721 [4] $memory$flatten\logic_core.\boot.$auto$proc_rom.cc:155:do_switch$723$rdmux[0][4][3]$a$4721 [1] 4'0000 $memory$flatten\logic_core.\boot.$auto$proc_rom.cc:155:do_switch$723$rdmux[0][4][3]$a$4721 [1] 1'0 }
    New ctrl vector for $pmux cell $flatten\logic_core.\boot.\writer.$procmux$1559: \logic_core.boot.writer.state [9]
    Consolidated identical input bits for $mux cell $memory$flatten\logic_core.\boot.$auto$proc_rom.cc:155:do_switch$723$rdmux[0][5][17]$4810:
      Old ports: A=14'11000100011000, B=14'01011100000010, Y=$memory$flatten\logic_core.\boot.$auto$proc_rom.cc:155:do_switch$723$rdmux[0][4][8]$b$4737
      New ports: A=2'10, B=2'01, Y={ $memory$flatten\logic_core.\boot.$auto$proc_rom.cc:155:do_switch$723$rdmux[0][4][8]$b$4737 [3] $memory$flatten\logic_core.\boot.$auto$proc_rom.cc:155:do_switch$723$rdmux[0][4][8]$b$4737 [1] }
      New connections: { $memory$flatten\logic_core.\boot.$auto$proc_rom.cc:155:do_switch$723$rdmux[0][4][8]$b$4737 [13:4] $memory$flatten\logic_core.\boot.$auto$proc_rom.cc:155:do_switch$723$rdmux[0][4][8]$b$4737 [2] $memory$flatten\logic_core.\boot.$auto$proc_rom.cc:155:do_switch$723$rdmux[0][4][8]$b$4737 [0] } = { $memory$flatten\logic_core.\boot.$auto$proc_rom.cc:155:do_switch$723$rdmux[0][4][8]$b$4737 [3] 2'10 $memory$flatten\logic_core.\boot.$auto$proc_rom.cc:155:do_switch$723$rdmux[0][4][8]$b$4737 [1] $memory$flatten\logic_core.\boot.$auto$proc_rom.cc:155:do_switch$723$rdmux[0][4][8]$b$4737 [1] 4'1000 $memory$flatten\logic_core.\boot.$auto$proc_rom.cc:155:do_switch$723$rdmux[0][4][8]$b$4737 [3] 2'00 }
    New ctrl vector for $pmux cell $flatten\logic_core.\boot.\writer.$procmux$1606: { $auto$opt_reduce.cc:137:opt_pmux$4856 \logic_core.boot.writer.state [7] }
    New ctrl vector for $pmux cell $flatten\logic_core.\boot.\writer.$procmux$1785: { \logic_core.boot.writer.state [7] \logic_core.boot.writer.state [4] \logic_core.boot.writer.state [9] \logic_core.boot.writer.state [1] }
    New ctrl vector for $pmux cell $flatten\logic_core.\clocks.\restart.$procmux$1927: { \logic_core.clocks.restart.state [1] \logic_core.clocks.restart.state [2] }
    New ctrl vector for $pmux cell $flatten\logic_core.\clocks.\restart.$procmux$1978: { \logic_core.clocks.restart.state [1] \logic_core.clocks.restart.state [2] }
    New ctrl vector for $pmux cell $flatten\logic_core.\boot.\writer.$procmux$1694: \logic_core.boot.writer.state [0]
    New ctrl vector for $pmux cell $flatten\logic_core.\boot.\writer.$procmux$1833: $auto$opt_reduce.cc:137:opt_pmux$2815
    New ctrl vector for $pmux cell $flatten\logic_core.\boot.\power_sequence.$procmux$971: \logic_core.boot.power_sequence.state [2]
    New input vector for $reduce_or cell $auto$opt_reduce.cc:131:opt_pmux$4855: { \logic_core.boot.writer.state [12] \logic_core.boot.writer.state [5] \logic_core.boot.writer.state [2] \logic_core.boot.writer.state [0] }
  Optimizing cells in module \amiga_board_top.
    Consolidated identical input bits for $mux cell $memory$flatten\logic_core.\boot.$auto$proc_rom.cc:155:do_switch$723$rdmux[0][4][8]$4735:
      Old ports: A=$memory$flatten\logic_core.\boot.$auto$proc_rom.cc:155:do_switch$723$rdmux[0][4][8]$a$4736, B=$memory$flatten\logic_core.\boot.$auto$proc_rom.cc:155:do_switch$723$rdmux[0][4][8]$b$4737, Y=$memory$flatten\logic_core.\boot.$auto$proc_rom.cc:155:do_switch$723$rdmux[0][3][4]$a$4700
      New ports: A={ 3'101 $memory$flatten\logic_core.\boot.$auto$proc_rom.cc:155:do_switch$723$rdmux[0][4][8]$a$4736 [8] $memory$flatten\logic_core.\boot.$auto$proc_rom.cc:155:do_switch$723$rdmux[0][4][8]$a$4736 [8] 1'0 $memory$flatten\logic_core.\boot.$auto$proc_rom.cc:155:do_switch$723$rdmux[0][4][8]$a$4736 [0] $memory$flatten\logic_core.\boot.$auto$proc_rom.cc:155:do_switch$723$rdmux[0][4][8]$a$4736 [0] }, B={ $memory$flatten\logic_core.\boot.$auto$proc_rom.cc:155:do_switch$723$rdmux[0][4][8]$b$4737 [3] 2'10 $memory$flatten\logic_core.\boot.$auto$proc_rom.cc:155:do_switch$723$rdmux[0][4][8]$b$4737 [1] 1'1 $memory$flatten\logic_core.\boot.$auto$proc_rom.cc:155:do_switch$723$rdmux[0][4][8]$b$4737 [3] $memory$flatten\logic_core.\boot.$auto$proc_rom.cc:155:do_switch$723$rdmux[0][4][8]$b$4737 [1] 1'0 }, Y={ $memory$flatten\logic_core.\boot.$auto$proc_rom.cc:155:do_switch$723$rdmux[0][3][4]$a$4700 [13:10] $memory$flatten\logic_core.\boot.$auto$proc_rom.cc:155:do_switch$723$rdmux[0][3][4]$a$4700 [8] $memory$flatten\logic_core.\boot.$auto$proc_rom.cc:155:do_switch$723$rdmux[0][3][4]$a$4700 [3] $memory$flatten\logic_core.\boot.$auto$proc_rom.cc:155:do_switch$723$rdmux[0][3][4]$a$4700 [1:0] }
      New connections: { $memory$flatten\logic_core.\boot.$auto$proc_rom.cc:155:do_switch$723$rdmux[0][3][4]$a$4700 [9] $memory$flatten\logic_core.\boot.$auto$proc_rom.cc:155:do_switch$723$rdmux[0][3][4]$a$4700 [7:4] $memory$flatten\logic_core.\boot.$auto$proc_rom.cc:155:do_switch$723$rdmux[0][3][4]$a$4700 [2] } = { $memory$flatten\logic_core.\boot.$auto$proc_rom.cc:155:do_switch$723$rdmux[0][3][4]$a$4700 [1] 3'000 $memory$flatten\logic_core.\boot.$auto$proc_rom.cc:155:do_switch$723$rdmux[0][3][4]$a$4700 [3] $memory$flatten\logic_core.\boot.$auto$proc_rom.cc:155:do_switch$723$rdmux[0][3][4]$a$4700 [0] }
    Consolidated identical input bits for $mux cell $memory$flatten\logic_core.\boot.$auto$proc_rom.cc:155:do_switch$723$rdmux[0][4][7]$4732:
      Old ports: A=$memory$flatten\logic_core.\boot.$auto$proc_rom.cc:155:do_switch$723$rdmux[0][4][7]$a$4733, B=$memory$flatten\logic_core.\boot.$auto$proc_rom.cc:155:do_switch$723$rdmux[0][4][7]$b$4734, Y=$memory$flatten\logic_core.\boot.$auto$proc_rom.cc:155:do_switch$723$rdmux[0][3][3]$b$4698
      New ports: A={ $memory$flatten\logic_core.\boot.$auto$proc_rom.cc:155:do_switch$723$rdmux[0][4][7]$a$4733 [13] $memory$flatten\logic_core.\boot.$auto$proc_rom.cc:155:do_switch$723$rdmux[0][4][7]$a$4733 [8] $memory$flatten\logic_core.\boot.$auto$proc_rom.cc:155:do_switch$723$rdmux[0][4][7]$a$4733 [8] $memory$flatten\logic_core.\boot.$auto$proc_rom.cc:155:do_switch$723$rdmux[0][4][7]$a$4733 [8] 3'010 }, B={ 1'1 $memory$flatten\logic_core.\boot.$auto$proc_rom.cc:155:do_switch$723$rdmux[0][4][7]$b$4734 [0] $memory$flatten\logic_core.\boot.$auto$proc_rom.cc:155:do_switch$723$rdmux[0][4][7]$b$4734 [7] 1'0 $memory$flatten\logic_core.\boot.$auto$proc_rom.cc:155:do_switch$723$rdmux[0][4][7]$b$4734 [7] $memory$flatten\logic_core.\boot.$auto$proc_rom.cc:155:do_switch$723$rdmux[0][4][7]$b$4734 [0] $memory$flatten\logic_core.\boot.$auto$proc_rom.cc:155:do_switch$723$rdmux[0][4][7]$b$4734 [0] }, Y={ $memory$flatten\logic_core.\boot.$auto$proc_rom.cc:155:do_switch$723$rdmux[0][3][3]$b$4698 [13] $memory$flatten\logic_core.\boot.$auto$proc_rom.cc:155:do_switch$723$rdmux[0][3][3]$b$4698 [11] $memory$flatten\logic_core.\boot.$auto$proc_rom.cc:155:do_switch$723$rdmux[0][3][3]$b$4698 [9:7] $memory$flatten\logic_core.\boot.$auto$proc_rom.cc:155:do_switch$723$rdmux[0][3][3]$b$4698 [4] $memory$flatten\logic_core.\boot.$auto$proc_rom.cc:155:do_switch$723$rdmux[0][3][3]$b$4698 [0] }
      New connections: { $memory$flatten\logic_core.\boot.$auto$proc_rom.cc:155:do_switch$723$rdmux[0][3][3]$b$4698 [12] $memory$flatten\logic_core.\boot.$auto$proc_rom.cc:155:do_switch$723$rdmux[0][3][3]$b$4698 [10] $memory$flatten\logic_core.\boot.$auto$proc_rom.cc:155:do_switch$723$rdmux[0][3][3]$b$4698 [6:5] $memory$flatten\logic_core.\boot.$auto$proc_rom.cc:155:do_switch$723$rdmux[0][3][3]$b$4698 [3:1] } = { $memory$flatten\logic_core.\boot.$auto$proc_rom.cc:155:do_switch$723$rdmux[0][3][3]$b$4698 [8] $memory$flatten\logic_core.\boot.$auto$proc_rom.cc:155:do_switch$723$rdmux[0][3][3]$b$4698 [9] 1'0 $memory$flatten\logic_core.\boot.$auto$proc_rom.cc:155:do_switch$723$rdmux[0][3][3]$b$4698 [0] 2'00 $memory$flatten\logic_core.\boot.$auto$proc_rom.cc:155:do_switch$723$rdmux[0][3][3]$b$4698 [0] }
    Consolidated identical input bits for $mux cell $memory$flatten\logic_core.\boot.$auto$proc_rom.cc:155:do_switch$723$rdmux[0][4][6]$4729:
      Old ports: A=$memory$flatten\logic_core.\boot.$auto$proc_rom.cc:155:do_switch$723$rdmux[0][4][6]$a$4730, B=$memory$flatten\logic_core.\boot.$auto$proc_rom.cc:155:do_switch$723$rdmux[0][4][6]$b$4731, Y=$memory$flatten\logic_core.\boot.$auto$proc_rom.cc:155:do_switch$723$rdmux[0][3][3]$a$4697
      New ports: A={ 1'0 $memory$flatten\logic_core.\boot.$auto$proc_rom.cc:155:do_switch$723$rdmux[0][4][6]$a$4730 [8] 2'10 }, B={ 1'1 $memory$flatten\logic_core.\boot.$auto$proc_rom.cc:155:do_switch$723$rdmux[0][4][6]$b$4731 [8] 1'0 $memory$flatten\logic_core.\boot.$auto$proc_rom.cc:155:do_switch$723$rdmux[0][4][6]$b$4731 [4] }, Y={ $memory$flatten\logic_core.\boot.$auto$proc_rom.cc:155:do_switch$723$rdmux[0][3][3]$a$4697 [12] $memory$flatten\logic_core.\boot.$auto$proc_rom.cc:155:do_switch$723$rdmux[0][3][3]$a$4697 [8:7] $memory$flatten\logic_core.\boot.$auto$proc_rom.cc:155:do_switch$723$rdmux[0][3][3]$a$4697 [4] }
      New connections: { $memory$flatten\logic_core.\boot.$auto$proc_rom.cc:155:do_switch$723$rdmux[0][3][3]$a$4697 [13] $memory$flatten\logic_core.\boot.$auto$proc_rom.cc:155:do_switch$723$rdmux[0][3][3]$a$4697 [11:9] $memory$flatten\logic_core.\boot.$auto$proc_rom.cc:155:do_switch$723$rdmux[0][3][3]$a$4697 [6:5] $memory$flatten\logic_core.\boot.$auto$proc_rom.cc:155:do_switch$723$rdmux[0][3][3]$a$4697 [3:0] } = { 3'011 $memory$flatten\logic_core.\boot.$auto$proc_rom.cc:155:do_switch$723$rdmux[0][3][3]$a$4697 [4] 6'000000 }
    Consolidated identical input bits for $mux cell $memory$flatten\logic_core.\boot.$auto$proc_rom.cc:155:do_switch$723$rdmux[0][4][5]$4726:
      Old ports: A=$memory$flatten\logic_core.\boot.$auto$proc_rom.cc:155:do_switch$723$rdmux[0][4][5]$a$4727, B=$memory$flatten\logic_core.\boot.$auto$proc_rom.cc:155:do_switch$723$rdmux[0][4][5]$b$4728, Y=$memory$flatten\logic_core.\boot.$auto$proc_rom.cc:155:do_switch$723$rdmux[0][3][2]$b$4695
      New ports: A={ 1'0 $memory$flatten\logic_core.\boot.$auto$proc_rom.cc:155:do_switch$723$rdmux[0][4][5]$a$4727 [8] 2'01 }, B={ 1'1 $memory$flatten\logic_core.\boot.$auto$proc_rom.cc:155:do_switch$723$rdmux[0][4][5]$b$4728 [7] $memory$flatten\logic_core.\boot.$auto$proc_rom.cc:155:do_switch$723$rdmux[0][4][5]$b$4728 [7] $memory$flatten\logic_core.\boot.$auto$proc_rom.cc:155:do_switch$723$rdmux[0][4][5]$b$4728 [0] }, Y={ $memory$flatten\logic_core.\boot.$auto$proc_rom.cc:155:do_switch$723$rdmux[0][3][2]$b$4695 [9:7] $memory$flatten\logic_core.\boot.$auto$proc_rom.cc:155:do_switch$723$rdmux[0][3][2]$b$4695 [0] }
      New connections: { $memory$flatten\logic_core.\boot.$auto$proc_rom.cc:155:do_switch$723$rdmux[0][3][2]$b$4695 [13:10] $memory$flatten\logic_core.\boot.$auto$proc_rom.cc:155:do_switch$723$rdmux[0][3][2]$b$4695 [6:1] } = { 6'001000 $memory$flatten\logic_core.\boot.$auto$proc_rom.cc:155:do_switch$723$rdmux[0][3][2]$b$4695 [0] $memory$flatten\logic_core.\boot.$auto$proc_rom.cc:155:do_switch$723$rdmux[0][3][2]$b$4695 [0] 2'00 }
    Consolidated identical input bits for $mux cell $memory$flatten\logic_core.\boot.$auto$proc_rom.cc:155:do_switch$723$rdmux[0][4][4]$4723:
      Old ports: A=$memory$flatten\logic_core.\boot.$auto$proc_rom.cc:155:do_switch$723$rdmux[0][4][4]$a$4724, B=$memory$flatten\logic_core.\boot.$auto$proc_rom.cc:155:do_switch$723$rdmux[0][4][4]$b$4725, Y=$memory$flatten\logic_core.\boot.$auto$proc_rom.cc:155:do_switch$723$rdmux[0][3][2]$a$4694
      New ports: A={ 1'1 $memory$flatten\logic_core.\boot.$auto$proc_rom.cc:155:do_switch$723$rdmux[0][4][4]$a$4724 [1] $memory$flatten\logic_core.\boot.$auto$proc_rom.cc:155:do_switch$723$rdmux[0][4][4]$a$4724 [1] 3'100 $memory$flatten\logic_core.\boot.$auto$proc_rom.cc:155:do_switch$723$rdmux[0][4][4]$a$4724 [2:1] }, B={ 2'01 $memory$flatten\logic_core.\boot.$auto$proc_rom.cc:155:do_switch$723$rdmux[0][4][4]$b$4725 [10] $memory$flatten\logic_core.\boot.$auto$proc_rom.cc:155:do_switch$723$rdmux[0][4][4]$b$4725 [7] $memory$flatten\logic_core.\boot.$auto$proc_rom.cc:155:do_switch$723$rdmux[0][4][4]$b$4725 [7] 3'100 }, Y={ $memory$flatten\logic_core.\boot.$auto$proc_rom.cc:155:do_switch$723$rdmux[0][3][2]$a$4694 [13:12] $memory$flatten\logic_core.\boot.$auto$proc_rom.cc:155:do_switch$723$rdmux[0][3][2]$a$4694 [10:9] $memory$flatten\logic_core.\boot.$auto$proc_rom.cc:155:do_switch$723$rdmux[0][3][2]$a$4694 [7] $memory$flatten\logic_core.\boot.$auto$proc_rom.cc:155:do_switch$723$rdmux[0][3][2]$a$4694 [3:1] }
      New connections: { $memory$flatten\logic_core.\boot.$auto$proc_rom.cc:155:do_switch$723$rdmux[0][3][2]$a$4694 [11] $memory$flatten\logic_core.\boot.$auto$proc_rom.cc:155:do_switch$723$rdmux[0][3][2]$a$4694 [8] $memory$flatten\logic_core.\boot.$auto$proc_rom.cc:155:do_switch$723$rdmux[0][3][2]$a$4694 [6:4] $memory$flatten\logic_core.\boot.$auto$proc_rom.cc:155:do_switch$723$rdmux[0][3][2]$a$4694 [0] } = { $memory$flatten\logic_core.\boot.$auto$proc_rom.cc:155:do_switch$723$rdmux[0][3][2]$a$4694 [3] $memory$flatten\logic_core.\boot.$auto$proc_rom.cc:155:do_switch$723$rdmux[0][3][2]$a$4694 [7] 4'0000 }
    Consolidated identical input bits for $mux cell $memory$flatten\logic_core.\boot.$auto$proc_rom.cc:155:do_switch$723$rdmux[0][4][3]$4720:
      Old ports: A=$memory$flatten\logic_core.\boot.$auto$proc_rom.cc:155:do_switch$723$rdmux[0][4][3]$a$4721, B=$memory$flatten\logic_core.\boot.$auto$proc_rom.cc:155:do_switch$723$rdmux[0][4][3]$b$4722, Y=$memory$flatten\logic_core.\boot.$auto$proc_rom.cc:155:do_switch$723$rdmux[0][3][1]$b$4692
      New ports: A={ 1'1 $memory$flatten\logic_core.\boot.$auto$proc_rom.cc:155:do_switch$723$rdmux[0][4][3]$a$4721 [4] $memory$flatten\logic_core.\boot.$auto$proc_rom.cc:155:do_switch$723$rdmux[0][4][3]$a$4721 [1] 1'0 $memory$flatten\logic_core.\boot.$auto$proc_rom.cc:155:do_switch$723$rdmux[0][4][3]$a$4721 [4] $memory$flatten\logic_core.\boot.$auto$proc_rom.cc:155:do_switch$723$rdmux[0][4][3]$a$4721 [1] $memory$flatten\logic_core.\boot.$auto$proc_rom.cc:155:do_switch$723$rdmux[0][4][3]$a$4721 [1] 1'0 }, B={ $memory$flatten\logic_core.\boot.$auto$proc_rom.cc:155:do_switch$723$rdmux[0][4][3]$b$4722 [7] $memory$flatten\logic_core.\boot.$auto$proc_rom.cc:155:do_switch$723$rdmux[0][4][3]$b$4722 [7] 1'1 $memory$flatten\logic_core.\boot.$auto$proc_rom.cc:155:do_switch$723$rdmux[0][4][3]$b$4722 [7] 1'0 $memory$flatten\logic_core.\boot.$auto$proc_rom.cc:155:do_switch$723$rdmux[0][4][3]$b$4722 [0] 1'0 $memory$flatten\logic_core.\boot.$auto$proc_rom.cc:155:do_switch$723$rdmux[0][4][3]$b$4722 [0] }, Y={ $memory$flatten\logic_core.\boot.$auto$proc_rom.cc:155:do_switch$723$rdmux[0][3][1]$b$4692 [10:7] $memory$flatten\logic_core.\boot.$auto$proc_rom.cc:155:do_switch$723$rdmux[0][3][1]$b$4692 [4] $memory$flatten\logic_core.\boot.$auto$proc_rom.cc:155:do_switch$723$rdmux[0][3][1]$b$4692 [2:0] }
      New connections: { $memory$flatten\logic_core.\boot.$auto$proc_rom.cc:155:do_switch$723$rdmux[0][3][1]$b$4692 [13:11] $memory$flatten\logic_core.\boot.$auto$proc_rom.cc:155:do_switch$723$rdmux[0][3][1]$b$4692 [6:5] $memory$flatten\logic_core.\boot.$auto$proc_rom.cc:155:do_switch$723$rdmux[0][3][1]$b$4692 [3] } = { $memory$flatten\logic_core.\boot.$auto$proc_rom.cc:155:do_switch$723$rdmux[0][3][1]$b$4692 [0] 4'0000 $memory$flatten\logic_core.\boot.$auto$proc_rom.cc:155:do_switch$723$rdmux[0][3][1]$b$4692 [0] }
    Consolidated identical input bits for $mux cell $memory$flatten\logic_core.\boot.$auto$proc_rom.cc:155:do_switch$723$rdmux[0][4][2]$4717:
      Old ports: A=$memory$flatten\logic_core.\boot.$auto$proc_rom.cc:155:do_switch$723$rdmux[0][4][2]$a$4718, B=$memory$flatten\logic_core.\boot.$auto$proc_rom.cc:155:do_switch$723$rdmux[0][4][2]$b$4719, Y=$memory$flatten\logic_core.\boot.$auto$proc_rom.cc:155:do_switch$723$rdmux[0][3][1]$a$4691
      New ports: A={ 1'0 $memory$flatten\logic_core.\boot.$auto$proc_rom.cc:155:do_switch$723$rdmux[0][4][2]$a$4718 [9] $memory$flatten\logic_core.\boot.$auto$proc_rom.cc:155:do_switch$723$rdmux[0][4][2]$a$4718 [7] $memory$flatten\logic_core.\boot.$auto$proc_rom.cc:155:do_switch$723$rdmux[0][4][2]$a$4718 [7] 1'0 }, B={ $memory$flatten\logic_core.\boot.$auto$proc_rom.cc:155:do_switch$723$rdmux[0][4][2]$b$4719 [10] $memory$flatten\logic_core.\boot.$auto$proc_rom.cc:155:do_switch$723$rdmux[0][4][2]$b$4719 [4] $memory$flatten\logic_core.\boot.$auto$proc_rom.cc:155:do_switch$723$rdmux[0][4][2]$b$4719 [4] 1'0 $memory$flatten\logic_core.\boot.$auto$proc_rom.cc:155:do_switch$723$rdmux[0][4][2]$b$4719 [4] }, Y={ $memory$flatten\logic_core.\boot.$auto$proc_rom.cc:155:do_switch$723$rdmux[0][3][1]$a$4691 [10:7] $memory$flatten\logic_core.\boot.$auto$proc_rom.cc:155:do_switch$723$rdmux[0][3][1]$a$4691 [4] }
      New connections: { $memory$flatten\logic_core.\boot.$auto$proc_rom.cc:155:do_switch$723$rdmux[0][3][1]$a$4691 [13:11] $memory$flatten\logic_core.\boot.$auto$proc_rom.cc:155:do_switch$723$rdmux[0][3][1]$a$4691 [6:5] $memory$flatten\logic_core.\boot.$auto$proc_rom.cc:155:do_switch$723$rdmux[0][3][1]$a$4691 [3:0] } = 9'000000000
    Consolidated identical input bits for $mux cell $memory$flatten\logic_core.\boot.$auto$proc_rom.cc:155:do_switch$723$rdmux[0][4][1]$4714:
      Old ports: A=$memory$flatten\logic_core.\boot.$auto$proc_rom.cc:155:do_switch$723$rdmux[0][4][1]$a$4715, B=$memory$flatten\logic_core.\boot.$auto$proc_rom.cc:155:do_switch$723$rdmux[0][4][1]$b$4716, Y=$memory$flatten\logic_core.\boot.$auto$proc_rom.cc:155:do_switch$723$rdmux[0][3][0]$b$4689
      New ports: A={ $memory$flatten\logic_core.\boot.$auto$proc_rom.cc:155:do_switch$723$rdmux[0][4][1]$a$4715 [4] $memory$flatten\logic_core.\boot.$auto$proc_rom.cc:155:do_switch$723$rdmux[0][4][1]$a$4715 [1] $memory$flatten\logic_core.\boot.$auto$proc_rom.cc:155:do_switch$723$rdmux[0][4][1]$a$4715 [1] $memory$flatten\logic_core.\boot.$auto$proc_rom.cc:155:do_switch$723$rdmux[0][4][1]$a$4715 [4] 1'1 $memory$flatten\logic_core.\boot.$auto$proc_rom.cc:155:do_switch$723$rdmux[0][4][1]$a$4715 [1] }, B={ 1'1 $memory$flatten\logic_core.\boot.$auto$proc_rom.cc:155:do_switch$723$rdmux[0][4][1]$b$4716 [11] $memory$flatten\logic_core.\boot.$auto$proc_rom.cc:155:do_switch$723$rdmux[0][4][1]$b$4716 [8] 3'000 }, Y={ $memory$flatten\logic_core.\boot.$auto$proc_rom.cc:155:do_switch$723$rdmux[0][3][0]$b$4689 [12:11] $memory$flatten\logic_core.\boot.$auto$proc_rom.cc:155:do_switch$723$rdmux[0][3][0]$b$4689 [8] $memory$flatten\logic_core.\boot.$auto$proc_rom.cc:155:do_switch$723$rdmux[0][3][0]$b$4689 [4:3] $memory$flatten\logic_core.\boot.$auto$proc_rom.cc:155:do_switch$723$rdmux[0][3][0]$b$4689 [1] }
      New connections: { $memory$flatten\logic_core.\boot.$auto$proc_rom.cc:155:do_switch$723$rdmux[0][3][0]$b$4689 [13] $memory$flatten\logic_core.\boot.$auto$proc_rom.cc:155:do_switch$723$rdmux[0][3][0]$b$4689 [10:9] $memory$flatten\logic_core.\boot.$auto$proc_rom.cc:155:do_switch$723$rdmux[0][3][0]$b$4689 [7:5] $memory$flatten\logic_core.\boot.$auto$proc_rom.cc:155:do_switch$723$rdmux[0][3][0]$b$4689 [2] $memory$flatten\logic_core.\boot.$auto$proc_rom.cc:155:do_switch$723$rdmux[0][3][0]$b$4689 [0] } = { 1'0 $memory$flatten\logic_core.\boot.$auto$proc_rom.cc:155:do_switch$723$rdmux[0][3][0]$b$4689 [8] $memory$flatten\logic_core.\boot.$auto$proc_rom.cc:155:do_switch$723$rdmux[0][3][0]$b$4689 [1] 1'0 $memory$flatten\logic_core.\boot.$auto$proc_rom.cc:155:do_switch$723$rdmux[0][3][0]$b$4689 [4] $memory$flatten\logic_core.\boot.$auto$proc_rom.cc:155:do_switch$723$rdmux[0][3][0]$b$4689 [1] $memory$flatten\logic_core.\boot.$auto$proc_rom.cc:155:do_switch$723$rdmux[0][3][0]$b$4689 [1] 1'0 }
    Consolidated identical input bits for $mux cell $memory$flatten\logic_core.\boot.$auto$proc_rom.cc:155:do_switch$723$rdmux[0][4][0]$4711:
      Old ports: A=$memory$flatten\logic_core.\boot.$auto$proc_rom.cc:155:do_switch$723$rdmux[0][4][0]$a$4712, B=$memory$flatten\logic_core.\boot.$auto$proc_rom.cc:155:do_switch$723$rdmux[0][4][0]$b$4713, Y=$memory$flatten\logic_core.\boot.$auto$proc_rom.cc:155:do_switch$723$rdmux[0][3][0]$a$4688
      New ports: A={ 1'1 $memory$flatten\logic_core.\boot.$auto$proc_rom.cc:155:do_switch$723$rdmux[0][4][0]$a$4712 [11] $memory$flatten\logic_core.\boot.$auto$proc_rom.cc:155:do_switch$723$rdmux[0][4][0]$a$4712 [0] 3'100 $memory$flatten\logic_core.\boot.$auto$proc_rom.cc:155:do_switch$723$rdmux[0][4][0]$a$4712 [0] $memory$flatten\logic_core.\boot.$auto$proc_rom.cc:155:do_switch$723$rdmux[0][4][0]$a$4712 [0] }, B={ $memory$flatten\logic_core.\boot.$auto$proc_rom.cc:155:do_switch$723$rdmux[0][4][0]$b$4713 [3] 1'1 $memory$flatten\logic_core.\boot.$auto$proc_rom.cc:155:do_switch$723$rdmux[0][4][0]$b$4713 [4] 1'0 $memory$flatten\logic_core.\boot.$auto$proc_rom.cc:155:do_switch$723$rdmux[0][4][0]$b$4713 [4:3] 2'10 }, Y={ $memory$flatten\logic_core.\boot.$auto$proc_rom.cc:155:do_switch$723$rdmux[0][3][0]$a$4688 [12:10] $memory$flatten\logic_core.\boot.$auto$proc_rom.cc:155:do_switch$723$rdmux[0][3][0]$a$4688 [8] $memory$flatten\logic_core.\boot.$auto$proc_rom.cc:155:do_switch$723$rdmux[0][3][0]$a$4688 [4:3] $memory$flatten\logic_core.\boot.$auto$proc_rom.cc:155:do_switch$723$rdmux[0][3][0]$a$4688 [1:0] }
      New connections: { $memory$flatten\logic_core.\boot.$auto$proc_rom.cc:155:do_switch$723$rdmux[0][3][0]$a$4688 [13] $memory$flatten\logic_core.\boot.$auto$proc_rom.cc:155:do_switch$723$rdmux[0][3][0]$a$4688 [9] $memory$flatten\logic_core.\boot.$auto$proc_rom.cc:155:do_switch$723$rdmux[0][3][0]$a$4688 [7:5] $memory$flatten\logic_core.\boot.$auto$proc_rom.cc:155:do_switch$723$rdmux[0][3][0]$a$4688 [2] } = { 1'0 $memory$flatten\logic_core.\boot.$auto$proc_rom.cc:155:do_switch$723$rdmux[0][3][0]$a$4688 [1] $memory$flatten\logic_core.\boot.$auto$proc_rom.cc:155:do_switch$723$rdmux[0][3][0]$a$4688 [3] $memory$flatten\logic_core.\boot.$auto$proc_rom.cc:155:do_switch$723$rdmux[0][3][0]$a$4688 [3] 2'00 }
  Optimizing cells in module \amiga_board_top.
    Consolidated identical input bits for $mux cell $memory$flatten\logic_core.\boot.$auto$proc_rom.cc:155:do_switch$723$rdmux[0][3][4]$4699:
      Old ports: A=$memory$flatten\logic_core.\boot.$auto$proc_rom.cc:155:do_switch$723$rdmux[0][3][4]$a$4700, B=14'01011100000011, Y=$memory$flatten\logic_core.\boot.$auto$proc_rom.cc:155:do_switch$723$rdmux[0][2][2]$a$4682
      New ports: A={ $memory$flatten\logic_core.\boot.$auto$proc_rom.cc:155:do_switch$723$rdmux[0][3][4]$a$4700 [13:10] $memory$flatten\logic_core.\boot.$auto$proc_rom.cc:155:do_switch$723$rdmux[0][3][4]$a$4700 [8] $memory$flatten\logic_core.\boot.$auto$proc_rom.cc:155:do_switch$723$rdmux[0][3][4]$a$4700 [3] $memory$flatten\logic_core.\boot.$auto$proc_rom.cc:155:do_switch$723$rdmux[0][3][4]$a$4700 [0] $memory$flatten\logic_core.\boot.$auto$proc_rom.cc:155:do_switch$723$rdmux[0][3][4]$a$4700 [1:0] }, B=9'010110011, Y={ $memory$flatten\logic_core.\boot.$auto$proc_rom.cc:155:do_switch$723$rdmux[0][2][2]$a$4682 [13:10] $memory$flatten\logic_core.\boot.$auto$proc_rom.cc:155:do_switch$723$rdmux[0][2][2]$a$4682 [8] $memory$flatten\logic_core.\boot.$auto$proc_rom.cc:155:do_switch$723$rdmux[0][2][2]$a$4682 [3:0] }
      New connections: { $memory$flatten\logic_core.\boot.$auto$proc_rom.cc:155:do_switch$723$rdmux[0][2][2]$a$4682 [9] $memory$flatten\logic_core.\boot.$auto$proc_rom.cc:155:do_switch$723$rdmux[0][2][2]$a$4682 [7:4] } = { $memory$flatten\logic_core.\boot.$auto$proc_rom.cc:155:do_switch$723$rdmux[0][2][2]$a$4682 [1] 3'000 $memory$flatten\logic_core.\boot.$auto$proc_rom.cc:155:do_switch$723$rdmux[0][2][2]$a$4682 [3] }
    Consolidated identical input bits for $mux cell $memory$flatten\logic_core.\boot.$auto$proc_rom.cc:155:do_switch$723$rdmux[0][3][3]$4696:
      Old ports: A=$memory$flatten\logic_core.\boot.$auto$proc_rom.cc:155:do_switch$723$rdmux[0][3][3]$a$4697, B=$memory$flatten\logic_core.\boot.$auto$proc_rom.cc:155:do_switch$723$rdmux[0][3][3]$b$4698, Y=$memory$flatten\logic_core.\boot.$auto$proc_rom.cc:155:do_switch$723$rdmux[0][2][1]$b$4680
      New ports: A={ 1'0 $memory$flatten\logic_core.\boot.$auto$proc_rom.cc:155:do_switch$723$rdmux[0][3][3]$a$4697 [12] 2'11 $memory$flatten\logic_core.\boot.$auto$proc_rom.cc:155:do_switch$723$rdmux[0][3][3]$a$4697 [4] $memory$flatten\logic_core.\boot.$auto$proc_rom.cc:155:do_switch$723$rdmux[0][3][3]$a$4697 [8:7] $memory$flatten\logic_core.\boot.$auto$proc_rom.cc:155:do_switch$723$rdmux[0][3][3]$a$4697 [4] 1'0 }, B={ $memory$flatten\logic_core.\boot.$auto$proc_rom.cc:155:do_switch$723$rdmux[0][3][3]$b$4698 [13] $memory$flatten\logic_core.\boot.$auto$proc_rom.cc:155:do_switch$723$rdmux[0][3][3]$b$4698 [8] $memory$flatten\logic_core.\boot.$auto$proc_rom.cc:155:do_switch$723$rdmux[0][3][3]$b$4698 [11] $memory$flatten\logic_core.\boot.$auto$proc_rom.cc:155:do_switch$723$rdmux[0][3][3]$b$4698 [9] $memory$flatten\logic_core.\boot.$auto$proc_rom.cc:155:do_switch$723$rdmux[0][3][3]$b$4698 [9:7] $memory$flatten\logic_core.\boot.$auto$proc_rom.cc:155:do_switch$723$rdmux[0][3][3]$b$4698 [4] $memory$flatten\logic_core.\boot.$auto$proc_rom.cc:155:do_switch$723$rdmux[0][3][3]$b$4698 [0] }, Y={ $memory$flatten\logic_core.\boot.$auto$proc_rom.cc:155:do_switch$723$rdmux[0][2][1]$b$4680 [13:7] $memory$flatten\logic_core.\boot.$auto$proc_rom.cc:155:do_switch$723$rdmux[0][2][1]$b$4680 [4] $memory$flatten\logic_core.\boot.$auto$proc_rom.cc:155:do_switch$723$rdmux[0][2][1]$b$4680 [0] }
      New connections: { $memory$flatten\logic_core.\boot.$auto$proc_rom.cc:155:do_switch$723$rdmux[0][2][1]$b$4680 [6:5] $memory$flatten\logic_core.\boot.$auto$proc_rom.cc:155:do_switch$723$rdmux[0][2][1]$b$4680 [3:1] } = { 1'0 $memory$flatten\logic_core.\boot.$auto$proc_rom.cc:155:do_switch$723$rdmux[0][2][1]$b$4680 [0] 2'00 $memory$flatten\logic_core.\boot.$auto$proc_rom.cc:155:do_switch$723$rdmux[0][2][1]$b$4680 [0] }
    Consolidated identical input bits for $mux cell $memory$flatten\logic_core.\boot.$auto$proc_rom.cc:155:do_switch$723$rdmux[0][3][2]$4693:
      Old ports: A=$memory$flatten\logic_core.\boot.$auto$proc_rom.cc:155:do_switch$723$rdmux[0][3][2]$a$4694, B=$memory$flatten\logic_core.\boot.$auto$proc_rom.cc:155:do_switch$723$rdmux[0][3][2]$b$4695, Y=$memory$flatten\logic_core.\boot.$auto$proc_rom.cc:155:do_switch$723$rdmux[0][2][1]$a$4679
      New ports: A={ $memory$flatten\logic_core.\boot.$auto$proc_rom.cc:155:do_switch$723$rdmux[0][3][2]$a$4694 [13:12] $memory$flatten\logic_core.\boot.$auto$proc_rom.cc:155:do_switch$723$rdmux[0][3][2]$a$4694 [3] $memory$flatten\logic_core.\boot.$auto$proc_rom.cc:155:do_switch$723$rdmux[0][3][2]$a$4694 [10:9] $memory$flatten\logic_core.\boot.$auto$proc_rom.cc:155:do_switch$723$rdmux[0][3][2]$a$4694 [7] $memory$flatten\logic_core.\boot.$auto$proc_rom.cc:155:do_switch$723$rdmux[0][3][2]$a$4694 [7] $memory$flatten\logic_core.\boot.$auto$proc_rom.cc:155:do_switch$723$rdmux[0][3][2]$a$4694 [3:1] 1'0 }, B={ 4'0010 $memory$flatten\logic_core.\boot.$auto$proc_rom.cc:155:do_switch$723$rdmux[0][3][2]$b$4695 [9:7] $memory$flatten\logic_core.\boot.$auto$proc_rom.cc:155:do_switch$723$rdmux[0][3][2]$b$4695 [0] 2'00 $memory$flatten\logic_core.\boot.$auto$proc_rom.cc:155:do_switch$723$rdmux[0][3][2]$b$4695 [0] }, Y={ $memory$flatten\logic_core.\boot.$auto$proc_rom.cc:155:do_switch$723$rdmux[0][2][1]$a$4679 [13:7] $memory$flatten\logic_core.\boot.$auto$proc_rom.cc:155:do_switch$723$rdmux[0][2][1]$a$4679 [3:0] }
      New connections: $memory$flatten\logic_core.\boot.$auto$proc_rom.cc:155:do_switch$723$rdmux[0][2][1]$a$4679 [6:4] = { 2'00 $memory$flatten\logic_core.\boot.$auto$proc_rom.cc:155:do_switch$723$rdmux[0][2][1]$a$4679 [0] }
    Consolidated identical input bits for $mux cell $memory$flatten\logic_core.\boot.$auto$proc_rom.cc:155:do_switch$723$rdmux[0][3][1]$4690:
      Old ports: A=$memory$flatten\logic_core.\boot.$auto$proc_rom.cc:155:do_switch$723$rdmux[0][3][1]$a$4691, B=$memory$flatten\logic_core.\boot.$auto$proc_rom.cc:155:do_switch$723$rdmux[0][3][1]$b$4692, Y=$memory$flatten\logic_core.\boot.$auto$proc_rom.cc:155:do_switch$723$rdmux[0][2][0]$b$4677
      New ports: A={ $memory$flatten\logic_core.\boot.$auto$proc_rom.cc:155:do_switch$723$rdmux[0][3][1]$a$4691 [10:7] $memory$flatten\logic_core.\boot.$auto$proc_rom.cc:155:do_switch$723$rdmux[0][3][1]$a$4691 [4] 3'000 }, B={ $memory$flatten\logic_core.\boot.$auto$proc_rom.cc:155:do_switch$723$rdmux[0][3][1]$b$4692 [10:7] $memory$flatten\logic_core.\boot.$auto$proc_rom.cc:155:do_switch$723$rdmux[0][3][1]$b$4692 [4] $memory$flatten\logic_core.\boot.$auto$proc_rom.cc:155:do_switch$723$rdmux[0][3][1]$b$4692 [2:0] }, Y={ $memory$flatten\logic_core.\boot.$auto$proc_rom.cc:155:do_switch$723$rdmux[0][2][0]$b$4677 [10:7] $memory$flatten\logic_core.\boot.$auto$proc_rom.cc:155:do_switch$723$rdmux[0][2][0]$b$4677 [4] $memory$flatten\logic_core.\boot.$auto$proc_rom.cc:155:do_switch$723$rdmux[0][2][0]$b$4677 [2:0] }
      New connections: { $memory$flatten\logic_core.\boot.$auto$proc_rom.cc:155:do_switch$723$rdmux[0][2][0]$b$4677 [13:11] $memory$flatten\logic_core.\boot.$auto$proc_rom.cc:155:do_switch$723$rdmux[0][2][0]$b$4677 [6:5] $memory$flatten\logic_core.\boot.$auto$proc_rom.cc:155:do_switch$723$rdmux[0][2][0]$b$4677 [3] } = { $memory$flatten\logic_core.\boot.$auto$proc_rom.cc:155:do_switch$723$rdmux[0][2][0]$b$4677 [0] 4'0000 $memory$flatten\logic_core.\boot.$auto$proc_rom.cc:155:do_switch$723$rdmux[0][2][0]$b$4677 [0] }
    Consolidated identical input bits for $mux cell $memory$flatten\logic_core.\boot.$auto$proc_rom.cc:155:do_switch$723$rdmux[0][3][0]$4687:
      Old ports: A=$memory$flatten\logic_core.\boot.$auto$proc_rom.cc:155:do_switch$723$rdmux[0][3][0]$a$4688, B=$memory$flatten\logic_core.\boot.$auto$proc_rom.cc:155:do_switch$723$rdmux[0][3][0]$b$4689, Y=$memory$flatten\logic_core.\boot.$auto$proc_rom.cc:155:do_switch$723$rdmux[0][2][0]$a$4676
      New ports: A={ $memory$flatten\logic_core.\boot.$auto$proc_rom.cc:155:do_switch$723$rdmux[0][3][0]$a$4688 [12:10] $memory$flatten\logic_core.\boot.$auto$proc_rom.cc:155:do_switch$723$rdmux[0][3][0]$a$4688 [8] $memory$flatten\logic_core.\boot.$auto$proc_rom.cc:155:do_switch$723$rdmux[0][3][0]$a$4688 [3] $memory$flatten\logic_core.\boot.$auto$proc_rom.cc:155:do_switch$723$rdmux[0][3][0]$a$4688 [3] $memory$flatten\logic_core.\boot.$auto$proc_rom.cc:155:do_switch$723$rdmux[0][3][0]$a$4688 [4:3] 1'0 $memory$flatten\logic_core.\boot.$auto$proc_rom.cc:155:do_switch$723$rdmux[0][3][0]$a$4688 [1:0] }, B={ $memory$flatten\logic_core.\boot.$auto$proc_rom.cc:155:do_switch$723$rdmux[0][3][0]$b$4689 [12:11] $memory$flatten\logic_core.\boot.$auto$proc_rom.cc:155:do_switch$723$rdmux[0][3][0]$b$4689 [8] $memory$flatten\logic_core.\boot.$auto$proc_rom.cc:155:do_switch$723$rdmux[0][3][0]$b$4689 [8] 1'0 $memory$flatten\logic_core.\boot.$auto$proc_rom.cc:155:do_switch$723$rdmux[0][3][0]$b$4689 [4] $memory$flatten\logic_core.\boot.$auto$proc_rom.cc:155:do_switch$723$rdmux[0][3][0]$b$4689 [4:3] $memory$flatten\logic_core.\boot.$auto$proc_rom.cc:155:do_switch$723$rdmux[0][3][0]$b$4689 [1] $memory$flatten\logic_core.\boot.$auto$proc_rom.cc:155:do_switch$723$rdmux[0][3][0]$b$4689 [1] 1'0 }, Y={ $memory$flatten\logic_core.\boot.$auto$proc_rom.cc:155:do_switch$723$rdmux[0][2][0]$a$4676 [12:10] $memory$flatten\logic_core.\boot.$auto$proc_rom.cc:155:do_switch$723$rdmux[0][2][0]$a$4676 [8:6] $memory$flatten\logic_core.\boot.$auto$proc_rom.cc:155:do_switch$723$rdmux[0][2][0]$a$4676 [4:0] }
      New connections: { $memory$flatten\logic_core.\boot.$auto$proc_rom.cc:155:do_switch$723$rdmux[0][2][0]$a$4676 [13] $memory$flatten\logic_core.\boot.$auto$proc_rom.cc:155:do_switch$723$rdmux[0][2][0]$a$4676 [9] $memory$flatten\logic_core.\boot.$auto$proc_rom.cc:155:do_switch$723$rdmux[0][2][0]$a$4676 [5] } = { 1'0 $memory$flatten\logic_core.\boot.$auto$proc_rom.cc:155:do_switch$723$rdmux[0][2][0]$a$4676 [1] $memory$flatten\logic_core.\boot.$auto$proc_rom.cc:155:do_switch$723$rdmux[0][2][0]$a$4676 [2] }
  Optimizing cells in module \amiga_board_top.
    Consolidated identical input bits for $mux cell $memory$flatten\logic_core.\boot.$auto$proc_rom.cc:155:do_switch$723$rdmux[0][2][2]$4681:
      Old ports: A=$memory$flatten\logic_core.\boot.$auto$proc_rom.cc:155:do_switch$723$rdmux[0][2][2]$a$4682, B=14'01011100000011, Y=$memory$flatten\logic_core.\boot.$auto$proc_rom.cc:155:do_switch$723$rdmux[0][1][1]$a$4673
      New ports: A={ $memory$flatten\logic_core.\boot.$auto$proc_rom.cc:155:do_switch$723$rdmux[0][2][2]$a$4682 [13:10] $memory$flatten\logic_core.\boot.$auto$proc_rom.cc:155:do_switch$723$rdmux[0][2][2]$a$4682 [8] $memory$flatten\logic_core.\boot.$auto$proc_rom.cc:155:do_switch$723$rdmux[0][2][2]$a$4682 [3:0] }, B=9'010110011, Y={ $memory$flatten\logic_core.\boot.$auto$proc_rom.cc:155:do_switch$723$rdmux[0][1][1]$a$4673 [13:10] $memory$flatten\logic_core.\boot.$auto$proc_rom.cc:155:do_switch$723$rdmux[0][1][1]$a$4673 [8] $memory$flatten\logic_core.\boot.$auto$proc_rom.cc:155:do_switch$723$rdmux[0][1][1]$a$4673 [3:0] }
      New connections: { $memory$flatten\logic_core.\boot.$auto$proc_rom.cc:155:do_switch$723$rdmux[0][1][1]$a$4673 [9] $memory$flatten\logic_core.\boot.$auto$proc_rom.cc:155:do_switch$723$rdmux[0][1][1]$a$4673 [7:4] } = { $memory$flatten\logic_core.\boot.$auto$proc_rom.cc:155:do_switch$723$rdmux[0][1][1]$a$4673 [1] 3'000 $memory$flatten\logic_core.\boot.$auto$proc_rom.cc:155:do_switch$723$rdmux[0][1][1]$a$4673 [3] }
    Consolidated identical input bits for $mux cell $memory$flatten\logic_core.\boot.$auto$proc_rom.cc:155:do_switch$723$rdmux[0][2][1]$4678:
      Old ports: A=$memory$flatten\logic_core.\boot.$auto$proc_rom.cc:155:do_switch$723$rdmux[0][2][1]$a$4679, B=$memory$flatten\logic_core.\boot.$auto$proc_rom.cc:155:do_switch$723$rdmux[0][2][1]$b$4680, Y=$memory$flatten\logic_core.\boot.$auto$proc_rom.cc:155:do_switch$723$rdmux[0][1][0]$b$4671
      New ports: A={ $memory$flatten\logic_core.\boot.$auto$proc_rom.cc:155:do_switch$723$rdmux[0][2][1]$a$4679 [13:7] 1'0 $memory$flatten\logic_core.\boot.$auto$proc_rom.cc:155:do_switch$723$rdmux[0][2][1]$a$4679 [0] $memory$flatten\logic_core.\boot.$auto$proc_rom.cc:155:do_switch$723$rdmux[0][2][1]$a$4679 [3:0] }, B={ $memory$flatten\logic_core.\boot.$auto$proc_rom.cc:155:do_switch$723$rdmux[0][2][1]$b$4680 [13:7] $memory$flatten\logic_core.\boot.$auto$proc_rom.cc:155:do_switch$723$rdmux[0][2][1]$b$4680 [0] $memory$flatten\logic_core.\boot.$auto$proc_rom.cc:155:do_switch$723$rdmux[0][2][1]$b$4680 [4] 2'00 $memory$flatten\logic_core.\boot.$auto$proc_rom.cc:155:do_switch$723$rdmux[0][2][1]$b$4680 [0] $memory$flatten\logic_core.\boot.$auto$proc_rom.cc:155:do_switch$723$rdmux[0][2][1]$b$4680 [0] }, Y={ $memory$flatten\logic_core.\boot.$auto$proc_rom.cc:155:do_switch$723$rdmux[0][1][0]$b$4671 [13:7] $memory$flatten\logic_core.\boot.$auto$proc_rom.cc:155:do_switch$723$rdmux[0][1][0]$b$4671 [5:0] }
      New connections: $memory$flatten\logic_core.\boot.$auto$proc_rom.cc:155:do_switch$723$rdmux[0][1][0]$b$4671 [6] = 1'0
  Optimizing cells in module \amiga_board_top.
    Consolidated identical input bits for $mux cell $memory$flatten\logic_core.\boot.$auto$proc_rom.cc:155:do_switch$723$rdmux[0][1][1]$4672:
      Old ports: A=$memory$flatten\logic_core.\boot.$auto$proc_rom.cc:155:do_switch$723$rdmux[0][1][1]$a$4673, B=14'01011100000011, Y=$memory$flatten\logic_core.\boot.$auto$proc_rom.cc:155:do_switch$723$rdmux[0][0][0]$b$4668
      New ports: A={ $memory$flatten\logic_core.\boot.$auto$proc_rom.cc:155:do_switch$723$rdmux[0][1][1]$a$4673 [13:10] $memory$flatten\logic_core.\boot.$auto$proc_rom.cc:155:do_switch$723$rdmux[0][1][1]$a$4673 [8] $memory$flatten\logic_core.\boot.$auto$proc_rom.cc:155:do_switch$723$rdmux[0][1][1]$a$4673 [3:0] }, B=9'010110011, Y={ $memory$flatten\logic_core.\boot.$auto$proc_rom.cc:155:do_switch$723$rdmux[0][0][0]$b$4668 [13:10] $memory$flatten\logic_core.\boot.$auto$proc_rom.cc:155:do_switch$723$rdmux[0][0][0]$b$4668 [8] $memory$flatten\logic_core.\boot.$auto$proc_rom.cc:155:do_switch$723$rdmux[0][0][0]$b$4668 [3:0] }
      New connections: { $memory$flatten\logic_core.\boot.$auto$proc_rom.cc:155:do_switch$723$rdmux[0][0][0]$b$4668 [9] $memory$flatten\logic_core.\boot.$auto$proc_rom.cc:155:do_switch$723$rdmux[0][0][0]$b$4668 [7:4] } = { $memory$flatten\logic_core.\boot.$auto$proc_rom.cc:155:do_switch$723$rdmux[0][0][0]$b$4668 [1] 3'000 $memory$flatten\logic_core.\boot.$auto$proc_rom.cc:155:do_switch$723$rdmux[0][0][0]$b$4668 [3] }
  Optimizing cells in module \amiga_board_top.
Performed a total of 44 changes.

19.33.5. Executing OPT_MERGE pass (detect identical cells).
Finding identical cells in module `\amiga_board_top'.
Computing hashes of 924 cells of `\amiga_board_top'.
Finding duplicate cells in `\amiga_board_top'.
Computing hashes of 909 cells of `\amiga_board_top'.
Finding duplicate cells in `\amiga_board_top'.
<suppressed ~45 debug messages>
Removed a total of 15 cells.

19.33.6. Executing OPT_DFF pass (perform DFF optimizations).

19.33.7. Executing OPT_CLEAN pass (remove unused cells and wires).
Finding unused cells or wires in module \amiga_board_top..
Removed 0 unused cells and 104 unused wires.
<suppressed ~1 debug messages>

19.33.8. Executing OPT_EXPR pass (perform const folding).
Optimizing module amiga_board_top.

19.33.9. Rerunning OPT passes. (Maybe there is more to do..)

19.33.10. Executing OPT_MUXTREE pass (detect dead branches in mux trees).
Running muxtree optimizer on module \amiga_board_top..
  Creating internal representation of mux trees.
  Evaluating internal representation of mux trees.
  Analyzing evaluation results.
Removed 0 multiplexer ports.
<suppressed ~234 debug messages>

19.33.11. Executing OPT_REDUCE pass (consolidate $*mux and $reduce_* inputs).
  Optimizing cells in module \amiga_board_top.
    Consolidated identical input bits for $mux cell $memory$flatten\logic_core.\boot.$auto$proc_rom.cc:155:do_switch$723$rdmux[0][4][2]$4717:
      Old ports: A={ 1'0 $memory$flatten\logic_core.\boot.$auto$proc_rom.cc:155:do_switch$723$rdmux[0][4][0]$a$4712 [11] $memory$flatten\logic_core.\boot.$auto$proc_rom.cc:155:do_switch$723$rdmux[0][4][0]$a$4712 [0] $memory$flatten\logic_core.\boot.$auto$proc_rom.cc:155:do_switch$723$rdmux[0][4][0]$a$4712 [0] 1'0 }, B={ $memory$flatten\logic_core.\boot.$auto$proc_rom.cc:155:do_switch$723$rdmux[0][4][0]$a$4712 [11] $memory$flatten\logic_core.\boot.$auto$proc_rom.cc:155:do_switch$723$rdmux[0][4][0]$a$4712 [0] $memory$flatten\logic_core.\boot.$auto$proc_rom.cc:155:do_switch$723$rdmux[0][4][0]$a$4712 [0] 1'0 $memory$flatten\logic_core.\boot.$auto$proc_rom.cc:155:do_switch$723$rdmux[0][4][0]$a$4712 [0] }, Y={ $memory$flatten\logic_core.\boot.$auto$proc_rom.cc:155:do_switch$723$rdmux[0][3][1]$a$4691 [10:7] $memory$flatten\logic_core.\boot.$auto$proc_rom.cc:155:do_switch$723$rdmux[0][3][1]$a$4691 [4] }
      New ports: A={ 1'0 $memory$flatten\logic_core.\boot.$auto$proc_rom.cc:155:do_switch$723$rdmux[0][4][0]$a$4712 [11] $memory$flatten\logic_core.\boot.$auto$proc_rom.cc:155:do_switch$723$rdmux[0][4][0]$a$4712 [0] 1'0 }, B={ $memory$flatten\logic_core.\boot.$auto$proc_rom.cc:155:do_switch$723$rdmux[0][4][0]$a$4712 [11] $memory$flatten\logic_core.\boot.$auto$proc_rom.cc:155:do_switch$723$rdmux[0][4][0]$a$4712 [0] 1'0 $memory$flatten\logic_core.\boot.$auto$proc_rom.cc:155:do_switch$723$rdmux[0][4][0]$a$4712 [0] }, Y={ $memory$flatten\logic_core.\boot.$auto$proc_rom.cc:155:do_switch$723$rdmux[0][3][1]$a$4691 [10:9] $memory$flatten\logic_core.\boot.$auto$proc_rom.cc:155:do_switch$723$rdmux[0][3][1]$a$4691 [7] $memory$flatten\logic_core.\boot.$auto$proc_rom.cc:155:do_switch$723$rdmux[0][3][1]$a$4691 [4] }
      New connections: $memory$flatten\logic_core.\boot.$auto$proc_rom.cc:155:do_switch$723$rdmux[0][3][1]$a$4691 [8] = $memory$flatten\logic_core.\boot.$auto$proc_rom.cc:155:do_switch$723$rdmux[0][4][0]$a$4712 [0]
    Consolidated identical input bits for $mux cell $memory$flatten\logic_core.\boot.$auto$proc_rom.cc:155:do_switch$723$rdmux[0][4][1]$4714:
      Old ports: A={ $memory$flatten\logic_core.\boot.$auto$proc_rom.cc:155:do_switch$723$rdmux[0][4][0]$a$4712 [11] $memory$flatten\logic_core.\boot.$auto$proc_rom.cc:155:do_switch$723$rdmux[0][4][0]$a$4712 [0] $memory$flatten\logic_core.\boot.$auto$proc_rom.cc:155:do_switch$723$rdmux[0][4][0]$a$4712 [0] $memory$flatten\logic_core.\boot.$auto$proc_rom.cc:155:do_switch$723$rdmux[0][4][0]$a$4712 [11] 1'1 $memory$flatten\logic_core.\boot.$auto$proc_rom.cc:155:do_switch$723$rdmux[0][4][0]$a$4712 [0] }, B={ 1'1 $memory$flatten\logic_core.\boot.$auto$proc_rom.cc:155:do_switch$723$rdmux[0][4][0]$a$4712 [11] $memory$flatten\logic_core.\boot.$auto$proc_rom.cc:155:do_switch$723$rdmux[0][4][0]$a$4712 [0] 3'000 }, Y={ $memory$flatten\logic_core.\boot.$auto$proc_rom.cc:155:do_switch$723$rdmux[0][3][0]$b$4689 [12:11] $memory$flatten\logic_core.\boot.$auto$proc_rom.cc:155:do_switch$723$rdmux[0][3][0]$b$4689 [8] $memory$flatten\logic_core.\boot.$auto$proc_rom.cc:155:do_switch$723$rdmux[0][3][0]$b$4689 [4:3] $memory$flatten\logic_core.\boot.$auto$proc_rom.cc:155:do_switch$723$rdmux[0][3][0]$b$4689 [1] }
      New ports: A={ $memory$flatten\logic_core.\boot.$auto$proc_rom.cc:155:do_switch$723$rdmux[0][4][0]$a$4712 [11] $memory$flatten\logic_core.\boot.$auto$proc_rom.cc:155:do_switch$723$rdmux[0][4][0]$a$4712 [0] $memory$flatten\logic_core.\boot.$auto$proc_rom.cc:155:do_switch$723$rdmux[0][4][0]$a$4712 [11] 1'1 $memory$flatten\logic_core.\boot.$auto$proc_rom.cc:155:do_switch$723$rdmux[0][4][0]$a$4712 [0] }, B={ 1'1 $memory$flatten\logic_core.\boot.$auto$proc_rom.cc:155:do_switch$723$rdmux[0][4][0]$a$4712 [11] 3'000 }, Y={ $memory$flatten\logic_core.\boot.$auto$proc_rom.cc:155:do_switch$723$rdmux[0][3][0]$b$4689 [12:11] $memory$flatten\logic_core.\boot.$auto$proc_rom.cc:155:do_switch$723$rdmux[0][3][0]$b$4689 [4:3] $memory$flatten\logic_core.\boot.$auto$proc_rom.cc:155:do_switch$723$rdmux[0][3][0]$b$4689 [1] }
      New connections: $memory$flatten\logic_core.\boot.$auto$proc_rom.cc:155:do_switch$723$rdmux[0][3][0]$b$4689 [8] = $memory$flatten\logic_core.\boot.$auto$proc_rom.cc:155:do_switch$723$rdmux[0][4][0]$a$4712 [0]
  Optimizing cells in module \amiga_board_top.
Performed a total of 2 changes.

19.33.12. Executing OPT_MERGE pass (detect identical cells).
Finding identical cells in module `\amiga_board_top'.
Computing hashes of 909 cells of `\amiga_board_top'.
Finding duplicate cells in `\amiga_board_top'.
Removed a total of 0 cells.

19.33.13. Executing OPT_DFF pass (perform DFF optimizations).

19.33.14. Executing OPT_CLEAN pass (remove unused cells and wires).
Finding unused cells or wires in module \amiga_board_top..

19.33.15. Executing OPT_EXPR pass (perform const folding).
Optimizing module amiga_board_top.

19.33.16. Rerunning OPT passes. (Maybe there is more to do..)

19.33.17. Executing OPT_MUXTREE pass (detect dead branches in mux trees).
Running muxtree optimizer on module \amiga_board_top..
  Creating internal representation of mux trees.
  Evaluating internal representation of mux trees.
  Analyzing evaluation results.
Removed 0 multiplexer ports.
<suppressed ~232 debug messages>

19.33.18. Executing OPT_REDUCE pass (consolidate $*mux and $reduce_* inputs).
  Optimizing cells in module \amiga_board_top.
Performed a total of 0 changes.

19.33.19. Executing OPT_MERGE pass (detect identical cells).
Finding identical cells in module `\amiga_board_top'.
Computing hashes of 909 cells of `\amiga_board_top'.
Finding duplicate cells in `\amiga_board_top'.
Removed a total of 0 cells.

19.33.20. Executing OPT_DFF pass (perform DFF optimizations).

19.33.21. Executing OPT_CLEAN pass (remove unused cells and wires).
Finding unused cells or wires in module \amiga_board_top..

19.33.22. Executing OPT_EXPR pass (perform const folding).
Optimizing module amiga_board_top.

19.33.23. Finished fast OPT passes. (There is nothing left to do.)

19.34. Executing TECHMAP pass (map to technology primitives).

19.34.1. Executing Verilog-2005 frontend: C:\Users\zanac2\Documents\Codex\2026-09-08\m\work\tools\pnr_v015\oss-cad-suite\bin\../share/yosys/techmap.v
Parsing Verilog input from `C:\Users\zanac2\Documents\Codex\2026-09-08\m\work\tools\pnr_v015\oss-cad-suite\bin\../share/yosys/techmap.v' to AST representation.
Generating RTLIL representation for module `\_90_simplemap_bool_ops'.
Generating RTLIL representation for module `\_90_simplemap_reduce_ops'.
Generating RTLIL representation for module `\_90_simplemap_logic_ops'.
Generating RTLIL representation for module `\_90_simplemap_compare_ops'.
Generating RTLIL representation for module `\_90_simplemap_various'.
Generating RTLIL representation for module `\_90_simplemap_registers'.
Generating RTLIL representation for module `\_90_shift_ops_shr_shl_sshl_sshr'.
Generating RTLIL representation for module `\_90_shift_shiftx'.
Generating RTLIL representation for module `\_90_fa'.
Generating RTLIL representation for module `\_90_lcu_brent_kung'.
Generating RTLIL representation for module `\_90_alu'.
Generating RTLIL representation for module `\_90_macc'.
Generating RTLIL representation for module `\_90_alumacc'.
Generating RTLIL representation for module `$__div_mod_u'.
Generating RTLIL representation for module `$__div_mod_trunc'.
Generating RTLIL representation for module `\_90_div'.
Generating RTLIL representation for module `\_90_mod'.
Generating RTLIL representation for module `$__div_mod_floor'.
Generating RTLIL representation for module `\_90_divfloor'.
Generating RTLIL representation for module `\_90_modfloor'.
Generating RTLIL representation for module `\_90_pow'.
Generating RTLIL representation for module `\_90_demux'.
Generating RTLIL representation for module `\_90_lut'.
Generating RTLIL representation for module `$connect'.
Generating RTLIL representation for module `$input_port'.
Successfully finished Verilog frontend.

19.34.2. Executing Verilog-2005 frontend: C:\Users\zanac2\Documents\Codex\2026-09-08\m\work\tools\pnr_v015\oss-cad-suite\bin\../share/yosys/gowin/arith_map.v
Parsing Verilog input from `C:\Users\zanac2\Documents\Codex\2026-09-08\m\work\tools\pnr_v015\oss-cad-suite\bin\../share/yosys/gowin/arith_map.v' to AST representation.
Generating RTLIL representation for module `\_80_gw1n_alu'.
Successfully finished Verilog frontend.

19.34.3. Continuing TECHMAP pass.
Using extmapper simplemap for cells of type $reduce_or.
Using extmapper simplemap for cells of type $sdff.
Using extmapper simplemap for cells of type $not.
Using template $paramod$a2af9b43308e3114c3b5dd3f4dc3329b2387395d\_80_gw1n_alu for cells of type $alu.
Using template $paramod$d2fa05d38998afabc6d4f34471305d0af4b8b2df\_80_gw1n_alu for cells of type $alu.
Using extmapper simplemap for cells of type $mux.
Using extmapper simplemap for cells of type $dff.
Using extmapper simplemap for cells of type $and.
Using extmapper simplemap for cells of type $eq.
Using template $paramod$20b1d0597707d55efcb9664e40f63985956d7680\_80_gw1n_alu for cells of type $alu.
Using template $paramod$dc04b7d98e503a7bab16fce2df70e6e2c5ca34d6\_80_gw1n_alu for cells of type $alu.
Using template $paramod$93b49458bab1c00eb32aff458c583f46ff61e60f\_80_gw1n_alu for cells of type $alu.
Using template $paramod$991bbe18dd1450046b50fa95ae910e30372cfafb\_80_gw1n_alu for cells of type $alu.
Using template $paramod$3ef7d3dd227da7627a99c5e5a6a4deb817573e39\_80_gw1n_alu for cells of type $alu.
Using template $paramod$215440792383f7884e57d9c95f84e9552d0bf4ac\_80_gw1n_alu for cells of type $alu.
Using template $paramod$175e67c02b86e96b1288b9dc100122520d7240d8\_90_alu for cells of type $alu.
Using template $paramod$c15aee48e26a714a5f3d013cd387ce60c26c192c\_80_gw1n_alu for cells of type $alu.
Using extmapper simplemap for cells of type $or.
Using extmapper simplemap for cells of type $reduce_and.
Using extmapper simplemap for cells of type $xor.
Using template $paramod$050f15daba5036a0512adf25d3c6631f629623f7\_80_gw1n_alu for cells of type $alu.
Using template $paramod$8f780356cb6cdb52f6a744190131b65634639c4e\_80_gw1n_alu for cells of type $alu.
Using template $paramod$2f5fb04daf2da94d981bf9455fa4454c6ec8b705\_80_gw1n_alu for cells of type $alu.
Using template $paramod$c3cd1564c35d873179656addd6052d7ea8b6d991\_80_gw1n_alu for cells of type $alu.
Using template $paramod$ea402187f386206c0840504755479bf827f47707\_80_gw1n_alu for cells of type $alu.
Using template $paramod$b8c0a997bce700f23568a5ada79cc6781d1f5ca0\_80_gw1n_alu for cells of type $alu.
Using template $paramod$b3c20b05d9b1fc2c940ef2f6c917486aead042e8\_80_gw1n_alu for cells of type $alu.
Using template $paramod$32a7b7b86c07519b7537abc18e96f0331f97914d\_80_gw1n_alu for cells of type $alu.
Using template $paramod$0a77e3c00010cb33e399decd813a7380c6e25cba\_80_gw1n_alu for cells of type $alu.
Using template $paramod$103b4016182df467cceab67bcf3e18e6361ec0fd\_80_gw1n_alu for cells of type $alu.
Using template $paramod$32efbfac1c4dc57230cf86180788fdfd12e3b511\_80_gw1n_alu for cells of type $alu.
Using template $paramod$ce0ec84be7047712840b0952f343ee9e63ef75d1\_80_gw1n_alu for cells of type $alu.
Using template $paramod$8245a1deaa0ec2c7dc45508fdb710d588877745b\_80_gw1n_alu for cells of type $alu.
Using template $paramod$d67ae1273edc8874e6a00345940ea85493253e52\_80_gw1n_alu for cells of type $alu.
Using template $paramod$fc972a7a46956c1788f3cb5257b53c8f1df2d0cc\_90_alu for cells of type $alu.
Using template $paramod$2116a631f856d4d4902c2618dca73dafa3b8c9c0\_80_gw1n_alu for cells of type $alu.
Using template $paramod$dbcdc7e8aa1a4080cea2deda6fdc8772064f4d90\_80_gw1n_alu for cells of type $alu.
Using template $paramod$2248a14cf51c2d52bf82127b6b5bbf29eae4e7f9\_80_gw1n_alu for cells of type $alu.
Using template $paramod$47f54ff2f0cc9449305556c1cf611d590a7c17fb\_80_gw1n_alu for cells of type $alu.
Using template $paramod$fbc7873bff55778c0b3173955b7e4bce1d9d6834\_80_gw1n_alu for cells of type $alu.
Using template $paramod$f956edc9fe4df758d9fdb10bfc518a364c99e75e\_80_gw1n_alu for cells of type $alu.
Using template $paramod$a1bc51c02ce12ac21eb18988e83292af48ed7d72\_80_gw1n_alu for cells of type $alu.
Using template $paramod$6f67705c43e5e94c02b6ebb52209ce5aa5ade4c1\_80_gw1n_alu for cells of type $alu.
Using template $paramod$f6be9c44ab2ca5376bc6f0f45697cdb0ad470520\_80_gw1n_alu for cells of type $alu.
Using template $paramod$9156dc21c2b570fa3660be2e901b5ab03907aeb1\_80_gw1n_alu for cells of type $alu.
Using template $paramod$8441c334d863ed42b55f25e60c0d690241b4051f\_80_gw1n_alu for cells of type $alu.
Using template $paramod$7e708ae28ab761f11d0fb59d3ffc72f6a4baf5d9\_90_alu for cells of type $alu.
Using template $paramod$7d24046fa767c6b820bbf79fd6ff32c515d5f327\_80_gw1n_alu for cells of type $alu.
Using template $paramod$80fc9e08978d25f77941f6ea5d2141039b395eed\_80_gw1n_alu for cells of type $alu.
Using template $paramod$950cc9f9d9b07c09d0ee4a231126f2c8a3c4f78a\_80_gw1n_alu for cells of type $alu.
Using extmapper simplemap for cells of type $sdffe.
Using extmapper simplemap for cells of type $reduce_bool.
Using extmapper simplemap for cells of type $ne.
Using extmapper simplemap for cells of type $adffe.
Using extmapper simplemap for cells of type $logic_not.
Using extmapper simplemap for cells of type $tribuf.
Using extmapper simplemap for cells of type $logic_or.
Using extmapper simplemap for cells of type $logic_and.
Using extmapper simplemap for cells of type $adff.
Using extmapper simplemap for cells of type $pmux.
Using template $paramod$constmap:8876c1e1fa289f4793438d4e34d232728e6a9746$paramod$92adee9538f2381d8e5006822c900eb986d754e8\_90_shift_shiftx for cells of type $shiftx.
Using extmapper simplemap for cells of type $pos.
Using template $paramod\_90_fa\WIDTH=32'00000000000000000000000000000001 for cells of type $fa.
Using template $paramod\_90_lcu_brent_kung\WIDTH=32'00000000000000000000000000000001 for cells of type $lcu.
Using template $paramod\_90_fa\WIDTH=32'00000000000000000000000000000010 for cells of type $fa.
Using template $paramod\_90_lcu_brent_kung\WIDTH=32'00000000000000000000000000000010 for cells of type $lcu.
No more expansions possible.
<suppressed ~3009 debug messages>

19.35. Executing OPT pass (performing simple optimizations).

19.35.1. Executing OPT_EXPR pass (perform const folding).
Optimizing module amiga_board_top.
<suppressed ~2959 debug messages>

19.35.2. Executing OPT_MERGE pass (detect identical cells).
Finding identical cells in module `\amiga_board_top'.
Computing hashes of 4327 cells of `\amiga_board_top'.
Finding duplicate cells in `\amiga_board_top'.
Computing hashes of 4047 cells of `\amiga_board_top'.
Finding duplicate cells in `\amiga_board_top'.
Computing hashes of 4002 cells of `\amiga_board_top'.
Finding duplicate cells in `\amiga_board_top'.
Computing hashes of 3995 cells of `\amiga_board_top'.
Finding duplicate cells in `\amiga_board_top'.
Computing hashes of 3993 cells of `\amiga_board_top'.
Finding duplicate cells in `\amiga_board_top'.
<suppressed ~1002 debug messages>
Removed a total of 334 cells.

19.35.3. Executing OPT_DFF pass (perform DFF optimizations).

19.35.4. Executing OPT_CLEAN pass (remove unused cells and wires).
Finding unused cells or wires in module \amiga_board_top..
Removed 146 unused cells and 2686 unused wires.
<suppressed ~147 debug messages>

19.35.5. Finished fast OPT passes.

19.36. Executing IOPADMAP pass (mapping inputs/outputs to IO-PAD cells).
Mapping port amiga_board_top.I2C_SDA[0] using IOBUF.
Mapping port amiga_board_top.I2C_SCL[0] using IOBUF.
Mapping port amiga_board_top.V_OUT_RAW using OBUF.
Mapping port amiga_board_top.H_OUT_RAW using OBUF.
Mapping port amiga_board_top.DAC_PSAVE_N using OBUF.
Mapping port amiga_board_top.DAC_BLANK_N using OBUF.
Mapping port amiga_board_top.DAC_CLK_RAW using OBUF.
Mapping port amiga_board_top.DAC_B using OBUF.
Mapping port amiga_board_top.DAC_G using OBUF.
Mapping port amiga_board_top.DAC_R using OBUF.
Mapping port amiga_board_top.ADC_PWDN using OBUF.
Mapping port amiga_board_top.ADC_RESET_N using OBUF.
Mapping port amiga_board_top.ADC_B using IBUF.
Mapping port amiga_board_top.ADC_G using IBUF.
Mapping port amiga_board_top.ADC_R using IBUF.
Mapping port amiga_board_top.ADC_VS using IBUF.
Mapping port amiga_board_top.ADC_HS using IBUF.
Mapping port amiga_board_top.ADC_CLK using IBUF.
Mapping port amiga_board_top.POWER_GOOD using IBUF.
Mapping port amiga_board_top.REF_27M using IBUF.

19.37. Executing OPT_CLEAN pass (remove unused cells and wires).
Finding unused cells or wires in module \amiga_board_top..
Removed 0 unused cells and 19 unused wires.
<suppressed ~1 debug messages>

19.38. Executing DFFLEGALIZE pass (convert FFs and LATCHes to types supported by the target).

19.39. Executing TECHMAP pass (map to technology primitives).

19.39.1. Executing Verilog-2005 frontend: C:\Users\zanac2\Documents\Codex\2026-09-08\m\work\tools\pnr_v015\oss-cad-suite\bin\../share/yosys/gowin/cells_map.v
Parsing Verilog input from `C:\Users\zanac2\Documents\Codex\2026-09-08\m\work\tools\pnr_v015\oss-cad-suite\bin\../share/yosys/gowin/cells_map.v' to AST representation.
Generating RTLIL representation for module `$_DFF_N_'.
Generating RTLIL representation for module `$_DFF_P_'.
Generating RTLIL representation for module `$_DFFE_PP_'.
Generating RTLIL representation for module `$_DFFE_NP_'.
Generating RTLIL representation for module `$_SDFF_PP0_'.
Generating RTLIL representation for module `$_SDFF_NP0_'.
Generating RTLIL representation for module `$_SDFFE_PP0P_'.
Generating RTLIL representation for module `$_SDFFE_NP0P_'.
Generating RTLIL representation for module `$_SDFF_PP1_'.
Generating RTLIL representation for module `$_SDFF_NP1_'.
Generating RTLIL representation for module `$_SDFFE_PP1P_'.
Generating RTLIL representation for module `$_SDFFE_NP1P_'.
Generating RTLIL representation for module `$_DFF_PP1_'.
Generating RTLIL representation for module `$_DFF_NP1_'.
Generating RTLIL representation for module `$_DFF_PP0_'.
Generating RTLIL representation for module `$_DFF_NP0_'.
Generating RTLIL representation for module `$_DFFE_PP1P_'.
Generating RTLIL representation for module `$_DFFE_NP1P_'.
Generating RTLIL representation for module `$_DFFE_PP0P_'.
Generating RTLIL representation for module `$_DFFE_NP0P_'.
Generating RTLIL representation for module `$lut'.
Successfully finished Verilog frontend.

19.39.2. Continuing TECHMAP pass.
Using template $_SDFFE_PP0P_ for cells of type $_SDFFE_PP0P_.
Using template $_DFF_PP0_ for cells of type $_DFF_PP0_.
Using template $_DFF_PP1_ for cells of type $_DFF_PP1_.
Using template $_SDFF_PP0_ for cells of type $_SDFF_PP0_.
Using template $_DFF_P_ for cells of type $_DFF_P_.
Using template $_DFFE_NP0P_ for cells of type $_DFFE_NP0P_.
Using template $_DFFE_NP1P_ for cells of type $_DFFE_NP1P_.
Using template $_DFF_NP1_ for cells of type $_DFF_NP1_.
Using template $_SDFF_PP1_ for cells of type $_SDFF_PP1_.
Using template $_SDFFE_PP1P_ for cells of type $_SDFFE_PP1P_.
Using template $_DFFE_PP0P_ for cells of type $_DFFE_PP0P_.
No more expansions possible.
<suppressed ~727 debug messages>

19.40. Executing TECHMAP pass (map to technology primitives).

19.40.1. Executing Verilog-2005 frontend: C:\Users\zanac2\Documents\Codex\2026-09-08\m\work\tools\pnr_v015\oss-cad-suite\bin\../share/yosys/gowin/cells_latch.v
Parsing Verilog input from `C:\Users\zanac2\Documents\Codex\2026-09-08\m\work\tools\pnr_v015\oss-cad-suite\bin\../share/yosys/gowin/cells_latch.v' to AST representation.
Generating RTLIL representation for module `$_DLATCH_P_'.
Generating RTLIL representation for module `$_DLATCH_N_'.
Generating RTLIL representation for module `$_DLATCH_PP0_'.
Generating RTLIL representation for module `$_DLATCH_NP0_'.
Generating RTLIL representation for module `$_DLATCH_PP1_'.
Generating RTLIL representation for module `$_DLATCH_NP1_'.
Successfully finished Verilog frontend.

19.40.2. Continuing TECHMAP pass.
No more expansions possible.
<suppressed ~8 debug messages>

19.41. Executing OPT_EXPR pass (perform const folding).
Optimizing module amiga_board_top.
<suppressed ~2 debug messages>

19.42. Executing SIMPLEMAP pass (map simple cells to gate primitives).

19.43. Executing SORT pass.

19.44. Executing Verilog-2005 frontend: C:\Users\zanac2\Documents\Codex\2026-09-08\m\work\tools\pnr_v015\oss-cad-suite\bin\../share/yosys/abc9_model.v
Parsing Verilog input from `C:\Users\zanac2\Documents\Codex\2026-09-08\m\work\tools\pnr_v015\oss-cad-suite\bin\../share/yosys/abc9_model.v' to AST representation.
Generating RTLIL representation for module `$__ABC9_DELAY'.
Generating RTLIL representation for module `$__ABC9_SCC_BREAKER'.
Generating RTLIL representation for module `$__DFF_N__$abc9_flop'.
Generating RTLIL representation for module `$__DFF_P__$abc9_flop'.
Successfully finished Verilog frontend.

19.45. Executing ABC9 pass.

19.45.1. Executing ABC9_OPS pass (helper functions for ABC9).

19.45.2. Executing ABC9_OPS pass (helper functions for ABC9).

19.45.3. Executing PROC pass (convert processes to netlists).

19.45.3.1. Executing PROC_CLEAN pass (remove empty switches from decision trees).
Found and cleaned up 1 empty switch in `$paramod\ALU\ALU_MODE=s32'00000000000000000000000000000010.$proc$C:\Users\zanac2\Documents\Codex\2026-09-08\m\work\tools\pnr_v015\oss-cad-suite\bin\../share/yosys/gowin/cells_sim.v:1064$14886'.
Cleaned up 1 empty switch.

19.45.3.2. Executing PROC_RMDEAD pass (remove dead branches from decision trees).
Removed a total of 0 dead cases.

19.45.3.3. Executing PROC_PRUNE pass (remove redundant assignments in processes).
Removed 0 redundant assignments.
Promoted 4 assignments to connections.

19.45.3.4. Executing PROC_INIT pass (extract init attributes).

19.45.3.5. Executing PROC_ARST pass (detect async resets in processes).

19.45.3.6. Executing PROC_ROM pass (convert switches to ROMs).
Converted 0 switches.

19.45.3.7. Executing PROC_MUX pass (convert decision trees to multiplexers).
Creating decoders for process `$paramod\ALU\ALU_MODE=s32'00000000000000000000000000000010.$proc$C:\Users\zanac2\Documents\Codex\2026-09-08\m\work\tools\pnr_v015\oss-cad-suite\bin\../share/yosys/gowin/cells_sim.v:1064$14886'.

19.45.3.8. Executing PROC_DLATCH pass (convert process syncs to latches).
No latch inferred for signal `$paramod\ALU\ALU_MODE=s32'00000000000000000000000000000010.\C' from process `$paramod\ALU\ALU_MODE=s32'00000000000000000000000000000010.$proc$C:\Users\zanac2\Documents\Codex\2026-09-08\m\work\tools\pnr_v015\oss-cad-suite\bin\../share/yosys/gowin/cells_sim.v:1064$14886'.
No latch inferred for signal `$paramod\ALU\ALU_MODE=s32'00000000000000000000000000000010.\S' from process `$paramod\ALU\ALU_MODE=s32'00000000000000000000000000000010.$proc$C:\Users\zanac2\Documents\Codex\2026-09-08\m\work\tools\pnr_v015\oss-cad-suite\bin\../share/yosys/gowin/cells_sim.v:1064$14886'.

19.45.3.9. Executing PROC_DFF pass (convert process syncs to FFs).

19.45.3.10. Executing PROC_MEMWR pass (convert process memory writes to cells).

19.45.3.11. Executing PROC_CLEAN pass (remove empty switches from decision trees).
Removing empty process `$paramod\ALU\ALU_MODE=s32'00000000000000000000000000000010.$proc$C:\Users\zanac2\Documents\Codex\2026-09-08\m\work\tools\pnr_v015\oss-cad-suite\bin\../share/yosys/gowin/cells_sim.v:1064$14886'.
Cleaned up 0 empty switches.

19.45.4. Executing PROC pass (convert processes to netlists).

19.45.4.1. Executing PROC_CLEAN pass (remove empty switches from decision trees).
Cleaned up 0 empty switches.

19.45.4.2. Executing PROC_RMDEAD pass (remove dead branches from decision trees).
Marked 1 switch rules as full_case in process $proc$C:\Users\zanac2\Documents\Codex\2026-09-08\m\work\tools\pnr_v015\oss-cad-suite\bin\../share/yosys/gowin/cells_sim.v:348$204 in module DFFCE.
Removed a total of 0 dead cases.

19.45.4.3. Executing PROC_PRUNE pass (remove redundant assignments in processes).
Removed 0 redundant assignments.
Promoted 1 assignment to connection.

19.45.4.4. Executing PROC_INIT pass (extract init attributes).
Found init rule in `\DFFCE.$proc$C:\Users\zanac2\Documents\Codex\2026-09-08\m\work\tools\pnr_v015\oss-cad-suite\bin\../share/yosys/gowin/cells_sim.v:339$205'.
  Set init value: \Q = 1'0

19.45.4.5. Executing PROC_ARST pass (detect async resets in processes).
Found async reset \CLEAR in `\DFFCE.$proc$C:\Users\zanac2\Documents\Codex\2026-09-08\m\work\tools\pnr_v015\oss-cad-suite\bin\../share/yosys/gowin/cells_sim.v:348$204'.

19.45.4.6. Executing PROC_ROM pass (convert switches to ROMs).
Converted 0 switches.
<suppressed ~1 debug messages>

19.45.4.7. Executing PROC_MUX pass (convert decision trees to multiplexers).
Creating decoders for process `\DFFCE.$proc$C:\Users\zanac2\Documents\Codex\2026-09-08\m\work\tools\pnr_v015\oss-cad-suite\bin\../share/yosys/gowin/cells_sim.v:339$205'.
Creating decoders for process `\DFFCE.$proc$C:\Users\zanac2\Documents\Codex\2026-09-08\m\work\tools\pnr_v015\oss-cad-suite\bin\../share/yosys/gowin/cells_sim.v:348$204'.
     1/1: $0\Q[0:0]

19.45.4.8. Executing PROC_DLATCH pass (convert process syncs to latches).

19.45.4.9. Executing PROC_DFF pass (convert process syncs to FFs).
Creating register for signal `\DFFCE.\Q' using process `\DFFCE.$proc$C:\Users\zanac2\Documents\Codex\2026-09-08\m\work\tools\pnr_v015\oss-cad-suite\bin\../share/yosys/gowin/cells_sim.v:348$204'.
  created $adff cell `$procdff$14895' with positive edge clock and positive level reset.

19.45.4.10. Executing PROC_MEMWR pass (convert process memory writes to cells).

19.45.4.11. Executing PROC_CLEAN pass (remove empty switches from decision trees).
Removing empty process `DFFCE.$proc$C:\Users\zanac2\Documents\Codex\2026-09-08\m\work\tools\pnr_v015\oss-cad-suite\bin\../share/yosys/gowin/cells_sim.v:339$205'.
Found and cleaned up 1 empty switch in `\DFFCE.$proc$C:\Users\zanac2\Documents\Codex\2026-09-08\m\work\tools\pnr_v015\oss-cad-suite\bin\../share/yosys/gowin/cells_sim.v:348$204'.
Removing empty process `DFFCE.$proc$C:\Users\zanac2\Documents\Codex\2026-09-08\m\work\tools\pnr_v015\oss-cad-suite\bin\../share/yosys/gowin/cells_sim.v:348$204'.
Cleaned up 1 empty switch.

19.45.5. Executing PROC pass (convert processes to netlists).

19.45.5.1. Executing PROC_CLEAN pass (remove empty switches from decision trees).
Cleaned up 0 empty switches.

19.45.5.2. Executing PROC_RMDEAD pass (remove dead branches from decision trees).
Marked 1 switch rules as full_case in process $proc$C:\Users\zanac2\Documents\Codex\2026-09-08\m\work\tools\pnr_v015\oss-cad-suite\bin\../share/yosys/gowin/cells_sim.v:535$224 in module DFFNCE.
Removed a total of 0 dead cases.

19.45.5.3. Executing PROC_PRUNE pass (remove redundant assignments in processes).
Removed 0 redundant assignments.
Promoted 1 assignment to connection.

19.45.5.4. Executing PROC_INIT pass (extract init attributes).
Found init rule in `\DFFNCE.$proc$C:\Users\zanac2\Documents\Codex\2026-09-08\m\work\tools\pnr_v015\oss-cad-suite\bin\../share/yosys/gowin/cells_sim.v:526$225'.
  Set init value: \Q = 1'0

19.45.5.5. Executing PROC_ARST pass (detect async resets in processes).
Found async reset \CLEAR in `\DFFNCE.$proc$C:\Users\zanac2\Documents\Codex\2026-09-08\m\work\tools\pnr_v015\oss-cad-suite\bin\../share/yosys/gowin/cells_sim.v:535$224'.

19.45.5.6. Executing PROC_ROM pass (convert switches to ROMs).
Converted 0 switches.
<suppressed ~1 debug messages>

19.45.5.7. Executing PROC_MUX pass (convert decision trees to multiplexers).
Creating decoders for process `\DFFNCE.$proc$C:\Users\zanac2\Documents\Codex\2026-09-08\m\work\tools\pnr_v015\oss-cad-suite\bin\../share/yosys/gowin/cells_sim.v:526$225'.
Creating decoders for process `\DFFNCE.$proc$C:\Users\zanac2\Documents\Codex\2026-09-08\m\work\tools\pnr_v015\oss-cad-suite\bin\../share/yosys/gowin/cells_sim.v:535$224'.
     1/1: $0\Q[0:0]

19.45.5.8. Executing PROC_DLATCH pass (convert process syncs to latches).

19.45.5.9. Executing PROC_DFF pass (convert process syncs to FFs).
Creating register for signal `\DFFNCE.\Q' using process `\DFFNCE.$proc$C:\Users\zanac2\Documents\Codex\2026-09-08\m\work\tools\pnr_v015\oss-cad-suite\bin\../share/yosys/gowin/cells_sim.v:535$224'.
  created $adff cell `$procdff$14900' with negative edge clock and positive level reset.

19.45.5.10. Executing PROC_MEMWR pass (convert process memory writes to cells).

19.45.5.11. Executing PROC_CLEAN pass (remove empty switches from decision trees).
Removing empty process `DFFNCE.$proc$C:\Users\zanac2\Documents\Codex\2026-09-08\m\work\tools\pnr_v015\oss-cad-suite\bin\../share/yosys/gowin/cells_sim.v:526$225'.
Found and cleaned up 1 empty switch in `\DFFNCE.$proc$C:\Users\zanac2\Documents\Codex\2026-09-08\m\work\tools\pnr_v015\oss-cad-suite\bin\../share/yosys/gowin/cells_sim.v:535$224'.
Removing empty process `DFFNCE.$proc$C:\Users\zanac2\Documents\Codex\2026-09-08\m\work\tools\pnr_v015\oss-cad-suite\bin\../share/yosys/gowin/cells_sim.v:535$224'.
Cleaned up 1 empty switch.

19.45.6. Executing PROC pass (convert processes to netlists).

19.45.6.1. Executing PROC_CLEAN pass (remove empty switches from decision trees).
Cleaned up 0 empty switches.

19.45.6.2. Executing PROC_RMDEAD pass (remove dead branches from decision trees).
Marked 1 switch rules as full_case in process $proc$C:\Users\zanac2\Documents\Codex\2026-09-08\m\work\tools\pnr_v015\oss-cad-suite\bin\../share/yosys/gowin/cells_sim.v:496$220 in module DFFNPE.
Removed a total of 0 dead cases.

19.45.6.3. Executing PROC_PRUNE pass (remove redundant assignments in processes).
Removed 0 redundant assignments.
Promoted 1 assignment to connection.

19.45.6.4. Executing PROC_INIT pass (extract init attributes).
Found init rule in `\DFFNPE.$proc$C:\Users\zanac2\Documents\Codex\2026-09-08\m\work\tools\pnr_v015\oss-cad-suite\bin\../share/yosys/gowin/cells_sim.v:487$221'.
  Set init value: \Q = 1'1

19.45.6.5. Executing PROC_ARST pass (detect async resets in processes).
Found async reset \PRESET in `\DFFNPE.$proc$C:\Users\zanac2\Documents\Codex\2026-09-08\m\work\tools\pnr_v015\oss-cad-suite\bin\../share/yosys/gowin/cells_sim.v:496$220'.

19.45.6.6. Executing PROC_ROM pass (convert switches to ROMs).
Converted 0 switches.
<suppressed ~1 debug messages>

19.45.6.7. Executing PROC_MUX pass (convert decision trees to multiplexers).
Creating decoders for process `\DFFNPE.$proc$C:\Users\zanac2\Documents\Codex\2026-09-08\m\work\tools\pnr_v015\oss-cad-suite\bin\../share/yosys/gowin/cells_sim.v:487$221'.
Creating decoders for process `\DFFNPE.$proc$C:\Users\zanac2\Documents\Codex\2026-09-08\m\work\tools\pnr_v015\oss-cad-suite\bin\../share/yosys/gowin/cells_sim.v:496$220'.
     1/1: $0\Q[0:0]

19.45.6.8. Executing PROC_DLATCH pass (convert process syncs to latches).

19.45.6.9. Executing PROC_DFF pass (convert process syncs to FFs).
Creating register for signal `\DFFNPE.\Q' using process `\DFFNPE.$proc$C:\Users\zanac2\Documents\Codex\2026-09-08\m\work\tools\pnr_v015\oss-cad-suite\bin\../share/yosys/gowin/cells_sim.v:496$220'.
  created $adff cell `$procdff$14905' with negative edge clock and positive level reset.

19.45.6.10. Executing PROC_MEMWR pass (convert process memory writes to cells).

19.45.6.11. Executing PROC_CLEAN pass (remove empty switches from decision trees).
Removing empty process `DFFNPE.$proc$C:\Users\zanac2\Documents\Codex\2026-09-08\m\work\tools\pnr_v015\oss-cad-suite\bin\../share/yosys/gowin/cells_sim.v:487$221'.
Found and cleaned up 1 empty switch in `\DFFNPE.$proc$C:\Users\zanac2\Documents\Codex\2026-09-08\m\work\tools\pnr_v015\oss-cad-suite\bin\../share/yosys/gowin/cells_sim.v:496$220'.
Removing empty process `DFFNPE.$proc$C:\Users\zanac2\Documents\Codex\2026-09-08\m\work\tools\pnr_v015\oss-cad-suite\bin\../share/yosys/gowin/cells_sim.v:496$220'.
Cleaned up 1 empty switch.

19.45.7. Executing PROC pass (convert processes to netlists).

19.45.7.1. Executing PROC_CLEAN pass (remove empty switches from decision trees).
Cleaned up 0 empty switches.

19.45.7.2. Executing PROC_RMDEAD pass (remove dead branches from decision trees).
Marked 1 switch rules as full_case in process $proc$C:\Users\zanac2\Documents\Codex\2026-09-08\m\work\tools\pnr_v015\oss-cad-suite\bin\../share/yosys/gowin/cells_sim.v:289$198 in module DFFP.
Removed a total of 0 dead cases.

19.45.7.3. Executing PROC_PRUNE pass (remove redundant assignments in processes).
Removed 1 redundant assignment.
Promoted 1 assignment to connection.

19.45.7.4. Executing PROC_INIT pass (extract init attributes).
Found init rule in `\DFFP.$proc$C:\Users\zanac2\Documents\Codex\2026-09-08\m\work\tools\pnr_v015\oss-cad-suite\bin\../share/yosys/gowin/cells_sim.v:281$199'.
  Set init value: \Q = 1'1

19.45.7.5. Executing PROC_ARST pass (detect async resets in processes).
Found async reset \PRESET in `\DFFP.$proc$C:\Users\zanac2\Documents\Codex\2026-09-08\m\work\tools\pnr_v015\oss-cad-suite\bin\../share/yosys/gowin/cells_sim.v:289$198'.

19.45.7.6. Executing PROC_ROM pass (convert switches to ROMs).
Converted 0 switches.

19.45.7.7. Executing PROC_MUX pass (convert decision trees to multiplexers).
Creating decoders for process `\DFFP.$proc$C:\Users\zanac2\Documents\Codex\2026-09-08\m\work\tools\pnr_v015\oss-cad-suite\bin\../share/yosys/gowin/cells_sim.v:281$199'.
Creating decoders for process `\DFFP.$proc$C:\Users\zanac2\Documents\Codex\2026-09-08\m\work\tools\pnr_v015\oss-cad-suite\bin\../share/yosys/gowin/cells_sim.v:289$198'.
     1/1: $0\Q[0:0]

19.45.7.8. Executing PROC_DLATCH pass (convert process syncs to latches).

19.45.7.9. Executing PROC_DFF pass (convert process syncs to FFs).
Creating register for signal `\DFFP.\Q' using process `\DFFP.$proc$C:\Users\zanac2\Documents\Codex\2026-09-08\m\work\tools\pnr_v015\oss-cad-suite\bin\../share/yosys/gowin/cells_sim.v:289$198'.
  created $adff cell `$procdff$14908' with positive edge clock and positive level reset.

19.45.7.10. Executing PROC_MEMWR pass (convert process memory writes to cells).

19.45.7.11. Executing PROC_CLEAN pass (remove empty switches from decision trees).
Removing empty process `DFFP.$proc$C:\Users\zanac2\Documents\Codex\2026-09-08\m\work\tools\pnr_v015\oss-cad-suite\bin\../share/yosys/gowin/cells_sim.v:281$199'.
Removing empty process `DFFP.$proc$C:\Users\zanac2\Documents\Codex\2026-09-08\m\work\tools\pnr_v015\oss-cad-suite\bin\../share/yosys/gowin/cells_sim.v:289$198'.
Cleaned up 0 empty switches.

19.45.8. Executing PROC pass (convert processes to netlists).

19.45.8.1. Executing PROC_CLEAN pass (remove empty switches from decision trees).
Cleaned up 0 empty switches.

19.45.8.2. Executing PROC_RMDEAD pass (remove dead branches from decision trees).
Marked 1 switch rules as full_case in process $proc$C:\Users\zanac2\Documents\Codex\2026-09-08\m\work\tools\pnr_v015\oss-cad-suite\bin\../share/yosys/gowin/cells_sim.v:328$202 in module DFFC.
Removed a total of 0 dead cases.

19.45.8.3. Executing PROC_PRUNE pass (remove redundant assignments in processes).
Removed 1 redundant assignment.
Promoted 1 assignment to connection.

19.45.8.4. Executing PROC_INIT pass (extract init attributes).
Found init rule in `\DFFC.$proc$C:\Users\zanac2\Documents\Codex\2026-09-08\m\work\tools\pnr_v015\oss-cad-suite\bin\../share/yosys/gowin/cells_sim.v:320$203'.
  Set init value: \Q = 1'0

19.45.8.5. Executing PROC_ARST pass (detect async resets in processes).
Found async reset \CLEAR in `\DFFC.$proc$C:\Users\zanac2\Documents\Codex\2026-09-08\m\work\tools\pnr_v015\oss-cad-suite\bin\../share/yosys/gowin/cells_sim.v:328$202'.

19.45.8.6. Executing PROC_ROM pass (convert switches to ROMs).
Converted 0 switches.

19.45.8.7. Executing PROC_MUX pass (convert decision trees to multiplexers).
Creating decoders for process `\DFFC.$proc$C:\Users\zanac2\Documents\Codex\2026-09-08\m\work\tools\pnr_v015\oss-cad-suite\bin\../share/yosys/gowin/cells_sim.v:320$203'.
Creating decoders for process `\DFFC.$proc$C:\Users\zanac2\Documents\Codex\2026-09-08\m\work\tools\pnr_v015\oss-cad-suite\bin\../share/yosys/gowin/cells_sim.v:328$202'.
     1/1: $0\Q[0:0]

19.45.8.8. Executing PROC_DLATCH pass (convert process syncs to latches).

19.45.8.9. Executing PROC_DFF pass (convert process syncs to FFs).
Creating register for signal `\DFFC.\Q' using process `\DFFC.$proc$C:\Users\zanac2\Documents\Codex\2026-09-08\m\work\tools\pnr_v015\oss-cad-suite\bin\../share/yosys/gowin/cells_sim.v:328$202'.
  created $adff cell `$procdff$14911' with positive edge clock and positive level reset.

19.45.8.10. Executing PROC_MEMWR pass (convert process memory writes to cells).

19.45.8.11. Executing PROC_CLEAN pass (remove empty switches from decision trees).
Removing empty process `DFFC.$proc$C:\Users\zanac2\Documents\Codex\2026-09-08\m\work\tools\pnr_v015\oss-cad-suite\bin\../share/yosys/gowin/cells_sim.v:320$203'.
Removing empty process `DFFC.$proc$C:\Users\zanac2\Documents\Codex\2026-09-08\m\work\tools\pnr_v015\oss-cad-suite\bin\../share/yosys/gowin/cells_sim.v:328$202'.
Cleaned up 0 empty switches.

19.45.9. Executing PROC pass (convert processes to netlists).

19.45.9.1. Executing PROC_CLEAN pass (remove empty switches from decision trees).
Cleaned up 0 empty switches.

19.45.9.2. Executing PROC_RMDEAD pass (remove dead branches from decision trees).
Marked 1 switch rules as full_case in process $proc$C:\Users\zanac2\Documents\Codex\2026-09-08\m\work\tools\pnr_v015\oss-cad-suite\bin\../share/yosys/gowin/cells_sim.v:476$218 in module DFFNP.
Removed a total of 0 dead cases.

19.45.9.3. Executing PROC_PRUNE pass (remove redundant assignments in processes).
Removed 1 redundant assignment.
Promoted 1 assignment to connection.

19.45.9.4. Executing PROC_INIT pass (extract init attributes).
Found init rule in `\DFFNP.$proc$C:\Users\zanac2\Documents\Codex\2026-09-08\m\work\tools\pnr_v015\oss-cad-suite\bin\../share/yosys/gowin/cells_sim.v:468$219'.
  Set init value: \Q = 1'1

19.45.9.5. Executing PROC_ARST pass (detect async resets in processes).
Found async reset \PRESET in `\DFFNP.$proc$C:\Users\zanac2\Documents\Codex\2026-09-08\m\work\tools\pnr_v015\oss-cad-suite\bin\../share/yosys/gowin/cells_sim.v:476$218'.

19.45.9.6. Executing PROC_ROM pass (convert switches to ROMs).
Converted 0 switches.

19.45.9.7. Executing PROC_MUX pass (convert decision trees to multiplexers).
Creating decoders for process `\DFFNP.$proc$C:\Users\zanac2\Documents\Codex\2026-09-08\m\work\tools\pnr_v015\oss-cad-suite\bin\../share/yosys/gowin/cells_sim.v:468$219'.
Creating decoders for process `\DFFNP.$proc$C:\Users\zanac2\Documents\Codex\2026-09-08\m\work\tools\pnr_v015\oss-cad-suite\bin\../share/yosys/gowin/cells_sim.v:476$218'.
     1/1: $0\Q[0:0]

19.45.9.8. Executing PROC_DLATCH pass (convert process syncs to latches).

19.45.9.9. Executing PROC_DFF pass (convert process syncs to FFs).
Creating register for signal `\DFFNP.\Q' using process `\DFFNP.$proc$C:\Users\zanac2\Documents\Codex\2026-09-08\m\work\tools\pnr_v015\oss-cad-suite\bin\../share/yosys/gowin/cells_sim.v:476$218'.
  created $adff cell `$procdff$14914' with negative edge clock and positive level reset.

19.45.9.10. Executing PROC_MEMWR pass (convert process memory writes to cells).

19.45.9.11. Executing PROC_CLEAN pass (remove empty switches from decision trees).
Removing empty process `DFFNP.$proc$C:\Users\zanac2\Documents\Codex\2026-09-08\m\work\tools\pnr_v015\oss-cad-suite\bin\../share/yosys/gowin/cells_sim.v:468$219'.
Removing empty process `DFFNP.$proc$C:\Users\zanac2\Documents\Codex\2026-09-08\m\work\tools\pnr_v015\oss-cad-suite\bin\../share/yosys/gowin/cells_sim.v:476$218'.
Cleaned up 0 empty switches.

19.45.10. Executing SCC pass (detecting logic loops).
Found 0 SCCs in module amiga_board_top.
Found 0 SCCs.

19.45.11. Executing ABC9_OPS pass (helper functions for ABC9).

19.45.12. Executing TECHMAP pass (map to technology primitives).

19.45.12.1. Executing Verilog-2005 frontend: C:\Users\zanac2\Documents\Codex\2026-09-08\m\work\tools\pnr_v015\oss-cad-suite\bin\../share/yosys/techmap.v
Parsing Verilog input from `C:\Users\zanac2\Documents\Codex\2026-09-08\m\work\tools\pnr_v015\oss-cad-suite\bin\../share/yosys/techmap.v' to AST representation.
Generating RTLIL representation for module `\_90_simplemap_bool_ops'.
Generating RTLIL representation for module `\_90_simplemap_reduce_ops'.
Generating RTLIL representation for module `\_90_simplemap_logic_ops'.
Generating RTLIL representation for module `\_90_simplemap_compare_ops'.
Generating RTLIL representation for module `\_90_simplemap_various'.
Generating RTLIL representation for module `\_90_simplemap_registers'.
Generating RTLIL representation for module `\_90_shift_ops_shr_shl_sshl_sshr'.
Generating RTLIL representation for module `\_90_shift_shiftx'.
Generating RTLIL representation for module `\_90_fa'.
Generating RTLIL representation for module `\_90_lcu_brent_kung'.
Generating RTLIL representation for module `\_90_alu'.
Generating RTLIL representation for module `\_90_macc'.
Generating RTLIL representation for module `\_90_alumacc'.
Generating RTLIL representation for module `$__div_mod_u'.
Generating RTLIL representation for module `$__div_mod_trunc'.
Generating RTLIL representation for module `\_90_div'.
Generating RTLIL representation for module `\_90_mod'.
Generating RTLIL representation for module `$__div_mod_floor'.
Generating RTLIL representation for module `\_90_divfloor'.
Generating RTLIL representation for module `\_90_modfloor'.
Generating RTLIL representation for module `\_90_pow'.
Generating RTLIL representation for module `\_90_demux'.
Generating RTLIL representation for module `\_90_lut'.
Generating RTLIL representation for module `$connect'.
Generating RTLIL representation for module `$input_port'.
Successfully finished Verilog frontend.

19.45.12.2. Continuing TECHMAP pass.
No more expansions possible.
<suppressed ~236 debug messages>

19.45.13. Executing OPT pass (performing simple optimizations).

19.45.13.1. Executing OPT_EXPR pass (perform const folding).
Optimizing module DFFCE.
Optimizing module DFFNCE.
Optimizing module DFFNPE.
Optimizing module DFFP.
Optimizing module DFFC.
Optimizing module DFFNP.

19.45.13.2. Executing OPT_MERGE pass (detect identical cells).
Finding identical cells in module `\DFFCE'.
Computing hashes of 2 cells of `\DFFCE'.
Finding duplicate cells in `\DFFCE'.
Finding identical cells in module `\DFFNCE'.
Computing hashes of 2 cells of `\DFFNCE'.
Finding duplicate cells in `\DFFNCE'.
Finding identical cells in module `\DFFNPE'.
Computing hashes of 2 cells of `\DFFNPE'.
Finding duplicate cells in `\DFFNPE'.
Finding identical cells in module `\DFFP'.
Computing hashes of 2 cells of `\DFFP'.
Finding duplicate cells in `\DFFP'.
Finding identical cells in module `\DFFC'.
Computing hashes of 2 cells of `\DFFC'.
Finding duplicate cells in `\DFFC'.
Finding identical cells in module `\DFFNP'.
Computing hashes of 2 cells of `\DFFNP'.
Finding duplicate cells in `\DFFNP'.
Removed a total of 0 cells.

19.45.13.3. Executing OPT_MUXTREE pass (detect dead branches in mux trees).
Running muxtree optimizer on module \DFFCE..
  Creating internal representation of mux trees.
  No muxes found in this module.
Running muxtree optimizer on module \DFFNCE..
  Creating internal representation of mux trees.
  No muxes found in this module.
Running muxtree optimizer on module \DFFNPE..
  Creating internal representation of mux trees.
  No muxes found in this module.
Running muxtree optimizer on module \DFFP..
  Creating internal representation of mux trees.
  No muxes found in this module.
Running muxtree optimizer on module \DFFC..
  Creating internal representation of mux trees.
  No muxes found in this module.
Running muxtree optimizer on module \DFFNP..
  Creating internal representation of mux trees.
  No muxes found in this module.
Removed 0 multiplexer ports.

19.45.13.4. Executing OPT_REDUCE pass (consolidate $*mux and $reduce_* inputs).
  Optimizing cells in module \DFFCE.
  Optimizing cells in module \DFFNCE.
  Optimizing cells in module \DFFNPE.
  Optimizing cells in module \DFFP.
  Optimizing cells in module \DFFC.
  Optimizing cells in module \DFFNP.
Performed a total of 0 changes.

19.45.13.5. Executing OPT_MERGE pass (detect identical cells).
Finding identical cells in module `\DFFCE'.
Computing hashes of 2 cells of `\DFFCE'.
Finding duplicate cells in `\DFFCE'.
Finding identical cells in module `\DFFNCE'.
Computing hashes of 2 cells of `\DFFNCE'.
Finding duplicate cells in `\DFFNCE'.
Finding identical cells in module `\DFFNPE'.
Computing hashes of 2 cells of `\DFFNPE'.
Finding duplicate cells in `\DFFNPE'.
Finding identical cells in module `\DFFP'.
Computing hashes of 2 cells of `\DFFP'.
Finding duplicate cells in `\DFFP'.
Finding identical cells in module `\DFFC'.
Computing hashes of 2 cells of `\DFFC'.
Finding duplicate cells in `\DFFC'.
Finding identical cells in module `\DFFNP'.
Computing hashes of 2 cells of `\DFFNP'.
Finding duplicate cells in `\DFFNP'.
Removed a total of 0 cells.

19.45.13.6. Executing OPT_DFF pass (perform DFF optimizations).

19.45.13.7. Executing OPT_CLEAN pass (remove unused cells and wires).
Finding unused cells or wires in module \DFFCE..
Finding unused cells or wires in module \DFFNCE..
Finding unused cells or wires in module \DFFNPE..
Finding unused cells or wires in module \DFFP..
Finding unused cells or wires in module \DFFC..
Finding unused cells or wires in module \DFFNP..

19.45.13.8. Executing OPT_EXPR pass (perform const folding).
Optimizing module DFFCE.
Optimizing module DFFNCE.
Optimizing module DFFNPE.
Optimizing module DFFP.
Optimizing module DFFC.
Optimizing module DFFNP.

19.45.13.9. Finished fast OPT passes. (There is nothing left to do.)

19.45.14. Executing TECHMAP pass (map to technology primitives).

19.45.14.1. Executing Verilog-2005 frontend: C:\Users\zanac2\Documents\Codex\2026-09-08\m\work\tools\pnr_v015\oss-cad-suite\bin\../share/yosys/abc9_map.v
Parsing Verilog input from `C:\Users\zanac2\Documents\Codex\2026-09-08\m\work\tools\pnr_v015\oss-cad-suite\bin\../share/yosys/abc9_map.v' to AST representation.
Successfully finished Verilog frontend.

19.45.14.2. Continuing TECHMAP pass.
Using template DFFC for cells of type DFFC.
Using template DFFP for cells of type DFFP.
Using template DFFNCE for cells of type DFFNCE.
Using template DFFNPE for cells of type DFFNPE.
Using template DFFNP for cells of type DFFNP.
Using template DFFCE for cells of type DFFCE.
No more expansions possible.
<suppressed ~156 debug messages>

19.45.15. Executing Verilog-2005 frontend: C:\Users\zanac2\Documents\Codex\2026-09-08\m\work\tools\pnr_v015\oss-cad-suite\bin\../share/yosys/abc9_model.v
Parsing Verilog input from `C:\Users\zanac2\Documents\Codex\2026-09-08\m\work\tools\pnr_v015\oss-cad-suite\bin\../share/yosys/abc9_model.v' to AST representation.
Replacing existing blackbox module `$__ABC9_DELAY' at C:\Users\zanac2\Documents\Codex\2026-09-08\m\work\tools\pnr_v015\oss-cad-suite\bin\../share/yosys/abc9_model.v:2.1-7.10.
Generating RTLIL representation for module `$__ABC9_DELAY'.
Replacing existing blackbox module `$__ABC9_SCC_BREAKER' at C:\Users\zanac2\Documents\Codex\2026-09-08\m\work\tools\pnr_v015\oss-cad-suite\bin\../share/yosys/abc9_model.v:9.1-11.10.
Generating RTLIL representation for module `$__ABC9_SCC_BREAKER'.
Replacing existing module `$__DFF_N__$abc9_flop' at C:\Users\zanac2\Documents\Codex\2026-09-08\m\work\tools\pnr_v015\oss-cad-suite\bin\../share/yosys/abc9_model.v:14.1-20.10.
Generating RTLIL representation for module `$__DFF_N__$abc9_flop'.
Replacing existing module `$__DFF_P__$abc9_flop' at C:\Users\zanac2\Documents\Codex\2026-09-08\m\work\tools\pnr_v015\oss-cad-suite\bin\../share/yosys/abc9_model.v:23.1-29.10.
Generating RTLIL representation for module `$__DFF_P__$abc9_flop'.
Successfully finished Verilog frontend.

19.45.16. Executing ABC9_OPS pass (helper functions for ABC9).
<suppressed ~1271 debug messages>

19.45.17. Executing ABC9_OPS pass (helper functions for ABC9).

19.45.18. Executing ABC9_OPS pass (helper functions for ABC9).
<suppressed ~2 debug messages>

19.45.19. Executing TECHMAP pass (map to technology primitives).

19.45.19.1. Executing Verilog-2005 frontend: C:\Users\zanac2\Documents\Codex\2026-09-08\m\work\tools\pnr_v015\oss-cad-suite\bin\../share/yosys/techmap.v
Parsing Verilog input from `C:\Users\zanac2\Documents\Codex\2026-09-08\m\work\tools\pnr_v015\oss-cad-suite\bin\../share/yosys/techmap.v' to AST representation.
Generating RTLIL representation for module `\_90_simplemap_bool_ops'.
Generating RTLIL representation for module `\_90_simplemap_reduce_ops'.
Generating RTLIL representation for module `\_90_simplemap_logic_ops'.
Generating RTLIL representation for module `\_90_simplemap_compare_ops'.
Generating RTLIL representation for module `\_90_simplemap_various'.
Generating RTLIL representation for module `\_90_simplemap_registers'.
Generating RTLIL representation for module `\_90_shift_ops_shr_shl_sshl_sshr'.
Generating RTLIL representation for module `\_90_shift_shiftx'.
Generating RTLIL representation for module `\_90_fa'.
Generating RTLIL representation for module `\_90_lcu_brent_kung'.
Generating RTLIL representation for module `\_90_alu'.
Generating RTLIL representation for module `\_90_macc'.
Generating RTLIL representation for module `\_90_alumacc'.
Generating RTLIL representation for module `$__div_mod_u'.
Generating RTLIL representation for module `$__div_mod_trunc'.
Generating RTLIL representation for module `\_90_div'.
Generating RTLIL representation for module `\_90_mod'.
Generating RTLIL representation for module `$__div_mod_floor'.
Generating RTLIL representation for module `\_90_divfloor'.
Generating RTLIL representation for module `\_90_modfloor'.
Generating RTLIL representation for module `\_90_pow'.
Generating RTLIL representation for module `\_90_demux'.
Generating RTLIL representation for module `\_90_lut'.
Generating RTLIL representation for module `$connect'.
Generating RTLIL representation for module `$input_port'.
Successfully finished Verilog frontend.

19.45.19.2. Continuing TECHMAP pass.
Using template $paramod\ALU\ALU_MODE=s32'00000000000000000000000000000010 for cells of type $paramod\ALU\ALU_MODE=s32'00000000000000000000000000000010.
Using extmapper simplemap for cells of type $xor.
Using extmapper simplemap for cells of type $mux.
Using extmapper simplemap for cells of type $not.
No more expansions possible.
<suppressed ~245 debug messages>

19.45.20. Executing OPT pass (performing simple optimizations).

19.45.20.1. Executing OPT_EXPR pass (perform const folding).
Optimizing module amiga_board_top.

19.45.20.2. Executing OPT_MERGE pass (detect identical cells).
Finding identical cells in module `\amiga_board_top'.
Computing hashes of 14 cells of `\amiga_board_top'.
Finding duplicate cells in `\amiga_board_top'.
Removed a total of 0 cells.

19.45.20.3. Executing OPT_MUXTREE pass (detect dead branches in mux trees).
Running muxtree optimizer on module \amiga_board_top..
  Creating internal representation of mux trees.
  No muxes found in this module.
Removed 0 multiplexer ports.

19.45.20.4. Executing OPT_REDUCE pass (consolidate $*mux and $reduce_* inputs).
  Optimizing cells in module \amiga_board_top.
Performed a total of 0 changes.

19.45.20.5. Executing OPT_MERGE pass (detect identical cells).
Finding identical cells in module `\amiga_board_top'.
Computing hashes of 14 cells of `\amiga_board_top'.
Finding duplicate cells in `\amiga_board_top'.
Removed a total of 0 cells.

19.45.20.6. Executing OPT_DFF pass (perform DFF optimizations).

19.45.20.7. Executing OPT_CLEAN pass (remove unused cells and wires).
Finding unused cells or wires in module \amiga_board_top..
Removed 0 unused cells and 16 unused wires.
<suppressed ~1 debug messages>

19.45.20.8. Executing OPT_EXPR pass (perform const folding).
Optimizing module amiga_board_top.

19.45.20.9. Rerunning OPT passes. (Maybe there is more to do..)

19.45.20.10. Executing OPT_MUXTREE pass (detect dead branches in mux trees).
Running muxtree optimizer on module \amiga_board_top..
  Creating internal representation of mux trees.
  No muxes found in this module.
Removed 0 multiplexer ports.

19.45.20.11. Executing OPT_REDUCE pass (consolidate $*mux and $reduce_* inputs).
  Optimizing cells in module \amiga_board_top.
Performed a total of 0 changes.

19.45.20.12. Executing OPT_MERGE pass (detect identical cells).
Finding identical cells in module `\amiga_board_top'.
Computing hashes of 14 cells of `\amiga_board_top'.
Finding duplicate cells in `\amiga_board_top'.
Removed a total of 0 cells.

19.45.20.13. Executing OPT_DFF pass (perform DFF optimizations).

19.45.20.14. Executing OPT_CLEAN pass (remove unused cells and wires).
Finding unused cells or wires in module \amiga_board_top..

19.45.20.15. Executing OPT_EXPR pass (perform const folding).
Optimizing module amiga_board_top.

19.45.20.16. Finished fast OPT passes. (There is nothing left to do.)

19.45.21. Executing AIGMAP pass (map logic to AIG).
Module amiga_board_top: replaced 5 cells with 35 new cells, skipped 9 cells.
  replaced 2 cell types:
       2 $_MUX_
       3 $_XOR_
  not replaced 2 cell types:
       1 $_NOT_
       8 $specify2

19.45.22. Executing AIGMAP pass (map logic to AIG).
Module amiga_board_top: replaced 1474 cells with 8434 new cells, skipped 3962 cells.
  replaced 3 cell types:
     809 $_MUX_
     628 $_OR_
      37 $_XOR_
  not replaced 29 cell types:
     581 $_AND_
     513 $_NOT_
      16 $scopeinfo
     115 DFF
      29 IBUF
       1 ODDR
       8 DFFS
       7 DFFSE
     161 DFFR
     265 DFFRE
       7 DFFP
     106 DFFC
       6 DFFCE
       3 DFFNP
       1 DFFNPE
      25 DFFNCE
      31 OBUF
       2 IOBUF
       1 rPLL
       6 DPX9B
       7 DFFP_$abc9_byp
       1 DFFNPE_$abc9_byp
     556 $paramod$__ABC9_DELAY\DELAY=32'00000000000000000000001001000000
     713 $paramod$__ABC9_DELAY\DELAY=32'00000000000000000000000000111111
       3 DFFNP_$abc9_byp
     106 DFFC_$abc9_byp
      25 DFFNCE_$abc9_byp
       6 DFFCE_$abc9_byp
     661 $paramod\ALU\ALU_MODE=s32'00000000000000000000000000000010

19.45.22.1. Executing ABC9_OPS pass (helper functions for ABC9).

19.45.22.2. Executing ABC9_OPS pass (helper functions for ABC9).

19.45.22.3. Executing XAIGER backend.
<suppressed ~715 debug messages>
Extracted 3747 AND gates and 13520 wires from module `amiga_board_top' to a netlist network with 848 inputs and 1601 outputs.

19.45.22.4. Executing ABC9_EXE pass (technology mapping using ABC9).

19.45.22.5. Executing ABC9.
Running ABC command: "<yosys-exe-dir>/yosys-abc" -s -f <abc-temp-dir>/abc.script 2>&1
ABC: ======== ABC command line "source <abc-temp-dir>/abc.script"
ABC: + read_lut <abc-temp-dir>/input.lut 
ABC: + read_box <abc-temp-dir>/input.box 
ABC: + &read <abc-temp-dir>/input.xaig 
ABC: + &ps 
ABC: <abc-temp-dir>/input : i/o =    848/   1601  and =    2577  lev =   17 (   1.33)  mem = 0.17 MB  box = 2078  bb = 1417
ABC: Warning: AIG with boxes has internal fanout in 0 complex flops and 3 carries.
ABC: + &scorr 
ABC: Warning: The network is combinational.
ABC: + &sweep 
ABC: + &dc2 
ABC: + &dch -f -r 
ABC: + &ps 
ABC: <abc-temp-dir>/input : i/o =    848/   1601  and =    2274  lev =   18 (   1.07)  mem = 0.15 MB  ch =  285  box = 1871  bb = 1417
ABC: cst =       0  cls =    263  lit =     285  unused =    4899  proof =     0
ABC: Warning: AIG with boxes has internal fanout in 0 complex flops and 3 carries.
ABC: + &if -W 500 -v 
ABC: K = 8. Memory (bytes): Truth =    0. Cut =   80. Obj =  160. Set =  816. CutMin = no
ABC: Node =    2274.  Ch =   263.  Total mem =    1.75 MB. Peak cut mem =    0.08 MB.
ABC: P:  Del = 18468.00.  Ar =    3615.0.  Edge =     3062.  Cut =    22167.  T =     0.00 sec
ABC: P:  Del = 18468.00.  Ar =    3366.0.  Edge =     3030.  Cut =    21826.  T =     0.00 sec
ABC: P:  Del = 18468.00.  Ar =     904.0.  Edge =     2258.  Cut =    34482.  T =     0.01 sec
ABC: F:  Del = 18468.00.  Ar =     807.0.  Edge =     2084.  Cut =    33454.  T =     0.00 sec
ABC: A:  Del = 18468.00.  Ar =     795.0.  Edge =     1980.  Cut =    33077.  T =     0.01 sec
ABC: A:  Del = 18468.00.  Ar =     794.0.  Edge =     1980.  Cut =    33100.  T =     0.01 sec
ABC: Total time =     0.03 sec
ABC: + &write -n <abc-temp-dir>/output.aig 
ABC: + &mfs 
ABC: + &ps -l 
ABC: <abc-temp-dir>/input : i/o =    848/   1601  and =    1673  lev =   14 (   1.14)  mem = 0.14 MB  box = 1870  bb = 1417
ABC: Mapping (K=8)  :  lut =    623  edge =    1931  lev =    7 (0.63)  levB =   33  mem = 0.05 MB
ABC: LUT = 623 : 2=277 44.5 %  3=113 18.1 %  4=148 23.8 %  5=73 11.7 %  6=5 0.8 %  7=5 0.8 %  8=2 0.3 %  Ave = 3.10
ABC: Warning: AIG with boxes has internal fanout in 0 complex flops and 2 carries.
ABC: + &write -n <abc-temp-dir>/output.aig 
ABC: + &verify 
ABC: Networks are equivalent.  Time =     0.09 sec
ABC: + time 
ABC: elapse: 0.47 seconds, total: 0.47 seconds

19.45.22.6. Executing AIGER frontend.
<suppressed ~11 debug messages>
Removed 2206 unused cells and 10193 unused wires.

19.45.22.7. Executing ABC_OPS_REINTEGRATE pass (reintegrate ABC mapped design into module).
ABC RESULTS:              $lut cells:      643
ABC RESULTS:   \DFFP_$abc9_byp cells:        7
ABC RESULTS:   \DFFNPE_$abc9_byp cells:        1
ABC RESULTS:   \DFFNP_$abc9_byp cells:        3
ABC RESULTS:   \DFFC_$abc9_byp cells:      106
ABC RESULTS:   \DFFNCE_$abc9_byp cells:       25
ABC RESULTS:   \DFFCE_$abc9_byp cells:        6
ABC RESULTS:   $paramod\ALU\ALU_MODE=s32'00000000000000000000000000000010 cells:      453
ABC RESULTS:           input signals:      260
ABC RESULTS:          output signals:     1395
<suppressed ~5106 debug messages>
Removing temp directory.

19.45.23. Executing TECHMAP pass (map to technology primitives).

19.45.23.1. Executing Verilog-2005 frontend: C:\Users\zanac2\Documents\Codex\2026-09-08\m\work\tools\pnr_v015\oss-cad-suite\bin\../share/yosys/abc9_unmap.v
Parsing Verilog input from `C:\Users\zanac2\Documents\Codex\2026-09-08\m\work\tools\pnr_v015\oss-cad-suite\bin\../share/yosys/abc9_unmap.v' to AST representation.
Generating RTLIL representation for module `$__DFF_x__$abc9_flop'.
Generating RTLIL representation for module `$__ABC9_SCC_BREAKER'.
Successfully finished Verilog frontend.

19.45.23.2. Continuing TECHMAP pass.
Using template DFFC_$abc9_byp for cells of type DFFC_$abc9_byp.
Using template DFFCE_$abc9_byp for cells of type DFFCE_$abc9_byp.
Using template DFFP_$abc9_byp for cells of type DFFP_$abc9_byp.
Using template DFFNP_$abc9_byp for cells of type DFFNP_$abc9_byp.
Using template DFFNCE_$abc9_byp for cells of type DFFNCE_$abc9_byp.
Using template $paramod\ALU\ALU_MODE=s32'00000000000000000000000000000010 for cells of type $paramod\ALU\ALU_MODE=s32'00000000000000000000000000000010.
Using template DFFNPE_$abc9_byp for cells of type DFFNPE_$abc9_byp.
No more expansions possible.
<suppressed ~613 debug messages>
Removed 90 unused cells and 21831 unused wires.

19.46. Executing TECHMAP pass (map to technology primitives).

19.46.1. Executing Verilog-2005 frontend: C:\Users\zanac2\Documents\Codex\2026-09-08\m\work\tools\pnr_v015\oss-cad-suite\bin\../share/yosys/gowin/cells_map.v
Parsing Verilog input from `C:\Users\zanac2\Documents\Codex\2026-09-08\m\work\tools\pnr_v015\oss-cad-suite\bin\../share/yosys/gowin/cells_map.v' to AST representation.
Generating RTLIL representation for module `$_DFF_N_'.
Generating RTLIL representation for module `$_DFF_P_'.
Generating RTLIL representation for module `$_DFFE_PP_'.
Generating RTLIL representation for module `$_DFFE_NP_'.
Generating RTLIL representation for module `$_SDFF_PP0_'.
Generating RTLIL representation for module `$_SDFF_NP0_'.
Generating RTLIL representation for module `$_SDFFE_PP0P_'.
Generating RTLIL representation for module `$_SDFFE_NP0P_'.
Generating RTLIL representation for module `$_SDFF_PP1_'.
Generating RTLIL representation for module `$_SDFF_NP1_'.
Generating RTLIL representation for module `$_SDFFE_PP1P_'.
Generating RTLIL representation for module `$_SDFFE_NP1P_'.
Generating RTLIL representation for module `$_DFF_PP1_'.
Generating RTLIL representation for module `$_DFF_NP1_'.
Generating RTLIL representation for module `$_DFF_PP0_'.
Generating RTLIL representation for module `$_DFF_NP0_'.
Generating RTLIL representation for module `$_DFFE_PP1P_'.
Generating RTLIL representation for module `$_DFFE_NP1P_'.
Generating RTLIL representation for module `$_DFFE_PP0P_'.
Generating RTLIL representation for module `$_DFFE_NP0P_'.
Generating RTLIL representation for module `$lut'.
Successfully finished Verilog frontend.

19.46.2. Continuing TECHMAP pass.
Using template $paramod$47a8214374025465e226fa66bee690ff33268a25$lut for cells of type $lut.
Using template $paramod$e4959789b94c1dfc38cc530d448b8f3f9db61623$lut for cells of type $lut.
Using template $paramod$lut\WIDTH=32'00000000000000000000000000000011\LUT=8'11111110 for cells of type $lut.
Using template $paramod$lut\WIDTH=32'00000000000000000000000000000010\LUT=4'1101 for cells of type $lut.
Using template $paramod$lut\WIDTH=32'00000000000000000000000000000010\LUT=4'1000 for cells of type $lut.
Using template $paramod$lut\WIDTH=32'00000000000000000000000000000011\LUT=8'11011111 for cells of type $lut.
Using template $paramod$98162d862d449f7c67182f5a43cdfe4123defff8$lut for cells of type $lut.
Using template $paramod$lut\WIDTH=32'00000000000000000000000000000011\LUT=8'11110111 for cells of type $lut.
Using template $paramod$lut\WIDTH=32'00000000000000000000000000000010\LUT=4'0110 for cells of type $lut.
Using template $paramod$lut\WIDTH=32'00000000000000000000000000000010\LUT=4'1110 for cells of type $lut.
Using template $paramod$f9813472aa48e533b3838c6f2316dc2e78c66111$lut for cells of type $lut.
Using template $paramod$c28a8b7ce0535d090c4cfb52e9c74affd52b110c$lut for cells of type $lut.
Using template $paramod$8e44661def013b6bf9fe6f8b049ef2c838d749f9$lut for cells of type $lut.
Using template $paramod$571404c0889eaf57f492cb5e37f8acb5df5852f9$lut for cells of type $lut.
Using template $paramod$30305e55a780880b9c824fe3509a4d981acb0f2b$lut for cells of type $lut.
Using template $paramod$6d6beead1425af15cf78b27fd9b11b41b5d4bce8$lut for cells of type $lut.
Using template $paramod$lut\WIDTH=32'00000000000000000000000000000010\LUT=4'1001 for cells of type $lut.
Using template $paramod$lut\WIDTH=32'00000000000000000000000000000011\LUT=8'01000000 for cells of type $lut.
Using template $paramod$lut\WIDTH=32'00000000000000000000000000000010\LUT=4'0100 for cells of type $lut.
Using template $paramod$5e9374f44a27c3f8a1c38af244ec43ceb4fb8d4f$lut for cells of type $lut.
Using template $paramod$lut\WIDTH=32'00000000000000000000000000000011\LUT=8'11111000 for cells of type $lut.
Using template $paramod$lut\WIDTH=32'00000000000000000000000000000010\LUT=4'0111 for cells of type $lut.
Using template $paramod$658b9ed803f0d3d335616d3858b53e0a2522f1e8$lut for cells of type $lut.
Using template $paramod$364c9ffbffac467d60dfec81bba4e18476c15602$lut for cells of type $lut.
Using template $paramod$lut\WIDTH=32'00000000000000000000000000000011\LUT=8'10000000 for cells of type $lut.
Using template $paramod$lut\WIDTH=32'00000000000000000000000000000011\LUT=8'11100010 for cells of type $lut.
Using template $paramod$lut\WIDTH=32'00000000000000000000000000000010\LUT=4'0001 for cells of type $lut.
Using template $paramod$c8d76329e2cacdfd0dddb761c7b0e8feb8f91509$lut for cells of type $lut.
Using template $paramod$759100a26014751d76925a70834cda75535a7760$lut for cells of type $lut.
Using template $paramod$lut\WIDTH=32'00000000000000000000000000000011\LUT=8'11110100 for cells of type $lut.
Using template $paramod$eb44c10d2cdbabb044d0064c89dd6aff91c9dfea$lut for cells of type $lut.
Using template $paramod$4de864d2bb778ac6d1365260643a46278cf06f51$lut for cells of type $lut.
Using template $paramod$929d3dc30bedbe17e56b88473155cc554c965983$lut for cells of type $lut.
Using template $paramod$lut\WIDTH=32'00000000000000000000000000000011\LUT=8'10010000 for cells of type $lut.
Using template $paramod$8578fbee245e1275ca9a190c5a7f5d1534fb2391$lut for cells of type $lut.
Using template $paramod$52e1423d64019cad8cfe8dfcebd42a957ceac26e$lut for cells of type $lut.
Using template $paramod$a6c9f6b9dc3f864eb375b6c86b513b07b34496cb$lut for cells of type $lut.
Using template $paramod$108f787763f3d220db68438c06cda6650c5a37ed$lut for cells of type $lut.
Using template $paramod$7295da7c5b19f528a428229f2570e0a23ad372af$lut for cells of type $lut.
Using template $paramod$lut\WIDTH=32'00000000000000000000000000000011\LUT=8'00100000 for cells of type $lut.
Using template $paramod$b9f35e904109ef9b9bb463430d037850361562c8$lut for cells of type $lut.
Using template $paramod$882c239751b2df23cf5dc46828a0b0262af28949$lut for cells of type $lut.
Using template $paramod$lut\WIDTH=32'00000000000000000000000000000011\LUT=8'00010000 for cells of type $lut.
Using template $paramod$99e5cda04bed527daf3f73a4305d38caa774f020$lut for cells of type $lut.
Using template $paramod$7790cafdf4bb74ca7231383f01907c1a3329aa7a$lut for cells of type $lut.
Using template $paramod$ce15874c299a587dd16825ec2d2d2759b547554e$lut for cells of type $lut.
Using template $paramod$6e238df02989b317f10820a22773676e71120644$lut for cells of type $lut.
Using template $paramod$872def176acf0af46aee1a4df67a9291309e3c01$lut for cells of type $lut.
Using template $paramod$lut\WIDTH=32'00000000000000000000000000000011\LUT=8'00000010 for cells of type $lut.
Using template $paramod$272652f6c6fbe9a75eff76e45cc7e2788835518b$lut for cells of type $lut.
Using template $paramod$d6ca727e39f31d51d29072e0f33aa09c65e37336$lut for cells of type $lut.
Using template $paramod$lut\WIDTH=32'00000000000000000000000000000010\LUT=4'0010 for cells of type $lut.
Using template $paramod$f840a6057f1d372c3e6a8a9fa5382749feb221f5$lut for cells of type $lut.
Using template $paramod$251994398653c4cf8de320f1e306e535d5d2d624$lut for cells of type $lut.
Using template $paramod$5812b6af5eb47b957aab49bd8876b11681cbf398$lut for cells of type $lut.
Using template $paramod$0f8ca6fb74deddeed33a73d7d7e8ec23136b896a$lut for cells of type $lut.
Using template $paramod$lut\WIDTH=32'00000000000000000000000000000010\LUT=4'1011 for cells of type $lut.
Using template $paramod$b85406dbc0fdd89120b800dd189f849f98b80dd9$lut for cells of type $lut.
Using template $paramod$14b9cc28ec29cfe75fad31dca5c57dbdcf6f3752$lut for cells of type $lut.
Using template $paramod$lut\WIDTH=32'00000000000000000000000000000011\LUT=8'00000001 for cells of type $lut.
Using template $paramod$6023c671e114c4eb0467aa8a0b08e183f33ec2fd$lut for cells of type $lut.
Using template $paramod$lut\WIDTH=32'00000000000000000000000000000011\LUT=8'00110001 for cells of type $lut.
Using template $paramod$183ec76ed3429a430a8be24b57f3de734985f568$lut for cells of type $lut.
Using template $paramod$8adf7fbd410d2cc654c288d5be5f7508ee8809b0$lut for cells of type $lut.
Using template $paramod$lut\WIDTH=32'00000000000000000000000000000011\LUT=8'00001110 for cells of type $lut.
Using template $paramod$c5f3c57a6d466a2f42208bafb8985b96ce884440$lut for cells of type $lut.
Using template $paramod$0b3dae0cf9ba4ff0f31b6a740f162807f52296cf$lut for cells of type $lut.
Using template $paramod$18d886ce669941ced357ffb3153fd1507bc9e2f2$lut for cells of type $lut.
Using template $paramod$725d8812b6dee8d5e0927496959a6ec9fbc1a35d$lut for cells of type $lut.
Using template $paramod$1231870d428c9b69ecb2771f1bb7f49f405e24a7$lut for cells of type $lut.
Using template $paramod$486d1e1cdd0727e7000b2a5997534189586e24cf$lut for cells of type $lut.
Using template $paramod$7bb6a37e65823eeb4b38c370fec30ab082759a14$lut for cells of type $lut.
Using template $paramod$47b2f5a9f58cb4be072657772748a1ab82d6819a$lut for cells of type $lut.
Using template $paramod$34ccb0403abd26609d9a7a8ea9a44b40cc4b3caf$lut for cells of type $lut.
Using template $paramod$0d3ac82cf5b8a192d5ff4c23e3143360366ae882$lut for cells of type $lut.
Using template $paramod$153c6cdaaddbc43e6ef3facd06aa851de33910ae$lut for cells of type $lut.
Using template $paramod$ab8bb87959c5d7cfa27886cee1355b38e054a61a$lut for cells of type $lut.
Using template $paramod$5dc745bb48e2cf535179547ba13f0fe5364d6d54$lut for cells of type $lut.
Using template $paramod$lut\WIDTH=32'00000000000000000000000000000011\LUT=8'11001110 for cells of type $lut.
Using template $paramod$lut\WIDTH=32'00000000000000000000000000000011\LUT=8'11101100 for cells of type $lut.
Using template $paramod$101238f3d8d49ab12a9b49a2f01cd503b26e9c61$lut for cells of type $lut.
Using template $paramod$eba7de026ff587370e320127e266317dae097a89$lut for cells of type $lut.
Using template $paramod$bb4fff1cc3b827238aa40993cafede1c5beecbe3$lut for cells of type $lut.
Using template $paramod$722bfd9af0ae56ca9d1d12a221cb5ede16461f26$lut for cells of type $lut.
Using template $paramod$3a0a392069bc969f34c65c546a8c56fbbb67e282$lut for cells of type $lut.
Using template $paramod$lut\WIDTH=32'00000000000000000000000000000011\LUT=8'11011100 for cells of type $lut.
Using template $paramod$a3a57f9f5292059f7a0ba74e915f399f13e36df4$lut for cells of type $lut.
Using template $paramod$lut\WIDTH=32'00000000000000000000000000000011\LUT=8'01011000 for cells of type $lut.
Using template $paramod$d822b4a9e874115f9ed599bf34806822d8c0fbd3$lut for cells of type $lut.
Using template $paramod$9d86735a665af3c1da46d993ca9fb8a1a8b4a873$lut for cells of type $lut.
Using template $paramod$c5b694ec89d7629b942ccf6a9be1d39e24f8edec$lut for cells of type $lut.
Using template $paramod$31f0a66a4b242b524303bfb4ac95c05ad74158f8$lut for cells of type $lut.
Using template $paramod$lut\WIDTH=32'00000000000000000000000000000011\LUT=8'10000010 for cells of type $lut.
Using template $paramod$66658cbed86a8310f9b7ba1190d35eff90ee749b$lut for cells of type $lut.
Using template $paramod$5321e04f7ce32c091123c3570ab562efb1c81402$lut for cells of type $lut.
Using template $paramod$74190755306950a81a07803293f7549508f6f157$lut for cells of type $lut.
Using template $paramod$lut\WIDTH=32'00000000000000000000000000000011\LUT=8'00000111 for cells of type $lut.
Using template $paramod$a1d323730045824cfc84bb9f4ee8031f1c4dcc9e$lut for cells of type $lut.
Using template $paramod$28217f2cfc8d694374c1af6d33c650ee529a0f08$lut for cells of type $lut.
Using template $paramod$694f8b9c249611f04c04e213871571108b74cf86$lut for cells of type $lut.
Using template $paramod$b7b676b60de05f49a9ce320c010cf4ea99f8ea5c$lut for cells of type $lut.
Using template $paramod$lut\WIDTH=32'00000000000000000000000000000011\LUT=8'00011011 for cells of type $lut.
Using template $paramod$2643ddfc1ef0d8e4c7738607f6d05100c7784ca7$lut for cells of type $lut.
Using template $paramod$d0cfbfa794431f7e2ccafbbeaaefbd5ed7deeac7$lut for cells of type $lut.
Using template $paramod$c132d477c672f555b29645c9f60ca5b524abad06$lut for cells of type $lut.
Using template $paramod$lut\WIDTH=32'00000000000000000000000000000001\LUT=2'01 for cells of type $lut.
Using template $paramod$68aab9421ef29fdbca02f5e18d311d64bd94f56a$lut for cells of type $lut.
Using template $paramod$2713208c8364adbd0af661a2a44fb5c0ddb61fdf$lut for cells of type $lut.
Using template $paramod$lut\WIDTH=32'00000000000000000000000000000011\LUT=8'11001010 for cells of type $lut.
Using template $paramod$4f09540800ac966d6e31a7ccf5f32a559a8ce57a$lut for cells of type $lut.
Using template $paramod$82687d3ad8130b5b49618b6a28f43c60b5130fe1$lut for cells of type $lut.
Using template $paramod$bc85c8e2cc24fc88c83499140bfbbd5c8403a2f0$lut for cells of type $lut.
Using template $paramod$a6597eda4608f36e684c1dd07ed552fcbec112b2$lut for cells of type $lut.
Using template $paramod$lut\WIDTH=32'00000000000000000000000000000011\LUT=8'00110010 for cells of type $lut.
Using template $paramod$33cfacf0b7aeb7896f44ed0d48647c075827e6cd$lut for cells of type $lut.
Using template $paramod$5e96c51e862795fcf5123ad90ed33b3bddf109cb$lut for cells of type $lut.
Using template $paramod$lut\WIDTH=32'00000000000000000000000000000011\LUT=8'01001100 for cells of type $lut.
Using template $paramod$lut\WIDTH=32'00000000000000000000000000000011\LUT=8'10001100 for cells of type $lut.
Using template $paramod$lut\WIDTH=32'00000000000000000000000000000011\LUT=8'00001000 for cells of type $lut.
Using template $paramod$7776c9f5ae2211fea85581af31384e8ba1fa501e$lut for cells of type $lut.
Using template $paramod$694c95659b447cef99dd4cdbd49b87dfd5f6c806$lut for cells of type $lut.
Using template $paramod$a50be0e6fa3a01511bb234559cb74fb8bd3e2061$lut for cells of type $lut.
Using template $paramod$e6dcda6fe428e4425efb3e5a0a13144084836095$lut for cells of type $lut.
Using template $paramod$ab77c53f782537c0634b120427977fa6e7d01362$lut for cells of type $lut.
Using template $paramod$e67f7401ddeed7957ea40cf37767a32ba5d5b941$lut for cells of type $lut.
Using template $paramod$81940315688dab3efb461e55bb10fb1bb9eb24a9$lut for cells of type $lut.
Using template $paramod$4a402228615d9a7293f15ad6f0a35386fc68bd24$lut for cells of type $lut.
Using template $paramod$f078e8795264523c05d440d1d8badd2b4b54294c$lut for cells of type $lut.
Using template $paramod$017c535bdd2635b4a60abec257ad0fd192aabd80$lut for cells of type $lut.
Using template $paramod$lut\WIDTH=32'00000000000000000000000000000011\LUT=8'00001011 for cells of type $lut.
Using template $paramod$lut\WIDTH=32'00000000000000000000000000000011\LUT=8'01100000 for cells of type $lut.
Using template $paramod$3a89e1715c72050f67f05cdcab3d20ef5a325839$lut for cells of type $lut.
Using template $paramod$b6095bc4cc3797afc712c0c84d4012f9b8e4bb63$lut for cells of type $lut.
Using template $paramod$48d2b19f57c573b447f2c7e34a744be9de838482$lut for cells of type $lut.
Using template $paramod$3702268f692b8bf258e428f65d3bca4e1f76d98b$lut for cells of type $lut.
Using template $paramod$b393593f864a097e112b4f9afe2ed3678cd6275e$lut for cells of type $lut.
Using template $paramod$fca001e3e0b52158a872e76e56c01ec10dfbb1de$lut for cells of type $lut.
Using template $paramod$7d35f3eb4056e6484203c99fe42cfcf1dfaba704$lut for cells of type $lut.
Using template $paramod$8d7a8d6e3356de09670738ba85f2c6b874f6b06d$lut for cells of type $lut.
Using template $paramod$8512f4fb47fa9596f76cdbe5b407a5b54df368e7$lut for cells of type $lut.
Using template $paramod$df196ed0a1da5c4a58c5e08a1dac304fd3fccaab$lut for cells of type $lut.
Using template $paramod$66caeb00a39d236782a97659e3bd99621b74681b$lut for cells of type $lut.
Using template $paramod$9d65a3530a0c54a9611b149a2a5bd69c99184f7d$lut for cells of type $lut.
Using template $paramod$902ed43dcaa6101b2d051ad26600288d910a8996$lut for cells of type $lut.
Using template $paramod$lut\WIDTH=32'00000000000000000000000000000011\LUT=8'10101000 for cells of type $lut.
Using template $paramod$94ac66a11090dca84889e55fcf03297912a5b7ec$lut for cells of type $lut.
Using template $paramod$a5516fc31d1e552de2435200bb732b4d4ad63a9c$lut for cells of type $lut.
Using template $paramod$a4640096cbef09c4ef8613155a589c40164ac034$lut for cells of type $lut.
Using template $paramod$lut\WIDTH=32'00000000000000000000000000000011\LUT=8'00100011 for cells of type $lut.
Using template $paramod$lut\WIDTH=32'00000000000000000000000000000011\LUT=8'01001000 for cells of type $lut.
Using template $paramod$4d5682dd6afedfd6df0816b3bca3365bbde91748$lut for cells of type $lut.
Using template $paramod$e51a8a571bee774247b38f52d6e85fd62ae52cea$lut for cells of type $lut.
Using template $paramod$lut\WIDTH=32'00000000000000000000000000000011\LUT=8'00101000 for cells of type $lut.
Using template $paramod$f0202ddf8017d4471f62a6788b01b38475d29a17$lut for cells of type $lut.
Using template $paramod$lut\WIDTH=32'00000000000000000000000000000011\LUT=8'11001000 for cells of type $lut.
Using template $paramod$a69188af5d547b63e504b2a9166365390ae1f21e$lut for cells of type $lut.
Using template $paramod$afac0714e09c1206501166f4490c75737c2fd390$lut for cells of type $lut.
Using template $paramod$b587e1dcd8f8a9800d395e4aeecac52c55d6f585$lut for cells of type $lut.
Using template $paramod$f91e53ba684752dceabcd54901d323bd20a17410$lut for cells of type $lut.
Using template $paramod$6b7c9c56fc2a32a479d463d5f3b0d3f4673b67f1$lut for cells of type $lut.
Using template $paramod$b45e5cb971154e30a797eecb0461619c3eeae12d$lut for cells of type $lut.
Using template $paramod$c24ed72ebb67e9ead6029e42e909ef7fc0abbb11$lut for cells of type $lut.
Using template $paramod$7570309fe7168df91480992af97b4a58b43668e2$lut for cells of type $lut.
Using template $paramod$7aa8140c7d6de3160b21e7ff84e0f93f69f7fcc6$lut for cells of type $lut.
Using template $paramod$3937959babea1e01a60de47d9733889fc1994f6b$lut for cells of type $lut.
Using template $paramod$8829675bb8c52553aed9f101ec0d5ef0c865e5c7$lut for cells of type $lut.
Using template $paramod$2f17e1be43f3ac07ddcc5afec3b8e6a34320bd15$lut for cells of type $lut.
Using template $paramod$92c3899764cd8074859d6a5a5b733cffe8a391b3$lut for cells of type $lut.
Using template $paramod$ab3d93f1fcab7eb90dc7107a6f542304d3ebcc5b$lut for cells of type $lut.
Using template $paramod$a9ba23df824f693c44e722629fd8c1fae157385c$lut for cells of type $lut.
Using template $paramod$lut\WIDTH=32'00000000000000000000000000000011\LUT=8'01010100 for cells of type $lut.
Using template $paramod$c1ea9a2465ca0c32329bdb7cdb0aaa58d06f4479$lut for cells of type $lut.
Using template $paramod$ae9d7a0bbf54f20dfbcbef1cc6bb158700fc3394$lut for cells of type $lut.
Using template $paramod$c88f31edbcbbebfee7d64760b26041ecd5f418f2$lut for cells of type $lut.
Using template $paramod$9c431b511c06506f9a1ef92ce73352313a62b2bd$lut for cells of type $lut.
Using template $paramod$09deb89cf77b6e37f6ed7fef8d797dc05c0b2eee$lut for cells of type $lut.
Using template $paramod$04b674496422df8889c01c3744b94097628ccfbc$lut for cells of type $lut.
Using template $paramod$lut\WIDTH=32'00000000000000000000000000000011\LUT=8'10110001 for cells of type $lut.
Using template $paramod$lut\WIDTH=32'00000000000000000000000000000011\LUT=8'00010011 for cells of type $lut.
Using template $paramod$b4f85a6321a00b090afc4e21d68e7b99eb94d149$lut for cells of type $lut.
Using template $paramod$47d363ae7b1a0e81207e02fe31af85b6bf36a2ac$lut for cells of type $lut.
Using template $paramod$faeedcc045c5fd2fbd2cb0c24e50ae83fb289140$lut for cells of type $lut.
Using template $paramod$bacdb2105cbfbe75cfbcc2fb021fd3aba864526b$lut for cells of type $lut.
Using template $paramod$80283a48ee7d087bbd1063af8b303958d2769e2d$lut for cells of type $lut.
Using template $paramod$9664483609d9e726df9697364de1aad825ad3979$lut for cells of type $lut.
Using template $paramod$cc32a05866f608aca38637d6c7ba9e5d077e8484$lut for cells of type $lut.
Using template $paramod$a8e39d14d3a99b91b3d22e113d957d3d26444939$lut for cells of type $lut.
Using template $paramod$bf5406a03801a7fb5ac9dedcc41e435b295d425b$lut for cells of type $lut.
Using template $paramod$64892fa03b94e3b43f3ace48226dbcde5907812b$lut for cells of type $lut.
Using template $paramod$7f21164a29286b30cd9ee1d32fa329413cf9841a$lut for cells of type $lut.
Using template $paramod$e439dec91fc2a99e785798852405ce5caa021e1f$lut for cells of type $lut.
Using template $paramod$b26971835fa3c03b8964950444c8338bb0539e68$lut for cells of type $lut.
Using template $paramod$8fe1172215970c5cfaa06557ac89463d76ef7f31$lut for cells of type $lut.
Using template $paramod$f8ca0235a64396748c4cd8fc4e2e9f3ba44be575$lut for cells of type $lut.
Using template $paramod$c6cec71adb3613edc52bfe59dd36ba2fcd3c3c3e$lut for cells of type $lut.
Using template $paramod$5739205c38eafee7aedae3b7a94abeb6fd347a66$lut for cells of type $lut.
Using template $paramod$bf0d0292861bdee659ef5cbc5e58b330ac5871f9$lut for cells of type $lut.
Using template $paramod$13083da1f21898e30e02b0b27bc23bdb53f961fa$lut for cells of type $lut.
Using template $paramod$4389e350a0f816d95c195223f8a1f406ab4edd19$lut for cells of type $lut.
Using template $paramod$881510e0e362b4007b83593dcc2c801f727bdc08$lut for cells of type $lut.
Using template $paramod$6df5d28ce68ddca0eee286ae3afff7cb11e317f5$lut for cells of type $lut.
Using template $paramod$b8e43e3f5a5b3a3d02880fc0e8ef6c7a00e7bca5$lut for cells of type $lut.
Using template $paramod$bae72156345370f1791f74602af3b9184b10b082$lut for cells of type $lut.
Using template $paramod$ccc0f82d1133a8db4f4e73cac314622f3f774957$lut for cells of type $lut.
Using template $paramod$64dd14c8134b4490e604472c90870471af1b7789$lut for cells of type $lut.
Using template $paramod$2a03965d1d24fe819618bc3f38d8b1509611f640$lut for cells of type $lut.
Using template $paramod$a898877b9949163b9dc6b1ac3496e4fc5636b3a9$lut for cells of type $lut.
Using template $paramod$c0b48f07030173ad9594cc249deaa952c9c3cefc$lut for cells of type $lut.
Using template $paramod$1b87b3fc11682b55e0cf3b4a4219d585e4f93e2a$lut for cells of type $lut.
Using template $paramod$49c6b94841a87cb1fb3450dc6ee7d3f176b910b0$lut for cells of type $lut.
Using template $paramod$e55e8d2721b3dd5cedfd3de58bbb9c96538d38f2$lut for cells of type $lut.
Using template $paramod$82a48e5f5771a531ca9edba4cc6af5165f5035d5$lut for cells of type $lut.
Using template $paramod$3e20f06947707338115c9bda96309397648a29bc$lut for cells of type $lut.
Using template $paramod$cd758193c10dd860675583ef8e7434e0afe43056$lut for cells of type $lut.
Using template $paramod$98ea2a50a3ce5cc32ae7342411658e8dd20deb67$lut for cells of type $lut.
Using template $paramod$a8bd02a7e5ce01918f902c876189fe753369e4f7$lut for cells of type $lut.
Using template $paramod$343d04990f2ad8b892251a340c8ba3d6e1e5014c$lut for cells of type $lut.
Using template $paramod$017c6405345f99ed60ed880092f5f703b8018059$lut for cells of type $lut.
Using template $paramod$7589623eef359c428d234d9cd05c66fd383bdb5c$lut for cells of type $lut.
Using template $paramod$7125b224d5920c893c2dd3de98a266451c2ebe7d$lut for cells of type $lut.
Using template $paramod$5a6bbbc6a5ceeb4f71739e775a7c3712a6c4d343$lut for cells of type $lut.
Using template $paramod$f91d935f669c7b2b8d967958309e4702fff18049$lut for cells of type $lut.
Using template $paramod$536e4a936d8991cae004161ef411c98860151f5f$lut for cells of type $lut.
Using template $paramod$5f8ab9a46761e05476da29d8b28b7f6a5f068746$lut for cells of type $lut.
Using template $paramod$4ae210232b21f6cc10eb0ede1fb9b3deff58a162$lut for cells of type $lut.
Using template $paramod$c315fd171a22ad0b563d890e3adda172ea240769$lut for cells of type $lut.
Using template $paramod$2265a244f897b2fed3c193b398f25578c4215cfc$lut for cells of type $lut.
Using template $paramod$e3d029cabf2b7c68afa8400b9084ee4ecf1e95b8$lut for cells of type $lut.
Using template $paramod$e1b63f2803f2920151e23db026e928cba3c5dc88$lut for cells of type $lut.
Using template $paramod$ea3bc5f3dea65acfc58165f09e6ace00a498d7fe$lut for cells of type $lut.
Using template $paramod$3c2c41a3dfa511b9d0c6ddbf4ddb8fe22bb4f3cf$lut for cells of type $lut.
Using template $paramod$54a26c9060ded5436a02145add4602d44435f348$lut for cells of type $lut.
Using template $paramod$61bc98ece8c76bffd4acdf40e5f231340cba90fc$lut for cells of type $lut.
Using template $paramod$d6e1cd7764552a68c34ba84308adb05564626a92$lut for cells of type $lut.
Using template $paramod$62604f893062ce3a2edc1c91f09c99e054848880$lut for cells of type $lut.
Using template $paramod$fe2ccc9771c7f3621af3392ea69c0322e13310d4$lut for cells of type $lut.
Using template $paramod$255ccfd199b20bb3c56b72561c72fbd31a5fb69e$lut for cells of type $lut.
Using template $paramod$1c44b9bd35858dfd7571b5a7ddeb49aa13e6ef62$lut for cells of type $lut.
Using template $paramod$cb4e1f3856ea41d8cf0949ce816c1cb0c4bd61eb$lut for cells of type $lut.
Using template $paramod$bbc79f98a2eeff50b7475ea81e1f919e359cdc5e$lut for cells of type $lut.
Using template $paramod$1f363844e1e224e809860355da3e6db1bd23efb1$lut for cells of type $lut.
Using template $paramod$6f03bd11c7ed2432f29b71c7f13d75fece56d20b$lut for cells of type $lut.
Using template $paramod$2be047c3c5cf32617733278ff7629bd7f28c6da9$lut for cells of type $lut.
Using template $paramod$da3b7fefb41b1a31221323bacb7d8c67fa38ced9$lut for cells of type $lut.
Using template $paramod$64118892f83e5701678c21272c2d8b66bfd53e4c$lut for cells of type $lut.
Using template $paramod$242c68e688bdf90bdbc7a7872dc16ace946a2467$lut for cells of type $lut.
Using template $paramod$f236496770ae2402eb71658a47358a0d27532cd6$lut for cells of type $lut.
Using template $paramod$93560b7e5c09f3575e68c9cf27c7b5d9039a4fcc$lut for cells of type $lut.
Using template $paramod$ae7dec30d5d5608b8478412cdcc080c4e68a8343$lut for cells of type $lut.
Using template $paramod$3a32a7587b9f95b908af04fb9b75cd3eae00b58e$lut for cells of type $lut.
Using template $paramod$07e5d497d62dc40037988724b0f17289981994c0$lut for cells of type $lut.
Using template $paramod$9f86ae19ad1602c970c13bc519dd4a1caa90906f$lut for cells of type $lut.
Using template $paramod$5a3fd59c920288e618618a73b0894366e22db80b$lut for cells of type $lut.
Using template $paramod$1877d470bd08a5130621d176bfc932041c499640$lut for cells of type $lut.
Using template $paramod$de3aafb9dfa4c3b00fc5a349ac262c95f2a30514$lut for cells of type $lut.
Using template $paramod$f52a5ba53b21a08982e7e00362f7c2e113c696c2$lut for cells of type $lut.
Using template $paramod$7c4be712c98140aff76911ceea8564610c5a6675$lut for cells of type $lut.
Using template $paramod$a153aec58b8067f9034006d00629cca6c1160a99$lut for cells of type $lut.
Using template $paramod$82b44aba42f1d5082c92cede910710873fd38ffe$lut for cells of type $lut.
Using template $paramod$462f33cebc2882457937aa8d85a2ceed237c8d81$lut for cells of type $lut.
Using template $paramod$ebdc18d3e8554f3de47cf81a0da71011e563c06e$lut for cells of type $lut.
Using template $paramod$e1fa0bf266b686d833dfea1dc1ea944a8abd6715$lut for cells of type $lut.
Using template $paramod$a0036cda154fea2bc6644383d8b91476ebf289a0$lut for cells of type $lut.
Using template $paramod$6fbf544541a9405cae092dc908d72296b8c93d0e$lut for cells of type $lut.
Using template $paramod$04ed47faeeb30682a1d574536058d99d67ad4045$lut for cells of type $lut.
Using template $paramod$f64b4d4401de4293884f1905adcbacac65a80980$lut for cells of type $lut.
Using template $paramod$ed52128599868435dc191337aaa73c5b504cc825$lut for cells of type $lut.
Using template $paramod$08a5ccaa0d852a71bd31d0424fceb1725938ed6b$lut for cells of type $lut.
Using template $paramod$1aeb9d81610d75b3179d18fa4daa039e622e9047$lut for cells of type $lut.
Using template $paramod$74c25d1990c8438d816248653039dbed81564abc$lut for cells of type $lut.
Using template $paramod$64f86ec1bc85301d566852379d24633d18d81293$lut for cells of type $lut.
Using template $paramod$751ad736446404c6753174c703670a1a11430b17$lut for cells of type $lut.
Using template $paramod$fe4dcf644cd74fc260a624636e437f9d605314b9$lut for cells of type $lut.
Using template $paramod$f7a719994a9e5112f99b1a7d1d05bc50c0fed512$lut for cells of type $lut.
Using template $paramod$c8d1cba1dd29933b25da6f6b97826a63be2890b4$lut for cells of type $lut.
Using template $paramod$110d34fec361f6a88ffa9263f6e91673d5f5d347$lut for cells of type $lut.
Using template $paramod$6c07a0be3b7e660009c9244d0ada1abd9bf45357$lut for cells of type $lut.
Using template $paramod$19e13b907cd00217266218d7b3d19afa8296a46c$lut for cells of type $lut.
Using template $paramod$bc58ce355aa607eb4e49ef589246518d21cfc956$lut for cells of type $lut.
Using template $paramod$4b4f8c8fb7646ab58a3d563dd04071577e4ede46$lut for cells of type $lut.
Using template $paramod$95b81578262c19487194bbffd48c1d945cbacc25$lut for cells of type $lut.
Using template $paramod$1a0ec57811fabee061801e07bd956355780f1625$lut for cells of type $lut.
Using template $paramod$9f47a4d90f40cff5c277960e70784ebd5073a7b2$lut for cells of type $lut.
Using template $paramod$570d9ca7e8d46a8544e88f52490d356f83e2dfd6$lut for cells of type $lut.
Using template $paramod$688b94dc53ba433bef27e94dcb1ce75bf067201a$lut for cells of type $lut.
Using template $paramod$09dbe61e58773048a674851ccc0b491df7fd71e3$lut for cells of type $lut.
Using template $paramod$ea0f54e4bd7d6174a5673e5d5306135e4b3dc16b$lut for cells of type $lut.
Using template $paramod$e1c2836e94ec58b0ec41ea79c9b80d3827e0efa9$lut for cells of type $lut.
Using template $paramod$d262cadfba24aecaa8b6890a9f55234df8b7172b$lut for cells of type $lut.
Using template $paramod$ba85f63a4215dee28b46e886e4de0ddc059d0ced$lut for cells of type $lut.
No more expansions possible.
<suppressed ~4164 debug messages>

19.47. Executing OPT_LUT_INS pass (discard unused LUT inputs).
Optimizing LUTs in amiga_board_top.
  Optimizing lut $auto$abc_ops_reintegrate.cc:652:reintegrate$34802.genblk1.genblk1.genblk1.genblk1.genblk1.genblk1.genblk1.genblk1.lut1.genblk1.genblk1.genblk1.genblk1.genblk1.genblk1.genblk1.lut0.genblk1.genblk1.genblk1.genblk1.genblk1.genblk1.lut0.genblk1.genblk1.genblk1.genblk1.genblk1.lut0 (4 -> 0)
  Optimizing lut $auto$abc_ops_reintegrate.cc:652:reintegrate$34802.genblk1.genblk1.genblk1.genblk1.genblk1.genblk1.genblk1.genblk1.lut1.genblk1.genblk1.genblk1.genblk1.genblk1.genblk1.genblk1.lut1.genblk1.genblk1.genblk1.genblk1.genblk1.genblk1.lut1.genblk1.genblk1.genblk1.genblk1.genblk1.lut0 (4 -> 0)
  Optimizing lut $auto$abc_ops_reintegrate.cc:652:reintegrate$34802.genblk1.genblk1.genblk1.genblk1.genblk1.genblk1.genblk1.genblk1.lut0.genblk1.genblk1.genblk1.genblk1.genblk1.genblk1.genblk1.lut0.genblk1.genblk1.genblk1.genblk1.genblk1.genblk1.lut1.genblk1.genblk1.genblk1.genblk1.genblk1.lut0 (4 -> 0)
  Optimizing lut $auto$abc_ops_reintegrate.cc:652:reintegrate$34802.genblk1.genblk1.genblk1.genblk1.genblk1.genblk1.genblk1.genblk1.lut0.genblk1.genblk1.genblk1.genblk1.genblk1.genblk1.genblk1.lut0.genblk1.genblk1.genblk1.genblk1.genblk1.genblk1.lut0.genblk1.genblk1.genblk1.genblk1.genblk1.lut0 (4 -> 0)
  Optimizing lut $auto$abc_ops_reintegrate.cc:652:reintegrate$34802.genblk1.genblk1.genblk1.genblk1.genblk1.genblk1.genblk1.genblk1.lut0.genblk1.genblk1.genblk1.genblk1.genblk1.genblk1.genblk1.lut1.genblk1.genblk1.genblk1.genblk1.genblk1.genblk1.lut1.genblk1.genblk1.genblk1.genblk1.genblk1.lut0 (4 -> 0)
  Optimizing lut $auto$abc_ops_reintegrate.cc:652:reintegrate$34802.genblk1.genblk1.genblk1.genblk1.genblk1.genblk1.genblk1.genblk1.lut0.genblk1.genblk1.genblk1.genblk1.genblk1.genblk1.genblk1.lut1.genblk1.genblk1.genblk1.genblk1.genblk1.genblk1.lut0.genblk1.genblk1.genblk1.genblk1.genblk1.lut0 (4 -> 0)
  Optimizing lut $abc$34712$lut$aiger34711$4279.genblk1.genblk1.genblk1.genblk1.genblk1.genblk1.genblk1.lut1.genblk1.genblk1.genblk1.genblk1.genblk1.genblk1.lut0.genblk1.genblk1.genblk1.genblk1.genblk1.lut1 (4 -> 2)
  Optimizing lut $auto$abc_ops_reintegrate.cc:652:reintegrate$34729.genblk1.genblk1.genblk1.genblk1.genblk1.genblk1.genblk1.genblk1.lut1.genblk1.genblk1.genblk1.genblk1.genblk1.genblk1.genblk1.lut0.genblk1.genblk1.genblk1.genblk1.genblk1.genblk1.lut0.genblk1.genblk1.genblk1.genblk1.genblk1.lut0 (4 -> 0)
  Optimizing lut $auto$abc_ops_reintegrate.cc:652:reintegrate$34729.genblk1.genblk1.genblk1.genblk1.genblk1.genblk1.genblk1.genblk1.lut1.genblk1.genblk1.genblk1.genblk1.genblk1.genblk1.genblk1.lut1.genblk1.genblk1.genblk1.genblk1.genblk1.genblk1.lut1.genblk1.genblk1.genblk1.genblk1.genblk1.lut0 (4 -> 0)
  Optimizing lut $auto$abc_ops_reintegrate.cc:652:reintegrate$34729.genblk1.genblk1.genblk1.genblk1.genblk1.genblk1.genblk1.genblk1.lut1.genblk1.genblk1.genblk1.genblk1.genblk1.genblk1.genblk1.lut1.genblk1.genblk1.genblk1.genblk1.genblk1.genblk1.lut0.genblk1.genblk1.genblk1.genblk1.genblk1.lut0 (4 -> 0)
  Optimizing lut $auto$abc_ops_reintegrate.cc:652:reintegrate$34729.genblk1.genblk1.genblk1.genblk1.genblk1.genblk1.genblk1.genblk1.lut0.genblk1.genblk1.genblk1.genblk1.genblk1.genblk1.genblk1.lut0.genblk1.genblk1.genblk1.genblk1.genblk1.genblk1.lut1.genblk1.genblk1.genblk1.genblk1.genblk1.lut0 (4 -> 0)
  Optimizing lut $auto$abc_ops_reintegrate.cc:652:reintegrate$34729.genblk1.genblk1.genblk1.genblk1.genblk1.genblk1.genblk1.genblk1.lut0.genblk1.genblk1.genblk1.genblk1.genblk1.genblk1.genblk1.lut0.genblk1.genblk1.genblk1.genblk1.genblk1.genblk1.lut0.genblk1.genblk1.genblk1.genblk1.genblk1.lut0 (4 -> 0)
  Optimizing lut $auto$abc_ops_reintegrate.cc:652:reintegrate$34727.genblk1.genblk1.genblk1.genblk1.genblk1.genblk1.genblk1.lut1.genblk1.genblk1.genblk1.genblk1.genblk1.genblk1.lut0.genblk1.genblk1.genblk1.genblk1.genblk1.lut1 (4 -> 0)
  Optimizing lut $abc$34712$lut$aiger$o2313.genblk1.genblk1.genblk1.genblk1.genblk1.genblk1.genblk1.lut0.genblk1.genblk1.genblk1.genblk1.genblk1.genblk1.lut0.genblk1.genblk1.genblk1.genblk1.genblk1.lut0 (4 -> 3)
  Optimizing lut $abc$34712$lut$aiger$o2313.genblk1.genblk1.genblk1.genblk1.genblk1.genblk1.genblk1.lut1.genblk1.genblk1.genblk1.genblk1.genblk1.genblk1.lut1.genblk1.genblk1.genblk1.genblk1.genblk1.lut0 (4 -> 3)
  Optimizing lut $abc$34712$lut$aiger$o2718.genblk1.genblk1.genblk1.genblk1.genblk1.genblk1.lut0.genblk1.genblk1.genblk1.genblk1.genblk1.lut1 (4 -> 0)
  Optimizing lut $auto$abc_ops_reintegrate.cc:652:reintegrate$34727.genblk1.genblk1.genblk1.genblk1.genblk1.genblk1.genblk1.lut0.genblk1.genblk1.genblk1.genblk1.genblk1.genblk1.lut0.genblk1.genblk1.genblk1.genblk1.genblk1.lut0 (4 -> 0)
  Optimizing lut $auto$abc_ops_reintegrate.cc:652:reintegrate$34727.genblk1.genblk1.genblk1.genblk1.genblk1.genblk1.genblk1.lut1.genblk1.genblk1.genblk1.genblk1.genblk1.genblk1.lut1.genblk1.genblk1.genblk1.genblk1.genblk1.lut0 (4 -> 0)
  Optimizing lut $auto$abc_ops_reintegrate.cc:652:reintegrate$34727.genblk1.genblk1.genblk1.genblk1.genblk1.genblk1.genblk1.lut1.genblk1.genblk1.genblk1.genblk1.genblk1.genblk1.lut0.genblk1.genblk1.genblk1.genblk1.genblk1.lut0 (4 -> 0)
  Optimizing lut $auto$abc_ops_reintegrate.cc:652:reintegrate$34729.genblk1.genblk1.genblk1.genblk1.genblk1.genblk1.genblk1.genblk1.lut0.genblk1.genblk1.genblk1.genblk1.genblk1.genblk1.genblk1.lut0.genblk1.genblk1.genblk1.genblk1.genblk1.genblk1.lut0.genblk1.genblk1.genblk1.genblk1.genblk1.lut1 (4 -> 0)
  Optimizing lut $auto$abc_ops_reintegrate.cc:652:reintegrate$34729.genblk1.genblk1.genblk1.genblk1.genblk1.genblk1.genblk1.genblk1.lut1.genblk1.genblk1.genblk1.genblk1.genblk1.genblk1.genblk1.lut1.genblk1.genblk1.genblk1.genblk1.genblk1.genblk1.lut0.genblk1.genblk1.genblk1.genblk1.genblk1.lut1 (4 -> 0)
  Optimizing lut $auto$abc_ops_reintegrate.cc:652:reintegrate$34729.genblk1.genblk1.genblk1.genblk1.genblk1.genblk1.genblk1.genblk1.lut1.genblk1.genblk1.genblk1.genblk1.genblk1.genblk1.genblk1.lut0.genblk1.genblk1.genblk1.genblk1.genblk1.genblk1.lut0.genblk1.genblk1.genblk1.genblk1.genblk1.lut1 (4 -> 0)
  Optimizing lut $auto$abc_ops_reintegrate.cc:652:reintegrate$34802.genblk1.genblk1.genblk1.genblk1.genblk1.genblk1.genblk1.genblk1.lut0.genblk1.genblk1.genblk1.genblk1.genblk1.genblk1.genblk1.lut1.genblk1.genblk1.genblk1.genblk1.genblk1.genblk1.lut0.genblk1.genblk1.genblk1.genblk1.genblk1.lut1 (4 -> 0)
  Optimizing lut $auto$abc_ops_reintegrate.cc:652:reintegrate$34756.genblk1.genblk1.genblk1.genblk1.genblk1.genblk1.genblk1.lut1.genblk1.genblk1.genblk1.genblk1.genblk1.genblk1.lut1.genblk1.genblk1.genblk1.genblk1.genblk1.lut0 (4 -> 0)
  Optimizing lut $auto$abc_ops_reintegrate.cc:652:reintegrate$34756.genblk1.genblk1.genblk1.genblk1.genblk1.genblk1.genblk1.lut1.genblk1.genblk1.genblk1.genblk1.genblk1.genblk1.lut0.genblk1.genblk1.genblk1.genblk1.genblk1.lut0 (4 -> 0)
  Optimizing lut $auto$abc_ops_reintegrate.cc:652:reintegrate$34763.genblk1.genblk1.genblk1.genblk1.genblk1.genblk1.genblk1.lut0.genblk1.genblk1.genblk1.genblk1.genblk1.genblk1.lut0.genblk1.genblk1.genblk1.genblk1.genblk1.lut0 (4 -> 0)
  Optimizing lut $auto$abc_ops_reintegrate.cc:652:reintegrate$34763.genblk1.genblk1.genblk1.genblk1.genblk1.genblk1.genblk1.lut1.genblk1.genblk1.genblk1.genblk1.genblk1.genblk1.lut1.genblk1.genblk1.genblk1.genblk1.genblk1.lut0 (4 -> 0)
  Optimizing lut $auto$abc_ops_reintegrate.cc:652:reintegrate$34763.genblk1.genblk1.genblk1.genblk1.genblk1.genblk1.genblk1.lut1.genblk1.genblk1.genblk1.genblk1.genblk1.genblk1.lut0.genblk1.genblk1.genblk1.genblk1.genblk1.lut0 (4 -> 0)
  Optimizing lut $abc$34712$lut$aiger34711$4279.genblk1.genblk1.genblk1.genblk1.genblk1.genblk1.genblk1.lut0.genblk1.genblk1.genblk1.genblk1.genblk1.genblk1.lut0.genblk1.genblk1.genblk1.genblk1.genblk1.lut0 (4 -> 2)
  Optimizing lut $abc$34712$lut$aiger34711$4279.genblk1.genblk1.genblk1.genblk1.genblk1.genblk1.genblk1.lut1.genblk1.genblk1.genblk1.genblk1.genblk1.genblk1.lut1.genblk1.genblk1.genblk1.genblk1.genblk1.lut0 (4 -> 2)
  Optimizing lut $auto$abc_ops_reintegrate.cc:652:reintegrate$34802.genblk1.genblk1.genblk1.genblk1.genblk1.genblk1.genblk1.genblk1.lut1.genblk1.genblk1.genblk1.genblk1.genblk1.genblk1.genblk1.lut1.genblk1.genblk1.genblk1.genblk1.genblk1.genblk1.lut0.genblk1.genblk1.genblk1.genblk1.genblk1.lut1 (4 -> 0)
  Optimizing lut $auto$abc_ops_reintegrate.cc:652:reintegrate$34802.genblk1.genblk1.genblk1.genblk1.genblk1.genblk1.genblk1.genblk1.lut1.genblk1.genblk1.genblk1.genblk1.genblk1.genblk1.genblk1.lut0.genblk1.genblk1.genblk1.genblk1.genblk1.genblk1.lut0.genblk1.genblk1.genblk1.genblk1.genblk1.lut1 (4 -> 0)
  Optimizing lut $auto$abc_ops_reintegrate.cc:652:reintegrate$34802.genblk1.genblk1.genblk1.genblk1.genblk1.genblk1.genblk1.genblk1.lut1.genblk1.genblk1.genblk1.genblk1.genblk1.genblk1.genblk1.lut0.genblk1.genblk1.genblk1.genblk1.genblk1.genblk1.lut1.genblk1.genblk1.genblk1.genblk1.genblk1.lut0 (4 -> 0)
  Optimizing lut $auto$abc_ops_reintegrate.cc:652:reintegrate$34802.genblk1.genblk1.genblk1.genblk1.genblk1.genblk1.genblk1.genblk1.lut1.genblk1.genblk1.genblk1.genblk1.genblk1.genblk1.genblk1.lut1.genblk1.genblk1.genblk1.genblk1.genblk1.genblk1.lut1.genblk1.genblk1.genblk1.genblk1.genblk1.lut1 (4 -> 0)
  Optimizing lut $auto$abc_ops_reintegrate.cc:652:reintegrate$34802.genblk1.genblk1.genblk1.genblk1.genblk1.genblk1.genblk1.genblk1.lut0.genblk1.genblk1.genblk1.genblk1.genblk1.genblk1.genblk1.lut1.genblk1.genblk1.genblk1.genblk1.genblk1.genblk1.lut1.genblk1.genblk1.genblk1.genblk1.genblk1.lut1 (4 -> 0)
  Optimizing lut $auto$abc_ops_reintegrate.cc:652:reintegrate$34763.genblk1.genblk1.genblk1.genblk1.genblk1.genblk1.genblk1.lut1.genblk1.genblk1.genblk1.genblk1.genblk1.genblk1.lut0.genblk1.genblk1.genblk1.genblk1.genblk1.lut1 (4 -> 0)
  Optimizing lut $auto$abc_ops_reintegrate.cc:652:reintegrate$34763.genblk1.genblk1.genblk1.genblk1.genblk1.genblk1.genblk1.lut0.genblk1.genblk1.genblk1.genblk1.genblk1.genblk1.lut0.genblk1.genblk1.genblk1.genblk1.genblk1.lut1 (4 -> 0)
  Optimizing lut $auto$abc_ops_reintegrate.cc:652:reintegrate$34756.genblk1.genblk1.genblk1.genblk1.genblk1.genblk1.genblk1.lut1.genblk1.genblk1.genblk1.genblk1.genblk1.genblk1.lut0.genblk1.genblk1.genblk1.genblk1.genblk1.lut1 (4 -> 0)
  Optimizing lut $auto$abc_ops_reintegrate.cc:652:reintegrate$34729.genblk1.genblk1.genblk1.genblk1.genblk1.genblk1.genblk1.genblk1.lut1.genblk1.genblk1.genblk1.genblk1.genblk1.genblk1.genblk1.lut0.genblk1.genblk1.genblk1.genblk1.genblk1.genblk1.lut1.genblk1.genblk1.genblk1.genblk1.genblk1.lut0 (4 -> 0)
  Optimizing lut $auto$abc_ops_reintegrate.cc:652:reintegrate$34752.genblk1.genblk1.genblk1.genblk1.genblk1.genblk1.lut1.genblk1.genblk1.genblk1.genblk1.genblk1.lut0 (4 -> 0)
  Optimizing lut $auto$abc_ops_reintegrate.cc:652:reintegrate$34748.genblk1.genblk1.genblk1.genblk1.genblk1.genblk1.lut1.genblk1.genblk1.genblk1.genblk1.genblk1.lut0 (4 -> 0)
  Optimizing lut $auto$abc_ops_reintegrate.cc:652:reintegrate$34748.genblk1.genblk1.genblk1.genblk1.genblk1.genblk1.lut0.genblk1.genblk1.genblk1.genblk1.genblk1.lut0 (4 -> 0)
  Optimizing lut $abc$34712$lut$aiger$o2633.genblk1.genblk1.genblk1.genblk1.genblk1.lut1 (4 -> 0)
  Optimizing lut $abc$34712$lut$aiger$o2313.genblk1.genblk1.genblk1.genblk1.genblk1.genblk1.genblk1.lut1.genblk1.genblk1.genblk1.genblk1.genblk1.genblk1.lut0.genblk1.genblk1.genblk1.genblk1.genblk1.lut1 (4 -> 3)
  Optimizing lut $abc$34712$lut$aiger$o1241.genblk1.genblk1.genblk1.genblk1.genblk1.lut1 (4 -> 2)
  Optimizing lut $abc$34712$lut$aiger$o2313.genblk1.genblk1.genblk1.genblk1.genblk1.genblk1.genblk1.lut0.genblk1.genblk1.genblk1.genblk1.genblk1.genblk1.lut0.genblk1.genblk1.genblk1.genblk1.genblk1.lut1 (4 -> 3)
  Optimizing lut $abc$34712$lut$aiger$o20.genblk1.genblk1.genblk1.genblk1.genblk1.lut0 (4 -> 0)
  Optimizing lut $abc$34712$lut$aiger34711$3340.genblk1.genblk1.genblk1.genblk1.genblk1.lut0 (4 -> 0)
  Optimizing lut $abc$34712$lut$aiger34711$4734.genblk1.genblk1.genblk1.genblk1.genblk1.lut0 (4 -> 0)
  Optimizing lut $auto$abc_ops_reintegrate.cc:652:reintegrate$34756.genblk1.genblk1.genblk1.genblk1.genblk1.genblk1.genblk1.lut0.genblk1.genblk1.genblk1.genblk1.genblk1.genblk1.lut1.genblk1.genblk1.genblk1.genblk1.genblk1.lut0 (4 -> 0)
  Optimizing lut $abc$34712$lut$aiger34711$3929.genblk1.genblk1.genblk1.genblk1.genblk1.lut0 (4 -> 1)
  Optimizing lut $auto$abc_ops_reintegrate.cc:652:reintegrate$34775.genblk1.genblk1.genblk1.genblk1.genblk1.lut0 (4 -> 0)
  Optimizing lut $auto$abc_ops_reintegrate.cc:652:reintegrate$34802.genblk1.genblk1.genblk1.genblk1.genblk1.genblk1.genblk1.genblk1.lut0.genblk1.genblk1.genblk1.genblk1.genblk1.genblk1.genblk1.lut0.genblk1.genblk1.genblk1.genblk1.genblk1.genblk1.lut0.genblk1.genblk1.genblk1.genblk1.genblk1.lut1 (4 -> 0)
  Optimizing lut $abc$34712$lut$aiger34711$4068.genblk1.genblk1.genblk1.genblk1.genblk1.lut0 (4 -> 0)
  Optimizing lut $abc$34712$lut$aiger$o2718.genblk1.genblk1.genblk1.genblk1.genblk1.genblk1.lut1.genblk1.genblk1.genblk1.genblk1.genblk1.lut0 (4 -> 0)
  Optimizing lut $abc$34712$lut$aiger34711$4193.genblk1.genblk1.genblk1.genblk1.genblk1.lut0 (4 -> 0)
  Optimizing lut $abc$34712$lut$aiger34711$4279.genblk1.genblk1.genblk1.genblk1.genblk1.genblk1.genblk1.lut1.genblk1.genblk1.genblk1.genblk1.genblk1.genblk1.lut1.genblk1.genblk1.genblk1.genblk1.genblk1.lut1 (4 -> 2)
  Optimizing lut $auto$abc_ops_reintegrate.cc:652:reintegrate$34727.genblk1.genblk1.genblk1.genblk1.genblk1.genblk1.genblk1.lut0.genblk1.genblk1.genblk1.genblk1.genblk1.genblk1.lut1.genblk1.genblk1.genblk1.genblk1.genblk1.lut0 (4 -> 0)
  Optimizing lut $abc$34712$lut$aiger$o2313.genblk1.genblk1.genblk1.genblk1.genblk1.genblk1.genblk1.lut1.genblk1.genblk1.genblk1.genblk1.genblk1.genblk1.lut1.genblk1.genblk1.genblk1.genblk1.genblk1.lut1 (4 -> 3)
  Optimizing lut $abc$34712$lut$aiger$o2783.genblk1.genblk1.genblk1.genblk1.genblk1.lut1 (4 -> 0)
  Optimizing lut $abc$34712$lut$aiger$o2781.genblk1.genblk1.genblk1.genblk1.genblk1.lut1 (4 -> 0)
  Optimizing lut $abc$34712$lut$aiger34711$4509.genblk1.genblk1.genblk1.genblk1.genblk1.lut1 (4 -> 2)
  Optimizing lut $abc$34712$lut$aiger$o2763.genblk1.genblk1.genblk1.genblk1.genblk1.lut1 (4 -> 0)
  Optimizing lut $abc$34712$lut$aiger$o4432.genblk1.genblk1.genblk1.genblk1.genblk1.lut0 (4 -> 0)
  Optimizing lut $abc$34712$lut$aiger$o2767.genblk1.genblk1.genblk1.genblk1.genblk1.lut1 (4 -> 1)
  Optimizing lut $abc$34712$lut$aiger34711$4544.genblk1.genblk1.genblk1.genblk1.genblk1.lut1 (4 -> 0)
  Optimizing lut $abc$34712$lut$aiger$o2766.genblk1.genblk1.genblk1.genblk1.genblk1.lut1 (4 -> 0)
  Optimizing lut $auto$abc_ops_reintegrate.cc:652:reintegrate$34727.genblk1.genblk1.genblk1.genblk1.genblk1.genblk1.genblk1.lut1.genblk1.genblk1.genblk1.genblk1.genblk1.genblk1.lut1.genblk1.genblk1.genblk1.genblk1.genblk1.lut1 (4 -> 0)
  Optimizing lut $auto$abc_ops_reintegrate.cc:652:reintegrate$34733.genblk1.genblk1.genblk1.genblk1.genblk1.lut1 (4 -> 0)
  Optimizing lut $abc$34712$lut$aiger34711$4753.genblk1.genblk1.genblk1.genblk1.genblk1.lut0 (4 -> 0)
  Optimizing lut $abc$34712$lut$aiger34711$4621.genblk1.genblk1.genblk1.genblk1.genblk1.lut0 (4 -> 0)
  Optimizing lut $abc$34712$lut$aiger34711$4758.genblk1.genblk1.genblk1.genblk1.genblk1.lut1 (4 -> 3)
  Optimizing lut $auto$abc_ops_reintegrate.cc:652:reintegrate$34729.genblk1.genblk1.genblk1.genblk1.genblk1.genblk1.genblk1.genblk1.lut1.genblk1.genblk1.genblk1.genblk1.genblk1.genblk1.genblk1.lut0.genblk1.genblk1.genblk1.genblk1.genblk1.genblk1.lut1.genblk1.genblk1.genblk1.genblk1.genblk1.lut1 (4 -> 0)
  Optimizing lut $abc$34712$lut$aiger$o3982.genblk1.genblk1.genblk1.genblk1.genblk1.lut1 (4 -> 3)
  Optimizing lut $auto$abc_ops_reintegrate.cc:652:reintegrate$34729.genblk1.genblk1.genblk1.genblk1.genblk1.genblk1.genblk1.genblk1.lut0.genblk1.genblk1.genblk1.genblk1.genblk1.genblk1.genblk1.lut0.genblk1.genblk1.genblk1.genblk1.genblk1.genblk1.lut1.genblk1.genblk1.genblk1.genblk1.genblk1.lut1 (4 -> 0)
  Optimizing lut $abc$34712$lut$aiger$o671.genblk1.genblk1.genblk1.genblk1.genblk1.lut1 (4 -> 0)
  Optimizing lut $abc$34712$lut$aiger34711$3348.genblk1.genblk1.genblk1.genblk1.genblk1.lut0 (4 -> 0)
  Optimizing lut $auto$abc_ops_reintegrate.cc:652:reintegrate$34753.genblk1.genblk1.genblk1.genblk1.genblk1.genblk1.lut1.genblk1.genblk1.genblk1.genblk1.genblk1.lut0 (4 -> 0)
  Optimizing lut $abc$34712$lut$aiger$o2718.genblk1.genblk1.genblk1.genblk1.genblk1.genblk1.lut1.genblk1.genblk1.genblk1.genblk1.genblk1.lut1 (4 -> 0)
  Optimizing lut $abc$34712$lut$aiger34711$3360.genblk1.genblk1.genblk1.genblk1.genblk1.lut0 (4 -> 3)
  Optimizing lut $abc$34712$lut$aiger$o2202.genblk1.genblk1.genblk1.genblk1.genblk1.lut1 (4 -> 0)
  Optimizing lut $auto$abc_ops_reintegrate.cc:652:reintegrate$34752.genblk1.genblk1.genblk1.genblk1.genblk1.genblk1.lut0.genblk1.genblk1.genblk1.genblk1.genblk1.lut1 (4 -> 0)
  Optimizing lut $auto$abc_ops_reintegrate.cc:652:reintegrate$34727.genblk1.genblk1.genblk1.genblk1.genblk1.genblk1.genblk1.lut0.genblk1.genblk1.genblk1.genblk1.genblk1.genblk1.lut1.genblk1.genblk1.genblk1.genblk1.genblk1.lut1 (4 -> 0)
  Optimizing lut $auto$abc_ops_reintegrate.cc:652:reintegrate$34756.genblk1.genblk1.genblk1.genblk1.genblk1.genblk1.genblk1.lut1.genblk1.genblk1.genblk1.genblk1.genblk1.genblk1.lut1.genblk1.genblk1.genblk1.genblk1.genblk1.lut1 (4 -> 0)
  Optimizing lut $abc$34712$lut$aiger$o2313.genblk1.genblk1.genblk1.genblk1.genblk1.genblk1.genblk1.lut0.genblk1.genblk1.genblk1.genblk1.genblk1.genblk1.lut1.genblk1.genblk1.genblk1.genblk1.genblk1.lut1 (4 -> 3)
  Optimizing lut $abc$34712$lut$aiger$o2409.genblk1.genblk1.genblk1.genblk1.genblk1.lut0 (4 -> 0)
  Optimizing lut $abc$34712$lut$aiger$o2773.genblk1.genblk1.genblk1.genblk1.genblk1.lut1 (4 -> 0)
  Optimizing lut $abc$34712$lut$aiger34711$3995.genblk1.genblk1.genblk1.genblk1.genblk1.lut1 (4 -> 0)
  Optimizing lut $abc$34712$lut$aiger$o101.genblk1.genblk1.genblk1.genblk1.genblk1.lut1 (4 -> 0)
  Optimizing lut $auto$abc_ops_reintegrate.cc:652:reintegrate$34753.genblk1.genblk1.genblk1.genblk1.genblk1.genblk1.lut1.genblk1.genblk1.genblk1.genblk1.genblk1.lut1 (4 -> 0)
  Optimizing lut $abc$34712$lut$aiger$o103.genblk1.genblk1.genblk1.genblk1.genblk1.lut1 (4 -> 0)
  Optimizing lut $auto$abc_ops_reintegrate.cc:652:reintegrate$34763.genblk1.genblk1.genblk1.genblk1.genblk1.genblk1.genblk1.lut1.genblk1.genblk1.genblk1.genblk1.genblk1.genblk1.lut1.genblk1.genblk1.genblk1.genblk1.genblk1.lut1 (4 -> 0)
  Optimizing lut $abc$34712$lut$aiger34711$3707.genblk1.genblk1.genblk1.genblk1.genblk1.lut0 (4 -> 0)
  Optimizing lut $abc$34712$lut$aiger34711$3628.genblk1.genblk1.genblk1.genblk1.genblk1.lut0 (4 -> 0)
  Optimizing lut $abc$34712$lut$aiger34711$3656.genblk1.genblk1.genblk1.genblk1.genblk1.lut0 (4 -> 1)
  Optimizing lut $abc$34712$lut$aiger34711$3621.genblk1.genblk1.genblk1.genblk1.genblk1.lut0 (4 -> 0)
  Optimizing lut $abc$34712$lut$aiger34711$3747.genblk1.genblk1.genblk1.genblk1.genblk1.lut0 (4 -> 3)
  Optimizing lut $abc$34712$lut$aiger34711$4254.genblk1.genblk1.genblk1.genblk1.genblk1.lut0 (4 -> 0)
  Optimizing lut $abc$34712$lut$aiger34711$4279.genblk1.genblk1.genblk1.genblk1.genblk1.genblk1.genblk1.lut0.genblk1.genblk1.genblk1.genblk1.genblk1.genblk1.lut0.genblk1.genblk1.genblk1.genblk1.genblk1.lut1 (4 -> 2)
  Optimizing lut $abc$34712$lut$aiger34711$4279.genblk1.genblk1.genblk1.genblk1.genblk1.genblk1.genblk1.lut0.genblk1.genblk1.genblk1.genblk1.genblk1.genblk1.lut1.genblk1.genblk1.genblk1.genblk1.genblk1.lut1 (4 -> 2)
  Optimizing lut $auto$abc_ops_reintegrate.cc:652:reintegrate$34756.genblk1.genblk1.genblk1.genblk1.genblk1.genblk1.genblk1.lut0.genblk1.genblk1.genblk1.genblk1.genblk1.genblk1.lut1.genblk1.genblk1.genblk1.genblk1.genblk1.lut1 (4 -> 0)
  Optimizing lut $auto$abc_ops_reintegrate.cc:652:reintegrate$34802.genblk1.genblk1.genblk1.genblk1.genblk1.genblk1.genblk1.genblk1.lut0.genblk1.genblk1.genblk1.genblk1.genblk1.genblk1.genblk1.lut0.genblk1.genblk1.genblk1.genblk1.genblk1.genblk1.lut1.genblk1.genblk1.genblk1.genblk1.genblk1.lut1 (4 -> 0)
  Optimizing lut $auto$abc_ops_reintegrate.cc:652:reintegrate$34802.genblk1.genblk1.genblk1.genblk1.genblk1.genblk1.genblk1.genblk1.lut1.genblk1.genblk1.genblk1.genblk1.genblk1.genblk1.genblk1.lut0.genblk1.genblk1.genblk1.genblk1.genblk1.genblk1.lut1.genblk1.genblk1.genblk1.genblk1.genblk1.lut1 (4 -> 0)
  Optimizing lut $auto$abc_ops_reintegrate.cc:652:reintegrate$34778.genblk1.genblk1.genblk1.genblk1.genblk1.genblk1.lut1.genblk1.genblk1.genblk1.genblk1.genblk1.lut1 (4 -> 3)
  Optimizing lut $abc$34712$lut$aiger$o2303.genblk1.genblk1.genblk1.genblk1.genblk1.lut0 (4 -> 0)
  Optimizing lut $auto$abc_ops_reintegrate.cc:652:reintegrate$34752.genblk1.genblk1.genblk1.genblk1.genblk1.genblk1.lut1.genblk1.genblk1.genblk1.genblk1.genblk1.lut1 (4 -> 0)
  Optimizing lut $auto$abc_ops_reintegrate.cc:652:reintegrate$34753.genblk1.genblk1.genblk1.genblk1.genblk1.genblk1.lut0.genblk1.genblk1.genblk1.genblk1.genblk1.lut1 (4 -> 0)
  Optimizing lut $auto$abc_ops_reintegrate.cc:652:reintegrate$34748.genblk1.genblk1.genblk1.genblk1.genblk1.genblk1.lut1.genblk1.genblk1.genblk1.genblk1.genblk1.lut1 (4 -> 0)
  Optimizing lut $auto$abc_ops_reintegrate.cc:652:reintegrate$34729.genblk1.genblk1.genblk1.genblk1.genblk1.genblk1.genblk1.genblk1.lut1.genblk1.genblk1.genblk1.genblk1.genblk1.genblk1.genblk1.lut1.genblk1.genblk1.genblk1.genblk1.genblk1.genblk1.lut1.genblk1.genblk1.genblk1.genblk1.genblk1.lut1 (4 -> 0)

19.48. Executing HILOMAP pass (mapping to constant drivers).
Removed 0 unused cells and 2021 unused wires.

19.49. Executing AUTONAME pass.
Renamed 3969 objects in module amiga_board_top.
<suppressed ~3969 debug messages>

19.50. Executing HIERARCHY pass (managing design hierarchy).
Attribute `top' found on module `amiga_board_top'. Setting top module to amiga_board_top.

19.50.1. Analyzing design hierarchy..
Top module:  \amiga_board_top

19.50.2. Analyzing design hierarchy..
Top module:  \amiga_board_top
Removed 0 unused modules.

19.51. Printing statistics.

=== amiga_board_top ===

        +----------Local Count, excluding submodules.
        | 
     2054 wires
     3839 wire bits
     2054 public wires
     3839 public wire bits
       20 ports
       62 port bits
     1039 cells
       16   $scopeinfo
        6   DPX9B
        1   GND
       29   IBUF
        2   IOBUF
      110   LUT1
      286   LUT2
      125   LUT3
      277   LUT4
      119   MUX2_LUT5
       23   MUX2_LUT6
        9   MUX2_LUT7
        2   MUX2_LUT8
       31   OBUF
        1   ODDR
        1   VCC
        1   rPLL
     1154 submodules
      453   ALU
      115   DFF
      106   DFFC
        6   DFFCE
       25   DFFNCE
        3   DFFNP
        1   DFFNPE
        7   DFFP
      159   DFFR
      264   DFFRE
        8   DFFS
        7   DFFSE

=== design hierarchy ===

        +----------Count including submodules.
        | 
     1039 amiga_board_top

        +----------Count including submodules.
        | 
     2054 wires
     3839 wire bits
     2054 public wires
     3839 public wire bits
       20 ports
       62 port bits
        - memories
        - memory bits
        - processes
     1039 cells
       16   $scopeinfo
        6   DPX9B
        1   GND
       29   IBUF
        2   IOBUF
      110   LUT1
      286   LUT2
      125   LUT3
      277   LUT4
      119   MUX2_LUT5
       23   MUX2_LUT6
        9   MUX2_LUT7
        2   MUX2_LUT8
       31   OBUF
        1   ODDR
        1   VCC
        1   rPLL
     1154 submodules
      453   ALU
      115   DFF
      106   DFFC
        6   DFFCE
       25   DFFNCE
        3   DFFNP
        1   DFFNPE
        7   DFFP
      159   DFFR
      264   DFFRE
        8   DFFS
        7   DFFSE

19.52. Executing CHECK pass (checking for obvious problems).
Checking module amiga_board_top...
Found and reported 0 problems.

19.53. Executing JSON backend.

20. Printing statistics.

=== amiga_board_top ===

        +----------Local Count, excluding submodules.
        | 
     2054 wires
     3839 wire bits
     2054 public wires
     3839 public wire bits
       20 ports
       62 port bits
     2193 cells
       16   $scopeinfo
      453   ALU
      115   DFF
      106   DFFC
        6   DFFCE
       25   DFFNCE
        3   DFFNP
        1   DFFNPE
        7   DFFP
      159   DFFR
      264   DFFRE
        8   DFFS
        7   DFFSE
        6   DPX9B
        1   GND
       29   IBUF
        2   IOBUF
      110   LUT1
      286   LUT2
      125   LUT3
      277   LUT4
      119   MUX2_LUT5
       23   MUX2_LUT6
        9   MUX2_LUT7
        2   MUX2_LUT8
       31   OBUF
        1   ODDR
        1   VCC
        1   rPLL

Warnings: 2 unique messages, 3 total
End of script. Logfile hash: 54c9e7e4cb
Yosys 0.69+24 (git sha1 d0e71cfb7-dirty, Release, GNU /usr/bin/x86_64-w64-mingw32-g++ 15.2.1)
Time spent: 1% 42x read_verilog (0 sec), 1% 33x opt_expr (0 sec), ...
